Workbook

Sheet HL
A1: UIC Working 31July25 | C1: Claims Need to Book
C2: 31July25
A3: UIC Summary till 31July25 | B3: Class | C3: =SUBTOTAL(9,C4:C35) -> 15268541
A4: KHI/HO/D/HLGRP HEALTH/P/3430/05/2025 | B4: HL | C4: 3788420.3
A5: KHI/HO/D/HLGRP HEALTH/P/3338/09/2024 | B5: HL | C5: 2781490.7
A6: KHI/HO/D/HLGRP HEALTH/P/3424/05/2025 | B6: HL | C6: 2088941.5
A7: KHI/HO/D/HLGRP HEALTH/P/3407/03/2025 | B7: HL | C7: 1936753.4
A8: KHI/HO/D/HLGRP HEALTH/P/3426/05/2025 | B8: HL | C8: 908783.4
A9: KHI/HO/D/HLGRP HEALTH/P/3416/05/2025 | B9: HL | C9: 501987.36
A10: KHI/HO/D/HLGRP HEALTH/P/3409/03/2025 | B10: HL | C10: 422324.92
A11: KHI/HO/D/HLGRP HEALTH/P/3428/05/2025 | B11: HL | C11: 414463.56
A12: KHI/HO/D/HLGRP HEALTH/P/3420/05/2025 | B12: HL | C12: 235790.94
A13: KHI/HO/D/HLGRP HEALTH/P/3422/05/2025 | B13: HL | C13: 217149.38
A14: KHI/HO/D/HLGRP HEALTH/P/3408/03/2025 | B14: HL | C14: 210271.6
A15: KHI/HO/D/HLGRP HEALTH/P/3321/09/2024 | B15: HL | C15: 203476.08
... A35: KHI/HO/D/HLGRP HEALTH/P/3325/09/2024 | B35: HL | C35: 2485.02

Sheet MO
A1: UIC Working 31July25 | C1: Claims Need to Book
C2: 31July25
A3: UIC Summary till 31July25 | B3: Class | C3: =SUBTOTAL(9,C4:C8) -> 29880307
A4: KHI/HO/D/MO/PC TTT/P/110266/06/2025 | B4: MO | C4: 13529001
A5: KHI/HO/D/MO/PC COMP/P/109714/05/2025 | B5: MO | C5: 7631259
A6: KHI/HO/D/MO/PC COMP/P/105109/12/2024 | B6: MO | C6: 4509567.2
A7: KHI/HO/D/MO/PC COMP/P/105700/01/2025 | B7: MO | C7: 4156544.8
A8: KHI/HO/D/MO/PC COMP/P/108365/03/2025 | B8: MO | C8: 53934.72

Sheet NMO
A1: UIC Working 31July25 | C1: Claims Need to Book
C2: 31July25
A3: UIC Summary till 31July25 | B3: Class | C3: =SUBTOTAL(9,C4:C52) -> 1.0003803e+08 | D3: STL Loss #
A4: KHI/HO/D/MI/PA/P/4700/12/2024 | B4: MI | C4: 13790507 | D4: KHI/HO/0020/MI/PA/92/2561/07/2025
A5: KHI/HO/D/MI/PA/P/4704/12/2024 | B5: MI | C5: 13175209 | D5: KHI/HO/0020/MI/PA/92/2562/07/2025
A6: KHI/HO/D/MI/PA/P/4706/12/2024 | B6: MI | C6: 10335494 | D6: KHI/HO/0020/MI/PA/92/2563/07/2025
A7: KHI/HO/D/MI/PA/P/4707/12/2024 | B7: MI | C7: 7572934 | D7: KHI/HO/0020/MI/PA/92/2564/07/2025
A8: KHI/HO/D/MI/PA/P/4708/12/2024 | B8: MI | C8: 7245154.9 | D8: KHI/HO/0020/MI/PA/01/2565/07/2025
A9: KHI/HO/D/MI/PA/P/4703/12/2024 | B9: MI | C9: 5736656.2 | D9: KHI/HO/0020/MI/PA/92/2566/07/2025
A10: KHI/HO/D/MI/BB/P/4698/12/2024 | B10: MI | C10: 4978302.3 | D10: KHI/HO/0020/MI/BB/88/2567/07/2025
A11: KHI/HO/D/MI/PA/P/4709/12/2024 | B11: MI | C11: 4779366.2 | D11: KHI/HO/0020/MI/PA/92/2568/07/2025
A12: KHI/HO/D/MI/PA/P/4705/12/2024 | B12: MI | C12: 3945243.6 | D12: KHI/HO/0020/MI/PA/92/2569/07/2025
A13: KHI/HO/D/MI/PA/P/4702/12/2024 | B13: MI | C13: 3607624.9 | D13: KHI/HO/0020/MI/PA/92/2570/07/2025
A14: KHI/HO/D/FR/ND/P/23176/12/2024 | B14: FR | C14: 3572378.2 | D14: KHI/HO/0220/FR/ND/92/2089/07/2025
A15: KHI/HO/D/MR/IMPORTS/P/45246/06/2025 | B15: MR | C15: 3407017 | D15: KHI/HO/0420/MR/IMPORTS/92/0775/07/2025
... A52: KHI/HO/D/MI/CRP/C/2804/10/2024 | B52: MI | C52: 317.86 | D52: KHI/HO/0020/MI/CRP/92/2588/07/2025

Sheet Sheet2

Sheet Sheet1
A1: STATUS | B1: POLICY | C1: AMOUNT
A2: CLAIM | B2: KHI/HO/D/HLGRP HEALTH/P/3429/05/2025 | C2: 88425
A3: CLAIM | B3: KHI/HO/D/HLGRP HEALTH/P/3432/05/2025 | C3: 70801
A4: CLAIM | B4: KHI/HO/D/HLGRP HEALTH/P/3419/05/2025 | C4: 37480
A5: CLAIM | B5: KHI/HO/D/HLGRP HEALTH/P/3430/05/2025 | C5: 3788420
A6: CLAIM | B6: KHI/HO/D/HLGRP HEALTH/P/3409/03/2025 | C6: 7861
A7: CLAIM | B7: KHI/HO/D/HLGRP HEALTH/P/3408/03/2025 | C7: 210272
A8: CLAIM | B8: KHI/HO/D/HLGRP HEALTH/P/3418/05/2025 | C8: 110831
A9: CLAIM | B9: KHI/HO/D/HLGRP HEALTH/P/3422/05/2025 | C9: 217149
A10: CLAIM | B10: KHI/HO/D/HLGRP HEALTH/P/3415/05/2025 | C10: 110221
A11: CLAIM | B11: KHI/HO/D/HLGRP HEALTH/P/3428/05/2025 | C11: 414464
A12: CLAIM | B12: KHI/HO/D/HLGRP HEALTH/P/3421/05/2025 | C12: 136657
A13: CLAIM | B13: KHI/HO/D/HLGRP HEALTH/P/3426/05/2025 | C13: 908783
... A67: PREMIUM | B67: KHI/HO/D/HLGRP HEALTH/P/3414/05/2025 | C67: 60451

Sheet Premium
C1: Assorted Code
A2: KHI/HO/D/HLGRP HEALTH/P/3429/05/2025 | B2: 88425 | C2: =VLOOKUP(A2,'Assorted Codes'!A:B,2,0) -> 040000199199
A3: KHI/HO/D/HLGRP HEALTH/P/3432/05/2025 | B3: 70801 | C3: =VLOOKUP(A3,'Assorted Codes'!A:B,2,0) -> 040000199202
A4: KHI/HO/D/HLGRP HEALTH/P/3435/05/2025 | B4: 39982 | C4: =VLOOKUP(A4,'Assorted Codes'!A:B,2,0) -> 040000199205
A5: KHI/HO/D/HLGRP HEALTH/P/3419/05/2025 | B5: 37480 | C5: =VLOOKUP(A5,'Assorted Codes'!A:B,2,0) -> 040000199188
A6: KHI/HO/D/HLGRP HEALTH/P/3416/05/2025 | B6: 501987 | C6: =VLOOKUP(A6,'Assorted Codes'!A:B,2,0) -> 040000199185
A7: KHI/HO/D/HLGRP HEALTH/P/3409/03/2025 | B7: 422325 | C7: =VLOOKUP(A7,'Assorted Codes'!A:B,2,0) -> 040000197501
A8: KHI/HO/D/HLGRP HEALTH/P/3422/05/2025 | B8: 217149 | C8: =VLOOKUP(A8,'Assorted Codes'!A:B,2,0) -> 040000199191
A9: KHI/HO/D/HLGRP HEALTH/P/3431/05/2025 | B9: 115193 | C9: =VLOOKUP(A9,'Assorted Codes'!A:B,2,0) -> 040000199201
A10: KHI/HO/D/HLGRP HEALTH/P/3408/03/2025 | B10: 210272 | C10: =VLOOKUP(A10,'Assorted Codes'!A:B,2,0) -> 040000197498
A11: KHI/HO/D/HLGRP HEALTH/P/3321/09/2024 | B11: 203476 | C11: =VLOOKUP(A11,'Assorted Codes'!A:B,2,0) -> 040000185350
A12: KHI/HO/D/HLGRP HEALTH/P/3415/05/2025 | B12: 110221 | C12: =VLOOKUP(A12,'Assorted Codes'!A:B,2,0) -> 040000199183
A13: KHI/HO/D/HLGRP HEALTH/P/3428/05/2025 | B13: 414464 | C13: =VLOOKUP(A13,'Assorted Codes'!A:B,2,0) -> 040000199198
... A33: KHI/HO/D/HLGRP HEALTH/P/3414/05/2025 | B33: 60451 | C33: =VLOOKUP(A33,'Assorted Codes'!A:B,2,0) -> 040000199182

Sheet Working proper
A1: Policy Number | B1: Assorted Code | D1: Premium | E1: 13Aug250081
A2: KHI/HO/D/HLGRP HEALTH/P/3429/05/2025 | B2: 040000199199 | C2: 88425 | D2: =ROUND(C2,0) -> 88425 | E2: 13Aug250081 | F2: ="insert into ins_premium_det (premium_rcv_code,assorted_code, rec_amount,premium_rcv_detail_code,remaining_amt, payrec, mode_code,coinsurance_code,class_cd,it_remarks) values" -> insert into ins_premium_det (premium_rcv_code,assorted_code, rec_amount,premium_rcv_detail_code,remaining_amt, payrec, mode_code,coinsurance_code,class_cd,it_remarks) values | G2: ="('"&E2&"','"&B2&"','"&D2&"',(select max(to_number(i.premium_rcv_detail_code))+1 from ins_premium_det i),'"&D2&"','"&D2&"','02', '11000003','00','Request by Mr.Omair Ahsan 15-Aug-2025 add premium allocation no 13Aug250081');" -> ('13Aug250081','040000199199','88425',(select max(to_number(i.premium_rcv_detail_code))+1 from ins_premium_det i),'88425','88425','02', '11000003','00','Request by Mr.Omair Ahsan 15-Aug-2025 add premium allocation no 13Aug250081'); | H2: =F2&G2 -> insert into ins_premium_det (premium_rcv_code,assorted_code, rec_amount,premium_rcv_detail_code,remaining_amt, payrec, mode_code,coinsurance_code,class_cd,it_remarks) values('13Aug250081','040000199199','88425',(select max(to_number(i.premium_rcv_detail_code))+1 from ins_premium_det i),'88425','88425','02', '11000003','00','Request by Mr.Omair Ahsan 15-Aug-2025 add premium allocation no 13Aug250081');
A3: KHI/HO/D/HLGRP HEALTH/P/3432/05/2025 | B3: 040000199202 | C3: 70801 | D3: =ROUND(C3,0) -> 70801 | E3: 13Aug250081 | F3: ="insert into ins_premium_det (premium_rcv_code,assorted_code, rec_amount,premium_rcv_detail_code,remaining_amt, payrec, mode_code,coinsurance_code,class_cd,it_remarks) values" -> insert into ins_premium_det (premium_rcv_code,assorted_code, rec_amount,premium_rcv_detail_code,remaining_amt, payrec, mode_code,coinsurance_code,class_cd,it_remarks) values | G3: ="('"&E3&"','"&B3&"','"&D3&"',(select max(to_number(i.premium_rcv_detail_code))+1 from ins_premium_det i),'"&D3&"','"&D3&"','02', '11000003','00','Request by Mr.Omair Ahsan 15-Aug-2025 add premium allocation no 13Aug250081');" -> ('13Aug250081','040000199202','70801',(select max(to_number(i.premium_rcv_detail_code))+1 from ins_premium_det i),'70801','70801','02', '11000003','00','Request by Mr.Omair Ahsan 15-Aug-2025 add premium allocation no 13Aug250081'); | H3: =F3&G3 -> insert into ins_premium_det (premium_rcv_code,assorted_code, rec_amount,premium_rcv_detail_code,remaining_amt, payrec, mode_code,coinsurance_code,class_cd,it_remarks) values('13Aug250081','040000199202','70801',(select max(to_number(i.premium_rcv_detail_code))+1 from ins_premium_det i),'70801','70801','02', '11000003','00','Request by Mr.Omair Ahsan 15-Aug-2025 add premium allocation no 13Aug250081');
A4: KHI/HO/D/HLGRP HEALTH/P/3435/05/2025 | B4: 040000199205 | C4: 39982 | D4: =ROUND(C4,0) -> 39982 | E4: 13Aug250081 | F4: ="insert into ins_premium_det (premium_rcv_code,assorted_code, rec_amount,premium_rcv_detail_code,remaining_amt, payrec, mode_code,coinsurance_code,class_cd,it_remarks) values" -> insert into ins_premium_det (premium_rcv_code,assorted_code, rec_amount,premium_rcv_detail_code,remaining_amt, payrec, mode_code,coinsurance_code,class_cd,it_remarks) values | G4: ="('"&E4&"','"&B4&"','"&D4&"',(select max(to_number(i.premium_rcv_detail_code))+1 from ins_premium_det i),'"&D4&"','"&D4&"','02', '11000003','00','Request by Mr.Omair Ahsan 15-Aug-2025 add premium allocation no 13Aug250081');" -> ('13Aug250081','040000199205','39982',(select max(to_number(i.premium_rcv_detail_code))+1 from ins_premium_det i),'39982','39982','02', '11000003','00','Request by Mr.Omair Ahsan 15-Aug-2025 add premium allocation no 13Aug250081'); | H4: =F4&G4 -> insert into ins_premium_det (premium_rcv_code,assorted_code, rec_amount,premium_rcv_detail_code,remaining_amt, payrec, mode_code,coinsurance_code,class_cd,it_remarks) values('13Aug250081','040000199205','39982',(select max(to_number(i.premium_rcv_detail_code))+1 from ins_premium_det i),'39982','39982','02', '11000003','00','Request by Mr.Omair Ahsan 15-Aug-2025 add premium allocation no 13Aug250081');
A5: KHI/HO/D/HLGRP HEALTH/P/3419/05/2025 | B5: 040000199188 | C5: 37480 | D5: =ROUND(C5,0) -> 37480 | E5: 13Aug250081 | F5: ="insert into ins_premium_det (premium_rcv_code,assorted_code, rec_amount,premium_rcv_detail_code,remaining_amt, payrec, mode_code,coinsurance_code,class_cd,it_remarks) values" -> insert into ins_premium_det (premium_rcv_code,assorted_code, rec_amount,premium_rcv_detail_code,remaining_amt, payrec, mode_code,coinsurance_code,class_cd,it_remarks) values | G5: ="('"&E5&"','"&B5&"','"&D5&"',(select max(to_number(i.premium_rcv_detail_code))+1 from ins_premium_det i),'"&D5&"','"&D5&"','02', '11000003','00','Request by Mr.Omair Ahsan 15-Aug-2025 add premium allocation no 13Aug250081');" -> ('13Aug250081','040000199188','37480',(select max(to_number(i.premium_rcv_detail_code))+1 from ins_premium_det i),'37480','37480','02', '11000003','00','Request by Mr.Omair Ahsan 15-Aug-2025 add premium allocation no 13Aug250081'); | H5: =F5&G5 -> insert into ins_premium_det (premium_rcv_code,assorted_code, rec_amount,premium_rcv_detail_code,remaining_amt, payrec, mode_code,coinsurance_code,class_cd,it_remarks) values('13Aug250081','040000199188','37480',(select max(to_number(i.premium_rcv_detail_code))+1 from ins_premium_det i),'37480','37480','02', '11000003','00','Request by Mr.Omair Ahsan 15-Aug-2025 add premium allocation no 13Aug250081');
A6: KHI/HO/D/HLGRP HEALTH/P/3416/05/2025 | B6: 040000199185 | C6: 501987 | D6: =ROUND(C6,0) -> 501987 | E6: 13Aug250081 | F6: ="insert into ins_premium_det (premium_rcv_code,assorted_code, rec_amount,premium_rcv_detail_code,remaining_amt, payrec, mode_code,coinsurance_code,class_cd,it_remarks) values" -> insert into ins_premium_det (premium_rcv_code,assorted_code, rec_amount,premium_rcv_detail_code,remaining_amt, payrec, mode_code,coinsurance_code,class_cd,it_remarks) values | G6: ="('"&E6&"','"&B6&"','"&D6&"',(select max(to_number(i.premium_rcv_detail_code))+1 from ins_premium_det i),'"&D6&"','"&D6&"','02', '11000003','00','Request by Mr.Omair Ahsan 15-Aug-2025 add premium allocation no 13Aug250081');" -> ('13Aug250081','040000199185','501987',(select max(to_number(i.premium_rcv_detail_code))+1 from ins_premium_det i),'501987','501987','02', '11000003','00','Request by Mr.Omair Ahsan 15-Aug-2025 add premium allocation no 13Aug250081'); | H6: =F6&G6 -> insert into ins_premium_det (premium_rcv_code,assorted_code, rec_amount,premium_rcv_detail_code,remaining_amt, payrec, mode_code,coinsurance_code,class_cd,it_remarks) values('13Aug250081','040000199185','501987',(select max(to_number(i.premium_rcv_detail_code))+1 from ins_premium_det i),'501987','501987','02', '11000003','00','Request by Mr.Omair Ahsan 15-Aug-2025 add premium allocation no 13Aug250081');
A7: KHI/HO/D/HLGRP HEALTH/P/3409/03/2025 | B7: 040000197501 | C7: 422325 | D7: =ROUND(C7,0) -> 422325 | E7: 13Aug250081 | F7: ="insert into ins_premium_det (premium_rcv_code,assorted_code, rec_amount,premium_rcv_detail_code,remaining_amt, payrec, mode_code,coinsurance_code,class_cd,it_remarks) values" -> insert into ins_premium_det (premium_rcv_code,assorted_code, rec_amount,premium_rcv_detail_code,remaining_amt, payrec, mode_code,coinsurance_code,class_cd,it_remarks) values | G7: ="('"&E7&"','"&B7&"','"&D7&"',(select max(to_number(i.premium_rcv_detail_code))+1 from ins_premium_det i),'"&D7&"','"&D7&"','02', '11000003','00','Request by Mr.Omair Ahsan 15-Aug-2025 add premium allocation no 13Aug250081');" -> ('13Aug250081','040000197501','422325',(select max(to_number(i.premium_rcv_detail_code))+1 from ins_premium_det i),'422325','422325','02', '11000003','00','Request by Mr.Omair Ahsan 15-Aug-2025 add premium allocation no 13Aug250081'); | H7: =F7&G7 -> insert into ins_premium_det (premium_rcv_code,assorted_code, rec_amount,premium_rcv_detail_code,remaining_amt, payrec, mode_code,coinsurance_code,class_cd,it_remarks) values('13Aug250081','040000197501','422325',(select max(to_number(i.premium_rcv_detail_code))+1 from ins_premium_det i),'422325','422325','02', '11000003','00','Request by Mr.Omair Ahsan 15-Aug-2025 add premium allocation no 13Aug250081');
A8: KHI/HO/D/HLGRP HEALTH/P/3422/05/2025 | B8: 040000199191 | C8: 217149 | D8: =ROUND(C8,0) -> 217149 | E8: 13Aug250081 | F8: ="insert into ins_premium_det (premium_rcv_code,assorted_code, rec_amount,premium_rcv_detail_code,remaining_amt, payrec, mode_code,coinsurance_code,class_cd,it_remarks) values" -> insert into ins_premium_det (premium_rcv_code,assorted_code, rec_amount,premium_rcv_detail_code,remaining_amt, payrec, mode_code,coinsurance_code,class_cd,it_remarks) values | G8: ="('"&E8&"','"&B8&"','"&D8&"',(select max(to_number(i.premium_rcv_detail_code))+1 from ins_premium_det i),'"&D8&"','"&D8&"','02', '11000003','00','Request by Mr.Omair Ahsan 15-Aug-2025 add premium allocation no 13Aug250081');" -> ('13Aug250081','040000199191','217149',(select max(to_number(i.premium_rcv_detail_code))+1 from ins_premium_det i),'217149','217149','02', '11000003','00','Request by Mr.Omair Ahsan 15-Aug-2025 add premium allocation no 13Aug250081'); | H8: =F8&G8 -> insert into ins_premium_det (premium_rcv_code,assorted_code, rec_amount,premium_rcv_detail_code,remaining_amt, payrec, mode_code,coinsurance_code,class_cd,it_remarks) values('13Aug250081','040000199191','217149',(select max(to_number(i.premium_rcv_detail_code))+1 from ins_premium_det i),'217149','217149','02', '11000003','00','Request by Mr.Omair Ahsan 15-Aug-2025 add premium allocation no 13Aug250081');
A9: KHI/HO/D/HLGRP HEALTH/P/3431/05/2025 | B9: 040000199201 | C9: 115193 | D9: =ROUND(C9,0) -> 115193 | E9: 13Aug250081 | F9: ="insert into ins_premium_det (premium_rcv_code,assorted_code, rec_amount,premium_rcv_detail_code,remaining_amt, payrec, mode_code,coinsurance_code,class_cd,it_remarks) values" -> insert into ins_premium_det (premium_rcv_code,assorted_code, rec_amount,premium_rcv_detail_code,remaining_amt, payrec, mode_code,coinsurance_code,class_cd,it_remarks) values | G9: ="('"&E9&"','"&B9&"','"&D9&"',(select max(to_number(i.premium_rcv_detail_code))+1 from ins_premium_det i),'"&D9&"','"&D9&"','02', '11000003','00','Request by Mr.Omair Ahsan 15-Aug-2025 add premium allocation no 13Aug250081');" -> ('13Aug250081','040000199201','115193',(select max(to_number(i.premium_rcv_detail_code))+1 from ins_premium_det i),'115193','115193','02', '11000003','00','Request by Mr.Omair Ahsan 15-Aug-2025 add premium allocation no 13Aug250081'); | H9: =F9&G9 -> insert into ins_premium_det (premium_rcv_code,assorted_code, rec_amount,premium_rcv_detail_code,remaining_amt, payrec, mode_code,coinsurance_code,class_cd,it_remarks) values('13Aug250081','040000199201','115193',(select max(to_number(i.premium_rcv_detail_code))+1 from ins_premium_det i),'115193','115193','02', '11000003','00','Request by Mr.Omair Ahsan 15-Aug-2025 add premium allocation no 13Aug250081');
A10: KHI/HO/D/HLGRP HEALTH/P/3408/03/2025 | B10: 040000197498 | C10: 210272 | D10: =ROUND(C10,0) -> 210272 | E10: 13Aug250081 | F10: ="insert into ins_premium_det (premium_rcv_code,assorted_code, rec_amount,premium_rcv_detail_code,remaining_amt, payrec, mode_code,coinsurance_code,class_cd,it_remarks) values" -> insert into ins_premium_det (premium_rcv_code,assorted_code, rec_amount,premium_rcv_detail_code,remaining_amt, payrec, mode_code,coinsurance_code,class_cd,it_remarks) values | G10: ="('"&E10&"','"&B10&"','"&D10&"',(select max(to_number(i.premium_rcv_detail_code))+1 from ins_premium_det i),'"&D10&"','"&D10&"','02', '11000003','00','Request by Mr.Omair Ahsan 15-Aug-2025 add premium allocation no 13Aug250081');" -> ('13Aug250081','040000197498','210272',(select max(to_number(i.premium_rcv_detail_code))+1 from ins_premium_det i),'210272','210272','02', '11000003','00','Request by Mr.Omair Ahsan 15-Aug-2025 add premium allocation no 13Aug250081'); | H10: =F10&G10 -> insert into ins_premium_det (premium_rcv_code,assorted_code, rec_amount,premium_rcv_detail_code,remaining_amt, payrec, mode_code,coinsurance_code,class_cd,it_remarks) values('13Aug250081','040000197498','210272',(select max(to_number(i.premium_rcv_detail_code))+1 from ins_premium_det i),'210272','210272','02', '11000003','00','Request by Mr.Omair Ahsan 15-Aug-2025 add premium allocation no 13Aug250081');
A11: KHI/HO/D/HLGRP HEALTH/P/3321/09/2024 | B11: 040000185350 | C11: 203476 | D11: =ROUND(C11,0) -> 203476 | E11: 13Aug250081 | F11: ="insert into ins_premium_det (premium_rcv_code,assorted_code, rec_amount,premium_rcv_detail_code,remaining_amt, payrec, mode_code,coinsurance_code,class_cd,it_remarks) values" -> insert into ins_premium_det (premium_rcv_code,assorted_code, rec_amount,premium_rcv_detail_code,remaining_amt, payrec, mode_code,coinsurance_code,class_cd,it_remarks) values | G11: ="('"&E11&"','"&B11&"','"&D11&"',(select max(to_number(i.premium_rcv_detail_code))+1 from ins_premium_det i),'"&D11&"','"&D11&"','02', '11000003','00','Request by Mr.Omair Ahsan 15-Aug-2025 add premium allocation no 13Aug250081');" -> ('13Aug250081','040000185350','203476',(select max(to_number(i.premium_rcv_detail_code))+1 from ins_premium_det i),'203476','203476','02', '11000003','00','Request by Mr.Omair Ahsan 15-Aug-2025 add premium allocation no 13Aug250081'); | H11: =F11&G11 -> insert into ins_premium_det (premium_rcv_code,assorted_code, rec_amount,premium_rcv_detail_code,remaining_amt, payrec, mode_code,coinsurance_code,class_cd,it_remarks) values('13Aug250081','040000185350','203476',(select max(to_number(i.premium_rcv_detail_code))+1 from ins_premium_det i),'203476','203476','02', '11000003','00','Request by Mr.Omair Ahsan 15-Aug-2025 add premium allocation no 13Aug250081');
A12: KHI/HO/D/HLGRP HEALTH/P/3415/05/2025 | B12: 040000199183 | C12: 110221 | D12: =ROUND(C12,0) -> 110221 | E12: 13Aug250081 | F12: ="insert into ins_premium_det (premium_rcv_code,assorted_code, rec_amount,premium_rcv_detail_code,remaining_amt, payrec, mode_code,coinsurance_code,class_cd,it_remarks) values" -> insert into ins_premium_det (premium_rcv_code,assorted_code, rec_amount,premium_rcv_detail_code,remaining_amt, payrec, mode_code,coinsurance_code,class_cd,it_remarks) values | G12: ="('"&E12&"','"&B12&"','"&D12&"',(select max(to_number(i.premium_rcv_detail_code))+1 from ins_premium_det i),'"&D12&"','"&D12&"','02', '11000003','00','Request by Mr.Omair Ahsan 15-Aug-2025 add premium allocation no 13Aug250081');" -> ('13Aug250081','040000199183','110221',(select max(to_number(i.premium_rcv_detail_code))+1 from ins_premium_det i),'110221','110221','02', '11000003','00','Request by Mr.Omair Ahsan 15-Aug-2025 add premium allocation no 13Aug250081'); | H12: =F12&G12 -> insert into ins_premium_det (premium_rcv_code,assorted_code, rec_amount,premium_rcv_detail_code,remaining_amt, payrec, mode_code,coinsurance_code,class_cd,it_remarks) values('13Aug250081','040000199183','110221',(select max(to_number(i.premium_rcv_detail_code))+1 from ins_premium_det i),'110221','110221','02', '11000003','00','Request by Mr.Omair Ahsan 15-Aug-2025 add premium allocation no 13Aug250081');
A13: KHI/HO/D/HLGRP HEALTH/P/3428/05/2025 | B13: 040000199198 | C13: 414464 | D13: =ROUND(C13,0) -> 414464 | E13: 13Aug250081 | F13: ="insert into ins_premium_det (premium_rcv_code,assorted_code, rec_amount,premium_rcv_detail_code,remaining_amt, payrec, mode_code,coinsurance_code,class_cd,it_remarks) values" -> insert into ins_premium_det (premium_rcv_code,assorted_code, rec_amount,premium_rcv_detail_code,remaining_amt, payrec, mode_code,coinsurance_code,class_cd,it_remarks) values | G13: ="('"&E13&"','"&B13&"','"&D13&"',(select max(to_number(i.premium_rcv_detail_code))+1 from ins_premium_det i),'"&D13&"','"&D13&"','02', '11000003','00','Request by Mr.Omair Ahsan 15-Aug-2025 add premium allocation no 13Aug250081');" -> ('13Aug250081','040000199198','414464',(select max(to_number(i.premium_rcv_detail_code))+1 from ins_premium_det i),'414464','414464','02', '11000003','00','Request by Mr.Omair Ahsan 15-Aug-2025 add premium allocation no 13Aug250081'); | H13: =F13&G13 -> insert into ins_premium_det (premium_rcv_code,assorted_code, rec_amount,premium_rcv_detail_code,remaining_amt, payrec, mode_code,coinsurance_code,class_cd,it_remarks) values('13Aug250081','040000199198','414464',(select max(to_number(i.premium_rcv_detail_code))+1 from ins_premium_det i),'414464','414464','02', '11000003','00','Request by Mr.Omair Ahsan 15-Aug-2025 add premium allocation no 13Aug250081');
... A33: KHI/HO/D/HLGRP HEALTH/P/3414/05/2025 | B33: 040000199182 | C33: 60451 | D33: =ROUND(C33,0) -> 60451 | E33: 13Aug250081 | F33: ="insert into ins_premium_det (premium_rcv_code,assorted_code, rec_amount,premium_rcv_detail_code,remaining_amt, payrec, mode_code,coinsurance_code,class_cd,it_remarks) values" -> insert into ins_premium_det (premium_rcv_code,assorted_code, rec_amount,premium_rcv_detail_code,remaining_amt, payrec, mode_code,coinsurance_code,class_cd,it_remarks) values | G33: ="('"&E33&"','"&B33&"','"&D33&"',(select max(to_number(i.premium_rcv_detail_code))+1 from ins_premium_det i),'"&D33&"','"&D33&"','02', '11000003','00','Request by Mr.Omair Ahsan 15-Aug-2025 add premium allocation no 13Aug250081');" -> ('13Aug250081','040000199182','60451',(select max(to_number(i.premium_rcv_detail_code))+1 from ins_premium_det i),'60451','60451','02', '11000003','00','Request by Mr.Omair Ahsan 15-Aug-2025 add premium allocation no 13Aug250081'); | H33: =F33&G33 -> insert into ins_premium_det (premium_rcv_code,assorted_code, rec_amount,premium_rcv_detail_code,remaining_amt, payrec, mode_code,coinsurance_code,class_cd,it_remarks) values('13Aug250081','040000199182','60451',(select max(to_number(i.premium_rcv_detail_code))+1 from ins_premium_det i),'60451','60451','02', '11000003','00','Request by Mr.Omair Ahsan 15-Aug-2025 add premium allocation no 13Aug250081');

Sheet Assorted Codes
A1: POLICY | B1: ASSORTED_CODE | C1: Premium
A2: KHI/HO/D/HLGRP HEALTH/P/3408/03/2025 | B2: 040000197498 | C2: 210272
A3: KHI/HO/D/HLGRP HEALTH/P/3409/03/2025 | B3: 040000197501 | C3: 422325
A4: KHI/HO/D/HLGRP HEALTH/P/3410/03/2025 | B4: 040000197502 | C4: 164271
A5: KHI/HO/D/HLGRP HEALTH/P/3419/05/2025 | B5: 040000199188 | C5: 37480
A6: KHI/HO/D/HLGRP HEALTH/P/3424/05/2025 | B6: 040000199193 | C6: 2088942
A7: KHI/HO/D/HLGRP HEALTH/P/3426/05/2025 | B7: 040000199195 | C7: 908783
A8: KHI/HO/D/HLGRP HEALTH/P/3414/05/2025 | B8: 040000199182 | C8: 60451
A9: KHI/HO/D/HLGRP HEALTH/P/3415/05/2025 | B9: 040000199183 | C9: 110221
A10: KHI/HO/D/HLGRP HEALTH/P/3420/05/2025 | B10: 040000199189 | C10: 235791
A11: KHI/HO/D/HLGRP HEALTH/P/3421/05/2025 | B11: 040000199190 | C11: 136657
A12: KHI/HO/D/HLGRP HEALTH/P/3427/05/2025 | B12: 040000199196 | C12: 46880
A13: KHI/HO/D/HLGRP HEALTH/P/3430/05/2025 | B13: 040000199200 | C13: 3788420
... A33: KHI/HO/D/HLGRP HEALTH/P/3321/09/2024 | B33: 040000185350 | C33: 203476
