Workbook

Sheet Sheet1
A1: Policy # U/W | B1: Assorted Code | C1: Gross | D1: Net | E1: Deferred Commission | F1: Comm. % | G1: Current Agency | H1: Required Agencies | I1: Agency Code
A2: KHI/HO/D/MO/PC COMP/P/111271/09/2025 | B2: =VLOOKUP(A2,Sheet2!B:C,2,0) -> 040000201724 | C2: 71983 | D2: 84000 | E2: 6119 | F2: =E2/C2% -> 8.5006182 | G2: Syed Mazhar Abbas Zaidi | H2: Moied Shamoon | I2: 09000908 | J2: ="Update ins_assorted_clients iac set iac.agency_code = '"&I2&"' where iac.assorted_code = '"&B2&"' and iac.agency_code = '09000183';" -> Update ins_assorted_clients iac set iac.agency_code = '09000908' where iac.assorted_code = '040000201724' and iac.agency_code = '09000183'; | K2: ="Update ins_assorted ia set ia.agency_code = '"&I2&"' where ia.assorted_code = '"&B2&"';" -> Update ins_assorted ia set ia.agency_code = '09000908' where ia.assorted_code = '040000201724';
A3: KHI/HO/D/MO/PC COMP/P/111280/09/2025 | B3: =VLOOKUP(A3,Sheet2!B:C,2,0) -> 040000201734 | C3: 79526 | D3: 92750 | E3: 6760 | F3: =E3/C3% -> 8.5003647 | G3: Syed Mazhar Abbas Zaidi | H3: Moied Shamoon | I3: 09000908 | J3: ="Update ins_assorted_clients iac set iac.agency_code = '"&I3&"' where iac.assorted_code = '"&B3&"' and iac.agency_code = '09000183';" -> Update ins_assorted_clients iac set iac.agency_code = '09000908' where iac.assorted_code = '040000201734' and iac.agency_code = '09000183'; | K3: ="Update ins_assorted ia set ia.agency_code = '"&I3&"' where ia.assorted_code = '"&B3&"';" -> Update ins_assorted ia set ia.agency_code = '09000908' where ia.assorted_code = '040000201734';
A4: KHI/HO/D/MO/PC COMP/P/111309/09/2025 | B4: =VLOOKUP(A4,Sheet2!B:C,2,0) -> 040000201809 | C4: 64224 | D4: 75000 | E4: 5459 | F4: =E4/C4% -> 8.4999377 | G4: Syed Mazhar Abbas Zaidi | H4: Moied Shamoon | I4: 09000908 | J4: ="Update ins_assorted_clients iac set iac.agency_code = '"&I4&"' where iac.assorted_code = '"&B4&"' and iac.agency_code = '09000183';" -> Update ins_assorted_clients iac set iac.agency_code = '09000908' where iac.assorted_code = '040000201809' and iac.agency_code = '09000183'; | K4: ="Update ins_assorted ia set ia.agency_code = '"&I4&"' where ia.assorted_code = '"&B4&"';" -> Update ins_assorted ia set ia.agency_code = '09000908' where ia.assorted_code = '040000201809';
A5: KHI/HO/D/MO/PC COMP/P/111313/09/2025 | B5: =VLOOKUP(A5,Sheet2!B:C,2,0) -> 040000201815 | C5: 99569 | D5: 116000 | E5: 8463 | F5: =E5/C5% -> 8.4996334 | G5: Syed Mazhar Abbas Zaidi | H5: Moied Shamoon | I5: 09000908 | J5: ="Update ins_assorted_clients iac set iac.agency_code = '"&I5&"' where iac.assorted_code = '"&B5&"' and iac.agency_code = '09000183';" -> Update ins_assorted_clients iac set iac.agency_code = '09000908' where iac.assorted_code = '040000201815' and iac.agency_code = '09000183'; | K5: ="Update ins_assorted ia set ia.agency_code = '"&I5&"' where ia.assorted_code = '"&B5&"';" -> Update ins_assorted ia set ia.agency_code = '09000908' where ia.assorted_code = '040000201815';
A6: LHR/LHR/D/MO/PC COMP/P/111315/09/2025 | B6: =VLOOKUP(A6,Sheet2!B:C,2,0) -> 040000201817 | C6: 44428 | D6: 52000 | E6: 3776 | F6: =E6/C6% -> 8.4991447 | G6: Syed Mazhar Abbas Zaidi | H6: Moied Shamoon | I6: 09000908 | J6: ="Update ins_assorted_clients iac set iac.agency_code = '"&I6&"' where iac.assorted_code = '"&B6&"' and iac.agency_code = '09000183';" -> Update ins_assorted_clients iac set iac.agency_code = '09000908' where iac.assorted_code = '040000201817' and iac.agency_code = '09000183'; | K6: ="Update ins_assorted ia set ia.agency_code = '"&I6&"' where ia.assorted_code = '"&B6&"';" -> Update ins_assorted ia set ia.agency_code = '09000908' where ia.assorted_code = '040000201817';
A7: KHI/HO/D/MO/PC COMP/P/111362/09/2025 | B7: =VLOOKUP(A7,Sheet2!B:C,2,0) -> 040000201876 | C7: 59914 | D7: 70000 | E7: 5093 | F7: =E7/C7% -> 8.5005174 | G7: Syed Mazhar Abbas Zaidi | H7: Moied Shamoon | I7: 09000908 | J7: ="Update ins_assorted_clients iac set iac.agency_code = '"&I7&"' where iac.assorted_code = '"&B7&"' and iac.agency_code = '09000183';" -> Update ins_assorted_clients iac set iac.agency_code = '09000908' where iac.assorted_code = '040000201876' and iac.agency_code = '09000183'; | K7: ="Update ins_assorted ia set ia.agency_code = '"&I7&"' where ia.assorted_code = '"&B7&"';" -> Update ins_assorted ia set ia.agency_code = '09000908' where ia.assorted_code = '040000201876';
A8: KHI/HO/D/MO/PC COMP/P/111473/09/2025 | B8: =VLOOKUP(A8,Sheet2!B:C,2,0) -> 040000202040 | C8: 198802 | D8: 230610 | E8: 16861 | F8: =E8/C8% -> 8.481303 | G8: Syed Mazhar Abbas Zaidi | H8: Moied Shamoon | I8: 09000908 | J8: ="Update ins_assorted_clients iac set iac.agency_code = '"&I8&"' where iac.assorted_code = '"&B8&"' and iac.agency_code = '09000183';" -> Update ins_assorted_clients iac set iac.agency_code = '09000908' where iac.assorted_code = '040000202040' and iac.agency_code = '09000183'; | K8: ="Update ins_assorted ia set ia.agency_code = '"&I8&"' where ia.assorted_code = '"&B8&"';" -> Update ins_assorted ia set ia.agency_code = '09000908' where ia.assorted_code = '040000202040';
A9: KHI/HO/D/MO/PC COMP/P/111445/09/2025 | B9: =VLOOKUP(A9,Sheet2!B:C,2,0) -> 040000201988 | C9: 37496 | D9: 43995 | E9: 3187 | F9: =E9/C9% -> 8.4995733 | G9: Syed Mazhar Abbas Zaidi | H9: Moied Shamoon | I9: 09000908 | J9: ="Update ins_assorted_clients iac set iac.agency_code = '"&I9&"' where iac.assorted_code = '"&B9&"' and iac.agency_code = '09000183';" -> Update ins_assorted_clients iac set iac.agency_code = '09000908' where iac.assorted_code = '040000201988' and iac.agency_code = '09000183'; | K9: ="Update ins_assorted ia set ia.agency_code = '"&I9&"' where ia.assorted_code = '"&B9&"';" -> Update ins_assorted ia set ia.agency_code = '09000908' where ia.assorted_code = '040000201988';
A10: LHR/LHR/D/MO/PC COMP/P/111410/09/2025 | B10: =VLOOKUP(A10,Sheet2!B:C,2,0) -> 040000201944 | C10: 74342 | D10: 87000 | E10: 6310 | F10: =E10/C10% -> 8.4877996 | G10: Syed Mazhar Abbas Zaidi | H10: Moied Shamoon | I10: 09000908 | J10: ="Update ins_assorted_clients iac set iac.agency_code = '"&I10&"' where iac.assorted_code = '"&B10&"' and iac.agency_code = '09000183';" -> Update ins_assorted_clients iac set iac.agency_code = '09000908' where iac.assorted_code = '040000201944' and iac.agency_code = '09000183'; | K10: ="Update ins_assorted ia set ia.agency_code = '"&I10&"' where ia.assorted_code = '"&B10&"';" -> Update ins_assorted ia set ia.agency_code = '09000908' where ia.assorted_code = '040000201944';
A11: KHI/HO/D/MO/PC COMP/P/111418/09/2025 | B11: =VLOOKUP(A11,Sheet2!B:C,2,0) -> 040000201952 | C11: 16810 | D11: 20000 | E11: 1429 | F11: =E11/C11% -> 8.5008923 | G11: Syed Mazhar Abbas Zaidi | H11: Moied Shamoon | I11: 09000908 | J11: ="Update ins_assorted_clients iac set iac.agency_code = '"&I11&"' where iac.assorted_code = '"&B11&"' and iac.agency_code = '09000183';" -> Update ins_assorted_clients iac set iac.agency_code = '09000908' where iac.assorted_code = '040000201952' and iac.agency_code = '09000183'; | K11: ="Update ins_assorted ia set ia.agency_code = '"&I11&"' where ia.assorted_code = '"&B11&"';" -> Update ins_assorted ia set ia.agency_code = '09000908' where ia.assorted_code = '040000201952';
A12: KHI/HO/D/MO/PC COMP/P/111446/09/2025 | B12: =VLOOKUP(A12,Sheet2!B:C,2,0) -> 040000201991 | C12: 105172 | D12: 122500 | E12: 8940 | F12: =E12/C12% -> 8.5003613 | G12: Syed Mazhar Abbas Zaidi | H12: Moied Shamoon | I12: 09000908 | J12: ="Update ins_assorted_clients iac set iac.agency_code = '"&I12&"' where iac.assorted_code = '"&B12&"' and iac.agency_code = '09000183';" -> Update ins_assorted_clients iac set iac.agency_code = '09000908' where iac.assorted_code = '040000201991' and iac.agency_code = '09000183'; | K12: ="Update ins_assorted ia set ia.agency_code = '"&I12&"' where ia.assorted_code = '"&B12&"';" -> Update ins_assorted ia set ia.agency_code = '09000908' where ia.assorted_code = '040000201991';
A13: KHI/HO/D/MO/PC COMP/P/111557/09/2025 | B13: =VLOOKUP(A13,Sheet2!B:C,2,0) -> 040000202157 | C13: 57758 | D13: 67500 | E13: 4909 | F13: =E13/C13% -> 8.4992555 | G13: Syed Mazhar Abbas Zaidi | H13: Moied Shamoon | I13: 09000908 | J13: ="Update ins_assorted_clients iac set iac.agency_code = '"&I13&"' where iac.assorted_code = '"&B13&"' and iac.agency_code = '09000183';" -> Update ins_assorted_clients iac set iac.agency_code = '09000908' where iac.assorted_code = '040000202157' and iac.agency_code = '09000183'; | K13: ="Update ins_assorted ia set ia.agency_code = '"&I13&"' where ia.assorted_code = '"&B13&"';" -> Update ins_assorted ia set ia.agency_code = '09000908' where ia.assorted_code = '040000202157';
... A84: KHI/HO/D/MO/PC COMP/P/111704/09/2025 | B84: =VLOOKUP(A84,Sheet2!B:C,2,0) -> 040000202450 | C84: 28233 | D84: 33250 | E84: 2400 | F84: =E84/C84% -> 8.5006907 | G84: Syed Mazhar Abbas Zaidi | H84: Hamna Ali | I84: 09000943 | J84: ="Update ins_assorted_clients iac set iac.agency_code = '"&I84&"' where iac.assorted_code = '"&B84&"' and iac.agency_code = '09000183';" -> Update ins_assorted_clients iac set iac.agency_code = '09000943' where iac.assorted_code = '040000202450' and iac.agency_code = '09000183'; | K84: ="Update ins_assorted ia set ia.agency_code = '"&I84&"' where ia.assorted_code = '"&B84&"';" -> Update ins_assorted ia set ia.agency_code = '09000943' where ia.assorted_code = '040000202450';

Sheet Sheet2
B1: POLICY | C1: ASSORTED_CODE
A2: 1 | B2: KHI/HO/D/MO/PC COMP/P/111795/09/2025 | C2: 040000202583
A3: 2 | B3: KHI/HO/D/MO/PC COMP/P/111797/09/2025 | C3: 040000202585
A4: 3 | B4: LHR/LHR/D/MO/PC COMP/P/111562/09/2025 | C4: 040000202169
A5: 4 | B5: KHI/HO/D/MO/PC COMP/P/111694/09/2025 | C5: 040000202436
A6: 5 | B6: KHI/HO/D/MO/PC COMP/P/111695/09/2025 | C6: 040000202437
A7: 6 | B7: KHI/HO/D/MO/PC COMP/P/111395/09/2025 | C7: 040000201928
A8: 7 | B8: KHI/HO/D/MO/PC COMP/P/111313/09/2025 | C8: 040000201815
A9: 8 | B9: KHI/HO/D/MO/PC COMP/P/111721/09/2025 | C9: 040000202472
A10: 9 | B10: LHR/LHR/D/MO/PC COMP/P/111773/09/2025 | C10: 040000202561
A11: 10 | B11: LHR/LHR/D/MO/PC COMP/P/111775/09/2025 | C11: 040000202563
A12: 11 | B12: KHI/HO/D/MO/PC COMP/P/111446/09/2025 | C12: 040000201991
A13: 12 | B13: LHR/LHR/D/MO/PC COMP/P/111369/09/2025 | C13: 040000201888
... A84: 83 | B84: KHI/HO/D/MO/PC COMP/P/111473/09/2025 | C84: 040000202040
