Workbook

Sheet Fresh
A1: Policy | B1: Endorsement | C1: Issue Date | D1: Period From | E1: Period To | F1: Client Code | G1: Client Name | H1: Insured Name | I1: Make | J1: Model | K1: Reg No | L1: Engine | M1: Chassis | N1: Bank P.O No. | O1: Sum Covered | P1: Gross | Q1: Net | R1: Outstanding | S1: CNIC | T1: MOBILE | U1: Fre / Ren / Roll
A2: KHI/HO/D/MO/PC COMP/C/101342/1/11/2024 | C2: 45601 | D2: 45601 | E2: 45965 | F2: 08004499 | G2: AL BARAKA BANK (PAKISTAN) LIMITED | H2: Mr. Muhammad Ayaz Hpa M/S. Al Baraka Bank Pakitan Limited | I2: SUZUKI CULTUS | J2: 2024 | L2: 211066 | M2: 10111066 | N2: 0567-0158403371095 | O2: 4546000 | P2: 58353 | Q2: 68190 | R2: 68190 | S2: 32102-0974587-9 | T2: 0333-6488267 | U2: FRE
A3: KHI/HO/D/MO/PC COMP/C/101342/10/11/2024 | C3: 45611 | D3: 45611 | E3: 45975 | F3: 08004499 | G3: AL BARAKA BANK (PAKISTAN) LIMITED | H3: Mr. Suleman Ghufrani Hpa M/S. Al Baraka Bank Pakitan Limited | I3: PRINCE PEARL | J3: 2023 | K3: BYF-059 | L3: 4603174W | M3: 04244 | N3: 0144-0158662200017 | O3: 1430000 | P3: 24655 | Q3: 28600 | R3: 28600 | S3: 42401-7461409-5 | T3: 03243313987 | U3: FRE
A4: KHI/HO/D/MO/PC COMP/C/101342/11/11/2024 | C4: 45611 | D4: 45611 | E4: 45975 | F4: 08004499 | G4: AL BARAKA BANK (PAKISTAN) LIMITED | H4: Mr. Muhammad Asghar Hpa M/S. Al Baraka Bank Pakitan Limited | I4: SUZUKI ALTO VXR E-2 | J4: 2019 | K4: LE-19A-8013 | L4: 6R111597 | M4: H1011547 | N4: 0329-0158296002093 | O4: 2150000 | P4: 37069 | Q4: 43000 | R4: 43000 | S4: 0300-1868767 | T4: 35201-8547758-3 | U4: FRE
A5: KHI/HO/D/MO/PC COMP/C/101342/12/11/2024 | C5: 45614 | D5: 45614 | E5: 45978 | F5: 08004499 | G5: AL BARAKA BANK (PAKISTAN) LIMITED | H5: Mr. Yashwa Hpa M/S. Al Baraka Bank Pakitan Limited | I5: SUZUKI WAGON-R | J5: 2018 | K5: LEE-18-4617 | L5: 159369 | M5: 10059359 | N5: 0329-0158657010017 | O5: 2200000 | P5: 37931 | Q5: 44000 | R5: 44000 | S5: 35202-1038412-1 | T5: 0309-8489803 | U5: FRE
A6: KHI/HO/D/MO/PC COMP/C/101342/13/11/2024 | C6: 45614 | D6: 45614 | E6: 45978 | F6: 08004499 | G6: AL BARAKA BANK (PAKISTAN) LIMITED | H6: Mr. Syed Shariq Hussain Hpa M/S. Al Baraka Bank Pakitan Limited | I6: SUZUKI ALTO | J6: 2022 | K6: ANT-559 | L6: 6R264676 | M6: H1164657 | N6: 0329-0158659820016 | O6: 2350000 | P6: 40517 | Q6: 47000 | R6: 47000 | S6: 35202-0198993-4 | T6: 0334-4427974 | U6: FRE
A7: KHI/HO/D/MO/PC COMP/C/101342/14/11/2024 | C7: 45615 | D7: 45615 | E7: 45979 | F7: 08004499 | G7: AL BARAKA BANK (PAKISTAN) LIMITED | H7: Mr. Shehroze Sajjad Hpa M/S. Al Baraka Bank Pakitan Limited | I7: HONDA CIVIC | J7: 2016 | K7: LEH-16-929 | L7: R18Z 12900366 | M7: NFBFC6668GR000568 | N7: 0423-0158655221012 | O7: 4200000 | P7: 54310 | Q7: 63000 | R7: 63000 | S7: 33100-9728986-9 | T7: 03218022007 | U7: FRE
A8: KHI/HO/D/MO/PC COMP/C/101342/15/11/2024 | C8: 45615 | D8: 45615 | E8: 45979 | F8: 08004499 | G8: AL BARAKA BANK (PAKISTAN) LIMITED | H8: Mr. Muhammad Waqar Yasir Hpa M/S. Al Baraka Bank Pakitan Limited | I8: SUZUKI WAGON-R | J8: 2018 | K8: LEB-18A-2079 | L8: PK10B171472 | M8: A1J310PK10071464 | N8: 0423-0158659609018 | O8: 2200000 | P8: 37931 | Q8: 44000 | R8: 44000 | S8: 33100-8698249-7 | T8: 03006243112 | U8: FRE
A9: KHI/HO/D/MO/PC COMP/C/101342/16/11/2024 | C9: 45615 | D9: 45615 | E9: 45979 | F9: 08004499 | G9: AL BARAKA BANK (PAKISTAN) LIMITED | H9: Mr. Arslan Ahmad Hpa M/S. Al Baraka Bank Pakitan Limited | I9: CHANGAN ALSVIN | J9: 2021 | K9: AED-252 | L9: 504844 | M9: 1001076 | N9: 0329-0158659585016 | O9: 2200000 | P9: 37931 | Q9: 44000 | R9: 44000 | S9: 35202-5978593-3 | T9: 03230121377 | U9: FRE
A10: KHI/HO/D/MO/PC COMP/C/101342/17/11/2024 | C10: 45616 | D10: 45616 | E10: 45980 | F10: 08004499 | G10: AL BARAKA BANK (PAKISTAN) LIMITED | H10: Mr. Muhammad Ali Amjad Hpa M/S. Al Baraka Bank Pakitan Limited | I10: HONDA CITY 1.2 LS CVT | J10: 2024 | L10: 51028599 | M10: RR045379 | N10: 0329-0158599461021 | O10: 5118000 | P10: 66181 | Q10: 76770 | R10: 76770 | S10: 35202-0356548-1 | T10: 0305-7912778 | U10: FRE
A11: KHI/HO/D/MO/PC COMP/C/101342/18/11/2024 | C11: 45616 | D11: 45616 | E11: 45980 | F11: 08004499 | G11: AL BARAKA BANK (PAKISTAN) LIMITED | H11: Mr. Tariq Zaman Hpa M/S. Al Baraka Bank Pakitan Limited | I11: CHANGAN OSHAN X7 COMFORT | J11: 2024 | L11: 258334 | M11: 1001076 | N11: 0557-0158631946060 | O11: 8099000 | P11: 104729 | Q11: 121485 | R11: 121485 | S11: 35404-1231863-9 | T11: 0333-4696856 | U11: FRE
A12: KHI/HO/D/MO/PC COMP/C/101342/19/11/2024 | C12: 45617 | D12: 45617 | E12: 45981 | F12: 08004499 | G12: AL BARAKA BANK (PAKISTAN) LIMITED | H12: Mr. Zain Kamran Hpa M/S. Al Baraka Bank Pakitan Limited | I12: HONDA CIVIC | J12: 2017 | K12: LEA-18-5005 | L12: 2923652 | M12: R026853 | N12: 0329-0158662329019 | O12: 4500000 | P12: 58190 | Q12: 67500 | R12: 67500 | S12: 35202-1661348-5 | T12: 03224375761 | U12: FRE
A13: KHI/HO/D/MO/PC COMP/C/101342/2/11/2024 | C13: 45601 | D13: 45601 | E13: 45965 | F13: 08004499 | G13: AL BARAKA BANK (PAKISTAN) LIMITED | H13: M/S Al Baraka Bank Pvt Limited User Qamar Uz Zaman | I13: HONDA BRV - S | J13: 2018 | K13: BG-7323 | L13: 13508318 | M13: 008323 | N13: 0150-0158356943080 | O13: 4000000 | P13: 51724 | Q13: 60000 | R13: 60000 | S13: 13101-0987747-9 | T13: 0300-8293676 | U13: FRE
A14: KHI/HO/D/MO/PC COMP/C/101342/20/11/2024 | C14: 45617 | D14: 45617 | E14: 45981 | F14: 08004499 | G14: AL BARAKA BANK (PAKISTAN) LIMITED | H14: Mr. Muhammad Ashfaq Hpa M/S. Al Baraka Bank Pakitan Limited | I14: SUZUKI ALTO AGS A/T | J14: 2024 | L14: 327572 | M14: 1227594 | N14: 0329-0158354737051 | O14: 3045000 | P14: 52500 | Q14: 60900 | R14: 60900 | S14: 35201-8495750-1 | T14: 03154842519 | U14: FRE
A15: KHI/HO/D/MO/PC COMP/C/101342/21/11/2024 | C15: 45618 | D15: 45618 | E15: 45982 | F15: 08004499 | G15: AL BARAKA BANK (PAKISTAN) LIMITED | H15: Mr. Muhammad Ishaq Hpa M/S. Al Baraka Bank Pakitan Limited | I15: TOYOTA COROLLA XLI 1.3 | J15: 2016 | K15: LEE-16-7683 | L15: Z-453472 | M15: R-4082875 | N15: 0329-0190663097017 | O15: 3500000 | P15: 45258 | Q15: 52500 | R15: 52500 | S15: 35202-2743264-1 | T15: 0300-4124797 | U15: FRE
A16: KHI/HO/D/MO/PC COMP/C/101342/22/11/2024 | C16: 45621 | D16: 45621 | E16: 45985 | F16: 08004499 | G16: AL BARAKA BANK (PAKISTAN) LIMITED | H16: Mr. Muhammad Ishaq Hpa M/S. Al Baraka Bank Pakitan Limited | I16: TOYOTA COROLLA XLI 1.3 | J16: 2016 | K16: LEE-16-7683 | L16: Z-453472 | M16: R-4082875 | N16: 0329-0190663098017 | O16: 3500000 | P16: 45258 | Q16: 52500 | R16: 52500 | S16: 35202-2743264-1 | T16: 0300-4124797 | U16: FRE
A17: KHI/HO/D/MO/PC COMP/C/101342/23/11/2024 | C17: 45622 | D17: 45621 | E17: 45985 | F17: 08004499 | G17: AL BARAKA BANK (PAKISTAN) LIMITED | H17: Ms. Shazia Hpa M/S. Al Baraka Bank Pakitan Limited | I17: SUZUKI ALTO | J17: 2020 | K17: BRU-904 | L17: 132859 | M17: 1032848 | N17: 0144-0158662498016 | O17: 2200000 | P17: 37931 | Q17: 44000 | R17: 44000 | S17: 41304-5386428-2 | T17: 0316-2290124 / 0332-0129532 | U17: FRE
A18: KHI/HO/D/MO/PC COMP/C/101342/24/11/2024 | C18: 45623 | D18: 45623 | E18: 45987 | F18: 08004499 | G18: AL BARAKA BANK (PAKISTAN) LIMITED | H18: Mr. Fahad Khan Hpa M/S. Al Baraka Bank Pakitan Limited | I18: SUZUKI ALTO | J18: 2022 | K18: BXX-585 | L18: 259073 | M18: 1159056 | N18: 0144-0158484136024 | O18: 2580000 | P18: 44483 | Q18: 51600 | R18: 51600 | S18: 42201-8269267-9 | T18: 0321-3892668 | U18: FRE
A19: KHI/HO/D/MO/PC COMP/C/101342/25/11/2024 | C19: 45623 | D19: 45623 | E19: 45987 | F19: 08004499 | G19: AL BARAKA BANK (PAKISTAN) LIMITED | H19: Ms. Najma Khalid Hpa M/S. Al Baraka Bank Pakitan Limited | I19: SUZUKI ALTO | J19: 2024 | K19: BZP-223 | L19: 6R301631 | M19: 1201615 | N19: 0144-0158662042011 | O19: 3045000 | P19: 52500 | Q19: 60900 | R19: 60900 | S19: 42401-4528238-2 | T19: 0335-0364261 | U19: FRE
A20: KHI/HO/D/MO/PC COMP/C/101342/26/11/2024 | C20: 45623 | D20: 45623 | E20: 45987 | F20: 08004499 | G20: AL BARAKA BANK (PAKISTAN) LIMITED | H20: Mr. Masroor Hussain Shaikh Hpa M/S. Al Baraka Bank Pakitan Limited | I20: HAVAL H6 | J20: 2024 | L20: 24458525345 | M20: NF9EF4A55R2011384 | N20: 0423-0158453239055 | O20: 9240990 | P20: 119496 | Q20: 138615 | R20: 138615 | S20: 33100-8457855-3 | T20: 03006622609 | U20: FRE
A21: KHI/HO/D/MO/PC COMP/C/101342/27/11/2024 | C21: 45624 | D21: 45624 | E21: 45988 | F21: 08004499 | G21: AL BARAKA BANK (PAKISTAN) LIMITED | H21: Mr. Shoaib Mumtaz Karimi Hpa M/S. Al Baraka Bank Pakitan Limited | I21: HONDA CITY | J21: 2022 | K21: BVL-063 | L21: 1002546 | M21: R007831 | N21: 0144-0158573635040 | O21: 4300000 | P21: 55603 | Q21: 64500 | R21: 64500 | S21: 42201-1922431-9 | T21: 0323-2427407 | U21: FRE
A22: KHI/HO/D/MO/PC COMP/C/101342/28/11/2024 | C22: 45624 | D22: 45624 | E22: 45988 | F22: 08004499 | G22: AL BARAKA BANK (PAKISTAN) LIMITED | H22: Mr. Anwar Hussain Hpa M/S. Al Baraka Bank Pakitan Limited | I22: SUZUKI ALTO VXR | J22: 2021 | K22: ACE-549 | L22: 6R155121 | M22: NF1AET306H1055115 | N22: 0423-0158659786022 | O22: 2350000 | P22: 40517 | Q22: 47000 | R22: 47000 | S22: 33100-1018236-7 | T22: 03018477696 | U22: FRE
A23: KHI/HO/D/MO/PC COMP/C/101342/29/11/2024 | C23: 45624 | D23: 45624 | E23: 45988 | F23: 08004499 | G23: AL BARAKA BANK (PAKISTAN) LIMITED | H23: Mr. Abbas Ali Raza Hpa M/S. Al Baraka Bank Pakitan Limited | I23: SUZUKI ALTO VXL | J23: 2020 | K23: AAM-115 | L23: 141367 | M23: 1041346 | N23: 0329-0158393263093 | O23: 2600000 | P23: 44828 | Q23: 52000 | R23: 52000 | S23: 35202-2788820-9 | T23: 0321-8418668/03218877199 | U23: FRE
A24: KHI/HO/D/MO/PC COMP/C/101342/3/11/2024 | C24: 45601 | D24: 45601 | E24: 45965 | F24: 08004499 | G24: AL BARAKA BANK (PAKISTAN) LIMITED | H24: M/S. Al Baraka Bank Pakistan Limited User Mr. Salman Ul Hasan Farooqui | I24: TOYOTA Yaris ATIV 1.3 (CV | J24: 2021 | K24: BTJ-559 | L24: 23589 | M24: 7014189 | N24: 0150-0158660005011 | O24: 3800000 | P24: 49138 | Q24: 57000 | R24: 57000 | S24: 42201-3793346-7 | T24: 0334-2935319 | U24: FRE
A25: KHI/HO/D/MO/PC COMP/C/101342/30/11/2024 | C25: 45625 | D25: 45625 | E25: 45989 | F25: 08004499 | G25: AL BARAKA BANK (PAKISTAN) LIMITED | H25: Mr. Muhammad Imran Hpa M/S. Al Baraka Bank Pakitan Limited | I25: SUZUKI ALTO | J25: 2024 | L25: 329402 | M25: 1229433 | N25: 0471-0158539789073 | O25: 2707000 | P25: 46672 | Q25: 54140 | R25: 54140 | S25: 31202-7193485-7 | T25: 0331-9750269 | U25: FRE
A26: KHI/HO/D/MO/PC COMP/C/101342/31/11/2024 | C26: 45625 | D26: 45625 | E26: 45989 | F26: 08004499 | G26: AL BARAKA BANK (PAKISTAN) LIMITED | H26: Mr. Muhammad Khizar Shahid Hpa M/S. Al Baraka Bank Pakitan Limited | I26: CHANGAN ALSVIN | J26: 2024 | L26: JL473Q4R3EE503388 | M26: NKMA2CBR4R1002269 | N26: 0423-0158622007049 | O26: 3799000 | P26: 49125 | Q26: 56985 | R26: 56985 | S26: 33100-9965645-9 | T26: 03054752845 | U26: FRE
A27: KHI/HO/D/MO/PC COMP/C/101342/32/11/2024 | C27: 45625 | D27: 45625 | E27: 45989 | F27: 08004499 | G27: AL BARAKA BANK (PAKISTAN) LIMITED | H27: Mr. Ali Sajdain Hpa M/S. Al Baraka Bank Pakitan Limited | I27: TOYOTA FORTUNER | J27: 2017 | K27: LEB-17-85 | L27: 2TRA191376 | M27: R0440023 | N27: 0555-0158661913017 | O27: 10000000 | P27: 129310 | Q27: 150000 | R27: 150000 | S27: 36401-6862732-9 | T27: 0300-1737659 | U27: FRE
A28: KHI/HO/D/MO/PC COMP/C/101342/33/11/2024 | C28: 45625 | D28: 45625 | E28: 45989 | F28: 08004499 | G28: AL BARAKA BANK (PAKISTAN) LIMITED | H28: Mr. Muhammad Nafees Ul Hasan Hpa M/S. Al Baraka Bank Pakitan Limited | I28: HONDA CITY A/T | J28: 2019 | K28: AMY-625 | L28: 17528374 | M28: 246273 | N28: 0158212747061 | O28: 3700000 | P28: 47845 | Q28: 55500 | R28: 55500 | S28: 37406-4790615-3 | T28: 0334-5493469 | U28: FRE
A29: KHI/HO/D/MO/PC COMP/C/101342/34/11/2024 | C29: 45625 | D29: 45625 | E29: 45989 | F29: 08004499 | G29: AL BARAKA BANK (PAKISTAN) LIMITED | H29: Mr. Muhammad Kashif Riaz Hpa M/S. Al Baraka Bank Pakitan Limited | I29: TOYOTA COROLLA ALTIS GRAN | J29: 2021 | K29: AFL-382 | L29: 352872 | M29: 7052027 | N29: 0329-0190537150046 | O29: 6500000 | P29: 84051 | Q29: 97500 | R29: 97500 | S29: 35202-2738726-1 | T29: 0300-4274750 | U29: FRE
A30: KHI/HO/D/MO/PC COMP/C/101342/35/11/2024 | C30: 45625 | D30: 45625 | E30: 45989 | F30: 08004499 | G30: AL BARAKA BANK (PAKISTAN) LIMITED | H30: Mr. Muhammad Shahid Kamran Hpa M/S. Al Baraka Bank Pakitan Limited | I30: SUZUKI ALTO VXR | J30: 2021 | K30: ADT-706 | L30: 173118 | M30: 1073104 | N30: 04310158656888025 | O30: 2300000 | P30: 39655 | Q30: 46000 | R30: 46000 | S30: 36302-7849860-1 | T30: 0302-8281828 | U30: FRE
A31: KHI/HO/D/MO/PC COMP/C/101342/36/11/2024 | C31: 45625 | D31: 45625 | E31: 45989 | F31: 08004499 | G31: AL BARAKA BANK (PAKISTAN) LIMITED | H31: Mr. Jawad Ali Hpa M/S. Al Baraka Bank Pakitan Limited | I31: SUZUKI WAGON R VXL | J31: 2018 | K31: AHS-798 | L31: 154325 | M31: 10054284 | N31: 0158661996011 | O31: 2000000 | P31: 34483 | Q31: 40000 | R31: 40000 | S31: 37402-56363775 | T31: 0370-3607475 | U31: FRE
A32: KHI/HO/D/MO/PC COMP/C/101342/37/11/2024 | C32: 45625 | D32: 45625 | E32: 45989 | F32: 08004499 | G32: AL BARAKA BANK (PAKISTAN) LIMITED | H32: Mr. Malik Mudasir Ishaq Awan Hpa M/S. Al Baraka Bank Pakitan Limited | I32: SUZUKI WAGON-R | J32: 2018 | L32: 157394 | M32: 10057383 | N32: 0158656884017 | O32: 2350000 | P32: 40517 | Q32: 47000 | R32: 47000 | S32: 38403-5962463-5 | T32: 0343-6900055 | U32: FRE
A33: KHI/HO/D/MO/PC COMP/C/101342/38/11/2024 | C33: 45625 | D33: 45625 | E33: 45989 | F33: 08004499 | G33: AL BARAKA BANK (PAKISTAN) LIMITED | H33: Mr. Ali Raza Hpa M/S. Al Baraka Bank Pakitan Limited | I33: SUZUKI ALTO | J33: 2024 | L33: 6R327743 | M33: NF1AET306H1227717 | N33: 0423-0158664040019 | O33: 3045000 | P33: 52500 | Q33: 60900 | R33: 60900 | S33: 33102-7155367-3 | T33: 03009665273 | U33: FRE
A34: KHI/HO/D/MO/PC COMP/C/101342/39/11/2024 | C34: 45625 | D34: 45625 | E34: 45989 | F34: 08004499 | G34: AL BARAKA BANK (PAKISTAN) LIMITED | H34: Mr. Mashhood Hussain Hpa M/S. Al Baraka Bank Pakitan Limite | I34: TOYOTA COROLLA GLI M/T 1. | J34: 2017 | K34: LEB-17-9993 | L34: Z 488598 | M34: NZE170R-4115365 | N34: 0423-0158662834010 | O34: 3800000 | P34: 49138 | Q34: 57000 | R34: 57000 | S34: 33101-1692539-3 | T34: 03005812280 | U34: FRE
A35: KHI/HO/D/MO/PC COMP/C/101342/4/11/2024 | C35: 45601 | D35: 45601 | E35: 45965 | F35: 08004499 | G35: AL BARAKA BANK (PAKISTAN) LIMITED | H35: Mr. Saad Ali Malik Hpa M/S. Al Baraka Bank Pakitan Limited | I35: CHANGAN KARVAAN PLUS | J35: 2024 | L35: 503240 | M35: 1002056 | N35: 0329-0158639985010 | O35: 2999000 | P35: 51707 | Q35: 59980 | R35: 59980 | S35: 35202-2530201-9 | T35: 0323-4276411 | U35: FRE
A36: KHI/HO/D/MO/PC COMP/C/101342/40/11/2024 | C36: 45625 | D36: 45625 | E36: 45989 | F36: 08004499 | G36: AL BARAKA BANK (PAKISTAN) LIMITED | H36: Mr. Muhammad Shahbaz Hussain Hpa M/S. Al Baraka Bank Pakitan Limited | I36: TOYOTA COROLLA ALTIS 1.6 | J36: 2019 | K36: BPP-903 | L36: 055473 | M36: 6032976 | N36: 0431-0158663831015 | O36: 4700000 | P36: 60776 | Q36: 70500 | R36: 70500 | S36: 36302-6044116-3 | T36: 0300-6326541 | U36: FRE
A37: KHI/HO/D/MO/PC COMP/C/101342/41/11/2024 | C37: 45625 | D37: 45625 | E37: 45989 | F37: 08004499 | G37: AL BARAKA BANK (PAKISTAN) LIMITED | H37: Applicant Name: Yasir Malik Co Applicant Name: Noman Malik Hpa M/S. Al Baraka Bank Pakitan Limited Cnic No. 42301-8517065-9 | I37: TOYOTA COROLLA GLI | J37: 2017 | K37: BHQ-926 | L37: Z478235 | M37: 4103790 | N37: 0144-0158149211078 | O37: 3640000 | P37: 47069 | Q37: 54600 | R37: 54600 | S37: 42301-1696748-9 | T37: 0345-8127868 / 0315-3178600 | U37: FRE
A38: KHI/HO/D/MO/PC COMP/C/101342/42/11/2024 | C38: 45625 | D38: 45625 | E38: 45989 | F38: 08004499 | G38: AL BARAKA BANK (PAKISTAN) LIMITED | H38: Mr. Muhammad Shafiq Hpa M/S. Al Baraka Bank Pakitan Limited | I38: SUZUKI WAGON R VXL | J38: 2022 | K38: ALE-716 | L38: B238601 | M38: PK10138615 | N38: 0329-0158662901013 | O38: 2500000 | P38: 43103 | Q38: 50000 | R38: 50000 | S38: 35202-6534038-3 | T38: 0304-1490988 | U38: FRE
A39: KHI/HO/D/MO/PC COMP/C/101342/43/11/2024 | C39: 45625 | D39: 45625 | E39: 45989 | F39: 08004499 | G39: AL BARAKA BANK (PAKISTAN) LIMITED | H39: Mr. Muhammad Naeem Hpa M/S. Al Baraka Bank Pakitan Limited | I39: HONDA CIVIC | J39: 2018 | K39: AJB-629 | L39: 2934155 | M39: 037588 | N39: 0190663734017 | O39: 5000000 | P39: 64655 | Q39: 75000 | R39: 75000 | S39: 38103-9411169-1 | T39: 0313-5298606 | U39: FRE
A40: KHI/HO/D/MO/PC COMP/C/101342/44/11/2024 | C40: 45625 | D40: 45625 | E40: 45989 | F40: 08004499 | G40: AL BARAKA BANK (PAKISTAN) LIMITED | H40: Mr. Muhammad Mustafa Zaidi Hpa M/S. Al Baraka Bank Pakitan Limited | I40: TOYOTA YARIS ATIV X CVT | J40: 2021 | K40: AWU-417 | L40: 42433 | M40: 7026645 | N40: 0431-0190552825056 | O40: 3700000 | P40: 47845 | Q40: 55500 | R40: 55500 | S40: 36101-0262152-9 | T40: 03006884855 | U40: FRE
A41: KHI/HO/D/MO/PC COMP/C/101342/45/11/2024 | C41: 45625 | D41: 45625 | E41: 45989 | F41: 08004499 | G41: AL BARAKA BANK (PAKISTAN) LIMITED | H41: Mr. Syed Abrar Hussain Hpa M/S. Al Baraka Bank Pakitan Limited | I41: SUZUKI WAGONR | J41: 2022 | K41: AXH-751 | L41: 228208 | M41: 10128214 | N41: 0190552720054 | O41: 2700000 | P41: 46551 | Q41: 54000 | R41: 54000 | S41: 37405-0386799-7 | T41: 0335-1590470 | U41: FRE
A42: KHI/HO/D/MO/PC COMP/C/101342/5/11/2024 | C42: 45601 | D42: 45601 | E42: 45965 | F42: 08004499 | G42: AL BARAKA BANK (PAKISTAN) LIMITED | H42: Mr. Muhammad Ashiq Hpa M/S. Al Baraka Bank Pakitan Limited | I42: SUZUKI ALTO VX | J42: 2024 | L42: 325664 | M42: 1225540 | N42: 0329-0158498405031 | O42: 2331000 | P42: 40190 | Q42: 46620 | R42: 46620 | S42: 35103-7479025-1 | T42: 0301-8494431 | U42: FRE
A43: KHI/HO/D/MO/PC COMP/C/101342/6/11/2024 | C43: 45607 | D43: 45607 | E43: 45971 | F43: 08004499 | G43: AL BARAKA BANK (PAKISTAN) LIMITED | H43: Mr. Faiz Ur Rehman Hpa M/S. Al Baraka Bank Pakitan Limited | I43: SUZUKI BOLAN | J43: 2024 | L43: 1033484 | M43: 01149993 | N43: 0158659626024 | O43: 1940000 | P43: 33449 | Q43: 38800 | R43: 38800 | S43: 13101-1353721-5 | T43: 0315-5783048 | U43: FRE
A44: KHI/HO/D/MO/PC COMP/C/101342/7/11/2024 | C44: 45607 | D44: 45607 | E44: 45971 | F44: 08004499 | G44: AL BARAKA BANK (PAKISTAN) LIMITED | H44: Mr. Muhammad Sufyan Hpa M/S. Al Baraka Bank Pakitan Limited | I44: HONDA CIVIC | J44: 2018 | K44: AJH-188 | L44: R18Z12935735 | M44: NFBFC6667JR039157 | N44: 0423-0158660365013 | O44: 5000000 | P44: 64655 | Q44: 75000 | R44: 75000 | S44: 3 | T44: 03006040310 | U44: FRE
A45: KHI/HO/D/MO/PC COMP/C/101342/8/11/2024 | C45: 45610 | D45: 45610 | E45: 45974 | F45: 08004499 | G45: AL BARAKA BANK (PAKISTAN) LIMITED | H45: Mr. Muhammad Usman Safdar Hpa M/S. Al Baraka Bank Pakitan Limited | I45: HONDA CITY 1.2 LS CVT | J45: 2022 | K45: AMH-741 | L45: 51014701 | M45: R026400 | N45: 0329-0158657565012 | O45: 4270000 | P45: 55216 | Q45: 64050 | R45: 64050 | S45: 35201-1611588-7 | T45: 0334-4003528 | U45: FRE
A46: KHI/HO/D/MO/PC COMP/C/101342/9/11/2024 | C46: 45610 | D46: 45610 | E46: 45974 | F46: 08004499 | G46: AL BARAKA BANK (PAKISTAN) LIMITED | H46: Mr. Aqeel Ahmed Hpa M/S. Al Baraka Bank Pakitan Limited | I46: SUZUKI MEHRAN VXR EURO-II | J46: 2001 | K46: LEH-18-3574 | L46: PKB735264 | M46: SB 308PK01273780 | N46: 0423-0158520099119 | O46: 1425000 | P46: 24569 | Q46: 28500 | R46: 28500 | S46: 33100-9033464-9 | T46: 03087021861 | U46: FRE
R47: 2726635

Sheet Renewal
A1: S.No. | B1: Policy | C1: Endorsement | D1: Issue Date | E1: Period From | F1: Period To | G1: Client Code | H1: Client Name | I1: Insured Name | J1: Make | K1: Model | L1: Reg No | M1: Engine | N1: Chassis | O1: Bank P.O No. | P1: Sum Covered | Q1: Gross | R1: Net | S1: Outstanding | T1: CNIC | U1: MOBILE | V1: Fre / Ren / Roll
A2: 1 | B2: KHI/HO/D/MO/PC COMP/C/102088/1/11/2024 | D2: 45614 | E2: 45600 | F2: 45964 | G2: 08004499 | H2: AL BARAKA BANK (PAKISTAN) LIMITED | I2: Mr. Muhammad Habib Ullah Hpa M/S. Al Baraka Bank (Pakistan) Limited | J2: SUZUKI ALTO VXR E-2 | K2: 2021 | L2: AFQ-947 | M2: 190976 | N2: 1091001 | O2: 0421-0158538331013 | P2: 1068000 | Q2: 22586 | R2: 26700 | S2: 26700 | T2: 3310477555807 | U2: 03217645628 | V2: REN
A3: 2 | B3: KHI/HO/D/MO/PC COMP/C/102088/10/11/2024 | D3: 45615 | E3: 45602 | F3: 45966 | G3: 08004499 | H3: AL BARAKA BANK (PAKISTAN) LIMITED | I3: Mr. Ch Zubair Sultan Hpa M/S. Al Baraka Bank (Pakistan) Limited | J3: SUZUKI ALTO VXL | K3: 2023 | M3: 286437 | N3: 1186398 | O3: 0158629318015 | P3: 2641500 | Q3: 45544 | R3: 52830 | S3: 52830 | T3: 37405-4068374-5 | U3: 0312-5062087 | V3: REN
A4: 3 | B4: KHI/HO/D/MO/PC COMP/C/102088/11/11/2024 | D4: 45615 | E4: 45609 | F4: 45973 | G4: 08004499 | H4: AL BARAKA BANK (PAKISTAN) LIMITED | I4: Mr. Khawaja Ghulam Qutubiddin Faridi Hpa M/S. Al Baraka Bank (Pakistan) Limited | J4: HYUNDAI TUSCON AWD | K4: 2023 | L4: AQL-303 | M4: 363639 | N4: 214684 | O4: 0475-0190561643031 | P4: 7991100 | Q4: 103334 | R4: 119867 | S4: 119867 | T4: 31301-1481658-9 | U4: 0300-9411696 | V4: REN
A5: 4 | B5: KHI/HO/D/MO/PC COMP/C/102088/12/11/2024 | D5: 45615 | E5: 45603 | F5: 45967 | G5: 08004499 | H5: AL BARAKA BANK (PAKISTAN) LIMITED | I5: Mr. Muhammad Sajid Akbar Hpa M/S. Al Baraka Bank (Pakistan) Limited | J5: HONDA CITY ASPIRE A/T | K5: 2015 | L5: LEB-15-154 | M5: 17424195 | N5: 161447 | O5: 0329-015862878014 | P5: 2340000 | Q5: 40345 | R5: 46800 | S5: 46800 | T5: 35202-3989676-1 | U5: 0307-4139338 | V5: REN
A6: 5 | B6: KHI/HO/D/MO/PC COMP/C/102088/13/11/2024 | D6: 45615 | E6: 45603 | F6: 45967 | G6: 08004499 | H6: AL BARAKA BANK (PAKISTAN) LIMITED | I6: Mr. Muhammad Tahir Khan Hpa M/S. Al Baraka Bank (Pakistan) Limited | J6: TOYOTA HILUX REVO 4X4 AT | K6: 2019 | L6: KY-7676 | M6: 0555514 | N6: 5533920 | O6: 0144-0190191987101 | P6: 9000000 | Q6: 116379 | R6: 135000 | S6: 135000 | T6: 42101-2186939-5 | U6: 0336-7000414 | V6: REN
A7: 6 | B7: KHI/HO/D/MO/PC COMP/C/102088/14/11/2024 | D7: 45615 | E7: 45602 | F7: 45966 | G7: 08004499 | H7: AL BARAKA BANK (PAKISTAN) LIMITED | I7: Mr. Muhammad Afzaal Hpa M/S. Al Baraka Bank (Pakistan) Limited | J7: SUZUKI Swift GLX CVT | K7: 2023 | M7: 1016022 | N7: 116050 | O7: 0329-0158398326082 | P7: 4026600 | Q7: 52068 | R7: 60399 | S7: 60399 | T7: 36502-3335632-3 | U7: 0301-6925966 | V7: REN
A8: 7 | B8: KHI/HO/D/MO/PC COMP/C/102088/15/11/2024 | D8: 45615 | E8: 45609 | F8: 45973 | G8: 08004499 | H8: AL BARAKA BANK (PAKISTAN) LIMITED | I8: Mr. Mola Bux Hpa M/S. Al Baraka Bank (Pakistan) Limited | J8: SUZUKI CULTUS VXL | K8: 2021 | L8: BVK-050 | M8: 176740 | N8: 10076759 | O8: 0291- 0158630981013 | P8: 2700000 | Q8: 46551 | R8: 54000 | S8: 54000 | T8: 41201-9470144-9 | U8: 0345-3559379 | V8: REN
A9: 8 | B9: KHI/HO/D/MO/PC COMP/C/102088/16/11/2024 | D9: 45615 | E9: 45611 | F9: 45975 | G9: 08004499 | H9: AL BARAKA BANK (PAKISTAN) LIMITED | I9: Ms. Rubina Shakil Hpa M/S. Al Baraka Bank (Pakistan) Limited | J9: HONDA CITY ASPIRE CVT PT | K9: 2020 | L9: AAP-682 | M9: 7979967 | N9: 263769 | O9: 0329-0158630213016 | P9: 3870000 | Q9: 50044 | R9: 58050 | S9: 58050 | T9: 35202-2631910-2 | U9: 0306-4006048 | V9: REN
A10: 9 | B10: KHI/HO/D/MO/PC COMP/C/102088/17/11/2024 | D10: 45615 | E10: 45613 | F10: 45977 | G10: 08004499 | H10: AL BARAKA BANK (PAKISTAN) LIMITED | I10: Mr. Ubaid Ul Hassan Hpa M/S. Al Baraka Bank (Pakistan) Limited | J10: SUZUKI MEHRAN | K10: 2019 | L10: BPZ-328 | M10: 769467 | N10: PK01307999 | O10: 0475-0158481245022 | P10: 1260000 | Q10: 21724 | R10: 25200 | S10: 25200 | T10: 31301-0794482-1 | U10: 0300-7595760 | V10: REN
A11: 10 | B11: KHI/HO/D/MO/PC COMP/C/102088/18/11/2024 | D11: 45615 | E11: 45623 | F11: 45987 | G11: 08004499 | H11: AL BARAKA BANK (PAKISTAN) LIMITED | I11: Mr. Adnan Manzoor Hpa M/S. Al Baraka Bank (Pakistan) Limited | J11: SUZUKI WAGON R VXL | K11: 2023 | M11: 245535 | N11: 10145532 | O11: 0329-0158535719082 | P11: 2889090 | Q11: 49812 | R11: 57782 | S11: 57782 | T11: 35202-6351581-9 | U11: 0300-4955525 | V11: REN
A12: 11 | B12: KHI/HO/D/MO/PC COMP/C/102088/19/11/2024 | D12: 45615 | E12: 45616 | F12: 45980 | G12: 08004499 | H12: AL BARAKA BANK (PAKISTAN) LIMITED | I12: Ms. Shazia Ilyas Hpa M/S. Al Baraka Bank (Pakistan) Limited | J12: SUZUKI ALTO AGS A/T | K12: 2019 | L12: LE-19A-8665 | M12: 6R114253 | N12: 1014246 | O12: 0329-0158631406016 | P12: 1980000 | Q12: 34138 | R12: 39600 | S12: 39600 | T12: 35201-8805782-4 | U12: 0320-0481224 | V12: REN
A13: 12 | B13: KHI/HO/D/MO/PC COMP/C/102088/2/11/2024 | D13: 45615 | E13: 45598 | F13: 45962 | G13: 08004499 | H13: AL BARAKA BANK (PAKISTAN) LIMITED | I13: Mr. Maqbool Hussain Hpa M/S. Al Baraka Bank (Pakistan) Limited | J13: SUZUKI MEHRAN VXR EURO-II | K13: 2016 | L13: MND-16-513 | M13: 646276 | N13: 1184768 | O13: 0431-0190629229014 | P13: 900000 | Q13: 15517 | R13: 18000 | S13: 18000 | T13: 36303-1218351-3 | U13: 0308-7337513 | V13: REN
A14: 13 | B14: KHI/HO/D/MO/PC COMP/C/102088/20/11/2024 | D14: 45615 | E14: 45616 | F14: 45980 | G14: 08004499 | H14: AL BARAKA BANK (PAKISTAN) LIMITED | I14: Mr. Umair Khurshid Hpa M/S. Al Baraka Bank (Pakistan) Limited | J14: SUZUKI CULTUS | K14: 2023 | L14: BZD-416 | M14: 206862 | N14: 10106865 | O14: 0251-0158630197010 | P14: 3675600 | Q14: 47530 | R14: 55134 | S14: 55134 | T14: 4180106338861 | U14: 0301-2547511/0301-3625771 | V14: REN
A15: 14 | B15: KHI/HO/D/MO/PC COMP/C/102088/21/11/2024 | D15: 45615 | E15: 45617 | F15: 45981 | G15: 08004499 | H15: AL BARAKA BANK (PAKISTAN) LIMITED | I15: Mr. Abdul Latif Anjum Hpa M/S. Al Baraka Bank (Pakistan) Limited | J15: TOYOTA COROLLA ALTIS GRAN | K15: 2015 | L15: LE-15-4944 | M15: Q305485 | N15: 7004493 | O15: 0329-0190625798015 | P15: 3420000 | Q15: 44224 | R15: 51300 | S15: 51300 | T15: 35301-7228382-3 | V15: REN
A16: 15 | B16: KHI/HO/D/MO/PC COMP/C/102088/22/11/2024 | D16: 45615 | E16: 45617 | F16: 45981 | G16: 08004499 | H16: AL BARAKA BANK (PAKISTAN) LIMITED | I16: Mr. Muhammad Bilal Hpa M/S. Al Baraka Bank (Pakistan) Limited | J16: SUZUKI CULTUS | K16: 2019 | L16: LEA-19A-8848 | M16: 153572 | N16: 10053552 | O16: 0329-0158631531011 | P16: 2655000 | Q16: 45776 | R16: 53100 | S16: 53100 | T16: 34501-5066738-3 | U16: 0344-9508864 | V16: REN
A17: 16 | B17: KHI/HO/D/MO/PC COMP/C/102088/23/11/2024 | D17: 45615 | E17: 45617 | F17: 45981 | G17: 08004499 | H17: AL BARAKA BANK (PAKISTAN) LIMITED | I17: Mr. Muhammad Faisal Hpa M/S. Al Baraka Bank (Pakistan) Limited | J17: TOYOTA COROLLA ALTIS 1.6 | K17: 2021 | L17: BUZ-973 | M17: Q076041 | N17: 6053544 | O17: 0144-015831554019 | P17: 4680000 | Q17: 60517 | R17: 70200 | S17: 70200 | T17: 42201-7547271-3 | U17: 0321-9234561 | V17: REN
A18: 17 | B18: KHI/HO/D/MO/PC COMP/C/102088/24/11/2024 | D18: 45615 | E18: 45618 | F18: 45982 | G18: 08004499 | H18: AL BARAKA BANK (PAKISTAN) LIMITED | I18: Mr. Waseem Ur Rehman Khan Hpa M/S. Al Baraka Bank (Pakistan) Limited | J18: HONDA BRV - S | K18: 2021 | L18: ADY-423 | M18: 14805426 | N18: R-022099 | O18: 0329-0158598069018 | P18: 4500000 | Q18: 58190 | R18: 67500 | S18: 67500 | T18: 35202-3039501-5 | U18: 0321-4447860 | V18: REN
A19: 18 | B19: KHI/HO/D/MO/PC COMP/C/102088/25/11/2024 | D19: 45615 | E19: 45618 | F19: 45982 | G19: 08004499 | H19: AL BARAKA BANK (PAKISTAN) LIMITED | I19: Mr. Irshad Hussain Shah Hpa M/S. Al Baraka Bank (Pakistan) Limited | J19: TOYOTA COROLLA GLI A/T 1. | K19: 2018 | L19: LEH-18-3592 | M19: Z522826 | N19: NZE170R4149473 | P19: 3600000 | Q19: 46551 | R19: 54000 | S19: 54000 | V19: REN
A20: 19 | B20: KHI/HO/D/MO/PC COMP/C/102088/26/11/2024 | D20: 45615 | E20: 45619 | F20: 45983 | G20: 08004499 | H20: AL BARAKA BANK (PAKISTAN) LIMITED | I20: Mr. Zee Waqar Hamdani Hpa M/S. Al Baraka Bank (Pakistan) Limited | J20: TOYOTA COROLLA ALTIS GRAN | K20: 2016 | L20: BGM-568 | M20: Q317657 | N20: 7016745 | O20: 0461-0158628225027 | P20: 3645000 | Q20: 47134 | R20: 54675 | S20: 54675 | T20: 31303-3792229-9 | U20: 0300-9672044 | V20: REN
A21: 20 | B21: KHI/HO/D/MO/PC COMP/C/102088/27/11/2024 | D21: 45615 | E21: 45619 | F21: 45983 | G21: 08004499 | H21: AL BARAKA BANK (PAKISTAN) LIMITED | I21: Mr. Qaseem Ghouri Hpa M/S. Al Baraka Bank (Pakistan) Limited | J21: HONDA CITY 1.2 LS CVT | K21: 2021 | L21: AHQ-222 | M21: 51005042 | N21: MR007389 | O21: 0329-0158631731015 | P21: 3856500 | Q21: 49869 | R21: 57848 | S21: 57848 | T21: 35200-6187214-5 | U21: 0333-4438757 | V21: REN
A22: 21 | B22: KHI/HO/D/MO/PC COMP/C/102088/28/11/2024 | D22: 45615 | E22: 45619 | F22: 45983 | G22: 08004499 | H22: AL BARAKA BANK (PAKISTAN) LIMITED | I22: Ms. Kousar Parveen Hpa M/S. Al Baraka Bank (Pakistan) Limited | J22: KIA SPORTAGE | K22: 2020 | L22: AQT-792 | M22: G4NALH311475 | N22: NNAQL51AZKP301959 | O22: 0423-0190631887012 | P22: 6210000 | Q22: 80302 | R22: 93150 | S22: 93150 | T22: 33100-7585016-4 | U22: 03335372555 | V22: REN
A23: 22 | B23: KHI/HO/D/MO/PC COMP/C/102088/29/11/2024 | D23: 45615 | E23: 45620 | F23: 45984 | G23: 08004499 | H23: AL BARAKA BANK (PAKISTAN) LIMITED | I23: Mr. Azhar Iqbal Hpa M/S. Al Baraka Bank (Pakistan) Limited | J23: HONDA CIVIC | K23: 2016 | L23: ABT-951 | M23: 12902029 | N23: 002548 | O23: 0329-0158055720024 | P23: 3600000 | Q23: 46551 | R23: 54000 | S23: 54000 | T23: 61101-2557033-3 | U23: 0321-7766666 | V23: REN
A24: 23 | B24: KHI/HO/D/MO/PC COMP/C/102088/3/11/2024 | D24: 45615 | E24: 45598 | F24: 45962 | G24: 08004499 | H24: AL BARAKA BANK (PAKISTAN) LIMITED | I24: Mr. Malik Azhar Rasheed Hpa M/S. Al Baraka Bank (Pakistan) Limited | J24: HONDA CITY I-VTEC (M/T) | K24: 2018 | L24: LE-19-4802 | M24: 17523976 | N24: 241102 | O24: 0431-0158623451011 | P24: 3150000 | Q24: 40733 | R24: 47250 | S24: 47250 | T24: 32302-0126354-7 | U24: 0300-6303070 | V24: REN
A25: 24 | B25: KHI/HO/D/MO/PC COMP/C/102088/30/11/2024 | D25: 45615 | E25: 45623 | F25: 45987 | G25: 08004499 | H25: AL BARAKA BANK (PAKISTAN) LIMITED | I25: Mr. Muhammad Kashif Hpa M/S. Al Baraka Bank (Pakistan) Limited | J25: SUZUKI ALTO VXR | K25: 2022 | L25: AKG-180 | M25: 6R207097 | N25: NF1AET306H1107105 | O25: 0431-0158631573019 | P25: 1890000 | Q25: 32586 | R25: 37800 | S25: 37800 | T25: 36303-8077968-9 | U25: 0305-7093427 | V25: REN
A26: 25 | B26: KHI/HO/D/MO/PC COMP/C/102088/31/11/2024 | D26: 45615 | E26: 45624 | F26: 45988 | G26: 08004499 | H26: AL BARAKA BANK (PAKISTAN) LIMITED | I26: Mr. Muhammad Danish Alvi Hpa M/S. Al Baraka Bank (Pakistan) Limited | J26: SUZUKI ALTO | K26: 2023 | L26: BZF-681 | M26: 285749 | N26: 1185525 | O26: 0144-0158520859021 | P26: 2641500 | Q26: 45544 | R26: 52830 | S26: 52830 | T26: 42000-4320363-1 | U26: 0333-0388313 | V26: REN
A27: 26 | B27: KHI/HO/D/MO/PC COMP/C/102088/32/11/2024 | D27: 45615 | E27: 45624 | F27: 45988 | G27: 08004499 | H27: AL BARAKA BANK (PAKISTAN) LIMITED | I27: Mr. Waseem Ali Hpa M/S. Al Baraka Bank (Pakistan) Limited | J27: CHANGAN KARVAAN PLUS | K27: 2023 | M27: 503682 | N27: 1000024 | O27: 0329-0158632233010 | P27: 2699100 | Q27: 46537 | R27: 53982 | S27: 53982 | T27: 35202-1851552-9 | U27: 0300-8809800 | V27: REN
A28: 27 | B28: KHI/HO/D/MO/PC COMP/C/102088/33/11/2024 | D28: 45615 | E28: 45624 | F28: 45988 | G28: 08004499 | H28: AL BARAKA BANK (PAKISTAN) LIMITED | I28: Mr. Muhammad Zahid Hameed Hpa M/S. Al Baraka Bank (Pakistan) Limited | J28: SUZUKI WAGON R VXL | K28: 2022 | L28: AKY-395 | M28: 237005 | N28: 1037003 | O28: 0158619518057 | P28: 1800000 | Q28: 31035 | R28: 36000 | S28: 36000 | T28: 36502-6470474-3 | U28: 0313-6472414 | V28: REN
A29: 28 | B29: KHI/HO/D/MO/PC COMP/C/102088/34/11/2024 | D29: 45615 | E29: 45624 | F29: 45988 | G29: 08004499 | H29: AL BARAKA BANK (PAKISTAN) LIMITED | I29: Mr. Tauqeer Nasir Hpa M/S. Al Baraka Bank (Pakistan) Limited | J29: TOYOTA COROLL A/T | K29: 2016 | L29: LEF-16-6741 | M29: Z456113 | N29: 4085409 | O29: 0401-0158630603013 | P29: 3420000 | Q29: 44224 | R29: 51300 | S29: 51300 | T29: 34101-2376692-5 | U29: 0321-6492517 | V29: REN
A30: 29 | B30: KHI/HO/D/MO/PC COMP/C/102088/35/11/2024 | D30: 45615 | E30: 45625 | F30: 45989 | G30: 08004499 | H30: AL BARAKA BANK (PAKISTAN) LIMITED | I30: Mr. Arslan Amanat Hpa M/S. Al Baraka Bank (Pakistan) Limited | J30: TOYOTA YARIS ATIV X 1.5 A | K30: 2020 | L30: AAG-432 | M30: 2A06448 | N30: R9502991 | O30: 0329-0158632221015 | P30: 4050000 | Q30: 52370 | R30: 60750 | S30: 60750 | T30: 35401-1388807-9 | U30: 03037127132 | V30: REN
A31: 30 | B31: KHI/HO/D/MO/PC COMP/C/102088/36/11/2024 | D31: 45615 | E31: 45625 | F31: 45989 | G31: 08004499 | H31: AL BARAKA BANK (PAKISTAN) LIMITED | I31: Mr. Syed Tasawar Hussain Shah Hpa M/S. Al Baraka Bank (Pakistan) Limited | J31: KIA SPORTAGE | K31: 2019 | L31: APY-19-105 | M31: H039166 | N31: P501200 | O31: 0329-0190535930038 | P31: 6300000 | Q31: 81465 | R31: 94500 | S31: 94500 | T31: 35202-3947424-3 | U31: 0309-8935828 | V31: REN
A32: 31 | B32: KHI/HO/D/MO/PC COMP/C/102088/37/11/2024 | D32: 45615 | E32: 45625 | F32: 45989 | G32: 08004499 | H32: AL BARAKA BANK (PAKISTAN) LIMITED | I32: Mr. Syed Kazim Raza Hpa M/S. Al Baraka Bank (Pakistan) Limited | J32: HYUNDAI TUCSON | K32: 2022 | L32: AXF-110 | M32: 166986 | N32: 205930 | O32: 0158512836103 | P32: 7200000 | Q32: 93103 | R32: 108000 | S32: 108000 | T32: 37405-2794958-7 | U32: 0300-8562457 | V32: REN
A33: 32 | B33: KHI/HO/D/MO/PC COMP/C/102088/38/11/2024 | D33: 45615 | E33: 45625 | F33: 45989 | G33: 08004499 | H33: AL BARAKA BANK (PAKISTAN) LIMITED | I33: Mr. Muhammad Atif Hpa M/S. Al Baraka Bank (Pakistan) Limited | J33: HONDA HRV-S | K33: 2022 | L33: BL-1701 | M33: 1000065 | N33: R000036 | O33: 0150-0158468151066 | P33: 6075000 | Q33: 78556 | R33: 91125 | S33: 91125 | T33: 42201-4240047-9 | U33: 0321-8992399 | V33: REN
A34: 33 | B34: KHI/HO/D/MO/PC COMP/C/102088/39/11/2024 | D34: 45615 | E34: 45625 | F34: 45989 | G34: 08004499 | H34: AL BARAKA BANK (PAKISTAN) LIMITED | I34: Mr. Asif Ali Hpa M/S. Al Baraka Bank (Pakistan) Limited | J34: CHANGAN KARVAAN PLUS | K34: 2023 | M34: 502000 | N34: 1000118 | O34: 0150-0158620484017 | P34: 2699100 | Q34: 46537 | R34: 53982 | S34: 53982 | T34: 42501-1452686-1 | U34: 0300-2664207 | V34: REN
A35: 34 | B35: KHI/HO/D/MO/PC COMP/C/102088/4/11/2024 | D35: 45615 | E35: 45598 | F35: 45962 | G35: 08004499 | H35: AL BARAKA BANK (PAKISTAN) LIMITED | I35: Mr. Asghar Hpa M/S. Al Baraka Bank (Pakistan) Limited | J35: SUZUKI ALTO | K35: 2023 | L35: BYR-476 | M35: 272065 | N35: 1172053 | O35: 0431-0158630120019 | P35: 2610000 | Q35: 45000 | R35: 52200 | S35: 52200 | T35: 36302-2216170-1 | U35: 0306-7348540 | V35: REN
A36: 35 | B36: KHI/HO/D/MO/PC COMP/C/102088/40/11/2024 | D36: 45615 | E36: 45626 | F36: 45990 | G36: 08004499 | H36: AL BARAKA BANK (PAKISTAN) LIMITED | I36: Mr. Noman Yaqoob Hpa M/S. Al Baraka Bank (Pakistan) Limited | J36: SUZUKI ALTO VXR | K36: 2022 | L36: BAW-357 | M36: 253142 | N36: 1153131 | O36: 0158632025019 | P36: 2340000 | Q36: 40345 | R36: 46800 | S36: 46800 | T36: 36201-1892246-9 | U36: 0333-5227921 | V36: REN
A37: 36 | B37: KHI/HO/D/MO/PC COMP/C/102088/41/11/2024 | D37: 45615 | E37: 45626 | F37: 45990 | G37: 08004499 | H37: AL BARAKA BANK (PAKISTAN) LIMITED | I37: Mr. Naik Muhammad Hpa M/S. Al Baraka Bank (Pakistan) Limited | J37: SUZUKI ALTO | K37: 2021 | L37: BVR-062 | M37: 172572 | N37: 1072558 | O37: 0252-0158632587019 | P37: 1890000 | Q37: 32586 | R37: 37800 | S37: 37800 | T37: 56201-8524762-9 | U37: 0312-8138981 | V37: REN
A38: 37 | B38: KHI/HO/D/MO/PC COMP/C/102088/42/11/2024 | D38: 45615 | E38: 45626 | F38: 45990 | G38: 08004499 | H38: AL BARAKA BANK (PAKISTAN) LIMITED | I38: Mr. Muhammad Maqsood Ahmad Hpa M/S. Al Baraka Bank (Pakistan) Limited | J38: SUZUKI CULTUS | K38: 2018 | L38: LEB-18-8695 | M38: 107875 | N38: 10007825 | O38: 0329-0158631063018 | P38: 1350000 | Q38: 23276 | R38: 27000 | S38: 27000 | T38: 31103-1148491-1 | U38: 03004169209 | V38: REN
A39: 38 | B39: KHI/HO/D/MO/PC COMP/C/102088/43/11/2024 | D39: 45615 | E39: 45626 | F39: 45990 | G39: 08004499 | H39: AL BARAKA BANK (PAKISTAN) LIMITED | I39: Applicant Name. Mr. Syed Saad Ahmed Co Applicant Name. Mr. Syed Mubussir Ahmed Cnic No. 42401-7695120-3 Hpa M/S. Al Baraka Bank (Pakistan) Limited | J39: FAW FAW V2 M/T | K39: 2018 | L39: BMZ ? 934 | M39: HJ-300217 | N39: M-18001686 | O39: 0144-0158631438013 | P39: 1192500 | Q39: 20560 | R39: 23850 | S39: 23850 | T39: 42401-2815097-9 | U39: 0313-2360329 - 0333-3144016 | V39: REN
A40: 39 | B40: KHI/HO/D/MO/PC COMP/C/102088/44/11/2024 | D40: 45615 | E40: 45626 | F40: 45990 | G40: 08004499 | H40: AL BARAKA BANK (PAKISTAN) LIMITED | I40: Mr. Anees Ahmad Hpa M/S. Al Baraka Bank (Pakistan) Limited | J40: DAIHATSU MOVE | K40: 2021 | L40: AQE-149 | M40: K091977KF | N40: LA150S2108067 | O40: 0471-0190632194014 | P40: 3420000 | Q40: 44224 | R40: 51300 | S40: 51300 | T40: 36201-2910103-7 | U40: 03002677666 | V40: REN
A41: 40 | B41: KHI/HO/D/MO/PC COMP/C/102088/45/11/2024 | D41: 45615 | E41: 45626 | F41: 45990 | G41: 08004499 | H41: AL BARAKA BANK (PAKISTAN) LIMITED | I41: Mr. Rizwan Hpa M/S. Al Baraka Bank (Pakistan) Limited | J41: TOYOTA COROLLA XE | K41: 2018 | L41: BMA-037 | M41: 518521 | N41: 4144486 | O41: 0144-0190633136013 | P41: 2250000 | Q41: 38793 | R41: 45000 | S41: 45000 | T41: 42201-6559168-7 | U41: 0333-3230783 | V41: REN
A42: 41 | B42: KHI/HO/D/MO/PC COMP/C/102088/46/11/2024 | D42: 45615 | E42: 45626 | F42: 45990 | G42: 08004499 | H42: AL BARAKA BANK (PAKISTAN) LIMITED | I42: Mr. Abdul Jalil Abbasi Hpa M/S. Al Baraka Bank (Pakistan) Limited | J42: SUZUKI ALTO VXR | K42: 2020 | L42: ARJ-208 | M42: 139546 | N42: 1039442 | O42: 0158447295025 | P42: 1800000 | Q42: 31035 | R42: 36000 | S42: 36000 | T42: 61101-1986302-3 | U42: 0321-5022958 | V42: REN
A43: 42 | B43: KHI/HO/D/MO/PC COMP/C/102088/47/11/2024 | D43: 45621 | E43: 45613 | F43: 45977 | G43: 08004499 | H43: AL BARAKA BANK (PAKISTAN) LIMITED | I43: Mr. Hafiz Muhammad Yousaf Hpa M/S Al Baraka Bank ( Pakistan ) Limited | J43: SUZUKI Swift GLX CVT | K43: 2022 | L43: ANK-346 | M43: 1010003 | N43: 110123 | O43: 0475-0158451884030 | P43: 2464150 | Q43: 53107 | R43: 61604 | S43: 61604 | T43: 31301-1435409-9 | U43: 0300-8676765 | V43: REN
A44: 43 | B44: KHI/HO/D/MO/PC COMP/C/102088/48/11/2024 | D44: 45621 | E44: 45620 | F44: 45984 | G44: 08004499 | H44: AL BARAKA BANK (PAKISTAN) LIMITED | I44: Hpa M/S. Al Baraka Bank (Pakistan) Limited User: Muhammad Saleem | J44: TOYOTA YARIS ATIV CVT | K44: 2020 | L44: ABA-391 | M44: 2A12878 | N44: 7007542 | O44: 0158487450013 | P44: 1873500 | Q44: 60565 | R44: 70256 | S44: 70256 | T44: 3520180913293 | U44: 0300-4270214 | V44: REN
A45: 44 | B45: KHI/HO/D/MO/PC COMP/C/102088/5/11/2024 | D45: 45615 | E45: 45598 | F45: 45962 | G45: 08004499 | H45: AL BARAKA BANK (PAKISTAN) LIMITED | I45: Mr. Abdul Hameed Hpa M/S. Al Baraka Bank (Pakistan) Limited | J45: TOYOTA YARIS ATIV X CVT 1 | K45: 2020 | L45: AFM-964 | M45: 2A10202 | N45: R7005830 | O45: 0329-0158372799033 | P45: 2880000 | Q45: 49655 | R45: 57600 | S45: 57600 | T45: 31303-9156805-3 | U45: 0300-8623373 | V45: REN
A46: 45 | B46: KHI/HO/D/MO/PC COMP/C/102088/6/11/2024 | D46: 45615 | E46: 45598 | F46: 45962 | G46: 08004499 | H46: AL BARAKA BANK (PAKISTAN) LIMITED | I46: Mr. Muhammad Umair Yaqoob Hpa M/S. Al Baraka Bank (Pakistan) Limited | J46: SUZUKI WAGON R VXL | K46: 2018 | L46: LEH-18-3356 | M46: 160576 | N46: 10060572 | O46: 0329-0158627912013 | P46: 1667700 | Q46: 28753 | R46: 33354 | S46: 33354 | T46: 35201-9124786-1 | U46: 03174045764 | V46: REN
... A53: 52 | B53: KHI/HO/D/MO/CV/C/102122/1/11/2024 | D53: 45614 | E53: 45605 | F53: 45969 | G53: 08004499 | H53: AL BARAKA BANK (PAKISTAN) LIMITED | I53: Ms.Shamim Bano Hpa M/S. Al Baraka Bank (Pakistan) Limited | J53: SUZUKI RAVI VX | K53: 2021 | L53: LA-6554 | M53: 376145 | N53: 480812 | O53: 0138-0158539829029 | P53: 816000 | Q53: 17155 | R53: 20400 | S53: 20400 | T53: 42401-3718062-4 | U53: 0320-1287301 | V53: REN
A54: 53 | B54: KHI/HO/D/MO/CV/C/102122/2/11/2024 | D54: 45614 | E54: 45607 | F54: 45971 | G54: 08004499 | H54: AL BARAKA BANK (PAKISTAN) LIMITED | I54: Mr.Rao Muhammad Khalid Shabbir Hpa M/S. Al Baraka Bank (Pakistan) Limited | J54: SUZUKI RAVI VX EURO II | K54: 2021 | L54: LA-7026 | M54: 376737 | N54: 481397 | P54: 816000 | Q54: 12310 | R54: 14280 | S54: 14280 | T54: 36303-4488045-9 | U54: 0308-4337508 | V54: REN
A55: 54 | B55: KHI/HO/D/MO/CV/C/102122/3/11/2024 | D55: 45614 | E55: 45621 | F55: 45985 | G55: 08004499 | H55: AL BARAKA BANK (PAKISTAN) LIMITED | I55: Mr. Muhammad Saeed Hpa M/S. Al Baraka Bank (Pakistan) Limited | J55: SUZUKI RAVI PICK UP | K55: 2021 | L55: AEH-743 | M55: 377774 | N55: 482449 | O55: 0158443262052 | P55: 816000 | Q55: 12310 | R55: 14280 | S55: 14280 | T55: 61101-3203413-9 | U55: 0300-5279006 | V55: REN
A56: 55 | B56: KHI/HO/D/MO/PC COMP/C/102191/1/11/2024 | D56: 45615 | E56: 45598 | F56: 45962 | G56: 08004499 | H56: AL BARAKA BANK (PAKISTAN) LIMITED | I56: Mr. Zohaib Zulqarnain Hpa M/S Al Baraka Bank ( Pakistan ) Limited | J56: HONDA CITY 1.2 LS CVT | K56: 2022 | L56: AML-790 | M56: 51015773 | N56: NR027882 | O56: 0329-0158571516016 | P56: 2767600 | Q56: 59216 | R56: 69190 | S56: 69190 | T56: 35202-8639968-9 | U56: 0320-2380740 | V56: REN
A57: 56 | B57: KHI/HO/D/MO/PC COMP/C/102191/10/11/2024 | D57: 45615 | E57: 45611 | F57: 45975 | G57: 08004499 | H57: AL BARAKA BANK (PAKISTAN) LIMITED | I57: Mr. Sabir Ali Hpa M/S Al Baraka Bank ( Pakistan ) Limited | J57: SUZUKI ALTO | K57: 2022 | L57: AML-875 | M57: 256255 | N57: H1156288 | O57: 0329-0158575634010 | P57: 1473050 | Q57: 31747 | R57: 36826 | S57: 36826 | T57: 35501-0483245-5 | U57: 0300-3030662 | V57: REN
A58: 57 | B58: KHI/HO/D/MO/PC COMP/C/102191/11/11/2024 | D58: 45615 | E58: 45613 | F58: 45977 | G58: 08004499 | H58: AL BARAKA BANK (PAKISTAN) LIMITED | I58: Mr. Muhammad Shakeel Hpa M/S Al Baraka Bank ( Pakistan ) Limited | J58: SUZUKI Swift GLX CVT | K58: 2022 | L58: ANE-387 | M58: MR1010166 | N58: S00110168 | O58: 0329-0158570359011 | P58: 2464150 | Q58: 53107 | R58: 61604 | S58: 61604 | T58: 35202-6551819-5 | U58: 0321-4249022 | V58: REN
A59: 58 | B59: KHI/HO/D/MO/PC COMP/C/102191/12/11/2024 | D59: 45615 | E59: 45613 | F59: 45977 | G59: 08004499 | H59: AL BARAKA BANK (PAKISTAN) LIMITED | I59: Mr. Moeez Shahbaz Hpa M/S Al Baraka Bank ( Pakistan ) Limited | J59: SUZUKI ALTO VXL AGS E-2 | K59: 2020 | L59: AAZ-669 | M59: 6R143354 | N59: 1043372 | O59: 0329-0158576430019 | P59: 1253750 | Q59: 21617 | R59: 25075 | S59: 25075 | T59: 35202-0293460-1 | U59: 0323-3332765 | V59: REN
A60: 59 | B60: KHI/HO/D/MO/PC COMP/C/102191/13/11/2024 | D60: 45615 | E60: 45613 | F60: 45977 | G60: 08004499 | H60: AL BARAKA BANK (PAKISTAN) LIMITED | I60: Mr. Nasir Mehmood Hpa M/S Al Baraka Bank ( Pakistan ) Limited | J60: SUZUKI ALTO VX EURO II | K60: 2022 | L60: AMM-603 | M60: 256379 | N60: 1156418 | O60: 0329-0158480718054 | P60: 1110100 | Q60: 16748 | R60: 19427 | S60: 19427 | T60: 38401-5828577-5 | U60: 0301-4957779 | V60: REN
A61: 60 | B61: KHI/HO/D/MO/PC COMP/C/102191/14/11/2024 | D61: 45615 | E61: 45614 | F61: 45978 | G61: 08004499 | H61: AL BARAKA BANK (PAKISTAN) LIMITED | I61: Mr. Rehman Irshad Hpa M/S Al Baraka Bank ( Pakistan ) Limited | J61: SUZUKI ALTO VXR E-2 | K61: 2022 | M61: 256854 | N61: 156705 | O61: 0158575280019 | P61: 1473050 | Q61: 31747 | R61: 36826 | S61: 36826 | T61: 37405-9155975-3 | U61: 0304-5319574 | V61: REN
A62: 61 | B62: KHI/HO/D/MO/PC COMP/C/102191/15/11/2024 | D62: 45615 | E62: 45617 | F62: 45981 | G62: 08004499 | H62: AL BARAKA BANK (PAKISTAN) LIMITED | I62: Ms. Farhat Zahoor Hpa M/S Al Baraka Bank ( Pakistan ) Limited | J62: SUZUKI ALTO VXL AGS E-2 | K62: 2022 | L62: BAH-543 | M62: 257213 | N62: 1156938 | O62: 0158575156016 | P62: 1658350 | Q62: 35741 | R62: 41459 | S62: 41459 | T62: 61101-3479619-6 | U62: 0347-5600062 | V62: REN
A63: 62 | B63: KHI/HO/D/MO/PC COMP/C/102191/16/11/2024 | D63: 45615 | E63: 45617 | F63: 45981 | G63: 08004499 | H63: AL BARAKA BANK (PAKISTAN) LIMITED | I63: Mr. Waqas Ali Qureshi Hpa M/S Al Baraka Bank ( Pakistan ) Limited | J63: SUZUKI ALTO VXR E-2 | K63: 2022 | L63: AMU-492 | M63: 255783 | N63: 1155799 | O63: 0329-0158574578019 | P63: 1473050 | Q63: 31747 | R63: 36826 | S63: 36826 | T63: 35202-5557189-9 | U63: 0316-5927439 | V63: REN
A64: 63 | B64: KHI/HO/D/MO/PC COMP/C/102191/17/11/2024 | D64: 45615 | E64: 45617 | F64: 45981 | G64: 08004499 | H64: AL BARAKA BANK (PAKISTAN) LIMITED | I64: Mr. Ehsan Ahmed Hpa M/S Al Baraka Bank ( Pakistan ) Limited | J64: SUZUKI ALTO VXL AGS E-2 | K64: 2022 | M64: 258246 | N64: 1158257 | O64: 0158575159012 | P64: 1658350 | Q64: 35741 | R64: 41459 | S64: 41459 | T64: 61101-0704616-3 | U64: 0333-5650544 | V64: REN
A65: 64 | B65: KHI/HO/D/MO/PC COMP/C/102191/18/11/2024 | D65: 45615 | E65: 45617 | F65: 45981 | G65: 08004499 | H65: AL BARAKA BANK (PAKISTAN) LIMITED | I65: Mr. Shahzad Ahmad Butt Hpa M/S Al Baraka Bank ( Pakistan ) Limited | J65: SUZUKI WAGON R VXL | K65: 2019 | L65: LEC-19-8771 | M65: PK10B185016 | N65: PK10085020 | O65: 0329-0158576897017 | P65: 1487500 | Q65: 19236 | R65: 22313 | S65: 22313 | T65: 35202-9691310-7 | U65: 0300-8080103 | V65: REN
A66: 65 | B66: KHI/HO/D/MO/PC COMP/C/102191/19/11/2024 | D66: 45615 | E66: 45617 | F66: 45981 | G66: 08004499 | H66: AL BARAKA BANK (PAKISTAN) LIMITED | I66: Mr. Abdul Ghaffar Hpa M/S Al Baraka Bank ( Pakistan ) Limited | J66: CHANGAN KARVAAN PLUS | K66: 2022 | L66: AMJ-793 | M66: 504273 | N66: 1016789 | O66: 0431-0158568513015 | P66: 2137750 | Q66: 46072 | R66: 53444 | S66: 53444 | T66: 36302-7731344-3 | U66: 0301-8918858 | V66: REN
A67: 66 | B67: KHI/HO/D/MO/PC COMP/C/102191/2/11/2024 | D67: 45615 | E67: 45599 | F67: 45963 | G67: 08004499 | H67: AL BARAKA BANK (PAKISTAN) LIMITED | I67: Mr. Muhammad Irfan Hpa M/S Al Baraka Bank ( Pakistan ) Limited | J67: SUZUKI ALTO VXR E-2 | K67: 2022 | M67: 253842 | N67: 1153739 | O67: 0471-0158568846010 | P67: 1423750 | Q67: 30684 | R67: 35594 | S67: 35594 | T67: 31202-3307641-1 | U67: 0312-6890278 | V67: REN
A68: 67 | B68: KHI/HO/D/MO/PC COMP/C/102191/20/11/2024 | D68: 45615 | E68: 45620 | F68: 45984 | G68: 08004499 | H68: AL BARAKA BANK (PAKISTAN) LIMITED | I68: Mr. Muhammad Khubaib Hpa M/S Al Baraka Bank ( Pakistan ) Limited | J68: SUZUKI ALTO VXR E-2 | K68: 2022 | L68: ANJ-022 | M68: 256303 | N68: 1156248 | O68: 0329-0158530557013 | P68: 1679600 | Q68: 28958 | R68: 33592 | S68: 33592 | T68: 35201-8335165-7 | U68: 0309-7400005 | V68: REN
A69: 68 | B69: KHI/HO/D/MO/PC COMP/C/102191/21/11/2024 | D69: 45615 | E69: 45621 | F69: 45985 | G69: 08004499 | H69: AL BARAKA BANK (PAKISTAN) LIMITED | I69: Ms. Shazina John Hpa M/S Al Baraka Bank ( Pakistan ) Limited | J69: SUZUKI WAGON R VXL | K69: 2022 | L69: DZ-213 | M69: 105141 | N69: 10005137 | O69: 0190590773011 | P69: 1487500 | Q69: 25647 | R69: 29750 | S69: 29750 | T69: 44303-1219030-4 | U69: 0333-2513061 | V69: REN
A70: 69 | B70: KHI/HO/D/MO/PC COMP/C/102191/22/11/2024 | D70: 45615 | E70: 45621 | F70: 45985 | G70: 08004499 | H70: AL BARAKA BANK (PAKISTAN) LIMITED | I70: Ms. Sadia Nadeem Hpa M/S Al Baraka Bank ( Pakistan ) Limited | J70: SUZUKI WAGON R VXL | K70: 2022 | L70: BAY-541 | M70: 240557 | N70: 10140568 | O70: 0158565497026 | P70: 2179400 | Q70: 37576 | R70: 43588 | S70: 43588 | T70: 61101-2441878-8 | U70: 0316-5770128 | V70: REN
A71: 70 | B71: KHI/HO/D/MO/PC COMP/C/102191/23/11/2024 | D71: 45615 | E71: 45624 | F71: 45988 | G71: 08004499 | H71: AL BARAKA BANK (PAKISTAN) LIMITED | I71: Mr. Daud Sarwar Hpa M/S Al Baraka Bank ( Pakistan ) Limited | J71: HONDA CIVIC VTI | K71: 2018 | L71: AKU-021 | M71: 2941344 | N71: 044773 | O71: 0158336445040 | P71: 3400000 | Q71: 43965 | R71: 51000 | S71: 51000 | T71: 374055873571-5 | U71: 03335103308 | V71: REN
A72: 71 | B72: KHI/HO/D/MO/PC COMP/C/102191/24/11/2024 | D72: 45615 | E72: 45624 | F72: 45988 | G72: 08004499 | H72: AL BARAKA BANK (PAKISTAN) LIMITED | I72: Ms. Sumeira Nadir Hpa M/S Al Baraka Bank ( Pakistan ) Limited | J72: SUZUKI Swift GLX CVT | K72: 2022 | L72: AMM-502 | M72: 1011182 | N72: 00111194 | O72: 0329-0158494434058 | P72: 2464150 | Q72: 53107 | R72: 61604 | S72: 61604 | T72: 35202-2331048-0 | U72: 0321-4581739 | V72: REN
A73: 72 | B73: KHI/HO/D/MO/PC COMP/C/102191/25/11/2024 | D73: 45615 | E73: 45625 | F73: 45989 | G73: 08004499 | H73: AL BARAKA BANK (PAKISTAN) LIMITED | I73: Ms. Shahida Parveen Hpa M/S Al Baraka Bank ( Pakistan ) Limited | J73: SUZUKI ALTO VXL | K73: 2019 | L73: LEA-3290 | M73: 118761 | N73: 1018775 | O73: 0158592370021 | P73: 1827500 | Q73: 31509 | R73: 36550 | S73: 36550 | T73: 37405-6191698-4 | U73: 0309-9288322 | V73: REN
A74: 73 | B74: KHI/HO/D/MO/PC COMP/C/102191/26/11/2024 | D74: 45615 | E74: 45625 | F74: 45989 | G74: 08004499 | H74: AL BARAKA BANK (PAKISTAN) LIMITED | I74: Mr. Muhammad Bilal Hpa M/S Al Baraka Bank ( Pakistan ) Limited | J74: TOYOTA COROLLA GLI M/T 1. | K74: 2016 | L74: LEA-16-8138 | M74: Z393525 | N74: R4062138 | O74: 0329-0158592832011 | P74: 2380000 | Q74: 41035 | R74: 47600 | S74: 47600 | T74: 35202-3862088-7 | U74: 0321-8874171 | V74: REN
A75: 74 | B75: KHI/HO/D/MO/PC COMP/C/102191/27/11/2024 | D75: 45615 | E75: 45625 | F75: 45989 | G75: 08004499 | H75: AL BARAKA BANK (PAKISTAN) LIMITED | I75: Mr. Waseem Raza Hpa M/S Al Baraka Bank ( Pakistan ) Limit | J75: SUZUKI CULTUS | K75: 2022 | L75: AMK-924 | M75: 203186 | N75: 10103171 | O75: 0329-015855774703 | P75: 2550000 | Q75: 43965 | R75: 51000 | S75: 51000 | T75: 35202-0505113-9 | U75: 0300-0854522 | V75: REN
A76: 75 | B76: KHI/HO/D/MO/PC COMP/C/102191/28/11/2024 | D76: 45615 | E76: 45625 | F76: 45989 | G76: 08004499 | H76: AL BARAKA BANK (PAKISTAN) LIMITED | I76: Mr. Naeem Aslam Hpa M/S Al Baraka Bank ( Pakistan ) Limited | J76: SUZUKI ALTO | K76: 2022 | L76: AML-515 | M76: 6R256431 | N76: 6H1156434 | O76: 0471-0158528441064 | P76: 1679600 | Q76: 28958 | R76: 33592 | S76: 33592 | T76: 36203-9008385-3 | U76: 0302-5265048 | V76: REN
A77: 76 | B77: KHI/HO/D/MO/PC COMP/C/102191/29/11/2024 | D77: 45615 | E77: 45625 | F77: 45989 | G77: 08004499 | H77: AL BARAKA BANK (PAKISTAN) LIMITED | I77: Mr. Usman Shaukat Hpa M/S Al Baraka Bank ( Pakistan ) Limited | J77: HONDA BRV - S | K77: 2019 | L77: AMD-845 | M77: 13513958 | N77: R013970 | O77: 0329-0190433355105 | P77: 3485000 | Q77: 45064 | R77: 52275 | S77: 52275 | T77: 35201-8762468-3 | U77: 0323-7335873 | V77: REN
A78: 77 | B78: KHI/HO/D/MO/PC COMP/C/102191/3/11/2024 | D78: 45615 | E78: 45603 | F78: 45967 | G78: 08004499 | H78: AL BARAKA BANK (PAKISTAN) LIMITED | I78: Mr. Shahzaib Iftikhar Hpa M/S Al Baraka Bank ( Pakistan ) Limited | J78: HONDA CITY 1.2 LS CVT | K78: 2022 | M78: 1015881 | N78: NR027988 | O78: 0329-0158575740015 | P78: 3322650 | Q78: 71609 | R78: 83066 | S78: 83066 | T78: 35202-2786489-3 | U78: 0322-7199172 | V78: REN
A79: 78 | B79: KHI/HO/D/MO/PC COMP/C/102191/30/11/2024 | D79: 45615 | E79: 45626 | F79: 45990 | G79: 08004499 | H79: AL BARAKA BANK (PAKISTAN) LIMITED | I79: Mr. Hassan Shakeel Hpa M/S Al Baraka Bank ( Pakistan ) Limited | J79: HONDA CIVIC | K79: 2017 | L79: LEA-17-6300 | M79: 12906604 | N79: 9674 | O79: 0329-0158591966013 | P79: 3230000 | Q79: 41767 | R79: 48450 | S79: 48450 | T79: 33102-9611078-7 | U79: 0306-4225991 | V79: REN
A80: 79 | B80: KHI/HO/D/MO/PC COMP/C/102191/31/11/2024 | D80: 45615 | E80: 45626 | F80: 45990 | G80: 08004499 | H80: AL BARAKA BANK (PAKISTAN) LIMITED | I80: Mr. Umair Waheed Hpa M/S Al Baraka Bank ( Pakistan ) Limited | J80: SUZUKI WAGON R VXL | K80: 2018 | L80: LE-19-5412 | M80: B176125 | N80: PK10076124 | O80: 0329-0158591537014 | P80: 1445000 | Q80: 24914 | R80: 28900 | S80: 28900 | T80: 35202-5395746-7 | U80: 0307-4341557 | V80: REN
A81: 80 | B81: KHI/HO/D/MO/PC COMP/C/102191/32/11/2024 | D81: 45615 | E81: 45626 | F81: 45990 | G81: 08004499 | H81: AL BARAKA BANK (PAKISTAN) LIMITED | I81: Mr. Tanzeel Ur Rahman Azad Hpa M/S Al Baraka Bank ( Pakistan ) Limited | J81: SUZUKI WAGON R VXL | K81: 2022 | L81: AMH-022 | M81: 242232 | N81: 10142228 | O81: 0329-0158591467015 | P81: 2179400 | Q81: 37576 | R81: 43588 | S81: 43588 | T81: 36502-1149063-3 | U81: 0321-6931322 | V81: REN
A82: 81 | B82: KHI/HO/D/MO/PC COMP/C/102191/33/11/2024 | D82: 45615 | E82: 45626 | F82: 45990 | G82: 08004499 | H82: AL BARAKA BANK (PAKISTAN) LIMITED | I82: Mr. Muhammad Arqam Iqbal Hpa M/S Al Baraka Bank ( Pakistan ) Limited | J82: CHANGAN KARVAAN PLUS | K82: 2022 | M82: 502585 | N82: 1016896 | O82: 015853433016 | P82: 2142000 | Q82: 36931 | R82: 42840 | S82: 42840 | T82: 61101-0215250-5 | U82: 0332-5178419 | V82: REN
A83: 82 | B83: KHI/HO/D/MO/PC COMP/C/102191/34/11/2024 | D83: 45615 | E83: 45626 | F83: 45990 | G83: 08004499 | H83: AL BARAKA BANK (PAKISTAN) LIMITED | I83: Mr. Adnan Dilawar Hpa M/S Al Baraka Bank ( Pakistan ) Limited | J83: HONDA CIVIC VTI | K83: 2017 | L83: BNM-205 | M83: 12918709 | N83: 22088 | O83: 0144-0158591967015 | P83: 3060000 | Q83: 39569 | R83: 45900 | S83: 45900 | T83: 42201-1157698-3 | U83: 0342-1399429 | V83: REN
A84: 83 | B84: KHI/HO/D/MO/PC COMP/C/102191/35/11/2024 | D84: 45615 | E84: 45626 | F84: 45990 | G84: 08004499 | H84: AL BARAKA BANK (PAKISTAN) LIMITED | I84: Mr. Nisar Ahmad Baig Hpa M/S Al Baraka Bank ( Pakistan ) Limited | J84: TOYOTA COROLLA ALTIS GRAN | K84: 2016 | L84: LEA-16-3855 | M84: Q313629 | N84: 7012656 | O84: 0329-0158580117021 | P84: 2720000 | Q84: 46897 | R84: 54400 | S84: 54400 | T84: 34101-1475270-9 | U84: 0323-2786000 | V84: REN
A85: 84 | B85: KHI/HO/D/MO/PC COMP/C/102191/36/11/2024 | D85: 45615 | E85: 45626 | F85: 45990 | G85: 08004499 | H85: AL BARAKA BANK (PAKISTAN) LIMITED | I85: Mr. Danish Ali Hpa M/S Al Baraka Bank ( Pakistan ) Limited | J85: SUZUKI ALTO | K85: 2020 | L85: LEB-20-9587 | M85: 6R130166 | N85: 1030152 | O85: 0329-0158592072019 | P85: 1870000 | Q85: 32242 | R85: 37400 | S85: 37400 | T85: 35201-0363875-3 | U85: 0310-4446911 | V85: REN
A86: 85 | B86: KHI/HO/D/MO/PC COMP/C/102191/37/11/2024 | D86: 45615 | E86: 45626 | F86: 45990 | G86: 08004499 | H86: AL BARAKA BANK (PAKISTAN) LIMITED | I86: Mr. Zohaib Ahmed Hpa M/S Al Baraka Bank ( Pakistan ) Limited | J86: TOYOTA COROLLA ALTIS GRAN | K86: 2018 | M86: 332748 | N86: 7031872 | O86: 0329-0158593334016 | P86: 3315000 | Q86: 42866 | R86: 49725 | S86: 49725 | T86: 33100-2604037-5 | U86: 0322-4222022 | V86: REN
A87: 86 | B87: KHI/HO/D/MO/PC COMP/C/102191/38/11/2024 | D87: 45615 | E87: 45626 | F87: 45990 | G87: 08004499 | H87: AL BARAKA BANK (PAKISTAN) LIMITED | I87: Mr. Raoof Khan Hpa M/S Al Baraka Bank ( Pakistan ) Limited | J87: TOYOTA PRIUS | K87: 2014 | L87: AHG-518 | M87: 6180376 | N87: 1868305 | O87: 0190537732050 | P87: 3740000 | Q87: 48362 | R87: 56100 | S87: 56100 | T87: 21303-4923267-1 | U87: 0313-49877929 | V87: REN
A88: 87 | B88: KHI/HO/D/MO/PC COMP/C/102191/39/11/2024 | D88: 45615 | E88: 45626 | F88: 45990 | G88: 08004499 | H88: AL BARAKA BANK (PAKISTAN) LIMITED | I88: Mr. Adeel Ahmed Hpa M/S Al Baraka Bank ( Pakistan ) Limited | J88: TOYOTA COROLLA ALTIS GRAN | K88: 2018 | L88: AKJ 15 | M88: Q333307 | N88: ZRE172R7032406 | O88: 0423-0158552294021 | P88: 3400000 | Q88: 43965 | R88: 51000 | S88: 51000 | T88: 33100-2028538-5 | U88: 03216617281 | V88: REN
A89: 88 | B89: KHI/HO/D/MO/PC COMP/C/102191/4/11/2024 | D89: 45615 | E89: 45606 | F89: 45970 | G89: 08004499 | H89: AL BARAKA BANK (PAKISTAN) LIMITED | I89: Mr. Faraz Ahmed Quddusi Hpa M/S Al Baraka Bank ( Pakistan ) Limited | J89: MG MG ZS | K89: 2021 | L89: BJ-8523 | M89: 2230961 | N89: 105627 | O89: 0144-0190508826024 | P89: 4250000 | Q89: 54956 | R89: 63750 | S89: 63750 | T89: 42201-3371158-5 | U89: 0342-1399429 | V89: REN
A90: 89 | B90: KHI/HO/D/MO/PC COMP/C/102191/40/11/2024 | D90: 45615 | E90: 45626 | F90: 45990 | G90: 08004499 | H90: AL BARAKA BANK (PAKISTAN) LIMITED | I90: Mr. Awais Ali Hpa M/S Al Baraka Bank ( Pakistan ) Limited | J90: SUZUKI CULTUS | K90: 2018 | L90: LE-18-8870 | M90: 114115 | N90: 10014117 | O90: 0329-0158505723065 | P90: 1317500 | Q90: 22716 | R90: 26350 | S90: 26350 | T90: 35201-4577626-7 | U90: 0321-1704440 | V90: REN
A91: 90 | B91: KHI/HO/D/MO/PC COMP/C/102191/41/11/2024 | D91: 45615 | E91: 45626 | F91: 45990 | G91: 08004499 | H91: AL BARAKA BANK (PAKISTAN) LIMITED | I91: Mr. Farman Ullah Hpa M/S Al Baraka Bank ( Pakistan ) Limited | J91: SUZUKI Swift GLX CVT | K91: 2022 | L91: AYX-387 | M91: 1004632 | N91: 104619 | O91: 0158587130026 | P91: 3196000 | Q91: 41328 | R91: 47940 | S91: 47940 | T91: 17301-4399043-5 | U91: 0333-5660760 | V91: REN
A92: 91 | B92: KHI/HO/D/MO/PC COMP/C/102191/5/11/2024 | D92: 45615 | E92: 45606 | F92: 45970 | G92: 08004499 | H92: AL BARAKA BANK (PAKISTAN) LIMITED | I92: Mr. Muhammad Zeeshan Khan Hpa M/S Al Baraka Bank ( Pakistan ) Limited | J92: TOYOTA YARIS ATIV X CVT | K92: 2022 | L92: AMF-599 | M92: 2A58007 | N92: 7036700 | O92: 0329-0158568360020 | P92: 2975000 | Q92: 38470 | R92: 44625 | S92: 44625 | T92: 35402-1202726-7 | U92: 0307-4408856 | V92: REN
A93: 92 | B93: KHI/HO/D/MO/PC COMP/C/102191/6/11/2024 | D93: 45615 | E93: 45607 | F93: 45971 | G93: 08004499 | H93: AL BARAKA BANK (PAKISTAN) LIMITED | I93: Mr. Muhammad Irfan Hpa M/S Al Baraka Bank ( Pakistan ) Limited | J93: TOYOTA COROLLA ALTIS CVT | K93: 2022 | L93: BAW-794 | M93: Q363357 | N93: ZRE172R-7062522 | O93: 0423-0158563989017 | P93: 3664342 | Q93: 47383 | R93: 54965 | S93: 54965 | T93: 3310272552567 | U93: 03216084506 | V93: REN
A94: 93 | B94: KHI/HO/D/MO/PC COMP/C/102191/7/11/2024 | D94: 45615 | E94: 45607 | F94: 45971 | G94: 08004499 | H94: AL BARAKA BANK (PAKISTAN) LIMITED | I94: Mr. Aijaz Ullah Khan Hpa M/S Al Baraka Bank ( Pakistan ) Limited | J94: SUZUKI Swift GLX CVT | K94: 2022 | L94: BXW-878 | M94: 1010126 | N94: 110117 | O94: 0144-0158429899063 | P94: 2464150 | Q94: 53107 | R94: 61604 | S94: 61604 | T94: 42101-9737708-7 | U94: 0333-2121418 | V94: REN
A95: 94 | B95: KHI/HO/D/MO/PC COMP/C/102191/8/11/2024 | D95: 45615 | E95: 45607 | F95: 45971 | G95: 08004499 | H95: AL BARAKA BANK (PAKISTAN) LIMITED | I95: Mr. Afzaal Anjum Hpa M/S Al Baraka Bank ( Pakistan ) Limited | J95: SUZUKI ALTO | K95: 2022 | L95: AMG-897 | M95: R252234 | N95: H1152244 | O95: 0329-0158557969017 | P95: 1314100 | Q95: 19825 | R95: 22997 | S95: 22997 | T95: 3520236546705 | U95: 0316-4032201 | V95: REN
A96: 95 | B96: KHI/HO/D/MO/PC COMP/C/102191/9/11/2024 | D96: 45615 | E96: 45610 | F96: 45974 | G96: 08004499 | H96: AL BARAKA BANK (PAKISTAN) LIMITED | I96: Mr. Ali Nasir Hpa M/S Al Baraka Bank ( Pakistan ) Limited | J96: SUZUKI ALTO VX EURO II | K96: 2022 | M96: 256504 | N96: 1156534 | O96: 0329-0158571523011 | P96: 1211250 | Q96: 26104 | R96: 30281 | S96: 30281 | T96: 35202-3695488-9 | U96: 0300-8859036 | V96: REN
A97: 96 | B97: KHI/HO/D/MO/PC COMP/C/102208/1/11/2024 | D97: 45615 | E97: 45600 | F97: 45964 | G97: 08004499 | H97: AL BARAKA BANK (PAKISTAN) LIMITED | I97: Mr. Mukhtar Ahmed Hpa M/S. Al Baraka Bank (Pakistan) Limited | J97: TOYOTA YARIS ATIV X 1.5 A | K97: 2021 | M97: 39729 | N97: 9514839 | O97: 0329-0158550530011 | P97: 2346400 | Q97: 35398 | R97: 41062 | S97: 41062 | T97: 35202-7196928-9 | U97: 0321-8484289 | V97: REN
A98: 97 | B98: KHI/HO/D/MO/PC COMP/C/102208/10/11/2024 | D98: 45615 | E98: 45607 | F98: 45971 | G98: 08004499 | H98: AL BARAKA BANK (PAKISTAN) LIMITED | I98: Mr. Muhammad Asif Haneef Hpa M/S. Al Baraka Bank (Pakistan) Limited | J98: TOYOTA YARIS ATIV CVT | K98: 2021 | L98: ASS-167 | M98: 2A39451 | N98: 7024580 | O98: 0329-0158553109011 | P98: 2162400 | Q98: 32623 | R98: 37842 | S98: 37842 | T98: 31101-6843400-1 | U98: 0300-0049848 | V98: REN
A99: 98 | B99: KHI/HO/D/MO/PC COMP/C/102208/11/11/2024 | D99: 45615 | E99: 45608 | F99: 45972 | G99: 08004499 | H99: AL BARAKA BANK (PAKISTAN) LIMITED | I99: Mr. Muhammad Usman Hpa M/S. Al Baraka Bank (Pakistan) Limited | J99: HONDA CITY 1.2 LS MT | K99: 2021 | L99: ADH-003 | M99: L13Z17542478 | N99: NFBGM1640LR265885 | O99: 0402-0158464734028 | P99: 2080000 | Q99: 31379 | R99: 36400 | S99: 36400 | T99: 34102-7913160-1 | U99: 0301-5000034 | V99: REN
A100: 99 | B100: KHI/HO/D/MO/PC COMP/C/102208/12/11/2024 | D100: 45615 | E100: 45615 | F100: 45979 | G100: 08004499 | H100: AL BARAKA BANK (PAKISTAN) LIMITED | I100: Mr. Muhammad Iqbal Hpa M/S. Al Baraka Bank (Pakistan) Limited | J100: HONDA CITY CVT ASPIRE A/T | K100: 2021 | L100: AVX-278 | M100: 81001482 | N100: 005613 | O100: 0158493038057 | P100: 2552000 | Q100: 55000 | R100: 63800 | S100: 63800 | T100: 15101-0353213-1 | U100: 0333-8478777 | V100: REN
A101: 100 | B101: KHI/HO/D/MO/PC COMP/C/102208/13/11/2024 | D101: 45615 | E101: 45607 | F101: 45971 | G101: 08004499 | H101: AL BARAKA BANK (PAKISTAN) LIMITED | I101: Mr. Allah Ditta Kiani Hpa M/S. Al Baraka Bank (Pakistan) Limited | J101: SUZUKI MEHRAN VXR EURO-II | K101: 2019 | L101: ALX-910 | M101: 761271 | N101: 01299820 | P101: 800000 | Q101: 12069 | R101: 14000 | S101: 14000 | T101: 61101-0334096-3 | U101: 0341-9610005 | V101: REN
A102: 101 | B102: KHI/HO/D/MO/PC COMP/C/102208/14/11/2024 | D102: 45615 | E102: 45608 | F102: 45972 | G102: 08004499 | H102: AL BARAKA BANK (PAKISTAN) LIMITED | I102: Mr. Hassan Shabbir Hpa M/S. Al Baraka Bank (Pakistan) Limited | J102: SUZUKI ALTO VXL AGS E-2 | K102: 2020 | L102: ABK-183 | M102: 6R149047 | N102: H1049030 | P102: 1300000 | Q102: 19612 | R102: 22750 | S102: 22750 | T102: 35202-8266789-1 | U102: 0321-6702911 | V102: REN
A103: 102 | B103: KHI/HO/D/MO/PC COMP/C/102208/15/11/2024 | D103: 45615 | E103: 45608 | F103: 45972 | G103: 08004499 | H103: AL BARAKA BANK (PAKISTAN) LIMITED | I103: Mr. Salman Umer Hpa M/S. Al Baraka Bank (Pakistan) Limited | J103: HONDA CITY ASPIRE A/T | K103: 2021 | M103: Z81001435 | N103: MR005578 | P103: 2544000 | Q103: 38379 | R103: 44520 | S103: 44520 | T103: 35202-0739044-5 | U103: 0334-4092612, 0321-8429993 | V103: REN
A104: 103 | B104: KHI/HO/D/MO/PC COMP/C/102208/16/11/2024 | D104: 45615 | E104: 45611 | F104: 45975 | G104: 08004499 | H104: AL BARAKA BANK (PAKISTAN) LIMITED | I104: Mr. Abdul Salam Hpa M/S. Al Baraka Bank (Pakistan) Limited | J104: CHANGAN KARVAAN PLUS | K104: 2021 | M104: 503396 | N104: 1010660 | O104: 95404 | P104: 1394000 | Q104: 30044 | R104: 34850 | S104: 34850 | T104: 42401-2867342-9 | U104: 0345-2306660 | V104: REN
A105: 104 | B105: KHI/HO/D/MO/PC COMP/C/102208/17/11/2024 | D105: 45615 | E105: 45612 | F105: 45976 | G105: 08004499 | H105: AL BARAKA BANK (PAKISTAN) LIMITED | I105: Mr. Fazal Ameen Khan Hpa M/S. Al Baraka Bank (Pakistan) Limited | J105: SUZUKI WAGON R VXL | K105: 2021 | M105: PK10B219264 | N105: PK10119260 | O105: 0423-0158433285058 | P105: 1224000 | Q105: 18465 | R105: 21420 | S105: 21420 | T105: 33100-2265343-9 | U105: 0300-8660958 | V105: REN
A106: 105 | B106: KHI/HO/D/MO/PC COMP/C/102208/18/11/2024 | D106: 45615 | E106: 45613 | F106: 45977 | G106: 08004499 | H106: AL BARAKA BANK (PAKISTAN) LIMITED | I106: Mr. Muhammad Ishraq Hpa M/S. Al Baraka Bank (Pakistan) Limited | J106: SUZUKI ALTO VXR | K106: 2021 | L106: AGG-840 | M106: 194188 | N106: 1094160 | O106: 0329-0158554550017 | P106: 1206400 | Q106: 18200 | R106: 21112 | S106: 21112 | T106: 35202-0774799-9 | U106: 0321-4022011 | V106: REN
...

Sheet Previous
A1: S.No. | B1: Policy | C1: Endorsement | D1: Issue Date | E1: Period From | F1: Period To | G1: Client Code | H1: Client Name | I1: Insured Name | J1: Make | K1: Model | L1: Reg No | M1: Engine | N1: Chassis | O1: Bank P.O No. | P1: Sum Covered | Q1: Gross | R1: Net | S1: Outstanding | T1: CNIC | U1: MOBILE | V1: Fre / Ren / Roll
A2: 1 | B2: KHI/HO/D/MO/PC COMP/C/100245/13/10/2024 | D2: 45593 | E2: 45575 | F2: 45939 | G2: 08004499 | H2: AL BARAKA BANK (PAKISTAN) LIMITED | I2: M/S. Al Baraka Bank (Pakistan) Limited User:Abdul Raheem Khan | J2: SUZUKI ALTO VXR E-2 | K2: 2022 | L2: AMC-809 | M2: 6R250482 | N2: 1150468 | P2: 1423750 | Q2: 30684 | R2: 35594 | S2: 35594 | T2: 3520113900661 | U2: 0321-9460000 | V2: REN
A3: 2 | B3: KHI/HO/D/MO/PC COMP/C/100245/148/10/2024 | D3: 45593 | E3: 45590 | F3: 45954 | G3: 08004499 | H3: AL BARAKA BANK (PAKISTAN) LIMITED | I3: M/S. Al Baraka Bank (Pakistan) Limited User:Khawaja Adnan Farqalet | J3: HYUNDAI ELANTRA 2.0 MP1 A | K3: 2022 | L3: ALZ-424 | M3: 633253 | N3: 304093 | P3: 4845000 | Q3: 62650 | R3: 72675 | S3: 72675 | T3: 3130141526033 | U3: 0300-3212333 | V3: REN
A4: 3 | B4: KHI/HO/D/MO/PC COMP/C/100245/15/10/2024 | D4: 45593 | E4: 45578 | F4: 45942 | G4: 08004499 | H4: AL BARAKA BANK (PAKISTAN) LIMITED | I4: M/S. Al Baraka Bank (Pakistan) Limited User:Muhammad Imran | J4: SUZUKI ALTO | K4: 2022 | L4: AMJ-926 | M4: 6R250637 | N4: H1150643 | P4: 1108400 | Q4: 23888 | R4: 27710 | S4: 27710 | T4: 3520106651813 | U4: 0322-9333300 | V4: REN
A5: 4 | B5: KHI/HO/D/MO/PC COMP/C/100245/16/10/2024 | D5: 45593 | E5: 45579 | F5: 45943 | G5: 08004499 | H5: AL BARAKA BANK (PAKISTAN) LIMITED | I5: M/S. Al Baraka Bank (Pakistan) Limited User:Rehan Mehmood | J5: SUZUKI ALTO VX EURO II | K5: 2022 | L5: AMD-568 | M5: 250961 | N5: 1150921 | P5: 1473050 | Q5: 31747 | R5: 36826 | S5: 36826 | T5: 3640115109781 | U5: 0333-4977723 | V5: REN
A6: 5 | B6: KHI/HO/D/MO/PC COMP/C/100245/168/10/2024 | D6: 45593 | E6: 45577 | F6: 45941 | G6: 08004499 | H6: AL BARAKA BANK (PAKISTAN) LIMITED | I6: M/S. Al Baraka Bank (Pakistan) Limited User:Layon Ivan Patrick Lobo | J6: HONDA CITY 1.2 LS CVT | K6: 2023 | L6: BZB-199 | M6: 51019539 | N6: 034236 | P6: 4462200 | Q6: 48084 | R6: 55778 | S6: 55778 | T6: 4220198430769 | U6: 0300-8257704 | V6: REN
A7: 6 | B7: KHI/HO/D/MO/PC COMP/C/100245/17/10/2024 | D7: 45593 | E7: 45583 | F7: 45947 | G7: 08004499 | H7: AL BARAKA BANK (PAKISTAN) LIMITED | I7: M/S. Al Baraka Bank (Pakistan) Limited User:Nehal Ahmed | J7: SUZUKI ALTO VXL AGS E-2 | K7: 2022 | L7: BAW-147 | M7: 6R253021 | N7: H-1153014 | P7: 1603100 | Q7: 34549 | R7: 40078 | S7: 40078 | T7: 5230103220055 | U7: 0333-7887700 | V7: REN
A8: 7 | B8: KHI/HO/D/MO/PC COMP/C/100245/26/10/2024 | D8: 45593 | E8: 45577 | F8: 45941 | G8: 08004499 | H8: AL BARAKA BANK (PAKISTAN) LIMITED | I8: M/S. Al Baraka Bank (Pakistan) Limited User:Aziz Batool | J8: SUZUKI ALTO VXR E-2 | K8: 2021 | L8: AVH-254 | M8: 187234 | N8: 1087224 | P8: 1068000 | Q8: 23017 | R8: 26700 | S8: 26700 | T8: 3720192460774 | U8: 0343-1969934 | V8: REN
A9: 8 | B9: KHI/HO/D/MO/PC COMP/C/100245/28/10/2024 | D9: 45593 | E9: 45587 | F9: 45951 | G9: 08004499 | H9: AL BARAKA BANK (PAKISTAN) LIMITED | I9: M/S. Al Baraka Bank (Pakistan) Limited User:Imran Haider Leghari | J9: SUZUKI ALTO VXR E-2 | K9: 2021 | L9: AFV-613 | M9: 187642 | N9: 1087640 | P9: 1068000 | Q9: 23017 | R9: 26700 | S9: 26700 | T9: 3210260846063 | U9: 0333-6474347 | V9: REN
A10: 9 | B10: KHI/HO/D/MO/PC COMP/C/100245/40/10/2024 | D10: 45593 | E10: 45567 | F10: 45931 | G10: 08004499 | H10: AL BARAKA BANK (PAKISTAN) LIMITED | I10: M/S. Al Baraka Bank (Pakistan) Limited User:Muhammad Imran Khan | J10: TOYOTA COROLLA ALTIS VVT- | K10: 2020 | L10: ART-351 | M10: Q067506 | N10: 6045004 | P10: 2507250 | Q10: 54036 | R10: 62681 | S10: 62681 | T10: 3540219739381 | U10: 0300-4041366 | V10: REN
A11: 10 | B11: KHI/HO/D/MO/PC COMP/C/100245/54/10/2024 | D11: 45593 | E11: 45594 | F11: 45958 | G11: 08004499 | H11: AL BARAKA BANK (PAKISTAN) LIMITED | I11: M/S. Al Baraka Bank (Pakistan) Limited User:Syeda Zehra Batool | J11: SUZUKI ALTO VXR E-2 | K11: 2020 | L11: BSL-343 | M11: 142335 | N11: 1042275 | P11: 1224750 | Q11: 26396 | R11: 30619 | S11: 30619 | T11: 4210169995720 | U11: 0335-3053466 | V11: REN
A12: 11 | B12: KHI/HO/D/MO/PC COMP/C/100245/62/10/2024 | D12: 45593 | E12: 45589 | F12: 45953 | G12: 08004499 | H12: AL BARAKA BANK (PAKISTAN) LIMITED | I12: M/S. Al Baraka Bank (Pakistan) Limited User:Salman Ali | J12: PRINCE PEARL | K12: 2020 | L12: AAT-347 | M12: K12611481W | N12: RAILPPM20E00125 | P12: 1080000 | Q12: 18621 | R12: 21600 | S12: 21600 | T12: 3120251917929 | U12: 0308-8208208 | V12: REN
A13: 12 | B13: KHI/HO/D/MO/PC COMP/C/100245/7/10/2024 | D13: 45593 | E13: 45581 | F13: 45945 | G13: 08004499 | H13: AL BARAKA BANK (PAKISTAN) LIMITED | I13: M/S. Al Baraka Bank (Pakistan) Limited User:Malik Javed | J13: HONDA N BOX | K13: 2014 | L13: LE-19A-6513 | M13: S07A 1766029 | N13: JF1-1505594 | P13: 857500 | Q13: 25873 | R13: 30013 | S13: 30013 | T13: 3520198476263 | U13: 0301-4465015 | V13: REN
A14: 13 | B14: KHI/HO/D/MO/PC COMP/C/49561/15/05/2018 | D14: 43242 | E14: 43235 | F14: 43599 | G14: 08004499 | H14: AL BARAKA BANK (PAKISTAN) LIMITED | I14: M/S Al Baraka Bank Pakistan Limited User: Mr. Muhammad Muzaffar Mughal (Cnic No. 35202-5119350-3),(Cell No. 0321-4832045) | J14: TOYOTA COROLLA GLI 588W M | K14: 2015 | M14: Z252513 | N14: 4031441 | P14: 1416400 | Q14: 39917 | R14: 53115 | S14: 53115 | V14: REN
A15: 14 | B15: KHI/HO/D/MO/PC COMP/C/50726/6/05/2019 | D15: 43608 | E15: 43600 | F15: 43965 | G15: 08004499 | H15: AL BARAKA BANK (PAKISTAN) LIMITED | I15: M/S Al Baraka Bank Pakistan Limited User: Mr. Muhammad Muzaffar Mughal | J15: TOYOTA COROLLA GLI 588W M | K15: 2015 | M15: Z252513 | N15: 4031441 | O15: 24052-1 | P15: 1327875 | Q15: 43680 | R15: 49795 | S15: 49795 | T15: 35202-5119350-3 | U15: 0321-4832045 | V15: REN
A16: 16 | B16: KHI/HO/D/MO/PC COMP/C/54476/35/05/2021 | D16: 44344 | E16: 44315 | F16: 44679 | G16: 08004499 | H16: AL BARAKA BANK (PAKISTAN) LIMITED | I16: Mr. Safdar Abbas M/S. Al Baraka Bank (Pakistan) Limited | J16: TOYOTA COROLLA ALTIS VVT- | K16: 2018 | L16: AKV-369 | M16: Q329822 | N16: 7028877 | P16: 2057600 | Q16: 67684 | R16: 77160 | S16: 77160 | T16: 36302-0314989-7 | U16: 0345-7309684 | V16: REN
A17: 17 | B17: KHI/HO/D/MO/PC COMP/C/54476/36/05/2021 | D17: 44344 | E17: 44195 | F17: 44559 | G17: 08004499 | H17: AL BARAKA BANK (PAKISTAN) LIMITED | I17: Mr. Atif Manzoor Hpa M/S. Al Baraka Bank (Pakistan) Limited | J17: TOYOTA COROLLA XLI 1.3 | K17: 2018 | M17: Z547382 | N17: 4173230 | O17: 0333-0158347835070 | P17: 1641060 | Q17: 53982 | R17: 61540 | S17: 61540 | T17: 35201-4190422-9 | U17: 0300-4895056 | V17: REN
A18: 18 | B18: KHI/HO/D/MO/PC COMP/C/55237/68/08/2021 | C18: KHI/HO/D/MO/PC COMP/E/17584/00068/09/2021 | D18: 44445 | E18: 44435 | F18: 44799 | G18: 08004499 | H18: AL BARAKA BANK (PAKISTAN) LIMITED | I18: Hpa M/S. Al Baraka Bank (Pakistan) Limited User: Mr. Muhammad Babar | J18: HONDA CIVIC VTI PT ORIEL | K18: 2021 | M18: Z16925066 | N18: R-077528 | P18: 115000 | Q18: 1513 | R18: 1725 | S18: 1725 | T18: 35202-4084513-3 | U18: 0333-4455210 | V18: FRE
A19: 19 | B19: KHI/HO/D/MO/PC COMP/C/55586/10/09/2021 | C19: KHI/HO/D/MO/PC COMP/E/17902/00010/10/2021 | D19: 44484 | E19: 44447 | F19: 44811 | G19: 08004499 | H19: AL BARAKA BANK (PAKISTAN) LIMITED | I19: Mr. Muhammad Shahnawaz Hpa M/S. Al Baraka Bank (Pakistan) Limited | J19: TOYOTA YARIS ATIV MT 1.3 | K19: 2021 | L19: BUK-180 | M19: 2A35165 | N19: R-7021901 | O19: 0144-0158539397012 | P19: 100000 | Q19: 2193 | R19: 2500 | S19: 2500 | T19: 3130490402153 | U19: 03002841960 | V19: FRE
A20: 20 | B20: KHI/HO/D/MO/PC COMP/C/58494/24/02/2022 | D20: 44602 | E20: 44588 | F20: 44952 | G20: 08004499 | H20: AL BARAKA BANK (PAKISTAN) LIMITED | I20: Mr. Fahad Mushtaq Hpa M/S Al Baraka Bank (Pakistan) Limited | J20: HYUNDAI ELANTRA 2.0 MP1 A | K20: 2022 | M20: 962406 | N20: 302794 | O20: 0329-0158551869019 | P20: 3607920 | Q20: 55385 | R20: 63139 | S20: 3007 | T20: 35202-0788593-1 | U20: 3330457507 | V20: REN
A21: 21 | B21: KHI/HO/D/MO/PC COMP/C/60196/1/04/2022 | D21: 44665 | E21: 44620 | F21: 44984 | G21: 08004499 | H21: AL BARAKA BANK (PAKISTAN) LIMITED | I21: Mr. Imran Ali Hpa M/S. Al Baraka Bank (Pakistan) Limited | J21: TOYOTA COROLLA GLI M/T 1. | K21: 2020 | L21: LEA20-101 | M21: Z575212 | N21: 4200921 | O21: 0329-0158477069012 | P21: 2322400 | Q21: 76350 | R21: 87090 | S21: 87090 | T21: 3520271630131 | U21: 0300-4129113 | V21: REN
A22: 22 | B22: KHI/HO/D/MO/PC COMP/C/62063/54/07/2022 | D22: 44770 | E22: 44770 | F22: 45134 | G22: 08004499 | H22: AL BARAKA BANK (PAKISTAN) LIMITED | I22: Mr. Sadaqat Hpa M/S. Al Baraka Bank (Pakistan) Limited | J22: SUZUKI WAGONR | K22: 2022 | M22: 239025 | N22: 10139045 | O22: 0158492561015 | P22: 2204000 | Q22: 38666 | R22: 44080 | S22: 100 | T22: 35202-1714731-5 | U22: 0300-4185945 | V22: FRE
A23: 23 | B23: KHI/HO/D/MO/PC COMP/C/64082/19/10/2022 | C23: KHI/HO/D/MO/PC COMP/E/22204/00019/11/2022 | D23: 44887 | E23: 44847 | F23: 45211 | G23: 08004499 | H23: AL BARAKA BANK (PAKISTAN) LIMITED | I23: Mr. Muhammad Imran Hpa M/S. Al Baraka Bank (Pakistan) Limited | J23: SUZUKI ALTO | K23: 2022 | M23: 6R250637 | N23: H1150643 | O23: 0329-0158568232019 | P23: 2000 | Q23: 44 | R23: 50 | S23: 50 | T23: 35201-0665181-3 | U23: 0322-9333300 | V23: FRE
A24: 26 | B24: KHI/HO/D/MO/PC COMP/C/67797/108/02/2023 | D24: 44973 | E24: 44985 | F24: 45349 | G24: 08004499 | H24: AL BARAKA BANK (PAKISTAN) LIMITED | I24: Mr. Umair Shahzad Hpa M/S Al Baraka Bank (Pakistan) Limited | J24: SUZUKI WAGON R VXL | K24: 2022 | L24: L E - 19A- 4333 | M24: pk10B 199398 | N24: A1J310PK 10099391 | O24: 0423-0158565040019 | P24: 1530000 | Q24: 33552 | R24: 38250 | S24: 38250 | T24: 33100-8960123-9 | U24: 0306-7923001 | V24: REN
A25: 30 | B25: KHI/HO/D/MO/PC COMP/C/70036/33/04/2023 | C25: KHI/HO/D/MO/PC COMP/E/33621/00033/10/2023 | D25: 45226 | E25: 45044 | F25: 45409 | G25: 08004499 | H25: AL BARAKA BANK (PAKISTAN) LIMITED | I25: Mr. Noman Mehdi Hpa M/S. Al Baraka Bank Pakistan Limited | J25: TOYOTA YARIS ATIV X CVT | K25: 2021 | M25: 24518 | N25: 9509772 | O25: 0150-0158513906013 | P25: 1479750 | Q25: 9922 | R25: 11311 | S25: 11311 | T25: 42201-0298934-3 | U25: 0331-2156400 | V25: REN
A26: 32 | B26: KHI/HO/D/MO/PC COMP/C/70038/18/04/2023 | D26: 45042 | E26: 45046 | F26: 45411 | G26: 08004499 | H26: AL BARAKA BANK (PAKISTAN) LIMITED | I26: Mr. Muhammad Kamran Riaz Hpa M/S. Al Baraka Bank (Pakistan) Limited | J26: SUZUKI WAGON R VXL AGS | K26: 2019 | L26: LEE-19-8850 | M26: 192111 | N26: 10092099 | O26: 8880-0158445660018 | P26: 1008000 | Q26: 33157 | R26: 37800 | S26: 37800 | T26: 35202-8023349-3 | U26: 0310-4400042 | V26: REN
A27: 33 | B27: KHI/HO/D/MO/PC COMP/C/71697/10/06/2023 | D27: 45083 | E27: 45084 | F27: 45449 | G27: 08004499 | H27: AL BARAKA BANK (PAKISTAN) LIMITED | I27: Mr. Manzoor Ahmad M/S Al Baraka Bank Pakistan Limited | J27: SUZUKI ALTO VXR | K27: 2022 | L27: APK-834 | M27: 6R233563 | N27: 1133544 | O27: 0158527786023 | P27: 1391400 | Q27: 30513 | R27: 34785 | S27: 34785 | T27: 35202-6840699-1 | U27: 0346-4625052 | V27: REN
A28: 35 | B28: KHI/HO/D/MO/PC COMP/C/72871/6/07/2023 | D28: 45120 | E28: 45113 | F28: 45478 | G28: 08004499 | H28: AL BARAKA BANK (PAKISTAN) LIMITED | I28: Mr. Sarwar Ijaz Yousaf Hpa M/S. Al Baraka Bank Pakistan Limited | J28: KIA PICANTO 1.0L A/T | K28: 2021 | L28: AED-923 | M28: 007315 | N28: 705193 | O28: 0329-015853493948035 | P28: 1761200 | Q28: 38623 | R28: 44030 | S28: 44030 | T28: 35201-1366351-9 | U28: 0305-4051947 | V28: REN
A29: 36 | B29: KHI/HO/D/MO/PC COMP/C/72882/14/07/2023 | D29: 45121 | E29: 45122 | F29: 45487 | G29: 08004499 | H29: AL BARAKA BANK (PAKISTAN) LIMITED | I29: Mr. Tariq Mehmood Khan Hpa M/S. Al Baraka Bank Pakistan Limited | J29: SUZUKI CULTUS VXL EURO II | K29: 2021 | L29: AUE-852 | M29: 178707 | N29: 10078700 | O29: 0158531470010 | P29: 1712880 | Q29: 37563 | R29: 42822 | S29: 2379 | T29: 61101-0332684-9 | U29: 0331-5022818 | V29: REN
A30: 37 | B30: KHI/HO/D/MO/PC COMP/C/73558/29/08/2023 | D30: 45169 | E30: 45169 | F30: 45534 | G30: 08004499 | H30: AL BARAKA BANK (PAKISTAN) LIMITED | I30: Mr Faraz Khan Hpa M/S. Al Baraka Bank (Pakistan) Limited | J30: CHANGAN ALSVIN LUMEIRE | K30: 2021 | L30: BVY-587 | M30: 507324 | N30: 001530 | O30: 0150-0158286624029 | P30: 3500000 | Q30: 46052 | R30: 52500 | S30: 52500 | T30: 4210179692533 | U30: 03361175137 | V30: FRE
A31: 38 | B31: KHI/HO/D/MO/PC COMP/C/73778/42/08/2023 | D31: 45147 | E31: 45154 | F31: 45519 | G31: 08004499 | H31: AL BARAKA BANK (PAKISTAN) LIMITED | I31: Mr. Nadeem Iqbal Hpa M/S. Al Baraka Bank (Pakistan) Limited | J31: TOYOTA YARIS ATIV CVT | K31: 2021 | L31: AEM-451 | M31: 2A33905 | N31: 7021031 | O31: 0329-0158542406018 | P31: 2297550 | Q31: 50385 | R31: 57439 | S31: 57439 | T31: 35202-2956612-5 | U31: 0300-4434559 | V31: REN
A32: 39 | B32: KHI/HO/D/MO/PC COMP/C/73783/5/08/2023 | D32: 45147 | E32: 45169 | F32: 45534 | G32: 08004499 | H32: AL BARAKA BANK (PAKISTAN) LIMITED | I32: Mr. Muhammad Iftikhar Shaheen Hpa M/S. Al Baraka Bank (Pakistan) Limited | J32: SUZUKI CULTUS VXR EURO-II | K32: 2014 | L32: LE-14-1776 | M32: 587861 | N32: 494732 | O32: 0432-0158420677024 | P32: 490000 | Q32: 16119 | R32: 18375 | S32: 18375 | T32: 36303-2959950-7 | U32: 0301-6585071 | V32: REN
A33: 40 | B33: KHI/HO/D/MO/PC COMP/C/73784/17/08/2023 | D33: 45147 | E33: 45168 | F33: 45533 | G33: 08004499 | H33: AL BARAKA BANK (PAKISTAN) LIMITED | I33: Mr. Ahmad Murtaza Hpa M/S. Al Baraka Bank (Pakistan) Limited | J33: SUZUKI ALTO VXL AGS E-2 | K33: 2019 | L33: LEH-19-8447 | M33: R100670 | N33: 1000635 | O33: 0334-0158460045013 | P33: 1046250 | Q33: 34416 | R33: 39234 | S33: 39234 | T33: 35202-2678669-9 | U33: 0345-6380511 | V33: REN
A34: 41 | B34: KHI/HO/D/MO/PC COMP/C/75212/45/09/2023 | D34: 45181 | E34: 45199 | F34: 45564 | G34: 08004499 | H34: AL BARAKA BANK (PAKISTAN) LIMITED | I34: Mr. Muzammil Sultan Hpa M/S. Al Baraka Bank (Pakistan) Limited | J34: SUZUKI HUSTLER | K34: 2014 | L34: LEF-18-1825 | M34: 587928 | N34: 248447 | O34: 0329-0158504578015 | P34: 1040000 | Q34: 22807 | R34: 26000 | S34: 26000 | T34: 35201-8859207-5 | U34: 0304-4868643 | V34: REN
A35: 42 | B35: KHI/HO/D/MO/CV/C/76377/2/10/2023 | D35: 45208 | E35: 45210 | F35: 45575 | G35: 08004499 | H35: AL BARAKA BANK (PAKISTAN) LIMITED | I35: Mr. Muhammad Irfan Hassan Hpa M/S. Al Baraka Bank (Pakistan) Limited | J35: SUZUKI RAVI VX EURO II | K35: 2018 | L35: LET-18-2500 | M35: 340052 | N35: 444709 | O35: 0318-0158393987047 | P35: 529200 | Q35: 17408 | R35: 19845 | S35: 19845 | T35: 35202-1142411-3 | U35: 0322-4057066 | V35: REN
A36: 45 | B36: KHI/HO/D/MO/PC COMP/C/77944/49/11/2023 | D36: 45243 | E36: 45260 | F36: 45625 | G36: 08004499 | H36: AL BARAKA BANK (PAKISTAN) LIMITED | I36: Mr. Asad Ur Rehman Hpa M/S Al Baraka Bank ( Pakistan ) Limited | J36: SUZUKI CULTUS | K36: 2018 | L36: LEB-18-5272 | M36: 116918 | N36: 10016932 | O36: 0329-0158588327024 | P36: 1665000 | Q36: 29211 | R36: 33300 | S36: 33300 | T36: 35202-6681934-9 | U36: 0322-8844215 | V36: REN
A37: 47 | B37: KHI/HO/D/MO/PC COMP/C/77949/38/11/2023 | D37: 45243 | E37: 45249 | F37: 45614 | G37: 08004499 | H37: AL BARAKA BANK (PAKISTAN) LIMITED | I37: Mr. Sohail Akhtar Hpa M/S. Al Baraka Bank (Pakistan) Limited | J37: TOYOTA COROLLA ALTIS A/T | K37: 2021 | L37: BVB-717 | M37: Q083847 | N37: 6061338 | O37: 0144-0158532430017 | P37: 2929500 | Q37: 32122 | R37: 36619 | S37: 2039 | T37: 42000-4357310-7 | U37: 0333-1034923 | V37: REN
A38: 48 | B38: KHI/HO/D/MO/CV/P/78003/11/2023 | D38: 45243 | E38: 45236 | F38: 47062 | G38: 08004499 | H38: AL BARAKA BANK (PAKISTAN) LIMITED | I38: Mr. Zulfiqar Ali HPA M/s. Al Baraka Bank (Pakistan) Limited Cnic No. 33100-2489572-1 Cell No. | J38: MESSY FERGUSEN MF-385 | K38: 2023 | L38: CAQ-8730 | M38: 618004 J | N38: 902141723 | P38: 3465000 | Q38: 75943 | R38: 86625 | S38: 86625 | V38: FRE
A39: 49 | B39: KHI/HO/D/MO/PC COMP/C/78104/4/11/2023 | D39: 45245 | E39: 45253 | F39: 45618 | G39: 08004499 | H39: AL BARAKA BANK (PAKISTAN) LIMITED | I39: Hpa M/S. Al Baraka Bank (Pakistan) Limited User: Imran Mehmood | J39: SUZUKI WAGON-R VXL E2 | K39: 2018 | L39: LEA-19-3100 | M39: 177360 | N39: 10077353 | O39: 0318-0158420742013 | P39: 891800 | Q39: 29336 | R39: 33443 | S39: 33443 | T39: 3520104051913 | U39: 0321-9464455 | V39: REN
A40: 50 | B40: KHI/HO/D/MO/PC COMP/C/78104/5/11/2023 | D40: 45245 | E40: 45237 | F40: 45602 | G40: 08004499 | H40: AL BARAKA BANK (PAKISTAN) LIMITED | I40: Hpa M/S. Al Baraka Bank (Pakistan) Limited User: Muhammad Kashif Javed | J40: TOYOTA COROLLA XLI 1.3 | K40: 2018 | L40: LED-19-3004 | M40: Z541722 | N40: 4167558 | O40: 0318-0158427595017 | P40: 1613250 | Q40: 53067 | R40: 60497 | S40: 60497 | T40: 3520222692645 | U40: 0333-4443107 | V40: REN
A41: 51 | B41: KHI/HO/D/MO/CV/C/79892/1/12/2023 | D41: 45278 | E41: 45286 | F41: 45651 | G41: 08004499 | H41: AL BARAKA BANK (PAKISTAN) LIMITED | I41: Mr. Mehmood Ali Hpa M/S. Al Baraka Bank (Pakistan) Limited | J41: SUZUKI RAVI VX | K41: 2018 | L41: LES-19-1191 | M41: 346303 | N41: 450982 | O41: 0329-0158433025018 | P41: 529200 | Q41: 17408 | R41: 19845 | S41: 19845 | T41: 35202-9682038-5 | U41: 0300-4489674 | V41: REN
A42: 52 | B42: KHI/HO/D/MO/CV/P/80024/12/2023 | D42: 45279 | E42: 45274 | F42: 45639 | G42: 08004499 | H42: AL BARAKA BANK (PAKISTAN) LIMITED | I42: Mr. Kashif Munawar HPA M/s. Al Baraka Bank Limited CNIC No. 35401-5116956-3 | J42: MESSY FERGUSEN MF-385 | K42: 2023 | L42: CAQ-2884 | M42: 619521-J | N42: 90277/22/23 | P42: 3465000 | Q42: 75943 | R42: 86625 | S42: 86625 | V42: FRE
A43: 53 | B43: KHI/HO/D/MO/PC COMP/C/80337/1/12/2023 | C43: KHI/HO/D/MO/PC COMP/E/42115/00001/05/2024 | D43: 45442 | E43: 45262 | F43: 45627 | G43: 08004499 | H43: AL BARAKA BANK (PAKISTAN) LIMITED | I43: Mr. Kashif Farooq Hpa M/S. Al Baraka Bank (Pakistan) Limited | J43: SUZUKI WAGON R VXL | K43: 2021 | L43: AHK-788 | M43: 224515 | N43: 10124530 | O43: 015855351010 | P43: -1574200 | Q43: -3015 | R43: -3437 | S43: 50 | T43: 37201-3381269-1 | U43: 0303-5647788 | V43: REN
A44: 54 | B44: KHI/HO/D/MO/PC COMP/C/80337/44/12/2023 | D44: 45286 | E44: 45282 | F44: 45647 | G44: 08004499 | H44: AL BARAKA BANK (PAKISTAN) LIMITED | I44: Mr. Malik Qaiser Muhammad Awan Hpa M/S. Al Baraka Bank (Pakistan) Limited | J44: KIA SPORTAGE FWD | K44: 2021 | M44: 314721 | N44: 109160 | O44: 0307-0158561548011 | P44: 3677950 | Q44: 48394 | R44: 55169 | S44: 55169 | T44: 35201-1561662-9 | U44: 0302-6999215 | V44: REN
A45: 55 | B45: KHI/HO/D/MO/PC COMP/C/80354/14/12/2023 | D45: 45286 | E45: 45291 | F45: 45656 | G45: 08004499 | H45: AL BARAKA BANK (PAKISTAN) LIMITED | I45: Mr. Salamat Ali Hpa M/S. Al Baraka Bank (Pakistan) Limited | J45: SUZUKI CULTUS VXR EURO-II | K45: 2013 | L45: LED-13-6321 | M45: PKF578852 | N45: SF410PK485721 | O45: 0423-0158469382016 | P45: 675000 | Q45: 17763 | R45: 20250 | S45: 20250 | T45: 33102-8128335-5 | U45: 0307-2816206 | V45: REN
A46: 56 | B46: KHI/HO/D/MO/PC COMP/C/82368/10/01/2024 | D46: 45316 | E46: 45319 | F46: 45684 | G46: 08004499 | H46: AL BARAKA BANK (PAKISTAN) LIMITED | I46: Mr. Muhammad Aism Qayyum Chohan Hpa M/S. Al Baraka Bank (Pakistan) Limited | J46: SUZUKI CULTUS VXL | K46: 2020 | M46: 154791 | N46: 10054777 | O46: 0158475258021 | P46: 1391250 | Q46: 32950 | R46: 37564 | S46: 37564 | T46: 33202-9592951-7 | U46: 0313-8611177 | V46: REN
A47: 57 | B47: KHI/HO/D/MO/PC COMP/C/82384/48/01/2024 | C47: KHI/HO/D/MO/PC COMP/E/36994/00048/02/2024 | D47: 45334 | E47: 45319 | F47: 45684 | G47: 08004499 | H47: AL BARAKA BANK (PAKISTAN) LIMITED | I47: Mr. Hassan Ali Sadiq Hpa M/S Al Baraka Bank (Pakistan) Limited | J47: KIA PICANTO 1.0L A/T | K47: 2020 | L47: BRD-806 | M47: 148179 | N47: 700519 | O47: 0144-0158561149015 | P47: 1001250 | Q47: 15034 | R47: 17138 | S47: 17138 | T47: 42201-6304795-5 | U47: 0305-5766501 | V47: REN
A48: 58 | B48: KHI/HO/D/MO/PC COMP/C/83022/7/02/2024 | D48: 45331 | E48: 45331 | F48: 45696 | G48: 08004499 | H48: AL BARAKA BANK (PAKISTAN) LIMITED | I48: Mr Muhammad Tayyab Hpa M/S. Al Baraka Bank (Pakistan) Limited | J48: SUZUKI CULTUS VXR EURO-II | K48: 2017 | L48: LEC-17-8578 | M48: 637250 | N48: 544125 | O48: 0329-015863780 | P48: 1450000 | Q48: 25439 | R48: 29000 | S48: 29000 | T48: 35201-2967966-9 | U48: 0307-4190145 | V48: FRE
A49: 59 | B49: KHI/HO/D/MO/CV/P/83823/02/2024 | D49: 45341 | E49: 45323 | F49: 47149 | G49: 08004499 | H49: AL BARAKA BANK (PAKISTAN) LIMITED | I49: Mr. Naseer Ahmad CNIC No. 31303-3836555-9 Cell No. 03039795100 | J49: MILLAT TRACTOR MF 385 | K49: 2023 | L49: CAR-9912 | M49: 619338 J | N49: 902702423 | P49: 3465000 | Q49: 75943 | R49: 86625 | S49: 86625 | V49: FRE
A50: 60 | B50: KHI/HO/D/MO/PC COMP/C/84011/21/02/2024 | D50: 45349 | E50: 45333 | F50: 45698 | G50: 08004499 | H50: AL BARAKA BANK (PAKISTAN) LIMITED | I50: Ms.Urfa Noreen Hpa M/S Al Baraka Bank (Pakistan) Limited | J50: PRINCE PEARL | K50: 2020 | L50: AEQ-20-307 | M50: 460339 | N50: 20G00427 | O50: 0329-0158564704016 | P50: 807500 | Q50: 17709 | R50: 20188 | S50: 20188 | T50: 35202-2078937-0 | U50: 0303-0284480 | V50: REN
A51: 62 | B51: KHI/HO/D/MO/PC COMP/C/84285/14/02/2024 | D51: 45349 | E51: 45337 | F51: 45702 | G51: 08004499 | H51: AL BARAKA BANK (PAKISTAN) LIMITED | I51: Mr. Nadeem Bashir Hpa M/S. Al Baraka Bank Pakistan Limited | J51: SUZUKI WAGON-R VXL E2 | K51: 2021 | M51: 204303 | N51: 10104290 | O51: 0150-0158357180053 | P51: 1512000 | Q51: 33157 | R51: 37800 | S51: 37800 | T51: 61101-0527571-9 | U51: 0300-5555840 | V51: REN
A52: 63 | B52: KHI/HO/D/MO/PC COMP/C/84685/4/02/2024 | D52: 45351 | E52: 45351 | F52: 45715 | G52: 08004499 | H52: AL BARAKA BANK (PAKISTAN) LIMITED | I52: Mr. Khair Muhammad Hpa M/S. Al Baraka Bank (Pakistan) Limited | J52: SUZUKI BOLAN STD VX EURO | K52: 2019 | L52: CY-4337 | M52: 994495 | N52: 01111007 | O52: 0144-0158440228017 | P52: 597800 | Q52: 19665 | R52: 22418 | S52: 22418 | T52: 42201-0262788-9 | U52: 0345-2200737 | V52: REN
A53: 64 | B53: KHI/HO/D/MO/CV/C/85008/1/03/2024 | D53: 45357 | E53: 45353 | F53: 45717 | G53: 08004499 | H53: AL BARAKA BANK (PAKISTAN) LIMITED | I53: Mr. Atif Khan Hpa M/S. Al Baraka Bank (Pakistan) Limited | J53: JAC X-200 | K53: 2021 | L53: KZ-7066 | M53: L4018839 | N53: L1803436 | O53: 0144-0158493263054 | P53: 2124000 | Q53: 69825 | R53: 79650 | S53: 31350 | T53: 42101-1681732-7 | U53: 0342-8114827 | V53: REN
A54: 65 | B54: KHI/HO/D/MO/PC COMP/C/85019/1/03/2024 | D54: 45357 | E54: 45381 | F54: 45745 | G54: 08004499 | H54: AL BARAKA BANK (PAKISTAN) LIMITED | I54: Ms. Salma Shaikh Hp M/S. Al Baraka Bank (Pakistan) Limited | J54: SUZUKI WAGON-R VXR | K54: 2015 | L54: BDG-776 | M54: 102174 | N54: 10002272 | O54: 0150-0158527775010 | P54: 968000 | Q54: 21184 | R54: 24200 | S54: 24200 | T54: 4210172567246 | U54: 0331-3189198 | V54: REN
A55: 66 | B55: KHI/HO/D/MO/PC COMP/C/85019/15/03/2024 | D55: 45357 | E55: 45378 | F55: 45742 | G55: 08004499 | H55: AL BARAKA BANK (PAKISTAN) LIMITED | I55: Mr. Kashif Ali Hpa M/S. Al Baraka Bank (Pakistan) Limited | J55: HONDA CITY | K55: 2017 | L55: BJZ-008 | M55: L13Z17463762 | N55: NFBGM1645HR207133 | O55: 0423-0158603150019 | P55: 2790000 | Q55: 48948 | R55: 55800 | S55: 55800 | T55: 33102-3628047-1 | U55: 03216665512 | V55: REN
A56: 67 | B56: KHI/HO/D/MO/PC COMP/C/85019/17/03/2024 | D56: 45357 | E56: 45380 | F56: 45744 | G56: 08004499 | H56: AL BARAKA BANK (PAKISTAN) LIMITED | I56: Mr. Muhammad Haider Ali Hpa M/S. Al Baraka Bank (Pakistan) Limited | J56: HONDA CIVIC VTI ORIEL PT | K56: 2016 | L56: LEH-16-764 | M56: 71400471 | N56: R02095 | O56: 0431-018603126018 | P56: 3600000 | Q56: 47368 | R56: 54000 | S56: 54000 | T56: 32302-0497990-1 | U56: 0313-8638888 | V56: REN
A57: 68 | B57: KHI/HO/D/MO/PC COMP/C/85019/32/03/2024 | D57: 45357 | E57: 45382 | F57: 45746 | G57: 08004499 | H57: AL BARAKA BANK (PAKISTAN) LIMITED | I57: Mr. Shafqat Hussain Khan Hpa M/S. Al Baraka Bank (Pakistan) Limited | J57: SUZUKI ALTO VXR | K57: 2022 | L57: BBU-776 | M57: 212123 | N57: 1112123 | O57: 0158603822024 | P57: 1663200 | Q57: 29179 | R57: 33264 | S57: 33264 | T57: 38403-2067662-9 | U57: 0333-1910331 | V57: REN
A58: 69 | B58: KHI/HO/D/MO/PC COMP/C/85019/8/03/2024 | D58: 45357 | E58: 45365 | F58: 45729 | G58: 08004499 | H58: AL BARAKA BANK (PAKISTAN) LIMITED | I58: Mr. Amir Shahzad Hpa M/S. Al Baraka Bank (Pakistan) Limited | J58: SUZUKI ALTO | K58: 2023 | L58: ANQ-547 | M58: 269806 | N58: 1169772 | O58: 0461-158549989029 | P58: 1778400 | Q58: 31200 | R58: 35568 | S58: 35568 | T58: 31303-0625854-7 | U58: 0300-8778898 | V58: REN
A59: 70 | B59: KHI/HO/D/MO/PC COMP/C/85019/9/03/2024 | D59: 45357 | E59: 45366 | F59: 45730 | G59: 08004499 | H59: AL BARAKA BANK (PAKISTAN) LIMITED | I59: Mr. Muhammad Junaid Hpa M/S. Al Baraka Bank (Pakistan) Limited | J59: SUZUKI SWIFT DLX A/T NAV. | K59: 2019 | L59: LE-20-9097 | M59: PKS13047710 | N59: K10047707 | O59: 0329-0158603283010 | P59: 2025000 | Q59: 35527 | R59: 40500 | S59: 40500 | T59: 42501-1490482-3 | U59: 0300-4595937 | V59: REN
A60: 71 | B60: KHI/HO/D/MO/PC COMP/C/85047/40/03/2024 | D60: 45358 | E60: 45369 | F60: 45733 | G60: 08004499 | H60: AL BARAKA BANK (PAKISTAN) LIMITED | I60: Mr. Hafiz Muhammad Adeel Hpa M/S Al Baraka Bank (Pakistan) Limited | J60: SUZUKI ALTO | K60: 2022 | L60: AJH-569 | M60: 206921 | N60: 1106853 | O60: 0431-0158546300028 | P60: 1314100 | Q60: 28819 | R60: 32853 | S60: 32853 | T60: 36302-6073244-5 | U60: 0301-2913388 | V60: REN
A61: 72 | B61: KHI/HO/D/MO/PC COMP/C/85047/45/03/2024 | D61: 45358 | E61: 45373 | F61: 45737 | G61: 08004499 | H61: AL BARAKA BANK (PAKISTAN) LIMITED | I61: Mr. Adil Usman Hpa M/S Al Baraka Bank (Pakistan) Limited | J61: SUZUKI CULTUS VXR | K61: 2022 | L61: AJD-145 | M61: 193915 | N61: 10093892 | O61: 0423-0158565457042 | P61: 3983950 | Q61: 52420 | R61: 59759 | S61: 8291 | T61: 33102-4986364-5 | U61: 03187000337 | V61: REN
A62: 73 | B62: KHI/HO/D/MO/PC COMP/C/85047/48/03/2024 | D62: 45358 | E62: 45375 | F62: 45739 | G62: 08004499 | H62: AL BARAKA BANK (PAKISTAN) LIMITED | I62: Mr. Awais Aslam Hpa M/S Al Baraka Bank (Pakistan) Limited | J62: KIA PICANTO 1.0L A/T | K62: 2022 | L62: AMJ-889 | M62: 170011 | N62: 709496 | O62: 0329-0158552897029 | P62: 2868750 | Q62: 44038 | R62: 50203 | S62: 903 | T62: 35202-1188244-1 | U62: 0321-4048418 | V62: REN
A63: 74 | B63: KHI/HO/D/MO/PC COMP/C/85047/49/03/2024 | D63: 45358 | E63: 45375 | F63: 45739 | G63: 08004499 | H63: AL BARAKA BANK (PAKISTAN) LIMITED | I63: Mr. Waleed Islam Hpa M/S Al Baraka Bank (Pakistan) Limited | J63: SUZUKI CULTUS VXL EURO II | K63: 2019 | L63: LEH-19-8656 | M63: K149355 | N63: H10049366 | O63: 0329-0158562172025 | P63: 3697500 | Q63: 48651 | R63: 55463 | S63: 55463 | T63: 35202-5797543-3 | U63: 0300-9445549 | V63: REN
... A65: 76 | B65: KHI/HO/D/MO/PC COMP/C/85077/4/03/2024 | D65: 45358 | E65: 45380 | F65: 45744 | G65: 08004499 | H65: AL BARAKA BANK (PAKISTAN) LIMITED | I65: Mr. Raheel Anwar Hpa M/S. Al Baraka Bank (Pakistan) Limited. | J65: TOYOTA COROLLA GLI M/T 1. | K65: 2016 | L65: LE-17-2611 | M65: Z470251 | N65: R4100346 | O65: 0329-01584351600016 | P65: 1856250 | Q65: 61060 | R65: 69609 | S65: 69609 | T65: 32203-3815501-7 | U65: 0321-2737003 | V65: REN
A66: 77 | B66: KHI/HO/D/MO/CV/P/86492/04/2024 | D66: 45383 | E66: 45364 | F66: 47189 | G66: 08004499 | H66: AL BARAKA BANK (PAKISTAN) LIMITED | I66: HPA Mr. Shah Nawaz M/s.Al Baraka Bank Pakistan Limited CNIC No. 12101-2072396-1 Cell No. 03467870044 | J66: MESSY FERGUSEN MF-385 | K66: 2023 | L66: K-3113 | M66: 619053J | N66: 90256/13/23 | P66: 3465000 | Q66: 75943 | R66: 86625 | S66: 86625 | V66: FRE
A67: 78 | B67: KHI/HO/D/MO/CV/P/86495/04/2024 | D67: 45383 | E67: 45372 | F67: 47197 | G67: 08004499 | H67: AL BARAKA BANK (PAKISTAN) LIMITED | I67: Mr. Muhammad Ibrahim HPA M/s. Al Baraka Bank Pakistan Limited CNIC No. 12101-2236831-1 Cell No. 03459871478 | J67: BELARUS TRACTOR | K67: 2023 | L67: K3000 | M67: 208827 | N67: Y4R510Z02P1105082 | P67: 5600000 | Q67: 122763 | R67: 140000 | S67: 140000 | V67: FRE
A68: 79 | B68: KHI/HO/D/MO/PC COMP/C/86550/22/04/2024 | D68: 45404 | E68: 45404 | F68: 45768 | G68: 08004499 | H68: AL BARAKA BANK (PAKISTAN) LIMITED | I68: User Mr. Khalid Mehmood Hpa M/S. Al Baraka Bank Pakistan Limited | J68: TOYOTA YARIS | K68: 2020 | L68: AAN-359 | M68: 2A08640 | N68: NSP151R9503669 | O68: 0423-0158642882017 | P68: 4100000 | Q68: 71930 | R68: 82000 | S68: 20500 | T68: 33100-3122209-7 | U68: 0304-6167418 | V68: FRE
A69: 80 | B69: KHI/HO/D/MO/PC COMP/C/86550/7/04/2024 | D69: 45390 | E69: 45390 | F69: 45754 | G69: 08004499 | H69: AL BARAKA BANK (PAKISTAN) LIMITED | I69: Mr. Ashar Azfar Hussain Hpa M/S. Al Baraka Bank Pakistan Limited | J69: TOYOTA COROLLA ALTIS 1.6 | K69: 2022 | L69: BXS-357 | M69: Q096872 | N69: R6074367 | O69: 0144-0158639122012 | P69: 5375000 | Q69: 70724 | R69: 80625 | S69: 80625 | T69: 42101-4023636-7 | V69: FRE
A70: 81 | B70: KHI/HO/D/MO/PC COMP/C/86550/9/04/2024 | D70: 45390 | E70: 45390 | F70: 45754 | G70: 08004499 | H70: AL BARAKA BANK (PAKISTAN) LIMITED | I70: M/S. Meezan Bank Limited Main Branch Karachi User A/C .Muhammad Yusuf Munim Mohajir | J70: SUZUKI ALTO VXR | K70: 2024 | M70: 6R297940 | N70: NF1AET306H1197915 | O70: CI-2024-9920-0003 | P70: 2894000 | Q70: 38079 | R70: 43410 | S70: 43410 | T70: 4230197595821 | U70: 03323155306 | V70: FRE
A71: 82 | B71: KHI/HO/D/MO/CV/P/86585/04/2024 | D71: 45384 | E71: 45379 | F71: 47204 | G71: 08004499 | H71: AL BARAKA BANK (PAKISTAN) LIMITED | I71: Mr. Muhammad Mumtaz HPA M/s. AL Baraka Bank Pakistan Limited CNIC No. 36603-0733661-9 Cell No. 0300-7665595 | J71: MESSY FERGUSEN MF-385 | K71: 2023 | L71: CAR-4516 | M71: 619918J | N71: 902950123 | P71: 3465000 | Q71: 75943 | R71: 86625 | S71: 86625 | V71: FRE
A72: 83 | B72: KHI/HO/D/MO/PC COMP/C/86635/1/04/2024 | D72: 45385 | E72: 45386 | F72: 45750 | G72: 08004499 | H72: AL BARAKA BANK (PAKISTAN) LIMITED | I72: Mr. Muhammad Ghufran Hp M/S. Al Baraka Bank (Pakistan) Limited | J72: SUZUKI ALTO VXL AGS E-2 | K72: 2023 | L72: BBX-536 | M72: 272099 | N72: 1172073 | O72: 0158580354013 | P72: 1755900 | Q72: 30761 | R72: 35118 | S72: 35118 | T72: 14203-6263542-1 | U72: 0346-7017457 | V72: REN
A73: 84 | B73: KHI/HO/D/MO/PC COMP/C/86646/30/04/2024 | D73: 45385 | E73: 45395 | F73: 45759 | G73: 08004499 | H73: AL BARAKA BANK (PAKISTAN) LIMITED | I73: Mr. Muhammad Mujahid Iqbal Hpa M/S. Al Baraka Bank (Pakistan) Limited | J73: SUZUKI WAGON R VXL | K73: 2022 | L73: AYT-667 | M73: 231645 | N73: 10131653 | O73: 0158560030023 | P73: 1716150 | Q73: 37635 | R73: 42904 | S73: 42904 | T73: 37103-7230925-3 | U73: 0316-5759599 | V73: REN
A74: 85 | B74: KHI/HO/D/MO/PC COMP/C/86646/38/04/2024 | D74: 45385 | E74: 45398 | F74: 45762 | G74: 08004499 | H74: AL BARAKA BANK (PAKISTAN) LIMITED | I74: Mr. Muhammad Sarfaraz Akhtar Hpa M/S. Al Baraka Bank (Pakistan) Limited | J74: SUZUKI WAGON-R VXL E2 | K74: 2022 | L74: AJP-160 | M74: B233079 | N74: PK10133088 | O74: 0303-0158256147021 | P74: 1678750 | Q74: 25770 | R74: 29378 | S74: 29378 | T74: 35202-2643632-3 | U74: 0333-4345136 | V74: REN
A75: 86 | B75: KHI/HO/D/MO/PC COMP/C/86646/39/04/2024 | D75: 45385 | E75: 45400 | F75: 45764 | G75: 08004499 | H75: AL BARAKA BANK (PAKISTAN) LIMITED | I75: Mr. Shahid Jamil Malik Hpa M/S. Al Baraka Bank (Pakistan) Limited | J75: TOYOTA COROLLA GLI M/T 1. | K75: 2017 | L75: ACT-571 | M75: 476417 | N75: 4103217 | O75: 015871185013 | P75: 2125000 | Q75: 46601 | R75: 53125 | S75: 53125 | T75: 61101-3918946-7 | U75: 0333-5221249 | V75: REN
A76: 87 | B76: KHI/HO/D/MO/PC COMP/C/86646/50/04/2024 | D76: 45385 | E76: 45402 | F76: 45766 | G76: 08004499 | H76: AL BARAKA BANK (PAKISTAN) LIMITED | I76: Mr. Hafiz Dilawar Hussain Hpa M/S. Al Baraka Bank (Pakistan) Limited | J76: SUZUKI WAGON-R VXR | K76: 2022 | L76: AGX-876 | M76: 233940 | N76: 10133915 | O76: 0158260415056 | P76: 1809650 | Q76: 39685 | R76: 45241 | S76: 18096 | T76: 31203-1719042-7 | U76: 0300-7858502 | V76: REN
A77: 88 | B77: KHI/HO/D/MO/PC COMP/C/86646/51/04/2024 | C77: KHI/HO/D/MO/PC COMP/E/44401/00051/08/2024 | D77: 45506 | E77: 45410 | F77: 45774 | G77: 08004499 | H77: AL BARAKA BANK (PAKISTAN) LIMITED | I77: Mr. Muhammad Danish Hpa M/S. Al Baraka Bank (Pakistan) Limited | J77: SUZUKI BOLAN STD VX EURO | K77: 2022 | L77: AZE-365 | M77: 1022789 | N77: 01139300 | O77: 0158573734010 | P77: 67000 | Q77: 1444 | R77: 1675 | S77: 1675 | T77: 37405-5247345-9 | U77: 0311-0051602 | V77: REN
A78: 89 | B78: KHI/HO/D/MO/PC COMP/C/86646/7/04/2024 | D78: 45385 | E78: 45387 | F78: 45751 | G78: 08004499 | H78: AL BARAKA BANK (PAKISTAN) LIMITED | I78: Ms. Abida Ishaq Mir Hpa M/S Al Baraka Bank (Pakistan) Limited | J78: SUZUKI ALTO VXR | K78: 2022 | L78: AYC-360 | M78: 223962 | N78: 1123951 | O78: 0158337068041 | P78: 1314100 | Q78: 20173 | R78: 22997 | S78: 22997 | T78: 37405-9566520-2 | U78: 0333-8302220 | V78: REN
A79: 90 | B79: KHI/HO/D/MO/PC COMP/C/86646/74/04/2024 | D79: 45385 | E79: 45409 | F79: 45773 | G79: 08004499 | H79: AL BARAKA BANK (PAKISTAN) LIMITED | I79: Mr. Sheharyar Tanveer Hpa M/S. Al Baraka Bank Pakistan Limited | J79: TOYOTA YARIS GLI CVT | K79: 2022 | L79: AJU-241 | M79: 2A50591 | N79: 7031867 | O79: 03290158560159015 | P79: 2427600 | Q79: 37265 | R79: 42483 | S79: 42483 | T79: 35202-1484849-7 | U79: 0311-7502422 | V79: REN
A80: 91 | B80: KHI/HO/D/MO/PC COMP/C/86646/89/04/2024 | D80: 45385 | E80: 45412 | F80: 45776 | G80: 08004499 | H80: AL BARAKA BANK (PAKISTAN) LIMITED | I80: Mr. Ahmad Saeed Hpa M/S. Al Baraka Bank Pakistan Limited | J80: SUZUKI WAGON R VXL | K80: 2022 | M80: 231412 | N80: 10131402 | O80: 0329-0158572994019 | P80: 1771400 | Q80: 38847 | R80: 44285 | S80: 44285 | T80: 35202-1821062-1 | U80: 0321-7474740 | V80: REN
A81: 92 | B81: KHI/HO/D/MO/PC COMP/C/86646/95/04/2024 | D81: 45385 | E81: 45412 | F81: 45776 | G81: 08004499 | H81: AL BARAKA BANK (PAKISTAN) LIMITED | I81: Mr Muhammad Riaz | J81: TOYOTA YARIS GLI CVT | L81: AXB-744 | M81: 2A49465 | N81: 7031052 | P81: 2366400 | Q81: 36327 | R81: 41412 | S81: 41412 | T81: 3310203075981 | V81: REN
A82: 93 | B82: KHI/HO/D/MO/PC COMP/C/86662/2/04/2024 | D82: 45385 | E82: 45407 | F82: 45771 | G82: 08004499 | H82: AL BARAKA BANK (PAKISTAN) LIMITED | I82: Mr. Farooq Jan Hpa M/S. Al Baraka Bank (Pakistan) Limited. | J82: SUZUKI WAGON-R VXL E2 | K82: 2016 | L82: BGU-083 | M82: 120488 | N82: 10020488 | O82: 0155-0158445852015 | P82: 735000 | Q82: 24178 | R82: 27563 | S82: 27563 | T82: 42401-1584227-1 | U82: 0341-8121775 | V82: REN
A83: 94 | B83: KHI/HO/D/MO/PC COMP/C/86676/15/04/2024 | D83: 45385 | E83: 45408 | F83: 45772 | G83: 08004499 | H83: AL BARAKA BANK (PAKISTAN) LIMITED | I83: Mr. Arshad Majeed Hpa M/S. Al Baraka Bank Pakistan Limited | J83: DAIHATSU MOVE | K83: 2016 | L83: LEB-20-9614 | M83: 469791 | N83: 0097370 | O83: 0329-0158524400014 | P83: 1480000 | Q83: 32456 | R83: 37000 | S83: 37000 | T83: 35202-7395627-1 | U83: 0321-3391538 | V83: REN
A84: 95 | B84: KHI/HO/D/MO/PC COMP/C/86676/36/04/2024 | D84: 45385 | E84: 45411 | F84: 45775 | G84: 08004499 | H84: AL BARAKA BANK (PAKISTAN) LIMITED | I84: Mr. Sikandar Akbar Khan Hpa M/S. Al Baraka Bank Pakistan Limited | J84: HONDA BRV I-VTEC S STD | K84: 2017 | L84: LEA-17A-8099 | M84: 13503595 | N84: HR003521 | O84: 0329-0158531382013 | P84: 2160000 | Q84: 47368 | R84: 54000 | S84: 54000 | T84: 35202-9021925-3 | U84: 0301-6666115 | V84: REN
A85: 96 | B85: KHI/HO/D/MO/PC COMP/C/86676/40/04/2024 | D85: 45385 | E85: 45412 | F85: 45776 | G85: 08004499 | H85: AL BARAKA BANK (PAKISTAN) LIMITED | I85: Mr. Haifz Muhammad Nadeem Hpa M/S. Al Baraka Bank Pakistan Limited | J85: TOYOTA COROLLA GLI M/T 1. | K85: 2017 | L85: LEB-17A-9612 | M85: Z505896 | N85: 4132038 | O85: 0329-0158532655013 | P85: 2240000 | Q85: 49123 | R85: 56000 | S85: 56000 | T85: 35202-2345769-9 | U85: 0321-4770096 | V85: REN
A86: 97 | B86: KHI/HO/D/MO/PC COMP/C/88407/3/05/2024 | D86: 45419 | E86: 45107 | F86: 45472 | G86: 08004499 | H86: AL BARAKA BANK (PAKISTAN) LIMITED | I86: Mr. Muhammad Umar Hpa M/S. Al Baraka Bank (Pakistan) Limited | J86: HONDA GRACE HYBRID | K86: 2014 | L86: BGS-112 | M86: 3397246 | N86: 1007246 | O86: 0106-015835054902 | P86: 2252500 | Q86: 49397 | R86: 56313 | S86: 56313 | T86: 42201-224668-1 | U86: 0300-8231006 | V86: REN
A87: 98 | B87: KHI/HO/D/MO/PC COMP/C/88407/4/05/2024 | C87: KHI/HO/D/MO/PC COMP/E/44399/00004/08/2024 | D87: 45506 | E87: 45382 | F87: 45746 | G87: 08004499 | H87: AL BARAKA BANK (PAKISTAN) LIMITED | I87: Mr. Hassan Tahir Hpa M/S. Al Baraka Bank (Pakistan) Limited | J87: SUZUKI WAGON-R VXL E2 | K87: 2021 | M87: 211262 | N87: 10111249 | O87: 0329-015839672055 | P87: 60550 | Q87: 1305 | R87: 1514 | S87: 1514 | T87: 35202-8474280-7 | U87: 0315-6540973 | V87: REN
A88: 99 | B88: KHI/HO/D/MO/PC COMP/C/88626/136/05/2024 | D88: 45435 | E88: 45416 | F88: 45780 | G88: 08004499 | H88: AL BARAKA BANK (PAKISTAN) LIMITED | I88: Mr. Hpa M/S. Al Baraka Bank (Pakistan) Limited User:Khalid Hussain | J88: SUZUKI BOLAN STD VX | K88: 2019 | L88: CY-5525 | M88: 997419 | N88: 1113883 | P88: 611800 | Q88: 20126 | R88: 22943 | S88: 22943 | T88: 4520416091005 | U88: 0333-8544424 | V88: REN
A89: 100 | B89: KHI/HO/D/MO/PC COMP/C/88626/137/05/2024 | D89: 45435 | E89: 45422 | F89: 45786 | G89: 08004499 | H89: AL BARAKA BANK (PAKISTAN) LIMITED | I89: Mr. Hpa M/S. Al Baraka Bank (Pakistan) Limited User:Naveed Rauf | J89: HONDA CIVIC VTI ORIEL PT | K89: 2019 | L89: ANK-401 | M89: 12950769 | N89: KR054255 | P89: 2476600 | Q89: 71691 | R89: 81728 | S89: 81728 | T89: 331004549073 | U89: 0333-6602233 | V89: REN
A90: 101 | B90: KHI/HO/D/MO/PC COMP/C/90920/144/06/2024 | D90: 45469 | E90: 45468 | F90: 45832 | G90: 08004499 | H90: AL BARAKA BANK (PAKISTAN) LIMITED | I90: M/S. Al Baraka Bank (Pakistan) Limited User:Safdar Hussain | J90: HONDA CIVIC VTI ORIEL PT | K90: 2020 | L90: AQU-965 | M90: 6910489 | N90: R062067 | P90: 3040875 | Q90: 40012 | R90: 45613 | S90: 45613 | T90: 3630309487075 | U90: 0300-8969411 | V90: REN
A91: 102 | B91: KHI/HO/D/MO/PC COMP/C/90920/147/06/2024 | D91: 45469 | E91: 45472 | F91: 45836 | G91: 08004499 | H91: AL BARAKA BANK (PAKISTAN) LIMITED | I91: M/S. Al Baraka Bank (Pakistan) Limited User:Kashif Ghafoor | J91: SUZUKI CULTUS VXL EURO II | K91: 2016 | L91: FD-16-369 | M91: 619501 | N91: 526354 | P91: 900000 | Q91: 29605 | R91: 33750 | S91: 33750 | T91: 3630269292171 | U91: 0334-6016919 | V91: REN
A92: 103 | B92: KHI/HO/D/MO/PC COMP/C/90920/152/06/2024 | D92: 45469 | E92: 45472 | F92: 45836 | G92: 08004499 | H92: AL BARAKA BANK (PAKISTAN) LIMITED | I92: M/S. Al Baraka Bank (Pakistan) Limited User:Muhammad Saqib Amanat | J92: SUZUKI ALTO VXR | K92: 2020 | L92: LEB20-6258 | M92: 134384 | N92: 1034376 | P92: 1048500 | Q92: 34490 | R92: 39319 | S92: 39319 | T92: 3520256314901 | U92: 0321-4208806 | V92: REN
A93: 104 | B93: KHI/HO/D/MO/PC COMP/C/90920/3/06/2024 | D93: 45469 | E93: 45473 | F93: 45837 | G93: 08004499 | H93: AL BARAKA BANK (PAKISTAN) LIMITED | I93: M/S. Al Baraka Bank (Pakistan) Limited User:Ihsan Danish | J93: SUZUKI RAVI VX EURO II | K93: 2021 | L93: TB-996 | M93: 371822 | N93: 476484 | P93: 867000 | Q93: 19013 | R93: 21675 | S93: 21675 | T93: 3840604904169 | U93: 0340-0881101 | V93: REN
A94: 105 | B94: KHI/HO/D/MO/PC COMP/C/90920/5/06/2024 | D94: 45469 | E94: 45465 | F94: 45829 | G94: 08004499 | H94: AL BARAKA BANK (PAKISTAN) LIMITED | I94: M/S. Al Baraka Bank (Pakistan) Limited User:Shahid Pervaiz Khan | J94: SUZUKI RAVI VX EURO II | K94: 2023 | L94: CAP-2283 | M94: T389728 | N94: PK494396 | P94: 1670400 | Q94: 29305 | R94: 33408 | S94: 33408 | T94: 3520015033529 | U94: 0303-2054648 | V94: REN
A95: 106 | B95: KHI/HO/D/MO/PC COMP/C/90920/78/06/2024 | D95: 45469 | E95: 45470 | F95: 45834 | G95: 08004499 | H95: AL BARAKA BANK (PAKISTAN) LIMITED | I95: M/S. Al Baraka Bank (Pakistan) Limited User:Muhammad Waleed Idrees | J95: SUZUKI ALTO VX EURO II | K95: 2022 | L95: AKX-618 | M95: 238918 | N95: 1138933 | P95: 1110100 | Q95: 17042 | R95: 19427 | S95: 19427 | T95: 3520144174297 | U95: 0344-4432255 | V95: REN
A96: 107 | B96: KHI/HO/D/MO/CV/C/93454/3/07/2024 | D96: 45495 | E96: 45486 | F96: 45850 | G96: 08004499 | H96: AL BARAKA BANK (PAKISTAN) LIMITED | I96: Mr. Takbeer Ullah Hpa M/S. Al Baraka Bank (Pakistan) Limited | J96: SUZUKI RAVI VX EURO II | K96: 2021 | L96: TB-994 | M96: 372466 | N96: 477141 | O96: 0158539937018 | P96: 816000 | Q96: 17586 | R96: 20400 | S96: 20400 | T96: 37405-6908226-1 | U96: 0334-8283060 | V96: REN
A97: 108 | B97: KHI/HO/D/MO/PC COMP/C/93457/15/07/2024 | D97: 45495 | E97: 45479 | F97: 45843 | G97: 08004499 | H97: AL BARAKA BANK (PAKISTAN) LIMITED | I97: Mr. Muhammad Uzair Zafar Hpa M/S. Al Baraka Bank (Pakistan) Limited | J97: SUZUKI CULTUS | K97: 2022 | L97: ALN-405 | M97: 199338 | N97: 10099348 | O97: 0431-0158445682054 | P97: 2102900 | Q97: 45322 | R97: 52573 | S97: 52573 | T97: 36302-1919152-1 | U97: 0302-8314100 | V97: REN
A98: 109 | B98: KHI/HO/D/MO/PC COMP/C/93458/34/07/2024 | D98: 45495 | E98: 45503 | F98: 45867 | G98: 08004499 | H98: AL BARAKA BANK (PAKISTAN) LIMITED | I98: Mr. Mohsin Inayat Ullah Hpa M/S. Al Baraka Bank Pakistan Limited | J98: HONDA CITY CVT ASPIRE A/T | K98: 2021 | L98: AGP-087 | M98: 17546959 | N98: 272009 | O98: 0329-0158529057010 | P98: 2116000 | Q98: 45603 | R98: 52900 | S98: 52900 | T98: 35202-7012205-5 | U98: 0333-4087819 | V98: REN
A99: 110 | B99: KHI/HO/D/MO/PC COMP/C/93459/28/07/2024 | D99: 45496 | E99: 45496 | F99: 45860 | G99: 08004499 | H99: AL BARAKA BANK (PAKISTAN) LIMITED | I99: Mr. Ali Abbas Hpa M/S. Al Baraka Bank (Pakistan) Limited | J99: SUZUKI ALTO VXR E-2 | K99: 2020 | L99: AAF-613 | M99: 137307 | N99: 1037292 | O99: 0158491865028 | P99: 1048500 | Q99: 33896 | R99: 39319 | S99: 39319 | T99: 34104-1776735-9 | V99: REN
A100: 111 | B100: KHI/HO/D/MO/PC COMP/C/93460/11/07/2024 | D100: 45495 | E100: 45488 | F100: 45852 | G100: 08004499 | H100: AL BARAKA BANK (PAKISTAN) LIMITED | I100: Mr. Tariq Mehmood Khan Hpa M/S. Al Baraka Bank Pakistan Limited | J100: SUZUKI CULTUS VXL EURO II | K100: 2021 | L100: AUE-852 | M100: 178707 | N100: 10078700 | O100: 0158531470010 | P100: 1617720 | Q100: 34864 | R100: 40443 | S100: 40443 | T100: 61101-0332684-9 | U100: 0331-5022818 | V100: REN
A101: 112 | B101: KHI/HO/D/MO/PC COMP/C/93460/3/07/2024 | D101: 45495 | E101: 45499 | F101: 45863 | G101: 08004499 | H101: AL BARAKA BANK (PAKISTAN) LIMITED | I101: M/S. Al Baraka Bank (Pakistan) Limited User. Mr. Abid Masih | J101: SUZUKI MEHRAN VXR EURO-II | K101: 2018 | L101: LE-18A-8646 | M101: 738211 | N101: 01276735 | O101: 0318-0158416631012 | P101: 516750 | Q101: 16705 | R101: 19378 | S101: 19378 | T101: 35201-3132603-9 | U101: 0302-4275964 0302-3132603-9 | V101: REN
...

Sheet Summary
C4: Cases | D4: Total No. of Policies | E4: Outstanding
C5: Fresh | D5: 45 | E5: 2726635
C6: Renewal | D6: 204 | E6: 8646391
C7: Previous | D7: 121 | E7: 4818357
C8: Total | D8: 370 | E8: 16191383

Sheet Fresh Billing
A1: Fresh / Renewal | B1: Proposal No. | C1: Billing Month | D1: Takaful Company | E1: PMD / Cert | F1: Takaful Start Date | G1: Takaful End Date | H1: Customer Name | I1: CNIC | J1: Vehicle Make | K1: Reg. No | L1: Engine No | M1: Chassis No | N1: Proposal No. | O1: Region | P1: Unit ID | Q1: BR # | R1: Financing Date | S1: Maturity Date | T1: Asset Value | U1: Dep. % | V1: Dep. Amount | W1: Sum Cover Amount | X1: Takaful Rate | Y1: Premium Amount | Z1: For Takaful Company Rectifications | AA1: For COD Status | AB1: PO No. | AC1: PO Dates | AD1: Proposal Status | AE1: Default Case (Overdue Days) | AG1: Policy No. | AI1: Premium Amount | AJ1: Diff Amount | AK1: Sum Cover Amount | AL1: Diff Amount | AM1: Tagging | AN1: Tracker Name
A2: Fresh | B2: 71350/1 | C2: 45383 | D2: SALAAM TAKAFUL LTD | E2: KHI/HO/D/MO/PC COMP/C/86550/22/04/2024 | F2: 45404 | G2: 45768 | H2: Khalid Mehmood | I2: 3310031222097 | J2: TOYOTA YARIS | K2: AAN-359 | L2: 2A08640 | M2: NSP151R9503669 | N2: 71350/1 | O2: Central | P2: 0423 | Q2: 642882 | R2: 45406 | S2: 46512 | T2: 4100000 | W2: =T2 -> 4100000 | X2: 1.5 | Y2: =W2*X2% -> 61500 | Z2: already paid | AA2: paid | AB2: 1141069111 | AC2: 45432 | AD2: EARLY TERMINATED | AE2: 0 | AG2: KHI/HO/D/MO/PC COMP/C/86550/22/04/2024 | AI2: 82000 | AJ2: 20500 | AK2: 4100000 | AL2: 0 | AM2: FRE | AN2: TRACKER (TRASUR)
A3: Fresh | B3: 70289/1 | C3: 45383 | D3: SALAAM TAKAFUL LTD | E3: KHI/HO/D/MO/PC COMP/C/86550/7/04/2024 | F3: 45390 | G3: 45754 | H3: Ashar Azfar Hussain | I3: 4210140236367 | J3: TOYOTA COROLLA ALTIS 1.6 | K3: BXS-357 | L3: Q096872 | M3: R6074367 | N3: 70289/1 | O3: South | P3: 0144 | Q3: 639122 | R3: 45391 | S3: 46482 | T3: 5375000 | W3: =T3 -> 5375000 | X3: 1.5 | Y3: =W3*X3% -> 80625 | Z3: already paid | AA3: paid | AB3: 1141069111 | AC3: 45432 | AD3: STOPPED | AE3: 0 | AG3: KHI/HO/D/MO/PC COMP/C/86550/5/04/2024 | AI3: 80625 | AJ3: 0 | AK3: 5375000 | AL3: 0 | AM3: FRE | AN3: TRACKER (TRASUR)
A4: Fresh | B4: 74166/1 | C4: 45597 | D4: SALAAM TAKAFUL LTD | E4: KHI/HO/D/MO/PC COMP/C/101342/11/11/2024 | F4: 45611 | G4: 45975 | H4: MUHAMMAD ASGHAR | I4: 3520185477583 | J4: ALTO VXR (METALLIC) | K4: LE-19A-8013 | L4: 6R111597 | M4: H1011547 | N4: 74166/1 | O4: Central | P4: 0329 | Q4: 296002 | R4: 45597 | S4: 47427 | T4: 2150000 | W4: =T4 -> 2150000 | X4: 2 | Y4: =W4*X4% -> 43000 | Z4: already paid | AA4: paid | AB4: 1141071545 | AC4: 45622 | AD4: DISBURSED | AE4: 0 | AG4: KHI/HO/D/MO/PC COMP/C/101342/11/11/2024 | AI4: 43000 | AJ4: 0 | AK4: 2150000 | AL4: 0 | AM4: FRE | AN4: TRACKER (TRASUR)
A5: Fresh | B5: 75618/1 | C5: 45597 | D5: SALAAM TAKAFUL LTD | E5: KHI/HO/D/MO/PC COMP/C/101342/3/11/2024 | F5: 45601 | G5: 45965 | H5: SALMAN UL HASAN FAROOQUI | I5: 4220137933467 | J5: YARIS | K5: BTJ-559 | L5: 23589 | M5: 7014189 | N5: 75618/1 | O5: South | P5: 0150 | Q5: 660005 | R5: 45602 | S5: 46696 | T5: 3800000 | W5: =T5 -> 3800000 | X5: 1.5 | Y5: =W5*X5% -> 57000 | Z5: already paid | AA5: paid | AB5: 1141071545 | AC5: 45622 | AD5: DISBURSED | AE5: 0 | AG5: KHI/HO/D/MO/PC COMP/C/101342/3/11/2024 | AI5: 57000 | AJ5: 0 | AK5: 3800000 | AL5: 0 | AM5: FRE | AN5: TRACKER (TRASUR)
A6: Fresh | B6: Corporate | C6: 45231 | D6: SALAAM TAKAFUL LTD | E6: KHI/HO/D/MO/CV/P/78003/11/2023 | F6: 45236 | G6: 47062 | H6: Zulfiqar Ali | I6: 3310024895721 | J6: MESSY FERGUSEN MF-385 | K6: CAQ-8730 | L6: 618004 J | M6: 902141723 | N6: Corporate | O6: - | P6: - | Q6: - | R6: - | S6: - | T6: - | W6: - | X6: - | Y6: - | Z6: Corporate | AD6: Corporate | AE6: -
A7: Fresh | B7: Corporate | C7: 45261 | D7: SALAAM TAKAFUL LTD | E7: KHI/HO/D/MO/CV/P/80024/12/2023 | F7: 45274 | G7: 45639 | H7: Kashif Munawar | I7: 3540151169563 | J7: MESSY FERGUSEN MF-385 | K7: CAQ-2884 | L7: 619521-J | M7: 90277/22/23 | N7: Corporate | O7: - | P7: - | Q7: - | R7: - | S7: - | T7: - | W7: - | X7: - | Y7: - | Z7: Corporate | AD7: Corporate | AE7: -
A8: Fresh | B8: Corporate | C8: 45323 | D8: SALAAM TAKAFUL LTD | E8: KHI/HO/D/MO/CV/P/83823/02/2024 | F8: 45323 | G8: 47149 | H8: Naseer Ahmad | I8: 3130338365559 | J8: MILLAT TRACTOR MF 385 | K8: CAR-9912 | L8: 619338 J | M8: 902702423 | N8: Corporate | O8: - | P8: - | Q8: - | R8: - | S8: - | T8: - | W8: - | X8: - | Y8: - | Z8: Corporate | AD8: Corporate | AE8: -
A9: Fresh | B9: Corporate | C9: 45352 | D9: SALAAM TAKAFUL LTD | E9: KHI/HO/D/MO/CV/P/86492/04/2024 | F9: 45364 | G9: 47189 | H9: Shah Nawaz | I9: 1210120723961 | J9: MESSY FERGUSEN MF-385 | K9: K-3113 | L9: 619053J | M9: 90256/13/23 | N9: Corporate | O9: - | P9: - | Q9: - | R9: - | S9: - | T9: - | W9: - | X9: - | Y9: - | Z9: Corporate | AD9: Corporate | AE9: -
A10: Fresh | B10: Corporate | C10: 45352 | D10: SALAAM TAKAFUL LTD | E10: KHI/HO/D/MO/CV/P/86495/04/2024 | F10: 45372 | G10: 47197 | H10: Muhammad Ibrahim | I10: 1210122368311 | J10: BELARUS TRACTOR | K10: K3000 | L10: 208827 | M10: Y4R510Z02P1105082 | N10: Corporate | O10: - | P10: - | Q10: - | R10: - | S10: - | T10: - | W10: - | X10: - | Y10: - | Z10: Corporate | AD10: Corporate | AE10: -
A11: Fresh | B11: Corporate | C11: 45352 | D11: SALAAM TAKAFUL LTD | E11: KHI/HO/D/MO/CV/P/86585/04/2024 | F11: 45379 | G11: 47204 | H11: Muhammad Mumtaz | I11: 3660307336619 | J11: MESSY FERGUSEN MF-385 | K11: CAR-4516 | L11: 619918J | M11: 902950123 | N11: Corporate | O11: - | P11: - | Q11: - | R11: - | S11: - | T11: - | W11: - | X11: - | Y11: - | Z11: Corporate | AD11: Corporate | AE11: -
A12: Fresh | B12: Meezan Case | C12: 45383 | D12: SALAAM TAKAFUL LTD | E12: KHI/HO/D/MO/PC COMP/C/86550/9/04/2024 | F12: 45390 | G12: 45754 | H12: Meezan Bank Limited Main Branch Karachi | I12: 4230197595821 | J12: SUZUKI ALTO VXR | L12: 6R297940 | M12: NF1AET306H1197915 | N12: Meezan Case | O12: - | P12: - | Q12: - | R12: - | S12: - | T12: - | W12: - | X12: - | Y12: - | Z12: Meezan Case | AD12: Meezan Case | AE12: -
A13: Fresh | B13: 75531/1 | C13: 45566 | D13: SALAAM TAKAFUL LTD | E13: KHI/HO/D/MO/PC COMP/C/98823/23/10/2024 | F13: 45587 | G13: 45951 | H13: ISHTIAQ BHATTI | I13: 3520229568751 | J13: ALTO VXR (METALLIC) | K13: AYF-893 | L13: 215646 | M13: 1115638 | N13: 75531/1 | O13: North | P13: 0804 | Q13: 397683 | R13: 0 | S13: 47396 | T13: 2550000 | W13: =T13 -> 2550000 | X13: 2 | Y13: =W13*X13% -> 51000 | Z13: will pay later | AD13: APPROVED | AE13: 0
A14: Fresh | B14: 76818/1 | C14: 45597 | D14: SALAAM TAKAFUL LTD | E14: KHI/HO/D/MO/PC COMP/C/101342/44/11/2024 | F14: 45625 | G14: 45989 | H14: MUHAMMAD MUSTAFA ZAIDI | I14: 3610102621529 | J14: YARIS | K14: AWU-417 | L14: 42433 | M14: 7026645 | N14: 76818/1 | O14: Central | P14: 0431 | Q14: 552825 | R14: 0 | S14: 0 | T14: 3700000 | W14: =T14 -> 3700000 | X14: 1.5 | Y14: =W14*X14% -> 55500 | Z14: will pay later | AD14: APPLICATION | AE14: 0 | AG14: KHI/HO/D/MO/PC COMP/C/101342/44/11/2024 | AI14: 55500 | AJ14: 0 | AK14: 3700000 | AL14: 0 | AM14: FRE | AN14: TRACKER (TRASUR)
A15: Fresh | B15: wrong data | C15: 45139 | D15: SALAAM TAKAFUL LTD | E15: KHI/HO/D/MO/PC COMP/C/73558/29/08/2023 | F15: 45169 | G15: 45534 | H15: Faraz Khan | I15: 4210179692533 | J15: CHANGAN ALSVIN LUMEIRE | K15: BVY-587 | L15: 507324 | M15: 001530 | N15: wrong data | O15: - | P15: - | Q15: - | R15: - | S15: - | T15: - | W15: - | X15: - | Y15: - | Z15: wrong data | AD15: wrong data | AE15: -
A16: Fresh | B16: wrong data | C16: 45323 | D16: SALAAM TAKAFUL LTD | E16: KHI/HO/D/MO/PC COMP/C/83022/7/02/2024 | F16: 45331 | G16: 45696 | H16: Muhammad Tayyab | I16: 3520129679669 | J16: SUZUKI CULTUS VXR EURO-II | K16: LEC-17-8578 | L16: 637250 | M16: 544125 | N16: wrong data | O16: - | P16: - | Q16: - | R16: - | S16: - | T16: - | W16: - | X16: - | Y16: - | Z16: wrong data | AD16: wrong data | AE16: -
A17: Fresh | B17: 73786/1 | C17: 45597 | D17: SALAAM TAKAFUL LTD | E17: KHI/HO/D/MO/PC COMP/C/101342/1/11/2024 | F17: 45601 | G17: 45965 | H17: MUHAMMAD AYAZ | I17: 3210209745879 | J17: CULTUS VXL (NON-METALIC) | L17: 211066 | M17: 10111066 | N17: 73786/1 | O17: Central | P17: 0567 | Q17: 403371 | R17: 45611 | S17: 47427 | T17: 4546000 | W17: =T17 -> 4546000 | X17: 1.5 | Y17: =W17*X17% -> 68190 | AA17: paid | AB17: 1141071764 | AC17: 45637 | AD17: DISBURSED | AE17: 0 | AG17: KHI/HO/D/MO/PC COMP/C/101342/1/11/2024 | AI17: 68190 | AJ17: 0 | AK17: 4546000 | AL17: 0 | AM17: FRE | AN17: TRACKER (TRASUR)
A18: Fresh | B18: 76278/1 | C18: 45597 | D18: SALAAM TAKAFUL LTD | E18: KHI/HO/D/MO/PC COMP/C/101342/10/11/2024 | F18: 45611 | G18: 45975 | H18: SULEMAN GHUFRANI | I18: 4240174614095 | J18: PRINCE PEARL | K18: BYF-059 | L18: 4603174W | M18: 04244 | N18: 76278/1 | O18: South | P18: 0144 | Q18: 662200 | R18: 45616 | S18: 47457 | T18: 1430000 | W18: =T18 -> 1430000 | X18: 2 | Y18: =W18*X18% -> 28600 | AA18: paid | AB18: 1141071764 | AC18: 45637 | AD18: DISBURSED | AE18: 0 | AG18: KHI/HO/D/MO/PC COMP/C/101342/10/11/2024 | AI18: 28600 | AJ18: 0 | AK18: 1430000 | AL18: 0 | AM18: FRE | AN18: TRACKER (TRASUR)
A19: Fresh | B19: 74942/1 | C19: 45597 | D19: SALAAM TAKAFUL LTD | E19: KHI/HO/D/MO/PC COMP/C/101342/12/11/2024 | F19: 45614 | G19: 45978 | H19: YASHWA . | I19: 3520210384121 | J19: WAGON R VXL | K19: LEE-18-4617 | L19: 159369 | M19: 10059359 | N19: 74942/1 | O19: Central | P19: 0329 | Q19: 657010 | R19: 45616 | S19: 47457 | T19: 2200000 | W19: =T19 -> 2200000 | X19: 2 | Y19: =W19*X19% -> 44000 | AA19: paid | AB19: 1141071764 | AC19: 45637 | AD19: DISBURSED | AE19: 0 | AG19: KHI/HO/D/MO/PC COMP/C/101342/12/11/2024 | AI19: 44000 | AJ19: 0 | AK19: 2200000 | AL19: 0 | AM19: FRE | AN19: TRACKER (TRASUR)
A20: Fresh | B20: 75675/1 | C20: 45597 | D20: SALAAM TAKAFUL LTD | E20: KHI/HO/D/MO/PC COMP/C/101342/13/11/2024 | F20: 45614 | G20: 45978 | H20: SYED SHARIQ HUSSAIN | I20: 3520201989935 | J20: ALTO VXR (METALLIC) | K20: ANT-559 | L20: 6R264676 | M20: H1164657 | N20: 75675/1 | O20: Central | P20: 0329 | Q20: 659820 | R20: 45617 | S20: 47457 | T20: 2350000 | W20: =T20 -> 2350000 | X20: 2 | Y20: =W20*X20% -> 47000 | AA20: paid | AB20: 1141071764 | AC20: 45637 | AD20: DISBURSED | AE20: 0 | AG20: KHI/HO/D/MO/PC COMP/C/101342/13/11/2024 | AI20: 47000 | AJ20: 0 | AK20: 2350000 | AL20: 0 | AM20: FRE | AN20: TRACKER (TRASUR)
A21: Fresh | B21: 76386/1 | C21: 45597 | D21: SALAAM TAKAFUL LTD | E21: KHI/HO/D/MO/PC COMP/C/101342/14/11/2024 | F21: 45615 | G21: 45979 | H21: SHEHROZE SAJJAD | I21: 3310097289869 | J21: CIVIC (AUTOMATIC) | K21: LEH-16-929 | L21: R18Z 12900366 | M21: NFBFC6668GR000568 | N21: 76386/1 | O21: Central | P21: 0423 | Q21: 655221 | R21: 45616 | S21: 46361 | T21: 4200000 | W21: =T21 -> 4200000 | X21: 1.5 | Y21: =W21*X21% -> 63000 | AA21: paid | AB21: 1141071764 | AC21: 45637 | AD21: DISBURSED | AE21: 0 | AG21: KHI/HO/D/MO/PC COMP/C/101342/14/11/2024 | AI21: 63000 | AJ21: 0 | AK21: 4200000 | AL21: 0 | AM21: FRE | AN21: TRACKER (TRASUR)
A22: Fresh | B22: 75596/1 | C22: 45597 | D22: SALAAM TAKAFUL LTD | E22: KHI/HO/D/MO/PC COMP/C/101342/15/11/2024 | F22: 45615 | G22: 45979 | H22: MUHAMMAD WAQAR YASIR | I22: 3310086982497 | J22: WAGON R VXL | K22: LEB-18A-2079 | L22: PK10B171472 | M22: A1J310PK10071464 | N22: 75596/1 | O22: Central | P22: 0423 | Q22: 659609 | R22: 45616 | S22: 47457 | T22: 2200000 | W22: =T22 -> 2200000 | X22: 2 | Y22: =W22*X22% -> 44000 | AA22: paid | AB22: 1141071764 | AC22: 45637 | AD22: DISBURSED | AE22: 0 | AG22: KHI/HO/D/MO/PC COMP/C/101342/15/11/2024 | AI22: 44000 | AJ22: 0 | AK22: 2200000 | AL22: 0 | AM22: FRE | AN22: TRACKER (TRASUR)
A23: Fresh | B23: 75568/1 | C23: 45597 | D23: SALAAM TAKAFUL LTD | E23: KHI/HO/D/MO/PC COMP/C/101342/16/11/2024 | F23: 45615 | G23: 45979 | H23: ARSLAN AHMAD | I23: 3520259785933 | J23: ALSVIN 1.3 | K23: AED-252 | L23: 504844 | M23: 1001076 | N23: 75568/1 | O23: Central | P23: 0329 | Q23: 659585 | R23: 45618 | S23: 46727 | T23: 2200000 | W23: =T23 -> 2200000 | X23: 2 | Y23: =W23*X23% -> 44000 | AA23: paid | AB23: 1141071764 | AC23: 45637 | AD23: DISBURSED | AE23: 0 | AG23: KHI/HO/D/MO/PC COMP/C/101342/16/11/2024 | AI23: 44000 | AJ23: 0 | AK23: 2200000 | AL23: 0 | AM23: FRE | AN23: TRACKER (TRASUR)
A24: Fresh | B24: 74159/1 | C24: 45597 | D24: SALAAM TAKAFUL LTD | E24: KHI/HO/D/MO/PC COMP/C/101342/17/11/2024 | F24: 45616 | G24: 45980 | H24: MUHAMMAD ALI AMJAD | I24: 3520203565481 | J24: CITY (MANUAL) | L24: 51028599 | M24: RR045379 | N24: 74159/1 | O24: Central | P24: 0329 | Q24: 599461 | R24: 45618 | S24: 45996 | T24: 5118000 | W24: =T24 -> 5118000 | X24: 1.5 | Y24: =W24*X24% -> 76770 | AA24: paid | AB24: 1141071764 | AC24: 45637 | AD24: DISBURSED | AE24: 0 | AG24: KHI/HO/D/MO/PC COMP/C/101342/17/11/2024 | AI24: 76770 | AJ24: 0 | AK24: 5118000 | AL24: 0 | AM24: FRE | AN24: TRACKER (TRASUR)
A25: Fresh | B25: 75008/1 | C25: 45597 | D25: SALAAM TAKAFUL LTD | E25: KHI/HO/D/MO/PC COMP/C/101342/18/11/2024 | F25: 45616 | G25: 45980 | H25: TARIQ ZAMAN | I25: 3540412318639 | J25: OSHAN X7 | L25: 258334 | M25: 1001076 | N25: 75008/1 | O25: Central | P25: 0557 | Q25: 631946 | R25: 45618 | S25: 46361 | T25: 8099000 | W25: =T25 -> 8099000 | X25: 1.5 | Y25: =W25*X25% -> 121485 | AA25: paid | AB25: 1141071764 | AC25: 45637 | AD25: DISBURSED | AE25: 0 | AG25: KHI/HO/D/MO/PC COMP/C/101342/18/11/2024 | AI25: 121485 | AJ25: 0 | AK25: 8099000 | AL25: 0 | AM25: FRE | AN25: TRACKER (TRASUR)
A26: Fresh | B26: 76327/1 | C26: 45597 | D26: SALAAM TAKAFUL LTD | E26: KHI/HO/D/MO/PC COMP/C/101342/19/11/2024 | F26: 45617 | G26: 45981 | H26: ZAIN KAMRAN | I26: 3520216613485 | J26: CIVIC (AUTOMATIC) UPGRADED PTSR | K26: LEA-18-5005 | L26: 2923652 | M26: R026853 | N26: 76327/1 | O26: Central | P26: 0329 | Q26: 662329 | R26: 45618 | S26: 46727 | T26: 4500000 | W26: =T26 -> 4500000 | X26: 1.5 | Y26: =W26*X26% -> 67500 | AA26: paid | AB26: 1141071764 | AC26: 45637 | AD26: DISBURSED | AE26: 0 | AG26: KHI/HO/D/MO/PC COMP/C/101342/19/11/2024 | AI26: 67500 | AJ26: 0 | AK26: 4500000 | AL26: 0 | AM26: FRE | AN26: TRACKER (TRASUR)
A27: Fresh | B27: 75989/1 | C27: 45597 | D27: SALAAM TAKAFUL LTD | E27: KHI/HO/D/MO/PC COMP/C/101342/2/11/2024 | F27: 45601 | G27: 45965 | H27: QAMAR UZ ZAMAN . | I27: 1310109877479 | J27: BRV | K27: BG-7323 | L27: 13508318 | M27: 008323 | N27: 75989/1 | O27: South | P27: 0150 | Q27: 356943 | R27: 45602 | S27: 46696 | T27: 4000000 | W27: =T27 -> 4000000 | X27: 1.5 | Y27: =W27*X27% -> 60000 | AA27: paid | AB27: 1141071764 | AC27: 45637 | AD27: DISBURSED | AE27: 0 | AG27: KHI/HO/D/MO/PC COMP/C/101342/2/11/2024 | AI27: 60000 | AJ27: 0 | AK27: 4000000 | AL27: 0 | AM27: FRE | AN27: TRACKER (TRASUR)
A28: Fresh | B28: 76219/1 | C28: 45597 | D28: SALAAM TAKAFUL LTD | E28: KHI/HO/D/MO/PC COMP/C/101342/20/11/2024 | F28: 45617 | G28: 45981 | H28: MUHAMMAD ASHFAQ | I28: 3520184957501 | J28: ALTO VXL AGS | L28: 327572 | M28: 1227594 | N28: 76219/1 | O28: Central | P28: 0329 | Q28: 354737 | R28: 45618 | S28: 47457 | T28: 3045000 | W28: =T28 -> 3045000 | X28: 2 | Y28: =W28*X28% -> 60900 | AA28: paid | AB28: 1141071764 | AC28: 45637 | AD28: DISBURSED | AE28: 0 | AG28: KHI/HO/D/MO/PC COMP/C/101342/20/11/2024 | AI28: 60900 | AJ28: 0 | AK28: 3045000 | AL28: 0 | AM28: FRE | AN28: TRACKER (TRASUR)
A29: Fresh | B29: 76723/1 | C29: 45597 | D29: SALAAM TAKAFUL LTD | E29: KHI/HO/D/MO/PC COMP/C/101342/21/11/2024 | F29: 45618 | G29: 45982 | H29: MUHAMMAD ISHAQ | I29: 3520227432641 | J29: TOYOTA COROLLA XLI | K29: LEE-16-7683 | L29: Z-453472 | M29: R-4082875 | N29: 76723/1 | O29: Central | P29: 0329 | Q29: 663098 | R29: 45624 | S29: 46727 | T29: 3300000 | W29: =T29 -> 3300000 | X29: 2 | Y29: =W29*X29% -> 66000 | AA29: paid | AB29: 1141071764 | AC29: 45637 | AD29: DISBURSED | AE29: 0 | AG29: KHI/HO/D/MO/PC COMP/C/101342/21/11/2024 | AH29: KHI/HO/D/MO/PC COMP/E/50287/00021/12/2024, KHI/HO/D/MO/PC COMP/E/50288/00021/12/2024 | AI29: 66000 | AJ29: 0 | AK29: 3500000 | AL29: 0 | AM29: FRE | AN29: TRACKER (TRASUR)
A30: Fresh | B30: 76237/1 | C30: 45597 | D30: SALAAM TAKAFUL LTD | E30: KHI/HO/D/MO/PC COMP/C/101342/23/11/2024 | F30: 45621 | G30: 45985 | H30: SHAZIA . | I30: 4130453864282 | J30: ALTO VXR (METALLIC) | K30: BRU-904 | L30: 132859 | M30: 1032848 | N30: 76237/1 | O30: South | P30: 0144 | Q30: 662498 | R30: 45624 | S30: 47457 | T30: 2200000 | W30: =T30 -> 2200000 | X30: 2 | Y30: =W30*X30% -> 44000 | AA30: paid | AB30: 1141071764 | AC30: 45637 | AD30: DISBURSED | AE30: 0 | AG30: KHI/HO/D/MO/PC COMP/C/101342/23/11/2024 | AI30: 44000 | AJ30: 0 | AK30: 2200000 | AL30: 0 | AM30: FRE | AN30: TRACKER (TRASUR)
A31: Fresh | B31: 76197/1 | C31: 45597 | D31: SALAAM TAKAFUL LTD | E31: KHI/HO/D/MO/PC COMP/C/101342/24/11/2024 | F31: 45623 | G31: 45987 | H31: FAHAD KHAN | I31: 4220182692679 | J31: ALTO VXR (METALLIC) | K31: BXX-585 | L31: 259073 | M31: 1159056 | N31: 76197/1 | O31: South | P31: 0144 | Q31: 484136 | R31: 45625 | S31: 47457 | T31: 2580000 | W31: =T31 -> 2580000 | X31: 2 | Y31: =W31*X31% -> 51600 | AA31: paid | AB31: 1141071764 | AC31: 45637 | AD31: DISBURSED | AE31: 0 | AG31: KHI/HO/D/MO/PC COMP/C/101342/24/11/2024 | AI31: 51600 | AJ31: 0 | AK31: 2580000 | AL31: 0 | AM31: FRE | AN31: TRACKER (TRASUR)
A32: Fresh | B32: 76246/1 | C32: 45597 | D32: SALAAM TAKAFUL LTD | E32: KHI/HO/D/MO/PC COMP/C/101342/25/11/2024 | F32: 45623 | G32: 45987 | H32: NAJMA KHALID | I32: 4240145282382 | J32: ALTO VXL AGS | K32: BZP-223 | L32: 6R301631 | M32: 1201615 | N32: 76246/1 | O32: South | P32: 0144 | Q32: 662042 | R32: 45623 | S32: 47457 | T32: 3045000 | W32: =T32 -> 3045000 | X32: 2 | Y32: =W32*X32% -> 60900 | AA32: paid | AB32: 1141071764 | AC32: 45637 | AD32: DISBURSED | AE32: 0 | AG32: KHI/HO/D/MO/PC COMP/C/101342/25/11/2024 | AI32: 60900 | AJ32: 0 | AK32: 3045000 | AL32: 0 | AM32: FRE | AN32: TRACKER (TRASUR)
A33: Fresh | B33: 74874/1 | C33: 45597 | D33: SALAAM TAKAFUL LTD | E33: KHI/HO/D/MO/PC COMP/C/101342/26/11/2024 | F33: 45623 | G33: 45987 | H33: MASROOR HUSSAIN SHAIKH | I33: 3310084578553 | J33: HAVAL H6 TURBO | L33: 24458525345 | M33: NF9EF4A55R2011384 | N33: 74874/1 | O33: Central | P33: 0423 | Q33: 453239 | R33: 45629 | S33: 46727 | T33: 9240990 | W33: =T33 -> 9240990 | X33: 1.5 | Y33: =W33*X33% -> 138614.85 | AA33: paid | AB33: 1141071764 | AC33: 45637 | AD33: DISBURSED | AE33: 0 | AG33: KHI/HO/D/MO/PC COMP/C/101342/26/11/2024 | AI33: 138615 | AJ33: 0.15 | AK33: 9240990 | AL33: 0 | AM33: FRE | AN33: TRACKER (TRASUR)
A34: Fresh | B34: 75255/1 | C34: 45597 | D34: SALAAM TAKAFUL LTD | E34: KHI/HO/D/MO/PC COMP/C/101342/27/11/2024 | F34: 45624 | G34: 45988 | H34: SHOAIB MUMTAZ KARIMI | I34: 4220119224319 | J34: CITY (AUTOMATIC) | K34: BVL-063 | L34: 1002546 | M34: R007831 | N34: 75255/1 | O34: South | P34: 0144 | Q34: 573635 | R34: 45625 | S34: 46727 | T34: 4300000 | W34: =T34 -> 4300000 | X34: 1.5 | Y34: =W34*X34% -> 64500 | AA34: paid | AB34: 1141071764 | AC34: 45637 | AD34: DISBURSED | AE34: 0 | AG34: KHI/HO/D/MO/PC COMP/C/101342/27/11/2024 | AI34: 64500 | AJ34: 0 | AK34: 4300000 | AL34: 0 | AM34: FRE | AN34: TRACKER (TRASUR)
A35: Fresh | B35: 76529/1 | C35: 45597 | D35: SALAAM TAKAFUL LTD | E35: KHI/HO/D/MO/PC COMP/C/101342/28/11/2024 | F35: 45624 | G35: 45988 | H35: ANWAR HUSSAIN | I35: 3310010182367 | J35: ALTO VXR (NON-METALLIC) | K35: ACE-549 | L35: 6R155121 | M35: NF1AET306H1055115 | N35: 76529/1 | O35: Central | P35: 0423 | Q35: 659786 | R35: 45625 | S35: 47457 | T35: 2350000 | W35: =T35 -> 2350000 | X35: 2 | Y35: =W35*X35% -> 47000 | AA35: paid | AB35: 1141071764 | AC35: 45637 | AD35: DISBURSED | AE35: 0 | AG35: KHI/HO/D/MO/PC COMP/C/101342/28/11/2024 | AI35: 47000 | AJ35: 0 | AK35: 2350000 | AL35: 0 | AM35: FRE | AN35: TRACKER (TRASUR)
A36: Fresh | B36: 75932/1 | C36: 45597 | D36: SALAAM TAKAFUL LTD | E36: KHI/HO/D/MO/PC COMP/C/101342/29/11/2024 | F36: 45624 | G36: 45988 | H36: ABBAS ALI RAZA . | I36: 3520227888209 | J36: ALTO VXL | K36: AAM-115 | L36: 141367 | M36: 1041346 | N36: 75932/1 | O36: Central | P36: 0329 | Q36: 393263 | R36: 45628 | S36: 47457 | T36: 2600000 | W36: =T36 -> 2600000 | X36: 2 | Y36: =W36*X36% -> 52000 | AA36: paid | AB36: 1141071764 | AC36: 45637 | AD36: DISBURSED | AE36: 0 | AG36: KHI/HO/D/MO/PC COMP/C/101342/29/11/2024 | AI36: 52000 | AJ36: 0 | AK36: 2600000 | AL36: 0 | AM36: FRE | AN36: TRACKER (TRASUR)
A37: Fresh | B37: 76727/1 | C37: 45597 | D37: SALAAM TAKAFUL LTD | E37: KHI/HO/D/MO/PC COMP/C/101342/30/11/2024 | F37: 45625 | G37: 45989 | H37: MUHAMMAD IMRAN | I37: 3120271934857 | J37: ALTO VXR (NON-METALLIC) | L37: 329402 | M37: 1229433 | N37: 76727/1 | O37: Central | P37: 0471 | Q37: 539789 | R37: 45625 | S37: 47457 | T37: 2707000 | W37: =T37 -> 2707000 | X37: 2 | Y37: =W37*X37% -> 54140 | AA37: paid | AB37: 1141071764 | AC37: 45637 | AD37: DISBURSED | AE37: 0 | AG37: KHI/HO/D/MO/PC COMP/C/101342/30/11/2024 | AI37: 54140 | AJ37: 0 | AK37: 2707000 | AL37: 0 | AM37: FRE | AN37: TRACKER (TRASUR)
A38: Fresh | B38: 76312/1 | C38: 45597 | D38: SALAAM TAKAFUL LTD | E38: KHI/HO/D/MO/PC COMP/C/101342/31/11/2024 | F38: 45625 | G38: 45989 | H38: MUHAMMAD KHIZAR SHAHID | I38: 3310099656459 | J38: ALSVIN 1.5 L LUMIERE | L38: JL473Q4R3EE503388 | M38: NKMA2CBR4R1002269 | N38: 76312/1 | O38: Central | P38: 0423 | Q38: 622007 | R38: 45628 | S38: 46727 | T38: 3799000 | W38: =T38 -> 3799000 | X38: 1.5 | Y38: =W38*X38% -> 56985 | AA38: paid | AB38: 1141071764 | AC38: 45637 | AD38: DISBURSED | AE38: 0 | AG38: KHI/HO/D/MO/PC COMP/C/101342/31/11/2024 | AI38: 56985 | AJ38: d | AK38: 3799000 | AL38: 0 | AM38: FRE | AN38: TRACKER (TRASUR)
A39: Fresh | B39: 76191/1 | C39: 45597 | D39: SALAAM TAKAFUL LTD | E39: KHI/HO/D/MO/PC COMP/C/101342/32/11/2024 | F39: 45625 | G39: 45989 | H39: ALI SAJDAIN | I39: 3640168627329 | J39: TOYOTA FORTUNER 4*4 A/T | K39: LEB-17-85 | L39: 2TRA191376 | M39: R0440023 | N39: 76191/1 | O39: Central | P39: 0555 | Q39: 661913 | R39: 45625 | S39: 46727 | T39: 10000000 | W39: =T39 -> 10000000 | X39: 1.5 | Y39: =W39*X39% -> 150000 | AA39: paid | AB39: 1141071764 | AC39: 45637 | AD39: DISBURSED | AE39: 0 | AG39: KHI/HO/D/MO/PC COMP/C/101342/32/11/2024 | AI39: 150000 | AJ39: 0 | AK39: 10000000 | AL39: 0 | AM39: FRE | AN39: TRACKER (TRASUR)
A40: Fresh | B40: 76584/1 | C40: 45597 | D40: SALAAM TAKAFUL LTD | E40: KHI/HO/D/MO/PC COMP/C/101342/33/11/2024 | F40: 45625 | G40: 45989 | H40: MUHAMMAD NAFEES UL HASAN . | I40: 3740647906153 | J40: CITY (MANUAL) | K40: AMY-625 | L40: 17528374 | M40: 246273 | N40: 76584/1 | O40: North | P40: 0804 | Q40: 212747 | R40: 45629 | S40: 46727 | T40: 3700000 | W40: =T40 -> 3700000 | X40: 1.5 | Y40: =W40*X40% -> 55500 | AA40: paid | AB40: 1141071764 | AC40: 45637 | AD40: DISBURSED | AE40: 0 | AG40: KHI/HO/D/MO/PC COMP/C/101342/33/11/2024 | AI40: 55500 | AJ40: 0 | AK40: 3700000 | AL40: 0 | AM40: FRE | AN40: TRACKER (TRASUR)
A41: Fresh | B41: 76809/1 | C41: 45597 | D41: SALAAM TAKAFUL LTD | E41: KHI/HO/D/MO/PC COMP/C/101342/34/11/2024 | F41: 45625 | G41: 45989 | H41: MUHAMMAD KASHIF RIAZ | I41: 3520227387261 | J41: ALTIS GRANDE | K41: AFL-382 | L41: 352872 | M41: 7052027 | N41: 76809/1 | O41: Central | P41: 0329 | Q41: 537150 | R41: 45628 | S41: 47092 | T41: 6500000 | W41: =T41 -> 6500000 | X41: 1.5 | Y41: =W41*X41% -> 97500 | AA41: paid | AB41: 1141071764 | AC41: 45637 | AD41: DISBURSED | AE41: 0 | AG41: KHI/HO/D/MO/PC COMP/C/101342/34/11/2024 | AI41: 97500 | AJ41: 0 | AK41: 6500000 | AL41: 0 | AM41: FRE | AN41: TRACKER (TRASUR)
A42: Fresh | B42: 74904/1 | C42: 45597 | D42: SALAAM TAKAFUL LTD | E42: KHI/HO/D/MO/PC COMP/C/101342/35/11/2024 | F42: 45625 | G42: 45989 | H42: MUHAMMAD SHAHID KAMRAN | I42: 3630278498601 | J42: ALTO VXR (NON-METALLIC) | K42: ADT-706 | L42: 173118 | M42: 1073104 | N42: 74904/1 | O42: Central | P42: 0431 | Q42: 656888 | R42: 45628 | S42: 47457 | T42: 2300000 | W42: =T42 -> 2300000 | X42: 2 | Y42: =W42*X42% -> 46000 | AA42: paid | AB42: 1141071764 | AC42: 45637 | AD42: DISBURSED | AE42: 0 | AG42: KHI/HO/D/MO/PC COMP/C/101342/35/11/2024 | AI42: 46000 | AJ42: 0 | AK42: 2300000 | AL42: 0 | AM42: FRE | AN42: TRACKER (TRASUR)
A43: Fresh | B43: 76208/1 | C43: 45597 | D43: SALAAM TAKAFUL LTD | E43: KHI/HO/D/MO/PC COMP/C/101342/36/11/2024 | F43: 45625 | G43: 45989 | H43: JAWWAD ALI | I43: 3740256363775 | J43: WAGON R VXL | K43: AHS-798 | L43: 154325 | M43: 10054284 | N43: 76208/1 | O43: North | P43: 0804 | Q43: 661996 | R43: 45628 | S43: 47457 | T43: 2000000 | W43: =T43 -> 2000000 | X43: 2 | Y43: =W43*X43% -> 40000 | AA43: paid | AB43: 1141071764 | AC43: 45637 | AD43: DISBURSED | AE43: 0 | AG43: KHI/HO/D/MO/PC COMP/C/101342/36/11/2024 | AI43: 40000 | AJ43: 0 | AK43: 2000000 | AL43: 0 | AM43: FRE | AN43: TRACKER (TRASUR)
A44: Fresh | B44: 74768/1 | C44: 45597 | D44: SALAAM TAKAFUL LTD | E44: KHI/HO/D/MO/PC COMP/C/101342/37/11/2024 | F44: 45625 | G44: 45989 | H44: MALIK MUDDASIR ISHAQ AWAN | I44: 3840359624635 | J44: WAGON R VXL | L44: 157394 | M44: 10057383 | N44: 74768/1 | O44: North | P44: 0804 | Q44: 656884 | R44: 45628 | S44: 47457 | T44: 2350000 | W44: =T44 -> 2350000 | X44: 2 | Y44: =W44*X44% -> 47000 | AA44: paid | AB44: 1141071764 | AC44: 45637 | AD44: DISBURSED | AE44: 0 | AG44: KHI/HO/D/MO/PC COMP/C/101342/37/11/2024 | AI44: 47000 | AJ44: 0 | AK44: 2350000 | AL44: 0 | AM44: FRE | AN44: TRACKER (TRASUR)
A45: Fresh | B45: 76624/1 | C45: 45597 | D45: SALAAM TAKAFUL LTD | E45: KHI/HO/D/MO/PC COMP/C/101342/38/11/2024 | F45: 45625 | G45: 45989 | H45: ALI RAZA | I45: 3310271553673 | J45: ALTO VXL | L45: 6R327743 | M45: NF1AET306H1227717 | N45: 76624/1 | O45: Central | P45: 0423 | Q45: 664040 | R45: 45628 | S45: 47457 | T45: 3045000 | W45: =T45 -> 3045000 | X45: 2 | Y45: =W45*X45% -> 60900 | AA45: paid | AB45: 1141071764 | AC45: 45637 | AD45: DISBURSED | AE45: 0 | AG45: KHI/HO/D/MO/PC COMP/C/101342/38/11/2024 | AI45: 60900 | AJ45: 0 | AK45: 3045000 | AL45: 0 | AM45: FRE | AN45: TRACKER (TRASUR)
A46: Fresh | B46: 76439/1 | C46: 45597 | D46: SALAAM TAKAFUL LTD | E46: KHI/HO/D/MO/PC COMP/C/101342/39/11/2024 | F46: 45625 | G46: 45989 | H46: MASHHOOD HUSSAIN | I46: 3310116925393 | J46: COROLLA GLI A/T | K46: LEB-17-9993 | L46: Z 488598 | M46: NZE170R-4115365 | N46: 76439/1 | O46: Central | P46: 0423 | Q46: 662834 | R46: 45628 | S46: 46727 | T46: 3800000 | W46: =T46 -> 3800000 | X46: 1.5 | Y46: =W46*X46% -> 57000 | AA46: paid | AB46: 1141071764 | AC46: 45637 | AD46: DISBURSED | AE46: 0 | AG46: KHI/HO/D/MO/PC COMP/C/101342/39/11/2024 | AI46: 57000 | AJ46: 0 | AK46: 3800000 | AL46: 0 | AM46: FRE | AN46: TRACKER (TRASUR)
A47: Fresh | B47: 73718/1 | C47: 45597 | D47: SALAAM TAKAFUL LTD | E47: KHI/HO/D/MO/PC COMP/C/101342/4/11/2024 | F47: 45601 | G47: 45965 | H47: SAAD ALI MALIK | I47: 3520225302019 | J47: KARVAN PLUS | L47: 503240 | M47: 1002056 | N47: 73718/1 | O47: Central | P47: 0329 | Q47: 639985 | R47: 45604 | S47: 46696 | T47: 2999000 | W47: =T47 -> 2999000 | X47: 2 | Y47: =W47*X47% -> 59980 | AA47: paid | AB47: 1141071764 | AC47: 45637 | AD47: DISBURSED | AE47: 0 | AG47: KHI/HO/D/MO/PC COMP/C/101342/4/11/2024 | AI47: 59980 | AJ47: 0 | AK47: 2999000 | AL47: 0 | AM47: FRE | AN47: TRACKER (TRASUR)
A48: Fresh | B48: 76659/1 | C48: 45597 | D48: SALAAM TAKAFUL LTD | E48: KHI/HO/D/MO/PC COMP/C/101342/40/11/2024 | F48: 45625 | G48: 45989 | H48: MUHAMMAD SHAHBAZ HUSSAIN | I48: 3630260441163 | J48: TOYOTA COROLLA ALTIS (AUTOMATIC) | K48: BPP-903 | L48: 055473 | M48: 6032976 | N48: 76659/1 | O48: Central | P48: 0431 | Q48: 663831 | R48: 45628 | S48: 46727 | T48: 4700000 | W48: =T48 -> 4700000 | X48: 1.5 | Y48: =W48*X48% -> 70500 | AA48: paid | AB48: 1141071764 | AC48: 45637 | AD48: DISBURSED | AE48: 0 | AG48: KHI/HO/D/MO/PC COMP/C/101342/40/11/2024 | AI48: 70500 | AJ48: 0 | AK48: 4700000 | AL48: 0 | AM48: FRE | AN48: TRACKER (TRASUR)
A49: Fresh | B49: 76243/1 | C49: 45597 | D49: SALAAM TAKAFUL LTD | E49: KHI/HO/D/MO/PC COMP/C/101342/41/11/2024 | F49: 45625 | G49: 45989 | H49: YASIR MALIK | I49: 4230185170659 | J49: TOYOTA COROLLA GLI | K49: BHQ-926 | L49: Z478235 | M49: 4103790 | N49: 76243/1 | O49: South | P49: 0142 | Q49: 149211 | R49: 45628 | S49: 46727 | T49: 3640000 | W49: =T49 -> 3640000 | X49: 1.5 | Y49: =W49*X49% -> 54600 | AA49: paid | AB49: 1141071764 | AC49: 45637 | AD49: DISBURSED | AE49: 0 | AG49: KHI/HO/D/MO/PC COMP/C/101342/41/11/2024 | AI49: 54600 | AJ49: 0 | AK49: 3640000 | AL49: 0 | AM49: FRE | AN49: TRACKER (TRASUR)
A50: Fresh | B50: 76403/1 | C50: 45597 | D50: SALAAM TAKAFUL LTD | E50: KHI/HO/D/MO/PC COMP/C/101342/42/11/2024 | F50: 45625 | G50: 45989 | H50: MUHAMMAD ` SHAFIQ | I50: 3520265340383 | J50: WAGON R VXL | K50: ALE-716 | L50: B238601 | M50: PK10138615 | N50: 76403/1 | O50: Central | P50: 0329 | Q50: 662901 | R50: 45628 | S50: 47457 | T50: 2500000 | W50: =T50 -> 2500000 | X50: 2 | Y50: =W50*X50% -> 50000 | AA50: paid | AB50: 1141071764 | AC50: 45637 | AD50: DISBURSED | AE50: 0 | AG50: KHI/HO/D/MO/PC COMP/C/101342/42/11/2024 | AI50: 50000 | AJ50: 0 | AK50: 2500000 | AL50: 0 | AM50: FRE | AN50: TRACKER (TRASUR)
A51: Fresh | B51: 76821/1 | C51: 45597 | D51: SALAAM TAKAFUL LTD | E51: KHI/HO/D/MO/PC COMP/C/101342/43/11/2024 | F51: 45625 | G51: 45989 | H51: MUHAMMAD NAEEM | I51: 3810394111691 | J51: CIVIC (AUTOMATIC) | K51: AJB-629 | L51: 2934155 | M51: 037588 | N51: 76821/1 | O51: North | P51: 0804 | Q51: 663734 | R51: 45628 | S51: 47092 | T51: 5000000 | W51: =T51 -> 5000000 | X51: 1.5 | Y51: =W51*X51% -> 75000 | AA51: paid | AB51: 1141071764 | AC51: 45637 | AD51: DISBURSED | AE51: 0 | AG51: KHI/HO/D/MO/PC COMP/C/101342/43/11/2024 | AI51: 75000 | AJ51: 0 | AK51: 5000000 | AL51: 0 | AM51: FRE | AN51: TRACKER (TRASUR)
A52: Fresh | B52: 76823/1 | C52: 45597 | D52: SALAAM TAKAFUL LTD | E52: KHI/HO/D/MO/PC COMP/C/101342/45/11/2024 | F52: 45625 | G52: 45989 | H52: SYED ABRAR HUSSAIN | I52: 3740503867997 | J52: WAGON R VXL | K52: AXH-751 | L52: 228208 | M52: 10128214 | N52: 76823/1 | O52: North | P52: 0804 | Q52: 552720 | R52: 45628 | S52: 47092 | T52: 2700000 | W52: =T52 -> 2700000 | X52: 2 | Y52: =W52*X52% -> 54000 | AA52: paid | AB52: 1141071764 | AC52: 45637 | AD52: DISBURSED | AE52: 0 | AG52: KHI/HO/D/MO/PC COMP/C/101342/45/11/2024 | AI52: 54000 | AJ52: 0 | AK52: 2700000 | AL52: 0 | AM52: FRE | AN52: TRACKER (TRASUR)
A53: Fresh | B53: 74047/1 | C53: 45597 | D53: SALAAM TAKAFUL LTD | E53: KHI/HO/D/MO/PC COMP/C/101342/5/11/2024 | F53: 45601 | G53: 45965 | H53: MUHAMMAD ASHIQ | I53: 3510374790251 | J53: ALTO VX (METALLIC) | L53: 325664 | M53: 1225540 | N53: 74047/1 | O53: Central | P53: 0329 | Q53: 498405 | R53: 45602 | S53: 46696 | T53: 2331000 | W53: =T53 -> 2331000 | X53: 2 | Y53: =W53*X53% -> 46620 | AA53: paid | AB53: 1141071764 | AC53: 45637 | AD53: DISBURSED | AE53: 0 | AG53: KHI/HO/D/MO/PC COMP/C/101342/5/11/2024 | AI53: 46620 | AJ53: 0 | AK53: 2331000 | AL53: 0 | AM53: FRE | AN53: TRACKER (TRASUR)
A54: Fresh | B54: 75885/1 | C54: 45597 | D54: SALAAM TAKAFUL LTD | E54: KHI/HO/D/MO/PC COMP/C/101342/6/11/2024 | F54: 45607 | G54: 45971 | H54: FAIZ UR REHMAN | I54: 1310113537215 | J54: BOLAN STD | L54: 1033484 | M54: 01149993 | N54: 75885/1 | O54: North | P54: 0680 | Q54: 659626 | R54: 45615 | S54: 47457 | T54: 1940000 | W54: =T54 -> 1940000 | X54: 2 | Y54: =W54*X54% -> 38800 | AA54: paid | AB54: 1141071764 | AC54: 45637 | AD54: DISBURSED | AE54: 0 | AG54: KHI/HO/D/MO/PC COMP/C/101342/6/11/2024 | AI54: 38800 | AJ54: 0 | AK54: 1940000 | AL54: 0 | AM54: FRE | AN54: TRACKER (TRASUR)
A55: Fresh | B55: 75818/1 | C55: 45597 | D55: SALAAM TAKAFUL LTD | E55: KHI/HO/D/MO/PC COMP/C/101342/7/11/2024 | F55: 45607 | G55: 45971 | H55: MUHAMMAD SUFYAN | I55: 3310070748891 | J55: CIVIC (AUTOMATIC) | K55: AJH-188 | L55: R18Z12935735 | M55: NFBFC6667JR039157 | N55: 75818/1 | O55: Central | P55: 0423 | Q55: 660365 | R55: 45610 | S55: 46696 | T55: 5000000 | W55: =T55 -> 5000000 | X55: 1.5 | Y55: =W55*X55% -> 75000 | AA55: paid | AB55: 1141071764 | AC55: 45637 | AD55: DISBURSED | AE55: 0 | AG55: KHI/HO/D/MO/PC COMP/C/101342/7/11/2024 | AI55: 75000 | AJ55: 0 | AK55: 5000000 | AL55: 0 | AM55: FRE | AN55: TRACKER (TRASUR)
A56: Fresh | B56: 75043/1 | C56: 45597 | D56: SALAAM TAKAFUL LTD | E56: KHI/HO/D/MO/PC COMP/C/101342/8/11/2024 | F56: 45610 | G56: 45974 | H56: MUHAMMAD USMAN SAFDAR | I56: 3520116115887 | J56: CITY (AUTOMATIC) UPGRADED | K56: AMH-741 | L56: 51014701 | M56: R026400 | N56: 75043/1 | O56: Central | P56: 0329 | Q56: 657565 | R56: 45614 | S56: 46727 | T56: 4270000 | W56: =T56 -> 4270000 | X56: 1.5 | Y56: =W56*X56% -> 64050 | AA56: paid | AB56: 1141071764 | AC56: 45637 | AD56: DISBURSED | AE56: 0 | AG56: KHI/HO/D/MO/PC COMP/C/101342/8/11/2024 | AI56: 64050 | AJ56: 0 | AK56: 4270000 | AL56: 0 | AM56: FRE | AN56: 0
A57: Fresh | B57: 76285/1 | C57: 45597 | D57: SALAAM TAKAFUL LTD | E57: KHI/HO/D/MO/PC COMP/C/101342/9/11/2024 | F57: 45610 | G57: 45974 | H57: AQEEL AHMAD | I57: 3310090334649 | J57: MEHRAN VXR (METALLIC) | K57: LEH-18-3574 | L57: PKB735264 | M57: SB 308PK01273780 | N57: 76285/1 | O57: Central | P57: 0423 | Q57: 520099 | R57: 45615 | S57: 46727 | T57: 1425000 | W57: =T57 -> 1425000 | X57: 2 | Y57: =W57*X57% -> 28500 | AA57: paid | AB57: 1141071764 | AC57: 45637 | AD57: DISBURSED | AE57: 0 | AG57: KHI/HO/D/MO/PC COMP/C/101342/9/11/2024 | AI57: 28500 | AJ57: 0 | AK57: 1425000 | AL57: 0 | AM57: FRE | AN57: TRACKER (TRASUR)
Y58: =SUM(Y17:Y57) -> 2532134.9
AI59: =SUBTOTAL(9,AI2:AI58) -> 2794760

Sheet working
A1: POLICY NO. | B1: Assorted_code | D1: Premium | E1: 23Dec240041
A2: KHI/HO/D/MO/PC COMP/C/86550/22/04/2024 | B2: =VLOOKUP(A2,policy!B:C,2,0) -> 070000157155 | C2: 82000 | D2: =ROUND(C2,0) -> 82000 | E2: 23Dec240041 | F2: ="insert into ins_premium_det (premium_rcv_code,assorted_code, rec_amount,premium_rcv_detail_code,remaining_amt, payrec, mode_code,coinsurance_code,class_cd,it_remarks) values" -> insert into ins_premium_det (premium_rcv_code,assorted_code, rec_amount,premium_rcv_detail_code,remaining_amt, payrec, mode_code,coinsurance_code,class_cd,it_remarks) values | G2: ="('"&E2&"','"&B2&"','"&D2&"',(select max(to_number(i.premium_rcv_detail_code))+1 from ins_premium_det i),'"&D2&"','"&D2&"','02', '11000003','00','Request by Mr. Saqib Saleem 23-Dec-2024 Fresh');" -> ('23Dec240041','070000157155','82000',(select max(to_number(i.premium_rcv_detail_code))+1 from ins_premium_det i),'82000','82000','02', '11000003','00','Request by Mr. Saqib Saleem 23-Dec-2024 Fresh'); | H2: =F2&G2 -> insert into ins_premium_det (premium_rcv_code,assorted_code, rec_amount,premium_rcv_detail_code,remaining_amt, payrec, mode_code,coinsurance_code,class_cd,it_remarks) values('23Dec240041','070000157155','82000',(select max(to_number(i.premium_rcv_detail_code))+1 from ins_premium_det i),'82000','82000','02', '11000003','00','Request by Mr. Saqib Saleem 23-Dec-2024 Fresh');
A3: KHI/HO/D/MO/PC COMP/C/86550/5/04/2024 | B3: =VLOOKUP(A3,policy!B:C,2,0) -> 070000156968 | C3: 80625 | D3: =ROUND(C3,0) -> 80625 | E3: 23Dec240041 | F3: ="insert into ins_premium_det (premium_rcv_code,assorted_code, rec_amount,premium_rcv_detail_code,remaining_amt, payrec, mode_code,coinsurance_code,class_cd,it_remarks) values" -> insert into ins_premium_det (premium_rcv_code,assorted_code, rec_amount,premium_rcv_detail_code,remaining_amt, payrec, mode_code,coinsurance_code,class_cd,it_remarks) values | G3: ="('"&E3&"','"&B3&"','"&D3&"',(select max(to_number(i.premium_rcv_detail_code))+1 from ins_premium_det i),'"&D3&"','"&D3&"','02', '11000003','00','Request by Mr. Saqib Saleem 23-Dec-2024 Fresh');" -> ('23Dec240041','070000156968','80625',(select max(to_number(i.premium_rcv_detail_code))+1 from ins_premium_det i),'80625','80625','02', '11000003','00','Request by Mr. Saqib Saleem 23-Dec-2024 Fresh'); | H3: =F3&G3 -> insert into ins_premium_det (premium_rcv_code,assorted_code, rec_amount,premium_rcv_detail_code,remaining_amt, payrec, mode_code,coinsurance_code,class_cd,it_remarks) values('23Dec240041','070000156968','80625',(select max(to_number(i.premium_rcv_detail_code))+1 from ins_premium_det i),'80625','80625','02', '11000003','00','Request by Mr. Saqib Saleem 23-Dec-2024 Fresh');
A4: KHI/HO/D/MO/PC COMP/C/101342/11/11/2024 | B4: =VLOOKUP(A4,policy!B:C,2,0) -> 070000169839 | C4: 43000 | D4: =ROUND(C4,0) -> 43000 | E4: 23Dec240041 | F4: ="insert into ins_premium_det (premium_rcv_code,assorted_code, rec_amount,premium_rcv_detail_code,remaining_amt, payrec, mode_code,coinsurance_code,class_cd,it_remarks) values" -> insert into ins_premium_det (premium_rcv_code,assorted_code, rec_amount,premium_rcv_detail_code,remaining_amt, payrec, mode_code,coinsurance_code,class_cd,it_remarks) values | G4: ="('"&E4&"','"&B4&"','"&D4&"',(select max(to_number(i.premium_rcv_detail_code))+1 from ins_premium_det i),'"&D4&"','"&D4&"','02', '11000003','00','Request by Mr. Saqib Saleem 23-Dec-2024 Fresh');" -> ('23Dec240041','070000169839','43000',(select max(to_number(i.premium_rcv_detail_code))+1 from ins_premium_det i),'43000','43000','02', '11000003','00','Request by Mr. Saqib Saleem 23-Dec-2024 Fresh'); | H4: =F4&G4 -> insert into ins_premium_det (premium_rcv_code,assorted_code, rec_amount,premium_rcv_detail_code,remaining_amt, payrec, mode_code,coinsurance_code,class_cd,it_remarks) values('23Dec240041','070000169839','43000',(select max(to_number(i.premium_rcv_detail_code))+1 from ins_premium_det i),'43000','43000','02', '11000003','00','Request by Mr. Saqib Saleem 23-Dec-2024 Fresh');
A5: KHI/HO/D/MO/PC COMP/C/101342/3/11/2024 | B5: =VLOOKUP(A5,policy!B:C,2,0) -> 070000169498 | C5: 57000 | D5: =ROUND(C5,0) -> 57000 | E5: 23Dec240041 | F5: ="insert into ins_premium_det (premium_rcv_code,assorted_code, rec_amount,premium_rcv_detail_code,remaining_amt, payrec, mode_code,coinsurance_code,class_cd,it_remarks) values" -> insert into ins_premium_det (premium_rcv_code,assorted_code, rec_amount,premium_rcv_detail_code,remaining_amt, payrec, mode_code,coinsurance_code,class_cd,it_remarks) values | G5: ="('"&E5&"','"&B5&"','"&D5&"',(select max(to_number(i.premium_rcv_detail_code))+1 from ins_premium_det i),'"&D5&"','"&D5&"','02', '11000003','00','Request by Mr. Saqib Saleem 23-Dec-2024 Fresh');" -> ('23Dec240041','070000169498','57000',(select max(to_number(i.premium_rcv_detail_code))+1 from ins_premium_det i),'57000','57000','02', '11000003','00','Request by Mr. Saqib Saleem 23-Dec-2024 Fresh'); | H5: =F5&G5 -> insert into ins_premium_det (premium_rcv_code,assorted_code, rec_amount,premium_rcv_detail_code,remaining_amt, payrec, mode_code,coinsurance_code,class_cd,it_remarks) values('23Dec240041','070000169498','57000',(select max(to_number(i.premium_rcv_detail_code))+1 from ins_premium_det i),'57000','57000','02', '11000003','00','Request by Mr. Saqib Saleem 23-Dec-2024 Fresh');
A6: KHI/HO/D/MO/PC COMP/C/101342/1/11/2024 | B6: =VLOOKUP(A6,policy!B:C,2,0) -> 070000169487 | C6: 68190 | D6: =ROUND(C6,0) -> 68190 | E6: 23Dec240041 | F6: ="insert into ins_premium_det (premium_rcv_code,assorted_code, rec_amount,premium_rcv_detail_code,remaining_amt, payrec, mode_code,coinsurance_code,class_cd,it_remarks) values" -> insert into ins_premium_det (premium_rcv_code,assorted_code, rec_amount,premium_rcv_detail_code,remaining_amt, payrec, mode_code,coinsurance_code,class_cd,it_remarks) values | G6: ="('"&E6&"','"&B6&"','"&D6&"',(select max(to_number(i.premium_rcv_detail_code))+1 from ins_premium_det i),'"&D6&"','"&D6&"','02', '11000003','00','Request by Mr. Saqib Saleem 23-Dec-2024 Fresh');" -> ('23Dec240041','070000169487','68190',(select max(to_number(i.premium_rcv_detail_code))+1 from ins_premium_det i),'68190','68190','02', '11000003','00','Request by Mr. Saqib Saleem 23-Dec-2024 Fresh'); | H6: =F6&G6 -> insert into ins_premium_det (premium_rcv_code,assorted_code, rec_amount,premium_rcv_detail_code,remaining_amt, payrec, mode_code,coinsurance_code,class_cd,it_remarks) values('23Dec240041','070000169487','68190',(select max(to_number(i.premium_rcv_detail_code))+1 from ins_premium_det i),'68190','68190','02', '11000003','00','Request by Mr. Saqib Saleem 23-Dec-2024 Fresh');
A7: KHI/HO/D/MO/PC COMP/C/101342/10/11/2024 | B7: =VLOOKUP(A7,policy!B:C,2,0) -> 070000169838 | C7: 28600 | D7: =ROUND(C7,0) -> 28600 | E7: 23Dec240041 | F7: ="insert into ins_premium_det (premium_rcv_code,assorted_code, rec_amount,premium_rcv_detail_code,remaining_amt, payrec, mode_code,coinsurance_code,class_cd,it_remarks) values" -> insert into ins_premium_det (premium_rcv_code,assorted_code, rec_amount,premium_rcv_detail_code,remaining_amt, payrec, mode_code,coinsurance_code,class_cd,it_remarks) values | G7: ="('"&E7&"','"&B7&"','"&D7&"',(select max(to_number(i.premium_rcv_detail_code))+1 from ins_premium_det i),'"&D7&"','"&D7&"','02', '11000003','00','Request by Mr. Saqib Saleem 23-Dec-2024 Fresh');" -> ('23Dec240041','070000169838','28600',(select max(to_number(i.premium_rcv_detail_code))+1 from ins_premium_det i),'28600','28600','02', '11000003','00','Request by Mr. Saqib Saleem 23-Dec-2024 Fresh'); | H7: =F7&G7 -> insert into ins_premium_det (premium_rcv_code,assorted_code, rec_amount,premium_rcv_detail_code,remaining_amt, payrec, mode_code,coinsurance_code,class_cd,it_remarks) values('23Dec240041','070000169838','28600',(select max(to_number(i.premium_rcv_detail_code))+1 from ins_premium_det i),'28600','28600','02', '11000003','00','Request by Mr. Saqib Saleem 23-Dec-2024 Fresh');
A8: KHI/HO/D/MO/PC COMP/C/101342/12/11/2024 | B8: =VLOOKUP(A8,policy!B:C,2,0) -> 070000169918 | C8: 44000 | D8: =ROUND(C8,0) -> 44000 | E8: 23Dec240041 | F8: ="insert into ins_premium_det (premium_rcv_code,assorted_code, rec_amount,premium_rcv_detail_code,remaining_amt, payrec, mode_code,coinsurance_code,class_cd,it_remarks) values" -> insert into ins_premium_det (premium_rcv_code,assorted_code, rec_amount,premium_rcv_detail_code,remaining_amt, payrec, mode_code,coinsurance_code,class_cd,it_remarks) values | G8: ="('"&E8&"','"&B8&"','"&D8&"',(select max(to_number(i.premium_rcv_detail_code))+1 from ins_premium_det i),'"&D8&"','"&D8&"','02', '11000003','00','Request by Mr. Saqib Saleem 23-Dec-2024 Fresh');" -> ('23Dec240041','070000169918','44000',(select max(to_number(i.premium_rcv_detail_code))+1 from ins_premium_det i),'44000','44000','02', '11000003','00','Request by Mr. Saqib Saleem 23-Dec-2024 Fresh'); | H8: =F8&G8 -> insert into ins_premium_det (premium_rcv_code,assorted_code, rec_amount,premium_rcv_detail_code,remaining_amt, payrec, mode_code,coinsurance_code,class_cd,it_remarks) values('23Dec240041','070000169918','44000',(select max(to_number(i.premium_rcv_detail_code))+1 from ins_premium_det i),'44000','44000','02', '11000003','00','Request by Mr. Saqib Saleem 23-Dec-2024 Fresh');
A9: KHI/HO/D/MO/PC COMP/C/101342/13/11/2024 | B9: =VLOOKUP(A9,policy!B:C,2,0) -> 070000169922 | C9: 47000 | D9: =ROUND(C9,0) -> 47000 | E9: 23Dec240041 | F9: ="insert into ins_premium_det (premium_rcv_code,assorted_code, rec_amount,premium_rcv_detail_code,remaining_amt, payrec, mode_code,coinsurance_code,class_cd,it_remarks) values" -> insert into ins_premium_det (premium_rcv_code,assorted_code, rec_amount,premium_rcv_detail_code,remaining_amt, payrec, mode_code,coinsurance_code,class_cd,it_remarks) values | G9: ="('"&E9&"','"&B9&"','"&D9&"',(select max(to_number(i.premium_rcv_detail_code))+1 from ins_premium_det i),'"&D9&"','"&D9&"','02', '11000003','00','Request by Mr. Saqib Saleem 23-Dec-2024 Fresh');" -> ('23Dec240041','070000169922','47000',(select max(to_number(i.premium_rcv_detail_code))+1 from ins_premium_det i),'47000','47000','02', '11000003','00','Request by Mr. Saqib Saleem 23-Dec-2024 Fresh'); | H9: =F9&G9 -> insert into ins_premium_det (premium_rcv_code,assorted_code, rec_amount,premium_rcv_detail_code,remaining_amt, payrec, mode_code,coinsurance_code,class_cd,it_remarks) values('23Dec240041','070000169922','47000',(select max(to_number(i.premium_rcv_detail_code))+1 from ins_premium_det i),'47000','47000','02', '11000003','00','Request by Mr. Saqib Saleem 23-Dec-2024 Fresh');
A10: KHI/HO/D/MO/PC COMP/C/101342/14/11/2024 | B10: =VLOOKUP(A10,policy!B:C,2,0) -> 070000169926 | C10: 63000 | D10: =ROUND(C10,0) -> 63000 | E10: 23Dec240041 | F10: ="insert into ins_premium_det (premium_rcv_code,assorted_code, rec_amount,premium_rcv_detail_code,remaining_amt, payrec, mode_code,coinsurance_code,class_cd,it_remarks) values" -> insert into ins_premium_det (premium_rcv_code,assorted_code, rec_amount,premium_rcv_detail_code,remaining_amt, payrec, mode_code,coinsurance_code,class_cd,it_remarks) values | G10: ="('"&E10&"','"&B10&"','"&D10&"',(select max(to_number(i.premium_rcv_detail_code))+1 from ins_premium_det i),'"&D10&"','"&D10&"','02', '11000003','00','Request by Mr. Saqib Saleem 23-Dec-2024 Fresh');" -> ('23Dec240041','070000169926','63000',(select max(to_number(i.premium_rcv_detail_code))+1 from ins_premium_det i),'63000','63000','02', '11000003','00','Request by Mr. Saqib Saleem 23-Dec-2024 Fresh'); | H10: =F10&G10 -> insert into ins_premium_det (premium_rcv_code,assorted_code, rec_amount,premium_rcv_detail_code,remaining_amt, payrec, mode_code,coinsurance_code,class_cd,it_remarks) values('23Dec240041','070000169926','63000',(select max(to_number(i.premium_rcv_detail_code))+1 from ins_premium_det i),'63000','63000','02', '11000003','00','Request by Mr. Saqib Saleem 23-Dec-2024 Fresh');
A11: KHI/HO/D/MO/PC COMP/C/101342/15/11/2024 | B11: =VLOOKUP(A11,policy!B:C,2,0) -> 070000169927 | C11: 44000 | D11: =ROUND(C11,0) -> 44000 | E11: 23Dec240041 | F11: ="insert into ins_premium_det (premium_rcv_code,assorted_code, rec_amount,premium_rcv_detail_code,remaining_amt, payrec, mode_code,coinsurance_code,class_cd,it_remarks) values" -> insert into ins_premium_det (premium_rcv_code,assorted_code, rec_amount,premium_rcv_detail_code,remaining_amt, payrec, mode_code,coinsurance_code,class_cd,it_remarks) values | G11: ="('"&E11&"','"&B11&"','"&D11&"',(select max(to_number(i.premium_rcv_detail_code))+1 from ins_premium_det i),'"&D11&"','"&D11&"','02', '11000003','00','Request by Mr. Saqib Saleem 23-Dec-2024 Fresh');" -> ('23Dec240041','070000169927','44000',(select max(to_number(i.premium_rcv_detail_code))+1 from ins_premium_det i),'44000','44000','02', '11000003','00','Request by Mr. Saqib Saleem 23-Dec-2024 Fresh'); | H11: =F11&G11 -> insert into ins_premium_det (premium_rcv_code,assorted_code, rec_amount,premium_rcv_detail_code,remaining_amt, payrec, mode_code,coinsurance_code,class_cd,it_remarks) values('23Dec240041','070000169927','44000',(select max(to_number(i.premium_rcv_detail_code))+1 from ins_premium_det i),'44000','44000','02', '11000003','00','Request by Mr. Saqib Saleem 23-Dec-2024 Fresh');
A12: KHI/HO/D/MO/PC COMP/C/101342/16/11/2024 | B12: =VLOOKUP(A12,policy!B:C,2,0) -> 070000170261 | C12: 44000 | D12: =ROUND(C12,0) -> 44000 | E12: 23Dec240041 | F12: ="insert into ins_premium_det (premium_rcv_code,assorted_code, rec_amount,premium_rcv_detail_code,remaining_amt, payrec, mode_code,coinsurance_code,class_cd,it_remarks) values" -> insert into ins_premium_det (premium_rcv_code,assorted_code, rec_amount,premium_rcv_detail_code,remaining_amt, payrec, mode_code,coinsurance_code,class_cd,it_remarks) values | G12: ="('"&E12&"','"&B12&"','"&D12&"',(select max(to_number(i.premium_rcv_detail_code))+1 from ins_premium_det i),'"&D12&"','"&D12&"','02', '11000003','00','Request by Mr. Saqib Saleem 23-Dec-2024 Fresh');" -> ('23Dec240041','070000170261','44000',(select max(to_number(i.premium_rcv_detail_code))+1 from ins_premium_det i),'44000','44000','02', '11000003','00','Request by Mr. Saqib Saleem 23-Dec-2024 Fresh'); | H12: =F12&G12 -> insert into ins_premium_det (premium_rcv_code,assorted_code, rec_amount,premium_rcv_detail_code,remaining_amt, payrec, mode_code,coinsurance_code,class_cd,it_remarks) values('23Dec240041','070000170261','44000',(select max(to_number(i.premium_rcv_detail_code))+1 from ins_premium_det i),'44000','44000','02', '11000003','00','Request by Mr. Saqib Saleem 23-Dec-2024 Fresh');
A13: KHI/HO/D/MO/PC COMP/C/101342/17/11/2024 | B13: =VLOOKUP(A13,policy!B:C,2,0) -> 070000170548 | C13: 76770 | D13: =ROUND(C13,0) -> 76770 | E13: 23Dec240041 | F13: ="insert into ins_premium_det (premium_rcv_code,assorted_code, rec_amount,premium_rcv_detail_code,remaining_amt, payrec, mode_code,coinsurance_code,class_cd,it_remarks) values" -> insert into ins_premium_det (premium_rcv_code,assorted_code, rec_amount,premium_rcv_detail_code,remaining_amt, payrec, mode_code,coinsurance_code,class_cd,it_remarks) values | G13: ="('"&E13&"','"&B13&"','"&D13&"',(select max(to_number(i.premium_rcv_detail_code))+1 from ins_premium_det i),'"&D13&"','"&D13&"','02', '11000003','00','Request by Mr. Saqib Saleem 23-Dec-2024 Fresh');" -> ('23Dec240041','070000170548','76770',(select max(to_number(i.premium_rcv_detail_code))+1 from ins_premium_det i),'76770','76770','02', '11000003','00','Request by Mr. Saqib Saleem 23-Dec-2024 Fresh'); | H13: =F13&G13 -> insert into ins_premium_det (premium_rcv_code,assorted_code, rec_amount,premium_rcv_detail_code,remaining_amt, payrec, mode_code,coinsurance_code,class_cd,it_remarks) values('23Dec240041','070000170548','76770',(select max(to_number(i.premium_rcv_detail_code))+1 from ins_premium_det i),'76770','76770','02', '11000003','00','Request by Mr. Saqib Saleem 23-Dec-2024 Fresh');
... A46: KHI/HO/D/MO/PC COMP/C/101342/9/11/2024 | B46: =VLOOKUP(A46,policy!B:C,2,0) -> 070000169743 | C46: 28500 | D46: =ROUND(C46,0) -> 28500 | E46: 23Dec240041 | F46: ="insert into ins_premium_det (premium_rcv_code,assorted_code, rec_amount,premium_rcv_detail_code,remaining_amt, payrec, mode_code,coinsurance_code,class_cd,it_remarks) values" -> insert into ins_premium_det (premium_rcv_code,assorted_code, rec_amount,premium_rcv_detail_code,remaining_amt, payrec, mode_code,coinsurance_code,class_cd,it_remarks) values | G46: ="('"&E46&"','"&B46&"','"&D46&"',(select max(to_number(i.premium_rcv_detail_code))+1 from ins_premium_det i),'"&D46&"','"&D46&"','02', '11000003','00','Request by Mr. Saqib Saleem 23-Dec-2024 Fresh');" -> ('23Dec240041','070000169743','28500',(select max(to_number(i.premium_rcv_detail_code))+1 from ins_premium_det i),'28500','28500','02', '11000003','00','Request by Mr. Saqib Saleem 23-Dec-2024 Fresh'); | H46: =F46&G46 -> insert into ins_premium_det (premium_rcv_code,assorted_code, rec_amount,premium_rcv_detail_code,remaining_amt, payrec, mode_code,coinsurance_code,class_cd,it_remarks) values('23Dec240041','070000169743','28500',(select max(to_number(i.premium_rcv_detail_code))+1 from ins_premium_det i),'28500','28500','02', '11000003','00','Request by Mr. Saqib Saleem 23-Dec-2024 Fresh');
C47: =SUM(C2:C46) -> 2794760 | D47: =SUM(D2:D46) -> 2794760
C48: 66000

Sheet Sheet2
H1: d
A2: KHI/HO/D/MO/PC COMP/C/86550/22/04/2024 | B2: -04-2024 | H2: 86550 | I2: 00022 | J2: ="ia.assorted_string like '%"&H2&"-"&I2&B2&"%' or" -> ia.assorted_string like '%86550-00022-04-2024%' or
A3: KHI/HO/D/MO/PC COMP/C/86550/5/04/2024 | B3: -04-2024 | H3: 86550 | I3: 00005 | J3: ="ia.assorted_string like '%"&H3&"-"&I3&B3&"%' or" -> ia.assorted_string like '%86550-00005-04-2024%' or
A4: KHI/HO/D/MO/PC COMP/C/101342/11/11/2024 | B4: -11-2024 | H4: 101342 | I4: 00011 | J4: ="ia.assorted_string like '%"&H4&"-"&I4&B4&"%' or" -> ia.assorted_string like '%101342-00011-11-2024%' or
A5: KHI/HO/D/MO/PC COMP/C/101342/3/11/2024 | B5: -11-2024 | H5: 101342 | I5: 00003 | J5: ="ia.assorted_string like '%"&H5&"-"&I5&B5&"%' or" -> ia.assorted_string like '%101342-00003-11-2024%' or
A6: KHI/HO/D/MO/PC COMP/C/101342/1/11/2024 | B6: -11-2024 | H6: 101342 | I6: 00001 | J6: ="ia.assorted_string like '%"&H6&"-"&I6&B6&"%' or" -> ia.assorted_string like '%101342-00001-11-2024%' or
A7: KHI/HO/D/MO/PC COMP/C/101342/10/11/2024 | B7: -11-2024 | H7: 101342 | I7: 00010 | J7: ="ia.assorted_string like '%"&H7&"-"&I7&B7&"%' or" -> ia.assorted_string like '%101342-00010-11-2024%' or
A8: KHI/HO/D/MO/PC COMP/C/101342/12/11/2024 | B8: -11-2024 | H8: 101342 | I8: 00012 | J8: ="ia.assorted_string like '%"&H8&"-"&I8&B8&"%' or" -> ia.assorted_string like '%101342-00012-11-2024%' or
A9: KHI/HO/D/MO/PC COMP/C/101342/13/11/2024 | B9: -11-2024 | H9: 101342 | I9: 00013 | J9: ="ia.assorted_string like '%"&H9&"-"&I9&B9&"%' or" -> ia.assorted_string like '%101342-00013-11-2024%' or
A10: KHI/HO/D/MO/PC COMP/C/101342/14/11/2024 | B10: -11-2024 | H10: 101342 | I10: 00014 | J10: ="ia.assorted_string like '%"&H10&"-"&I10&B10&"%' or" -> ia.assorted_string like '%101342-00014-11-2024%' or
A11: KHI/HO/D/MO/PC COMP/C/101342/15/11/2024 | B11: -11-2024 | H11: 101342 | I11: 00015 | J11: ="ia.assorted_string like '%"&H11&"-"&I11&B11&"%' or" -> ia.assorted_string like '%101342-00015-11-2024%' or
A12: KHI/HO/D/MO/PC COMP/C/101342/16/11/2024 | B12: -11-2024 | H12: 101342 | I12: 00016 | J12: ="ia.assorted_string like '%"&H12&"-"&I12&B12&"%' or" -> ia.assorted_string like '%101342-00016-11-2024%' or
A13: KHI/HO/D/MO/PC COMP/C/101342/17/11/2024 | B13: -11-2024 | H13: 101342 | I13: 00017 | J13: ="ia.assorted_string like '%"&H13&"-"&I13&B13&"%' or" -> ia.assorted_string like '%101342-00017-11-2024%' or
... A46: KHI/HO/D/MO/PC COMP/C/101342/9/11/2024 | B46: -11-2024 | H46: 101342 | I46: 00009 | J46: ="ia.assorted_string like '%"&H46&"-"&I46&B46&"%' or" -> ia.assorted_string like '%101342-00009-11-2024%' or

Sheet policy
A1: 1 | B1: KHI/HO/D/MO/PC COMP/C/86550/5/04/2024 | C1: 070000156968
A2: 2 | B2: KHI/HO/D/MO/PC COMP/C/86550/22/04/2024 | C2: 070000157155
A3: 3 | B3: KHI/HO/D/MO/PC COMP/C/101342/1/11/2024 | C3: 070000169487
A4: 4 | B4: KHI/HO/D/MO/PC COMP/C/101342/2/11/2024 | C4: 070000169497
A5: 5 | B5: KHI/HO/D/MO/PC COMP/C/101342/5/11/2024 | C5: 070000169503
A6: 6 | B6: KHI/HO/D/MO/PC COMP/C/101342/4/11/2024 | C6: 070000169501
A7: 7 | B7: KHI/HO/D/MO/PC COMP/C/101342/3/11/2024 | C7: 070000169498
A8: 8 | B8: KHI/HO/D/MO/PC COMP/C/101342/25/11/2024 | C8: 070000171313
A9: 9 | B9: KHI/HO/D/MO/PC COMP/C/101342/28/11/2024 | C9: 070000171362
A10: 10 | B10: KHI/HO/D/MO/PC COMP/C/101342/8/11/2024 | C10: 070000169742
A11: 11 | B11: KHI/HO/D/MO/PC COMP/C/101342/9/11/2024 | C11: 070000169743
A12: 12 | B12: KHI/HO/D/MO/PC COMP/C/101342/24/11/2024 | C12: 070000171310
... A45: 45 | B45: KHI/HO/D/MO/PC COMP/C/101342/39/11/2024 | C45: 070000171462

Sheet Renewal Billing
A1: Fresh / Renewal | B1: Proposal No. | C1: Billing Month | D1: Takaful Company | E1: PMD / Cert | F1: Takaful Start Date | G1: Takaful End Date | H1: Customer Name | I1: CNIC | J1: Vehicle Make | K1: Reg. No | L1: Engine No | M1: Chassis No | N1: Proposal No. | O1: Region | P1: Unit ID | Q1: BR # | R1: Financing Date | S1: Maturity Date | T1: Asset Value | U1: Dep. % | V1: Dep. Amount | W1: Sum Cover Amount | X1: Takaful Rate | Y1: Premium Amount | Z1: For Takaful Company Rectifications | AA1: For COD Status | AB1: PO No. | AC1: PO Dates | AD1: Proposal Status | AE1: Default Case (Overdue Days) | AG1: Policy No. | AH1: Premium Amount | AI1: Diff Amount | AJ1: Sum Cover Amount | AK1: Diff Amount | AL1: Tagging | AM1: Tracker Name
A2: Renewal | B2: 55228/1 | C2: 45078 | D2: SALAAM TAKAFUL LTD | E2: KHI/HO/D/MO/PC COMP/C/71697/10/06/2023 | F2: 45084 | G2: 45449 | H2: MANZOOR AHMAD | I2: 3520268406991 | J2: SUZUKI ALTO VXR | K2: APK-834 | L2: 6R233563 | M2: 1133544 | N2: 55228/1 | O2: Central | P2: 0329 | Q2: 527786 | R2: 44722 | S2: 46543 | T2: 1546000 | U2: 10 | V2: =T2*U2% -> 154600 | W2: =T2-V2 -> 1391400 | X2: 2.5 | Y2: =W2*X2% -> 34785 | Z2: already paid | AD2: DISBURSED | AE2: 0
A3: Renewal | B3: 48998/2 | C3: 45078 | D3: SALAAM TAKAFUL LTD | E3: KHI/HO/D/MO/PC COMP/C/88407/3/05/2024 | F3: 45107 | G3: 45472 | H3: MUHAMMAD UMAR | I3: 4220122466681 | J3: HONDA GRACE HYBRID | K3: BGS-112 | L3: 3397246 | M3: 1007246 | N3: 48998/2 | O3: South | P3: 0106 | Q3: 350549 | R3: 44379 | S3: 45478 | T3: 2650000 | U3: 15 | V3: =T3*U3% -> 397500 | W3: =T3-V3 -> 2252500 | X3: 2.5 | Y3: =W3*X3% -> 56312.5 | Z3: already paid | AD3: DISBURSED | AE3: 0
A4: Renewal | B4: 46477/2 | C4: 45352 | D4: SALAAM TAKAFUL LTD | E4: KHI/HO/D/MO/CV/C/85008/1/03/2024 | F4: 45353 | G4: 45717 | H4: ATIF KHAN | I4: 4210116817327 | J4: JAC X-200 | K4: KZ-7066 | L4: L4018839 | M4: L1803436 | N4: 46477/2 | O4: South | P4: 0144 | Q4: 493263 | R4: 44259 | S4: 46086 | T4: 2415000 | U4: 20 | V4: =T4*U4% -> 483000 | W4: =T4-V4 -> 1932000 | X4: 2.5 | Y4: =W4*X4% -> 48300 | Z4: already paid | AD4: DISBURSED | AE4: 0
A5: Renewal | B5: 56643/1 | C5: 45383 | D5: SALAAM TAKAFUL LTD | E5: KHI/HO/D/MO/PC COMP/C/86646/50/04/2024 | F5: 45402 | G5: 45766 | H5: HAFIZ DILAWAR HUSSAIN | I5: 3120317190427 | J5: SUZUKI WAGON-R VXR | K5: AGX-876 | L5: 233940 | M5: 10133915 | N5: 56643/1 | O5: Central | P5: 0409 | Q5: 260415 | R5: 44677 | S5: 46512 | T5: 2129000 | U5: 15 | V5: =T5*U5% -> 319350 | W5: =T5-V5 -> 1809650 | X5: 2.5 | Y5: =W5*X5% -> 45241.25 | Z5: already paid | AD5: DISBURSED | AE5: 0
A6: Renewal | B6: 47235/1 | C6: 45352 | D6: SALAAM TAKAFUL LTD | E6: KHI/HO/D/MO/PC COMP/C/85019/1/03/2024 | F6: 45381 | G6: 45745 | H6: SALMA SHAIKH | I6: 4210172567246 | J6: SUZUKI WAGON-R VXR | K6: BDG-776 | L6: 102174 | M6: 10002272 | N6: 47235/1 | O6: South | P6: 0150 | Q6: 527775 | R6: 44286 | S6: 46118 | T6: 1210000 | U6: 20 | V6: =T6*U6% -> 242000 | W6: =T6-V6 -> 968000 | X6: 2.5 | Y6: =W6*X6% -> 24200 | Z6: Covered with EFU SITE | AD6: DISBURSED | AE6: 0
A7: Renewal | B7: 36152/1 | C7: 45231 | D7: SALAAM TAKAFUL LTD | E7: KHI/HO/D/MO/PC COMP/C/78104/5/11/2023 | F7: 45237 | G7: 45602 | H7: MUHAMMAD KASHIF JAVED | I7: 3520222692645 | J7: TOYOTA COROLLA XLI 1.3 | K7: LED-19-3004 | L7: Z541722 | M7: 4167558 | N7: 36152/1 | O7: Central | P7: 0329 | Q7: 427595 | R7: 43550 | S7: 45752 | T7: 2151000 | U7: 25 | V7: =T7*U7% -> 537750 | W7: =T7-V7 -> 1613250 | X7: 3.75 | Y7: =W7*X7% -> 60496.875 | Z7: customer default | AD7: DISBURSED | AE7: 150
A8: Renewal | B8: 34742/1 | C8: 45261 | D8: SALAAM TAKAFUL LTD | E8: KHI/HO/D/MO/CV/C/79892/1/12/2023 | F8: 45286 | G8: 45651 | H8: MEHMOOD ALI | I8: 3520296820385 | J8: SUZUKI RAVI VX | K8: LES-19-1191 | L8: 346303 | M8: 450982 | N8: 34742/1 | O8: Central | P8: 0329 | Q8: 433025 | R8: 43461 | S8: 45663 | T8: 756000 | U8: 30 | V8: =T8*U8% -> 226800 | W8: =T8-V8 -> 529200 | X8: 3.75 | Y8: =W8*X8% -> 19845 | Z8: customer default | AD8: DISBURSED | AE8: 88
A9: Renewal | B9: 39946/1 | C9: 45261 | D9: SALAAM TAKAFUL LTD | E9: KHI/HO/D/MO/PC COMP/C/80354/14/12/2023 | F9: 45291 | G9: 45656 | H9: SALAMAT ALI | I9: 3310281283355 | J9: SUZUKI CULTUS VXR EURO-II | K9: LED-13-6321 | L9: PKF578852 | M9: SF410PK485721 | N9: 39946/1 | O9: Central | P9: 0423 | Q9: 469382 | R9: 43832 | S9: 45663 | T9: 900000 | U9: 25 | V9: =T9*U9% -> 225000 | W9: =T9-V9 -> 675000 | X9: 3 | Y9: =W9*X9% -> 20250 | Z9: customer default | AD9: DISBURSED | AE9: 0
A10: Renewal | B10: 35938/1 | C10: 45323 | D10: SALAAM TAKAFUL LTD | E10: KHI/HO/D/MO/PC COMP/C/84685/4/02/2024 | F10: 45351 | G10: 45715 | H10: KHAIR MUHAMMAD | I10: 4220102627889 | J10: SUZUKI BOLAN STD VX EURO | K10: CY-4337 | L10: 994495 | M10: 01111007 | N10: 35938/1 | O10: South | P10: 0144 | Q10: 440228 | R10: 43529 | S10: 45721 | T10: 854000 | U10: 30 | V10: =T10*U10% -> 256200 | W10: =T10-V10 -> 597800 | X10: 3.75 | Y10: =W10*X10% -> 22417.5 | Z10: customer default | AD10: DISBURSED | AE10: 58
A11: Renewal | B11: 47973/2 | C11: 45383 | D11: SALAAM TAKAFUL LTD | E11: KHI/HO/D/MO/PC COMP/C/86676/36/04/2024 | F11: 45411 | G11: 45775 | H11: SIKANDAR AKBAR KHAN | I11: 3520290219253 | J11: HONDA BRV I-VTEC S STD | K11: LEA-17A-8099 | L11: 13503595 | M11: HR003521 | N11: 47973/2 | O11: Central | P11: 0329 | Q11: 531382 | R11: 44322 | S11: 46147 | T11: 2700000 | U11: 20 | V11: =T11*U11% -> 540000 | W11: =T11-V11 -> 2160000 | X11: 2.5 | Y11: =W11*X11% -> 54000 | Z11: Early terminaed dt. 06-06-2024 | AD11: EARLY TERMINATED | AE11: 0 | AG11: KHI/HO/D/MO/PC COMP/P/86676/04/2024 | AH11: 0 | AI11: -54000 | AJ11: 0 | AK11: -2160000 | AL11: FRE | AM11: 0
A12: Renewal | B12: 37086/1 | C12: 45413 | D12: SALAAM TAKAFUL LTD | E12: KHI/HO/D/MO/PC COMP/C/88626/137/05/2024 | F12: 45422 | G12: 45786 | H12: NAVEED RAUF | I12: 3310004549073 | J12: HONDA CIVIC VTI ORIEL PT | K12: ANK-401 | L12: 12950769 | M12: KR054255 | N12: 37086/1 | O12: Central | P12: 0338 | Q12: 307206 | R12: 43605 | S12: 45813 | T12: 3538000 | U12: 30 | V12: =T12*U12% -> 1061400 | W12: =T12-V12 -> 2476600 | X12: 3.3 | Y12: =W12*X12% -> 81727.8 | Z12: Early terminaed dt. 10-06-2024 | AD12: EARLY TERMINATED | AE12: 0
A13: Renewal | B13: 34491/1 | C13: 45231 | D13: SALAAM TAKAFUL LTD | E13: KHI/HO/D/MO/PC COMP/C/78104/4/11/2023 | F13: 45253 | G13: 45618 | H13: IMRAN MEHMOOD | I13: 3520104051913 | J13: SUZUKI WAGON-R VXL E2 | K13: LEA-19-3100 | L13: 177360 | M13: 10077353 | N13: 34491/1 | O13: Central | P13: 0318 | Q13: 420742 | R13: 43444 | S13: 45631 | T13: 1274000 | U13: 30 | V13: =T13*U13% -> 382200 | W13: =T13-V13 -> 891800 | X13: 3.75 | Y13: =W13*X13% -> 33442.5 | Z13: Early terminaed dt. 28-08-2024 | AD13: EARLY TERMINATED | AE13: 0 | AG13: KHI/HO/D/MO/PC COMP/P/78104/11/2023 | AH13: 0 | AI13: -33442.5 | AJ13: 0 | AK13: -891800 | AL13: FRE | AM13: 0
A14: Renewal | B14: 56043/1 | C14: 45474 | D14: SALAAM TAKAFUL LTD | E14: KHI/HO/D/MO/PC COMP/C/93457/15/07/2024 | F14: 45479 | G14: 45843 | H14: MUHAMMAD UZAIR ZAFFAR | I14: 3630219191521 | J14: SUZUKI CULTUS | K14: ALN-405 | L14: 199338 | M14: 10099348 | N14: 56043/1 | O14: Central | P14: 0431 | Q14: 445682 | R14: 44887 | S14: 46727 | T14: 2474000 | U14: 15 | V14: =T14*U14% -> 371100 | W14: =T14-V14 -> 2102900 | X14: 2.5 | Y14: =W14*X14% -> 52572.5 | Z14: Early terminated dt 22-07-2024 | AD14: EARLY TERMINATED | AE14: 0 | AG14: KHI/HO/D/MO/PC COMP/P/93457/07/2024 | AH14: 0 | AI14: -52572.5 | AJ14: 0 | AK14: -2102900 | AL14: FRE | AM14: 0
A15: Renewal | B15: 46303/1 | C15: 45323 | D15: SALAAM TAKAFUL LTD | E15: KHI/HO/D/MO/PC COMP/C/84285/14/02/2024 | F15: 45337 | G15: 45702 | H15: NADEEM BASHIR | I15: 6110105275719 | J15: SUZUKI WAGON-R VXL E2 | L15: 204303 | M15: 10104290 | N15: 46303/1 | O15: South | P15: 0150 | Q15: 357180 | R15: 44244 | S15: 46818 | T15: 1890000 | U15: 20 | V15: =T15*U15% -> 378000 | W15: =T15-V15 -> 1512000 | X15: 2.5 | Y15: =W15*X15% -> 37800 | Z15: Early terminated dt. 03-04-2024 | AD15: EARLY TERMINATED | AE15: 0 | AG15: KHI/HO/D/MO/PC COMP/P/84285/02/2024 | AH15: 0 | AI15: -37800 | AJ15: 0 | AK15: -1512000 | AL15: FRE | AM15: 0
A16: Renewal | B16: 60692/1 | C16: 45566 | D16: SALAAM TAKAFUL LTD | E16: KHI/HO/D/MO/PC COMP/C/100245/148/10/2024 | F16: 45590 | G16: 45954 | H16: KHAWAJA ADNAN FARQALET | I16: 3130141526033 | J16: HYUNDAI ELANTRA 2.0 MP1 A | K16: ALZ-424 | L16: 633253 | M16: 304093 | N16: 60692/1 | O16: Central | P16: 0475 | Q16: 177719 | R16: 44862 | S16: 45966 | T16: 5700000 | U16: 15 | V16: =T16*U16% -> 855000 | W16: =T16-V16 -> 4845000 | X16: 1.5 | Y16: =W16*X16% -> 72675 | Z16: Early terminated dt. 03-10-2024 | AD16: EARLY TERMINATED | AE16: 0 | AG16: KHI/HO/D/MO/PC COMP/P/100245/10/2024 | AH16: 0 | AI16: -72675 | AJ16: 0 | AK16: -4845000 | AL16: FRE | AM16: 0
A17: Renewal | B17: 61027/1 | C17: 45352 | D17: SALAAM TAKAFUL LTD | E17: KHI/HO/D/MO/PC COMP/C/85019/8/03/2024 | F17: 45365 | G17: 45729 | H17: AMIR SHAHZAD | I17: 3130306258547 | J17: SUZUKI ALTO | K17: ANQ-547 | L17: 269806 | M17: 1169772 | N17: 61027/1 | O17: Central | P17: 0461 | Q17: 549989 | R17: 45000 | S17: 46818 | T17: 1976000 | U17: 10 | V17: =T17*U17% -> 197600 | W17: =T17-V17 -> 1778400 | X17: 2 | Y17: =W17*X17% -> 35568 | Z17: Early terminated dt. 04/04/2024 | AD17: EARLY TERMINATED | AE17: 0 | AG17: KHI/HO/D/MO/PC COMP/P/85019/03/2024 | AH17: 0 | AI17: -35568 | AJ17: 0 | AK17: -1778400 | AL17: FRE | AM17: 0
A18: Renewal | B18: 49787/1 | C18: 45474 | D18: SALAAM TAKAFUL LTD | E18: KHI/HO/D/MO/PC COMP/C/93458/34/07/2024 | F18: 45503 | G18: 45867 | H18: MOHSIN INAYAT ULLAH | I18: 3520270122055 | J18: HONDA CITY CVT ASPIRE A/T | K18: AGP-087 | L18: 17546959 | M18: 272009 | N18: 49787/1 | O18: Central | P18: 0329 | Q18: 529057 | R18: 44411 | S18: 46239 | T18: 2645000 | U18: 20 | V18: =T18*U18% -> 529000 | W18: =T18-V18 -> 2116000 | X18: 2.5 | Y18: =W18*X18% -> 52900 | Z18: Early terminated dt. 04-09-2024 | AD18: EARLY TERMINATED | AE18: 0 | AG18: KHI/HO/D/MO/PC COMP/P/93458/07/2024 | AH18: 0 | AI18: -52900 | AJ18: 0 | AK18: -2116000 | AL18: FRE | AM18: 0
A19: Renewal | B19: 32805/1 | C19: 45505 | D19: SALAAM TAKAFUL LTD | E19: KHI/HO/D/MO/PC COMP/C/95234/2/08/2024 | F19: 45535 | G19: 45899 | H19: SUMMERA SHERAZ | I19: 3520286258170 | J19: SUZUKI MEHRAN VXR EURO-II | K19: LEA-18A-8566 | L19: 740811 | M19: 01279328 | N19: 32805/1 | O19: Central | P19: 0318 | Q19: 419623 | R19: 43347 | S19: 45905 | T19: 840000 | U19: 35 | V19: =T19*U19% -> 294000 | W19: =T19-V19 -> 546000 | X19: 3.75 | Y19: =W19*X19% -> 20475 | Z19: Early terminated dt. 04-10-2024 | AD19: EARLY TERMINATED | AE19: 0 | AG19: KHI/HO/D/MO/PC COMP/P/95234/08/2024 | AH19: 0 | AI19: -20475 | AJ19: 0 | AK19: -546000 | AL19: FRE | AM19: 0
A20: Renewal | B20: 68318/1 | C20: 45597 | D20: SALAAM TAKAFUL LTD | E20: KHI/HO/D/MO/PC COMP/C/102088/23/11/2024 | F20: 45617 | G20: 45981 | H20: MUHAMMAD FAISAL | I20: 4220175472713 | J20: TOYOTA COROLLA ALTIS 1.6 | K20: BUZ-973 | L20: Q076041 | M20: 6053544 | N20: 68318/1 | O20: South | P20: 0144 | Q20: 631554 | R20: 45254 | S20: 46361 | T20: 5200000 | U20: 10 | V20: =T20*U20% -> 520000 | W20: =T20-V20 -> 4680000 | X20: 1.5 | Y20: =W20*X20% -> 70200 | Z20: Early terminated dt. 04-11-2024 | AD20: EARLY TERMINATED | AE20: 0 | AG20: KHI/HO/D/MO/PC COMP/P/77479/11/2023 | AH20: 0 | AI20: -70200 | AJ20: 0 | AK20: -4680000 | AL20: FRE | AM20: 0
A21: Renewal | B21: 50151/1 | C21: 45139 | D21: SALAAM TAKAFUL LTD | E21: KHI/HO/D/MO/PC COMP/C/73778/42/08/2023 | F21: 45154 | G21: 45519 | H21: NADEEM IQBAL | I21: 3520229566125 | J21: TOYOTA YARIS ATIV CVT | K21: AEM-451 | L21: 2A33905 | M21: 7021031 | N21: 50151/1 | O21: Central | P21: 0329 | Q21: 542406 | R21: 44433 | S21: 45905 | T21: 2703000 | U21: 15 | V21: =T21*U21% -> 405450 | W21: =T21-V21 -> 2297550 | X21: 2.5 | Y21: =W21*X21% -> 57438.75 | Z21: Early terminated dt. 05-09-2023 | AD21: EARLY TERMINATED | AE21: 0 | AG21: KHI/HO/D/MO/PC COMP/P/73778/08/2023 | AH21: 0 | AI21: -57438.75 | AJ21: 0 | AK21: -2297550 | AL21: FRE | AM21: 0
A22: Renewal | B22: 55701/1 | C22: 45597 | D22: SALAAM TAKAFUL LTD | E22: KHI/HO/D/MO/PC COMP/C/102191/24/11/2024 | F22: 45624 | G22: 45988 | H22: SUMEIRA NADIR | I22: 3520223310480 | J22: SUZUKI Swift GLX CVT | K22: AMM-502 | L22: 1011182 | M22: 00111194 | N22: 55701/1 | O22: Central | P22: 0329 | Q22: 494434 | R22: 44907 | S22: 45996 | T22: 2899000 | U22: 15 | V22: =T22*U22% -> 434850 | W22: =T22-V22 -> 2464150 | X22: 2.5 | Y22: =W22*X22% -> 61603.75 | Z22: Early terminated dt. 05-12-2024 | AD22: EARLY TERMINATED | AE22: 0 | AG22: KHI/HO/D/MO/PC COMP/C/102191/24/11/2024 | AH22: 61604 | AI22: 0.25 | AJ22: 2464150 | AK22: 0 | AL22: REN | AM22: TRACKER (TRASUR)
A23: Renewal | B23: 55111/1 | C23: 45505 | D23: SALAAM TAKAFUL LTD | E23: KHI/HO/D/MO/PC COMP/C/95230/29/08/2024 | F23: 45519 | G23: 45883 | H23: MUMTAZ ALI | I23: 4540266937259 | J23: SUZUKI ALTO VXR | K23: BXQ-910 | L23: 246912 | M23: 1146858 | N23: 55111/1 | O23: South | P23: 0202 | Q23: 562891 | R23: 44797 | S23: 46636 | T23: 1546000 | U23: 15 | V23: =T23*U23% -> 231900 | W23: =T23-V23 -> 1314100 | X23: 2.5 | Y23: =W23*X23% -> 32852.5 | Z23: Early terminated dt. 06-08-2024 | AD23: EARLY TERMINATED | AE23: 0 | AG23: KHI/HO/D/MO/PC COMP/P/95230/08/2024 | AH23: 0 | AI23: -32852.5 | AJ23: 0 | AK23: -1314100 | AL23: FRE | AM23: 0
A24: Renewal | B24: 55790/1 | C24: 45352 | D24: SALAAM TAKAFUL LTD | E24: KHI/HO/D/MO/PC COMP/C/85047/49/03/2024 | F24: 45375 | G24: 45739 | H24: WALEED ISLAM | I24: 3520257975433 | J24: SUZUKI CULTUS VXL EURO II | K24: LEH-19-8656 | L24: K149355 | M24: H10049366 | N24: 55790/1 | O24: Central | P24: 0329 | Q24: 562172 | R24: 44648 | S24: 45752 | T24: 1900000 | U24: 15 | V24: =T24*U24% -> 285000 | W24: =T24-V24 -> 1615000 | X24: 2.5 | Y24: =W24*X24% -> 40375 | Z24: Early terminated dt. 07-02-2024 | AD24: EARLY TERMINATED | AE24: 0 | AG24: KHI/HO/D/MO/PC COMP/P/85047/03/2024 | AH24: 0 | AI24: -40375 | AJ24: 0 | AK24: -1615000 | AL24: FRE | AM24: 0
A25: Renewal | B25: 66286/1 | C25: 45505 | D25: SALAAM TAKAFUL LTD | E25: KHI/HO/D/MO/PC COMP/C/95193/20/08/2024 | F25: 45533 | G25: 45897 | H25: AKLEEM ABBAS | I25: 3520254269791 | J25: CHANGAN OSHAN FS | L25: AH310824 | M25: P1003774 | N25: 66286/1 | O25: Central | P25: 0329 | Q25: 622983 | R25: 45168 | S25: 45905 | T25: 9199000 | U25: 10 | V25: =T25*U25% -> 919900 | W25: =T25-V25 -> 8279100 | X25: 1.5 | Y25: =W25*X25% -> 124186.5 | Z25: Early terminated dt. 07-08-2024 | AD25: EARLY TERMINATED | AE25: 0 | AG25: KHI/HO/D/MO/PC COMP/P/95193/08/2024 | AH25: 0 | AI25: -124186.5 | AJ25: 0 | AK25: -8279100 | AL25: FRE | AM25: 0
A26: Renewal | B26: 49605/1 | C26: 45566 | D26: SALAAM TAKAFUL LTD | E26: KHI/HO/D/MO/PC COMP/C/100245/26/10/2024 | F26: 45577 | G26: 45941 | H26: AZIZ BATOOL | I26: 3720192460774 | J26: SUZUKI ALTO VXR E-2 | K26: AVH-254 | L26: 187234 | M26: 1087224 | N26: 49605/1 | O26: North | P26: 0804 | Q26: 29242 | R26: 44483 | S26: 46300 | T26: 1335000 | U26: 20 | V26: =T26*U26% -> 267000 | W26: =T26-V26 -> 1068000 | X26: 2.5 | Y26: =W26*X26% -> 26700 | Z26: Early terminated dt. 07-10-2024 | AD26: EARLY TERMINATED | AE26: 0 | AG26: KHI/HO/D/MO/PC COMP/P/100245/10/2024 | AH26: 0 | AI26: -26700 | AJ26: 0 | AK26: -1068000 | AL26: FRE | AM26: 0
A27: Renewal | B27: 38671/1 | C27: 45536 | D27: SALAAM TAKAFUL LTD | E27: KHI/HO/D/MO/PC COMP/C/96731/1/09/2024 | F27: 45554 | G27: 45918 | H27: MOHSIN RAZA | I27: 3520258229119 | J27: HONDA CIVIC VTI ORIEL PT | K27: LE-19A-57 | L27: 2954724 | M27: KR058441 | N27: 38671/1 | O27: Central | P27: 0329 | Q27: 459621 | R27: 43732 | S27: 45936 | T27: 3837500 | U27: 30 | V27: =T27*U27% -> 1151250 | W27: =T27-V27 -> 2686250 | X27: 1.5 | Y27: =W27*X27% -> 40293.75 | Z27: Early terminated dt. 08-10-2024 | AD27: EARLY TERMINATED | AE27: 0 | AG27: KHI/HO/D/MO/PC COMP/P/96731/09/2024 | AH27: 0 | AI27: -40293.75 | AJ27: 0 | AK27: -2686250 | AL27: FRE | AM27: 0
A28: Renewal | B28: 55734/1 | C28: 45352 | D28: SALAAM TAKAFUL LTD | E28: KHI/HO/D/MO/PC COMP/C/85047/40/03/2024 | F28: 45369 | G28: 45733 | H28: HAFIZ MUHAMMAD ADEEL | I28: 3630260732445 | J28: SUZUKI ALTO | K28: AJH-569 | L28: 206921 | M28: 1106853 | N28: 55734/1 | O28: Central | P28: 0431 | Q28: 546300 | R28: 44648 | S28: 46482 | T28: 1546000 | U28: 15 | V28: =T28*U28% -> 231900 | W28: =T28-V28 -> 1314100 | X28: 2.5 | Y28: =W28*X28% -> 32852.5 | Z28: Early terminated dt. 09/04/2024 | AD28: EARLY TERMINATED | AE28: 0 | AG28: KHI/HO/D/MO/PC COMP/P/85047/03/2024 | AH28: 0 | AI28: -32852.5 | AJ28: 0 | AK28: -1314100 | AL28: FRE | AM28: 0
A29: Renewal | B29: 63376/1 | C29: 45352 | D29: SALAAM TAKAFUL LTD | E29: KHI/HO/D/MO/PC COMP/C/85019/17/03/2024 | F29: 45380 | G29: 45744 | H29: MUHAMMAD HAIDER ALI | I29: 3230204979901 | J29: HONDA CIVIC VTI ORIEL PT | K29: LEH-16-764 | L29: 71400471 | M29: R02095 | N29: 63376/1 | O29: Central | P29: 0431 | Q29: 603126 | R29: 45015 | S29: 46118 | T29: 4000000 | U29: 10 | V29: =T29*U29% -> 400000 | W29: =T29-V29 -> 3600000 | X29: 1.5 | Y29: =W29*X29% -> 54000 | Z29: Early terminated dt. 09/04/2024 | AD29: EARLY TERMINATED | AE29: 0 | AG29: KHI/HO/D/MO/PC COMP/P/85019/03/2024 | AH29: 0 | AI29: -54000 | AJ29: 0 | AK29: -3600000 | AL29: FRE | AM29: 0
A30: Renewal | B30: 54824/1 | C30: 45505 | D30: SALAAM TAKAFUL LTD | E30: KHI/HO/D/MO/PC COMP/C/95230/38/08/2024 | F30: 45528 | G30: 45892 | H30: MUHAMMAD ARSHAD | I30: 3530110303291 | J30: SUZUKI ALTO VXR | K30: ALN-281 | L30: 6R246878 | M30: 6H1146857 | N30: 54824/1 | O30: Central | P30: 0565 | Q30: 566433 | R30: 44804 | S30: 46636 | T30: 1546000 | U30: 15 | V30: =T30*U30% -> 231900 | W30: =T30-V30 -> 1314100 | X30: 2.5 | Y30: =W30*X30% -> 32852.5 | Z30: Early terminated dt. 09-08-2024 | AD30: EARLY TERMINATED | AE30: 0 | AG30: KHI/HO/D/MO/PC COMP/P/95230/08/2024 | AH30: 0 | AI30: -32852.5 | AJ30: 0 | AK30: -1314100 | AL30: FRE | AM30: 0
A31: Renewal | B31: 44243/1 | C31: 45566 | D31: SALAAM TAKAFUL LTD | E31: KHI/HO/D/MO/PC COMP/C/100245/54/10/2024 | F31: 45594 | G31: 45958 | H31: SYEDA ZEHRA BATOOL | I31: 4210169995720 | J31: SUZUKI ALTO VXR E-2 | K31: BSL-343 | L31: 142335 | M31: 1042275 | N31: 44243/1 | O31: South | P31: 0139 | Q31: 504716 | R31: 44133 | S31: 45966 | T31: 1633000 | U31: 25 | V31: =T31*U31% -> 408250 | W31: =T31-V31 -> 1224750 | X31: 2.5 | Y31: =W31*X31% -> 30618.75 | Z31: Early terminated dt. 09-10-2024 | AD31: EARLY TERMINATED | AE31: 0 | AG31: KHI/HO/D/MO/PC COMP/P/100245/10/2024 | AH31: 0 | AI31: -30618.75 | AJ31: 0 | AK31: -1224750 | AL31: FRE | AM31: 0
A32: Renewal | B32: 41740/1 | C32: 45444 | D32: SALAAM TAKAFUL LTD | E32: KHI/HO/D/MO/PC COMP/C/90920/152/06/2024 | F32: 45472 | G32: 45836 | H32: MUHAMMAD SAQIB AMANAT | I32: 3520256314901 | J32: SUZUKI ALTO VXR | K32: LEB20-6258 | L32: 134384 | M32: 1034376 | N32: 41740/1 | O32: Central | P32: 0329 | Q32: 491120 | R32: 44015 | S32: 45843 | T32: 1398000 | U32: 25 | V32: =T32*U32% -> 349500 | W32: =T32-V32 -> 1048500 | X32: 3.75 | Y32: =W32*X32% -> 39318.75 | Z32: Early terminated dt. 11-07-2024 | AD32: EARLY TERMINATED | AE32: 0 | AG32: KHI/HO/D/MO/PC COMP/P/90920/06/2024 | AH32: 0 | AI32: -39318.75 | AJ32: 0 | AK32: -1048500 | AL32: FRE | AM32: 0
A33: Renewal | B33: 60202/1 | C33: 45536 | D33: SALAAM TAKAFUL LTD | E33: KHI/HO/D/MO/PC COMP/C/96729/49/09/2024 | F33: 45565 | G33: 45929 | H33: MOHAMMAD ISHAQ KAMRAN | I33: 9040601488645 | J33: SUZUKI SWIFT DLX A/T NAV. | K33: BSA-248 | L33: 13048294 | M33: 10048309 | N33: 60202/1 | O33: South | P33: 0150 | Q33: 472830 | R33: 44837 | S33: 46300 | T33: 2500000 | U33: 15 | V33: =T33*U33% -> 375000 | W33: =T33-V33 -> 2125000 | X33: 2 | Y33: =W33*X33% -> 42500 | Z33: Early terminated dt. 11-10-2024 | AD33: EARLY TERMINATED | AE33: 0 | AG33: KHI/HO/D/MO/PC COMP/P/96729/09/2024 | AH33: 0 | AI33: -42500 | AJ33: 0 | AK33: -2125000 | AL33: FRE | AM33: 0
A34: Renewal | B34: 43893/1 | C34: 45566 | D34: SALAAM TAKAFUL LTD | E34: KHI/HO/D/MO/PC COMP/C/100245/40/10/2024 | F34: 45567 | G34: 45931 | H34: MUHAMMAD IMRAN KHAN | I34: 3540219739381 | J34: TOYOTA COROLLA ALTIS VVT- | K34: ART-351 | L34: Q067506 | M34: 6045004 | N34: 43893/1 | O34: Central | P34: 0423 | Q34: 493571 | R34: 44113 | S34: 45936 | T34: 3343000 | U34: 25 | V34: =T34*U34% -> 835750 | W34: =T34-V34 -> 2507250 | X34: 2.5 | Y34: =W34*X34% -> 62681.25 | Z34: Early terminated dt. 11-10-2024 | AD34: EARLY TERMINATED | AE34: 0 | AG34: KHI/HO/D/MO/PC COMP/P/100245/10/2024 | AH34: 0 | AI34: -62681.25 | AJ34: 0 | AK34: -2507250 | AL34: FRE | AM34: 0
A35: Renewal | B35: 32235/1 | C35: 45474 | D35: SALAAM TAKAFUL LTD | E35: KHI/HO/D/MO/PC COMP/C/93460/3/07/2024 | F35: 45499 | G35: 45863 | H35: ABID MASIH | I35: 3520131326039 | J35: SUZUKI MEHRAN VXR EURO-II | K35: LE-18A-8646 | L35: 738211 | M35: 01276735 | N35: 32235/1 | O35: Central | P35: 0318 | Q35: 416631 | R35: 43340 | S35: 45905 | T35: 795000 | U35: 35 | V35: =T35*U35% -> 278250 | W35: =T35-V35 -> 516750 | X35: 3.75 | Y35: =W35*X35% -> 19378.125 | Z35: Early terminated dt. 13-08-2024 | AD35: EARLY TERMINATED | AE35: 0 | AG35: KHI/HO/D/MO/PC COMP/P/93460/07/2024 | AH35: 0 | AI35: -19378.125 | AJ35: 0 | AK35: -516750 | AL35: FRE | AM35: 0
A36: Renewal | B36: 56491/1 | C36: 45383 | D36: SALAAM TAKAFUL LTD | E36: KHI/HO/D/MO/PC COMP/C/86646/30/04/2024 | F36: 45395 | G36: 45759 | H36: MUHAMMAD MUJAHID IQBAL | I36: 3710372309253 | J36: SUZUKI WAGON R VXL | K36: AYT-667 | L36: 231645 | M36: 10131653 | N36: 56491/1 | O36: North | P36: 0825 | Q36: 560030 | R36: 44673 | S36: 46878 | T36: 2019000 | U36: 15 | V36: =T36*U36% -> 302850 | W36: =T36-V36 -> 1716150 | X36: 2.5 | Y36: =W36*X36% -> 42903.75 | Z36: Early terminated dt. 14-06-2024 | AD36: EARLY TERMINATED | AE36: 0 | AG36: KHI/HO/D/MO/PC COMP/P/86646/04/2024 | AH36: 0 | AI36: -42903.75 | AJ36: 0 | AK36: -1716150 | AL36: FRE | AM36: 0
A37: Renewal | B37: 52165/1 | C37: 45383 | D37: SALAAM TAKAFUL LTD | E37: KHI/HO/D/MO/PC COMP/C/86646/38/04/2024 | F37: 45398 | G37: 45762 | H37: MUHAMMAD SARFRAZ AKHTAR | I37: 3520226436323 | J37: SUZUKI WAGON-R VXL E2 | K37: AJP-160 | L37: B233079 | M37: PK10133088 | N37: 52165/1 | O37: Central | P37: 0303 | Q37: 256147 | R37: 44691 | S37: 46512 | T37: 1975000 | U37: 15 | V37: =T37*U37% -> 296250 | W37: =T37-V37 -> 1678750 | X37: 1.75 | Y37: =W37*X37% -> 29378.125 | Z37: Early terminated dt. 15-05-2024 | AD37: EARLY TERMINATED | AE37: 0 | AG37: KHI/HO/D/MO/PC COMP/P/86646/04/2024 | AH37: 0 | AI37: -29378.125 | AJ37: 0 | AK37: -1678750 | AL37: FRE | AM37: 0
... A39: Renewal | B39: 49264/1 | C39: 45108 | D39: SALAAM TAKAFUL LTD | E39: KHI/HO/D/MO/PC COMP/C/72871/6/07/2023 | F39: 45113 | G39: 45478 | H39: SARWAR IJAZ YOUSAF | I39: 3520113663519 | J39: KIA PICANTO 1.0L A/T | K39: AED-923 | L39: 007315 | M39: 705193 | N39: 49264/1 | O39: Central | P39: 0329 | Q39: 343948 | R39: 44386 | S39: 45478 | T39: 2072000 | U39: 15 | V39: =T39*U39% -> 310800 | W39: =T39-V39 -> 1761200 | X39: 2.5 | Y39: =W39*X39% -> 44030 | Z39: Early terminated dt. 16-05-2024 | AD39: EARLY TERMINATED | AE39: 0 | AG39: KHI/HO/D/MO/PC COMP/P/72871/07/2023 | AH39: 0 | AI39: -44030 | AJ39: 0 | AK39: -1761200 | AL39: FRE | AM39: 0
A40: Renewal | B40: 50167/1 | C40: 45505 | D40: SALAAM TAKAFUL LTD | E40: KHI/HO/D/MO/PC COMP/C/95231/24/08/2024 | F40: 45520 | G40: 45884 | H40: MUHAMMAD IMRAN | I40: 3320104447931 | J40: SUZUKI CULTUS VXL EURO II | L40: 182007 | M40: 10081985 | N40: 50167/1 | O40: Central | P40: 0329 | Q40: 540845 | R40: 44434 | S40: 46270 | T40: 1830000 | U40: 20 | V40: =T40*U40% -> 366000 | W40: =T40-V40 -> 1464000 | X40: 2.5 | Y40: =W40*X40% -> 36600 | Z40: Early terminated dt. 16-08-2024 | AD40: EARLY TERMINATED | AE40: 0 | AG40: KHI/HO/D/MO/PC COMP/P/95231/08/2024 | AH40: 0 | AI40: -36600 | AJ40: 0 | AK40: -1464000 | AL40: FRE | AM40: 0
A41: Renewal | B41: 56144/1 | C41: 45566 | D41: SALAAM TAKAFUL LTD | E41: KHI/HO/D/MO/PC COMP/C/100245/13/10/2024 | F41: 45575 | G41: 45939 | H41: ABDUL RAHEEM KHAN | I41: 3520113900661 | J41: SUZUKI ALTO VXR E-2 | K41: AMC-809 | L41: 6R250482 | M41: 1150468 | N41: 56144/1 | O41: Central | P41: 0329 | Q41: 389932 | R41: 44848 | S41: 46665 | T41: 1675000 | U41: 15 | V41: =T41*U41% -> 251250 | W41: =T41-V41 -> 1423750 | X41: 2.5 | Y41: =W41*X41% -> 35593.75 | Z41: Early terminated dt. 16-10-2024 | AD41: EARLY TERMINATED | AE41: 0 | AG41: KHI/HO/D/MO/PC COMP/P/100245/10/2024 | AH41: 0 | AI41: -35593.75 | AJ41: 0 | AK41: -1423750 | AL41: FRE | AM41: 0
A42: Renewal | B42: 62644/1 | C42: 45566 | D42: SALAAM TAKAFUL LTD | E42: KHI/HO/D/MO/PC COMP/C/100245/168/10/2024 | F42: 45577 | G42: 45941 | H42: LAYON IVAN PATRICK LOBO | I42: 4220198430769 | J42: HONDA CITY 1.2 LS CVT | K42: BZB-199 | L42: 51019539 | M42: 034236 | N42: 62644/1 | O42: South | P42: 0150 | Q42: 599331 | R42: 45212 | S42: 46300 | T42: 4958000 | U42: 10 | V42: =T42*U42% -> 495800 | W42: =T42-V42 -> 4462200 | X42: 1.25 | Y42: =W42*X42% -> 55777.5 | Z42: Early terminated dt. 17-10-2024 | AD42: EARLY TERMINATED | AE42: 0 | AG42: KHI/HO/D/MO/PC COMP/P/100245/10/2024 | AH42: 0 | AI42: -55777.5 | AJ42: 0 | AK42: -4462200 | AL42: FRE | AM42: 0
A43: Renewal | B43: 42504/1 | C43: 45597 | D43: SALAAM TAKAFUL LTD | E43: KHI/HO/D/MO/PC COMP/C/102088/48/11/2024 | F43: 45620 | G43: 45984 | H43: MUHAMMAD SALEEM | I43: 3520180913293 | J43: TOYOTA YARIS ATIV CVT | K43: ABA-391 | L43: 2A12878 | M43: 7007542 | N43: 42504/1 | O43: Central | P43: 0329 | Q43: 487450 | R43: 44165 | S43: 45996 | T43: 2498000 | U43: 25 | V43: =T43*U43% -> 624500 | W43: =T43-V43 -> 1873500 | X43: 3.75 | Y43: =W43*X43% -> 70256.25 | Z43: Early terminated dt. 17-10-2024 | AD43: EARLY TERMINATED | AE43: 0 | AG43: KHI/HO/D/MO/PC COMP/C/102088/48/11/2024 | AH43: 70256 | AI43: -0.25 | AJ43: 1873500 | AK43: 0 | AL43: REN | AM43: TRACKER (TRASUR)
A44: Renewal | B44: 64898/1 | C44: 45444 | D44: SALAAM TAKAFUL LTD | E44: KHI/HO/D/MO/PC COMP/C/90920/5/06/2024 | F44: 45465 | G44: 45829 | H44: SHAHID PERVAIZ KHAN | I44: 3520015033529 | J44: SUZUKI RAVI VX EURO II | K44: CAP-2283 | L44: T389728 | M44: PK494396 | N44: 64898/1 | O44: Central | P44: 0329 | Q44: 392217 | R44: 45103 | S44: 45843 | T44: 1856000 | U44: 10 | V44: =T44*U44% -> 185600 | W44: =T44-V44 -> 1670400 | X44: 2 | Y44: =W44*X44% -> 33408 | Z44: Early terminated dt. 18-07-2024 | AD44: EARLY TERMINATED | AE44: 0
A45: Renewal | B45: 66063/1 | C45: 45505 | D45: SALAAM TAKAFUL LTD | E45: KHI/HO/D/MO/PC COMP/C/95193/6/08/2024 | F45: 45520 | G45: 45884 | H45: SIKANDAR HAYAT KHAN BOSAN | I45: 3630309398157 | J45: SUZUKI ALTO VXR E-2 | L45: 279717 | M45: 1179729 | N45: 66063/1 | O45: Central | P45: 0431 | Q45: 502999 | R45: 45155 | S45: 45905 | T45: 2612000 | U45: 10 | V45: =T45*U45% -> 261200 | W45: =T45-V45 -> 2350800 | X45: 2 | Y45: =W45*X45% -> 47016 | Z45: Early terminated dt. 18-09-2024 | AD45: EARLY TERMINATED | AE45: 0 | AG45: KHI/HO/D/MO/PC COMP/P/95193/08/2024 | AH45: 0 | AI45: -47016 | AJ45: 0 | AK45: -2350800 | AL45: FRE | AM45: 0
A46: Renewal | B46: 60168/1 | C46: 45536 | D46: SALAAM TAKAFUL LTD | E46: KHI/HO/D/MO/PC COMP/C/96729/35/09/2024 | F46: 45563 | G46: 45927 | H46: JAHANGIR AHMAD | I46: 3520115222267 | J46: HONDA CITY | K46: LED-19-1375 | L46: Z17528777 | M46: R246677 | N46: 60168/1 | O46: Central | P46: 0329 | Q46: 580878 | R46: 44833 | S46: 45936 | T46: 2650000 | U46: 15 | V46: =T46*U46% -> 397500 | W46: =T46-V46 -> 2252500 | X46: 1.5 | Y46: =W46*X46% -> 33787.5 | Z46: Early terminated dt. 18-09-2024 | AD46: EARLY TERMINATED | AE46: 0 | AG46: KHI/HO/D/MO/PC COMP/P/96729/09/2024 | AH46: 0 | AI46: -33787.5 | AJ46: 0 | AK46: -2252500 | AL46: FRE | AM46: 0
A47: Renewal | B47: 60207/1 | C47: 45536 | D47: SALAAM TAKAFUL LTD | E47: KHI/HO/D/MO/PC COMP/C/96729/30/09/2024 | F47: 45563 | G47: 45927 | H47: SHEIKH ZAKA ULLAH | I47: 3520014213037 | J47: CHANGAN KARVAAN PLUS | K47: AHM-858 | L47: U504226 | M47: N1016637 | N47: 60207/1 | O47: Central | P47: 0329 | Q47: 585047 | R47: 44834 | S47: 46665 | T47: 2569000 | U47: 15 | V47: =T47*U47% -> 385350 | W47: =T47-V47 -> 2183650 | X47: 2 | Y47: =W47*X47% -> 43673 | Z47: Early terminated dt. 18-11-2024 | AD47: EARLY TERMINATED | AE47: 0 | AG47: KHI/HO/D/MO/PC COMP/P/96729/09/2024 | AH47: 0 | AI47: -43673 | AJ47: 0 | AK47: -2183650 | AL47: FRE | AM47: 0
A48: Renewal | B48: 38539/1 | C48: 45139 | D48: SALAAM TAKAFUL LTD | E48: KHI/HO/D/MO/PC COMP/C/73784/17/08/2023 | F48: 45168 | G48: 45533 | H48: AHMAD MURTAZA | I48: 3520226786699 | J48: SUZUKI ALTO VXL AGS E-2 | K48: LEH-19-8447 | L48: R100670 | M48: 1000635 | N48: 38539/1 | O48: Central | P48: 0319 | Q48: 460045 | R48: 43711 | S48: 45540 | T48: 1395000 | U48: 25 | V48: =T48*U48% -> 348750 | W48: =T48-V48 -> 1046250 | X48: 3.75 | Y48: =W48*X48% -> 39234.375 | Z48: Early terminated dt. 18-12-2023 | AD48: EARLY TERMINATED | AE48: 0 | AG48: KHI/HO/D/MO/PC COMP/P/73784/08/2023 | AH48: 0 | AI48: -39234.375 | AJ48: 0 | AK48: -1046250 | AL48: FRE | AM48: 0
A49: Renewal | B49: 63177/1 | C49: 45352 | D49: SALAAM TAKAFUL LTD | E49: KHI/HO/D/MO/PC COMP/C/85019/9/03/2024 | F49: 45366 | G49: 45730 | H49: MUHAMMAD JUNAID | I49: 4250114904823 | J49: SUZUKI SWIFT DLX A/T NAV. | K49: LE-20-9097 | L49: PKS13047710 | M49: K10047707 | N49: 63177/1 | O49: Central | P49: 0329 | Q49: 603283 | R49: 45002 | S49: 46118 | T49: 2250000 | U49: 10 | V49: =T49*U49% -> 225000 | W49: =T49-V49 -> 2025000 | X49: 2 | Y49: =W49*X49% -> 40500 | Z49: Early terminated dt. 19-04-2024 | AD49: EARLY TERMINATED | AE49: 0 | AG49: KHI/HO/D/MO/PC COMP/P/85019/03/2024 | AH49: 0 | AI49: -40500 | AJ49: 0 | AK49: -2025000 | AL49: FRE | AM49: 0
A50: Renewal | B50: 61212/1 | C50: 45597 | D50: SALAAM TAKAFUL LTD | E50: KHI/HO/D/MO/PC COMP/C/102191/23/11/2024 | F50: 45624 | G50: 45988 | H50: DAUD SARWAR | I50: 3740558735715 | J50: HONDA CIVIC VTI | K50: AKU-021 | L50: 2941344 | M50: 044773 | N50: 61212/1 | O50: North | P50: 0804 | Q50: 336445 | R50: 44894 | S50: 45996 | T50: 4000000 | U50: 15 | V50: =T50*U50% -> 600000 | W50: =T50-V50 -> 3400000 | X50: 1.5 | Y50: =W50*X50% -> 51000 | Z50: Early terminated dt. 19-11-2024 | AD50: EARLY TERMINATED | AE50: 0 | AG50: KHI/HO/D/MO/PC COMP/P/77944/11/2023 | AH50: 0 | AI50: -51000 | AJ50: 0 | AK50: -3400000 | AL50: FRE | AM50: 0
A51: Renewal | B51: 55229/1 | C51: 45505 | D51: SALAAM TAKAFUL LTD | E51: KHI/HO/D/MO/PC COMP/C/95230/33/08/2024 | F51: 45528 | G51: 45892 | H51: HAFIZ SHERAZ KHALID | I51: 3630224517163 | J51: SUZUKI ALTO VX | K51: ALR-425 | L51: 248595 | M51: 1148602 | N51: 55229/1 | O51: Central | P51: 0431 | Q51: 566009 | R51: 44903 | S51: 47092 | T51: 1306000 | U51: 15 | V51: =T51*U51% -> 195900 | W51: =T51-V51 -> 1110100 | X51: 2.5 | Y51: =W51*X51% -> 27752.5 | Z51: Early terminated dt. 20-08-2024 | AD51: EARLY TERMINATED | AE51: 0 | AG51: KHI/HO/D/MO/PC COMP/P/95230/08/2024 | AH51: 0 | AI51: -27752.5 | AJ51: 0 | AK51: -1110100 | AL51: FRE | AM51: 0
A52: Renewal | B52: 67478/1 | C52: 45536 | D52: SALAAM TAKAFUL LTD | E52: KHI/HO/D/MO/PC COMP/C/96715/12/09/2024 | F52: 45563 | G52: 45927 | H52: FARHAN KHAN | I52: 3740560101225 | J52: SUZUKI SWIFT DLX EURO II | K52: AJU-304 | L52: 13041541 | M52: 10041525 | N52: 67478/1 | O52: North | P52: 0804 | Q52: 336397 | R52: 45201 | S52: 46300 | T52: 2500000 | U52: 10 | V52: =T52*U52% -> 250000 | W52: =T52-V52 -> 2250000 | X52: 2 | Y52: =W52*X52% -> 45000 | Z52: Early terminated dt. 21-10-2024 | AD52: EARLY TERMINATED | AE52: 0
A53: Renewal | B53: 40240/1 | C53: 45292 | D53: SALAAM TAKAFUL LTD | E53: KHI/HO/D/MO/PC COMP/C/82368/10/01/2024 | F53: 45319 | G53: 45684 | H53: MUHAMMAD ASIM QAYYUM CHOHAN | I53: 3320295929517 | J53: SUZUKI CULTUS VXL | L53: 154791 | M53: 10054777 | N53: 40240/1 | O53: Central | P53: 0455 | Q53: 475258 | R53: 43860 | S53: 45693 | T53: 1855000 | U53: 25 | V53: =T53*U53% -> 463750 | W53: =T53-V53 -> 1391250 | X53: 2.7 | Y53: =W53*X53% -> 37563.75 | Z53: Early terminated dt. 22-05-2024 | AD53: EARLY TERMINATED | AE53: 0 | AG53: KHI/HO/D/MO/PC COMP/P/82368/01/2024 | AH53: 0 | AI53: -37563.75 | AJ53: 0 | AK53: -1391250 | AL53: FRE | AM53: 0
A54: Renewal | B54: 53446/1 | C54: 45383 | D54: SALAAM TAKAFUL LTD | E54: KHI/HO/D/MO/PC COMP/C/86646/74/04/2024 | F54: 45409 | G54: 45773 | H54: SHEHARYAR TANVEER | I54: 3520214848497 | J54: TOYOTA YARIS GLI CVT | K54: AJU-241 | L54: 2A50591 | M54: 7031867 | N54: 53446/1 | O54: Central | P54: 0329 | Q54: 560159 | R54: 44693 | S54: 46512 | T54: 2856000 | U54: 15 | V54: =T54*U54% -> 428400 | W54: =T54-V54 -> 2427600 | X54: 1.75 | Y54: =W54*X54% -> 42483 | Z54: Early terminated dt. 22-05-2024 | AD54: EARLY TERMINATED | AE54: 0 | AG54: KHI/HO/D/MO/PC COMP/P/86646/04/2024 | AH54: 0 | AI54: -42483 | AJ54: 0 | AK54: -2427600 | AL54: FRE | AM54: 0
A55: Renewal | B55: 68812/1 | C55: 45597 | D55: SALAAM TAKAFUL LTD | E55: KHI/HO/D/MO/PC COMP/C/102088/36/11/2024 | F55: 45625 | G55: 45989 | H55: SYED TASAWAR HUSSAIN SHAH | I55: 3520239474243 | J55: KIA SPORTAGE | K55: APY-19-105 | L55: H039166 | M55: P501200 | N55: 68812/1 | O55: Central | P55: 0329 | Q55: 535930 | R55: 45260 | S55: 46727 | T55: 7000000 | U55: 10 | V55: =T55*U55% -> 700000 | W55: =T55-V55 -> 6300000 | X55: 1.5 | Y55: =W55*X55% -> 94500 | Z55: Early terminated dt. 23-10-2024 | AD55: EARLY TERMINATED | AE55: 0 | AG55: KHI/HO/D/MO/PC COMP/P/77479/11/2023 | AH55: 0 | AI55: -94500 | AJ55: 0 | AK55: -6300000 | AL55: FRE | AM55: 0
A56: Renewal | B56: 47819/2 | C56: 45383 | D56: SALAAM TAKAFUL LTD | E56: KHI/HO/D/MO/PC COMP/C/86676/15/04/2024 | F56: 45408 | G56: 45772 | H56: ARSHAD MAJEED | I56: 3520273956271 | J56: DAIHATSU MOVE | K56: LEB-20-9614 | L56: 469791 | M56: 0097370 | N56: 47819/2 | O56: Central | P56: 0329 | Q56: 524400 | R56: 44314 | S56: 46147 | T56: 1850000 | U56: 20 | V56: =T56*U56% -> 370000 | W56: =T56-V56 -> 1480000 | X56: 2.5 | Y56: =W56*X56% -> 37000 | Z56: Early terminated dt. 24-04-2024 | AD56: EARLY TERMINATED | AE56: 0 | AG56: KHI/HO/D/MO/PC COMP/P/86676/04/2024 | AH56: 0 | AI56: -37000 | AJ56: 0 | AK56: -1480000 | AL56: FRE | AM56: 0
A57: Renewal | B57: 58362/1 | C57: 45383 | D57: SALAAM TAKAFUL LTD | E57: KHI/HO/D/MO/PC COMP/C/86635/1/04/2024 | F57: 45386 | G57: 45750 | H57: MUHAMMAD GHUFRAN | I57: 1420362635421 | J57: SUZUKI ALTO VXL AGS E-2 | K57: BBX-536 | L57: 272099 | M57: 1172073 | N57: 58362/1 | O57: North | P57: 0804 | Q57: 580354 | R57: 45023 | S57: 46482 | T57: 1951000 | U57: 10 | V57: =T57*U57% -> 195100 | W57: =T57-V57 -> 1755900 | X57: 2 | Y57: =W57*X57% -> 35118 | Z57: Early terminated dt. 24-05-2024 | AD57: EARLY TERMINATED | AE57: 0 | AG57: KHI/HO/D/MO/PC COMP/P/86635/04/2024 | AH57: 0 | AI57: -35118 | AJ57: 0 | AK57: -1755900 | AL57: FRE | AM57: 0
A58: Renewal | B58: 52339/1 | C58: 45444 | D58: SALAAM TAKAFUL LTD | E58: KHI/HO/D/MO/PC COMP/C/90920/78/06/2024 | F58: 45470 | G58: 45834 | H58: MUHAMMAD WALEED IDREES | I58: 3520144174297 | J58: SUZUKI ALTO VX EURO II | K58: AKX-618 | L58: 238918 | M58: 1138933 | N58: 52339/1 | O58: Central | P58: 0329 | Q58: 548228 | R58: 44741 | S58: 46573 | T58: 1306000 | U58: 15 | V58: =T58*U58% -> 195900 | W58: =T58-V58 -> 1110100 | X58: 1.75 | Y58: =W58*X58% -> 19426.75 | Z58: Early Terminated Dt. 24-06-2024 | AD58: EARLY TERMINATED | AE58: 0 | AG58: KHI/HO/D/MO/PC COMP/P/90920/06/2024 | AH58: 0 | AI58: -19426.75 | AJ58: 0 | AK58: -1110100 | AL58: FRE | AM58: 0
A59: Renewal | B59: 56918/1 | C59: 45566 | D59: SALAAM TAKAFUL LTD | E59: KHI/HO/D/MO/PC COMP/C/100245/16/10/2024 | F59: 45579 | G59: 45943 | H59: REHAN MEHMOOD | I59: 3640115109781 | J59: SUZUKI ALTO VX EURO II | K59: AMD-568 | L59: 250961 | M59: 1150921 | N59: 56918/1 | O59: Central | P59: 0329 | Q59: 447474 | R59: 44861 | S59: 45966 | T59: 1733000 | U59: 15 | V59: =T59*U59% -> 259950 | W59: =T59-V59 -> 1473050 | X59: 2.5 | Y59: =W59*X59% -> 36826.25 | Z59: Early terminated dt. 24-09-2024 | AD59: EARLY TERMINATED | AE59: 0 | AG59: KHI/HO/D/MO/PC COMP/P/100245/10/2024 | AH59: 0 | AI59: -36826.25 | AJ59: 0 | AK59: -1473050 | AL59: FRE | AM59: 0
A60: Renewal | B60: 34037/1 | C60: 45597 | D60: SALAAM TAKAFUL LTD | E60: KHI/HO/D/MO/PC COMP/C/102212/3/11/2024 | F60: 45601 | G60: 45965 | H60: MUHAMMAD IDREES | I60: 3520253901285 | J60: SUZUKI WAGON-R VXL E2 | K60: LEC-18A-6259 | L60: 175093 | M60: 10075076 | N60: 34037/1 | O60: Central | P60: 0318 | Q60: 394143 | R60: 43426 | S60: 45996 | T60: 1184000 | U60: 35 | V60: =T60*U60% -> 414400 | W60: =T60-V60 -> 769600 | X60: 3.75 | Y60: =W60*X60% -> 28860 | Z60: Early terminated dt. 24-10-2024 | AD60: EARLY TERMINATED | AE60: 0 | AG60: KHI/HO/D/MO/PC COMP/C/102212/3/11/2024 | AH60: 28860 | AI60: 0 | AJ60: 769600 | AK60: 0 | AL60: REN | AM60: TRACKER (TRASUR)
A61: Renewal | B61: 43628/1 | C61: 45352 | D61: SALAAM TAKAFUL LTD | E61: KHI/HO/D/MO/PC COMP/C/85065/9/03/2024 | F61: 45359 | G61: 45723 | H61: YASIR USMAN | I61: 3310077703451 | J61: TOYOTA HILUX REVO V DC A/ | K61: ATA-426 | L61: D0934531 | M61: 5543938 | N61: 43628/1 | O61: Central | P61: 0423 | Q61: 503227 | R61: 44264 | S61: 46086 | T61: 7076000 | U61: 20 | V61: =T61*U61% -> 1415200 | W61: =T61-V61 -> 5660800 | X61: 1.5 | Y61: =W61*X61% -> 84912 | Z61: Early terminated dt. 26/02/2024 | AD61: EARLY TERMINATED | AE61: 0 | AG61: KHI/HO/D/MO/PC COMP/P/85065/03/2024 | AH61: 0 | AI61: -84912 | AJ61: 0 | AK61: -5660800 | AL61: FRE | AM61: 0
A62: Renewal | B62: 63338/1 | C62: 45352 | D62: SALAAM TAKAFUL LTD | E62: KHI/HO/D/MO/PC COMP/C/85019/15/03/2024 | F62: 45378 | G62: 45742 | H62: KASHIF ALI | I62: 3310236280471 | J62: HONDA CITY | K62: BJZ-008 | L62: L13Z17463762 | M62: NFBGM1645HR207133 | N62: 63338/1 | O62: Central | P62: 0423 | Q62: 603150 | R62: 45043 | S62: 46147 | T62: 3100000 | U62: 10 | V62: =T62*U62% -> 310000 | W62: =T62-V62 -> 2790000 | X62: 2 | Y62: =W62*X62% -> 55800 | Z62: Early terminated dt. 26/03/2024 | AD62: EARLY TERMINATED | AE62: 0 | AG62: KHI/HO/D/MO/PC COMP/P/85019/03/2024 | AH62: 0 | AI62: -55800 | AJ62: 0 | AK62: -2790000 | AL62: FRE | AM62: 0
A63: Renewal | B63: 53208/1 | C63: 45383 | D63: SALAAM TAKAFUL LTD | E63: KHI/HO/D/MO/PC COMP/C/86646/7/04/2024 | F63: 45387 | G63: 45751 | H63: ABIDA ISHAQ MIR | I63: 3740595665202 | J63: SUZUKI ALTO VXR | K63: AYC-360 | L63: 223962 | M63: 1123951 | N63: 53208/1 | O63: North | P63: 0804 | Q63: 337068 | R63: 44663 | S63: 46848 | T63: 1546000 | U63: 15 | V63: =T63*U63% -> 231900 | W63: =T63-V63 -> 1314100 | X63: 1.75 | Y63: =W63*X63% -> 22996.75 | Z63: Early terminated dt. 26-03-2024 | AD63: EARLY TERMINATED | AE63: 0 | AG63: KHI/HO/D/MO/PC COMP/P/86646/04/2024 | AH63: 0 | AI63: -22996.75 | AJ63: 0 | AK63: -1314100 | AL63: FRE | AM63: 0
A64: Renewal | B64: 57178/2 | C64: 45383 | D64: SALAAM TAKAFUL LTD | E64: KHI/HO/D/MO/PC COMP/C/86646/89/04/2024 | F64: 45412 | G64: 45776 | H64: AHMAD SAEED | I64: 3520218210621 | J64: SUZUKI WAGON R VXL | L64: 231412 | M64: 10131402 | N64: 57178/2 | O64: Central | P64: 0329 | Q64: 572994 | R64: 44733 | S64: 46573 | T64: 2084000 | U64: 15 | V64: =T64*U64% -> 312600 | W64: =T64-V64 -> 1771400 | X64: 2.5 | Y64: =W64*X64% -> 44285 | Z64: Early terminated dt. 26-04-2024 | AD64: EARLY TERMINATED | AE64: 0 | AG64: KHI/HO/D/MO/PC COMP/P/86646/04/2024 | AH64: 0 | AI64: -44285 | AJ64: 0 | AK64: -1771400 | AL64: FRE | AM64: 0
A65: Renewal | B65: 38498/1 | C65: 45505 | D65: SALAAM TAKAFUL LTD | E65: KHI/HO/D/MO/PC COMP/C/95236/5/08/2024 | F65: 45533 | G65: 45897 | H65: MUHAMMAD ISHAQ | I65: 3520213054543 | J65: HONDA CIVIC VTI ORIEL PT | K65: LE-19A-5757 | L65: 2953803 | M65: KR057224 | N65: 38498/1 | O65: Central | P65: 0329 | Q65: 459292 | R65: 43710 | S65: 46270 | T65: 3897000 | U65: 30 | V65: =T65*U65% -> 1169100 | W65: =T65-V65 -> 2727900 | X65: 1.5 | Y65: =W65*X65% -> 40918.5 | Z65: Early terminated dt. 26-08-2024 | AD65: EARLY TERMINATED | AE65: 0 | AG65: KHI/HO/D/MO/PC COMP/P/95236/08/2024 | AH65: 0 | AI65: -40918.5 | AJ65: 0 | AK65: -2727900 | AL65: FRE | AM65: 0
A66: Renewal | B66: 41750/1 | C66: 45444 | D66: SALAAM TAKAFUL LTD | E66: KHI/HO/D/MO/PC COMP/C/90920/147/06/2024 | F66: 45472 | G66: 45836 | H66: KASHIF GHAFOOR | I66: 3630269292171 | J66: SUZUKI CULTUS VXL EURO II | K66: FD-16-369 | L66: 619501 | M66: 526354 | N66: 41750/1 | O66: Central | P66: 0454 | Q66: 489376 | R66: 44015 | S66: 45843 | T66: 1200000 | U66: 25 | V66: =T66*U66% -> 300000 | W66: =T66-V66 -> 900000 | X66: 3.75 | Y66: =W66*X66% -> 33750 | Z66: Early Terminated Dt. 27-05-2024 | AD66: EARLY TERMINATED | AE66: 0 | AG66: KHI/HO/D/MO/PC COMP/P/90920/06/2024 | AH66: 0 | AI66: -33750 | AJ66: 0 | AK66: -900000 | AL66: FRE | AM66: 0
