Workbook

Sheet Fresh
A1: Fresh / Renewal | B1: Proposal No. | C1: Billing Month | D1: Takaful Company | E1: PMD / Cert | F1: Takaful Start Date | G1: Takaful End Date | H1: Customer Name | I1: CNIC | J1: Vehicle Make | K1: Reg. No | L1: Engine No | M1: Chassis No | N1: Proposal No. | O1: Region | P1: Unit ID | Q1: BR # | R1: Financing Date | S1: Maturity Date | T1: Asset Value | U1: Dep. % | V1: Dep. Amount | W1: Sum Cover Amount | X1: Takaful Rate | Y1: Premium Amount | Z1: For Takaful Company Rectifications | AA1: For COD Status | AB1: PO No. | AC1: PO Dates | AD1: Proposal Status | AE1: Default Case (Overdue Days) | AF1: Policy # | AG1: End. # | AH1: Tms Prem | AI1: Difference | AJ1: Tagging | AK1: Tracker
A2: Fresh | B2: 73416/1 | C2: 45536 | D2: SALAAM TAKAFUL LTD | E2: KHI/HO/D/MO/PC COMP/C/96843/1/09/2024 | F2: 45541 | G2: 45905 | H2: Ella Hussain | I2: 4230174899114 | J2: SUZUKI SWIFT DLX EURO II | K2: BUD-129 | L2: 13050748 | M2: 10050701 | N2: 73416/1 | O2: South | P2: 0144 | Q2: 367615 | R2: 45546 | S2: 46636 | T2: 3100000 | W2: 3100000 | X2: 2 | Y2: 62000 | AA2: paid | AB2: 1141070982 | AC2: 45586 | AD2: DISBURSED | AE2: 0 | AF2: KHI/HO/D/MO/PC COMP/C/96843/1/09/2024 | AH2: 62000 | AI2: =Y2-AH2 -> 0 | AJ2: =VLOOKUP(AF2,[1]Sheet3!$B$2:$D$2361,3,0) -> FRE | AK2: TRACKER (TRASUR)
A3: Fresh | B3: 74833/1 | C3: 45536 | D3: SALAAM TAKAFUL LTD | E3: KHI/HO/D/MO/PC COMP/C/96843/10/09/2024 | F3: 45551 | G3: 45915 | H3: Muhammad Asif | I3: 3630201053933 | J3: KIA PICANTO 1.0L A/T | K3: AGC-458 | L3: 131175 | M3: 708259 | N3: 74833/1 | O3: Central | P3: 0431 | Q3: 651389 | R3: 45558 | S3: 47396 | T3: 2900000 | W3: 2900000 | X3: 2 | Y3: 58000 | AA3: paid | AB3: 1141070982 | AC3: 45586 | AD3: DISBURSED | AE3: 0 | AF3: KHI/HO/D/MO/PC COMP/C/96843/10/09/2024 | AH3: 58000 | AI3: =Y3-AH3 -> 0 | AJ3: =VLOOKUP(AF3,[1]Sheet3!$B$2:$D$2361,3,0) -> FRE | AK3: TRACKER (TRASUR)
A4: Fresh | B4: 74189/1 | C4: 45536 | D4: SALAAM TAKAFUL LTD | E4: KHI/HO/D/MO/PC COMP/C/96843/11/09/2024 | F4: 45553 | G4: 45917 | H4: Bilal Khan | I4: 1560703435961 | J4: SUZUKI WAGON-R | K4: AXK-221 | L4: PK10B230615 | M4: A1J310PK10130642 | N4: 74189/1 | O4: Central | P4: 0423 | Q4: 605795 | R4: 45558 | S4: 47396 | T4: 2700000 | W4: 2700000 | X4: 2 | Y4: 54000 | AA4: paid | AB4: 1141070982 | AC4: 45586 | AD4: DISBURSED | AE4: 0 | AF4: KHI/HO/D/MO/PC COMP/C/96843/11/09/2024 | AH4: 54000 | AI4: =Y4-AH4 -> 0 | AJ4: =VLOOKUP(AF4,[1]Sheet3!$B$2:$D$2361,3,0) -> FRE | AK4: TRACKER (TRASUR)
A5: Fresh | B5: 74813/1 | C5: 45536 | D5: SALAAM TAKAFUL LTD | E5: KHI/HO/D/MO/PC COMP/C/96843/12/09/2024 | F5: 45554 | G5: 45918 | H5: Shahzad Ahmad | I5: 3520131115579 | J5: HONDA CITY ASPIRE A/T | K5: ABG-644 | L5: Z17449363 | M5: R191016 | N5: 74813/1 | O5: Central | P5: 0329 | Q5: 461007 | R5: 45555 | S5: 46665 | T5: 3000000 | W5: 3000000 | X5: 2 | Y5: 60000 | AA5: paid | AB5: 1141070982 | AC5: 45586 | AD5: DISBURSED | AE5: 0 | AF5: KHI/HO/D/MO/PC COMP/C/96843/12/09/2024 | AH5: 60000 | AI5: =Y5-AH5 -> 0 | AJ5: =VLOOKUP(AF5,[1]Sheet3!$B$2:$D$2361,3,0) -> FRE | AK5: TRACKER (TRASUR)
A6: Fresh | B6: 74740/1 | C6: 45536 | D6: SALAAM TAKAFUL LTD | E6: KHI/HO/D/MO/PC COMP/C/96843/13/09/2024 | F6: 45554 | G6: 45918 | H6: Muhammad Bilal Shafiq | I6: 3520298870751 | J6: HONDA CITY | K6: ABC-608 | L6: 9800054 | M6: 265720 | N6: 74740/1 | O6: Central | P6: 0329 | Q6: 656348 | R6: 45555 | S6: 46665 | T6: 4000000 | W6: 4000000 | X6: 1.5 | Y6: 60000 | AA6: paid | AB6: 1141070982 | AC6: 45586 | AD6: DISBURSED | AE6: 0 | AF6: KHI/HO/D/MO/PC COMP/C/96843/13/09/2024 | AH6: 60000 | AI6: =Y6-AH6 -> 0 | AJ6: =VLOOKUP(AF6,[1]Sheet3!$B$2:$D$2361,3,0) -> FRE | AK6: TRACKER (TRASUR)
A7: Fresh | B7: 74170/1 | C7: 45536 | D7: SALAAM TAKAFUL LTD | E7: KHI/HO/D/MO/PC COMP/C/96843/14/09/2024 | F7: 45554 | G7: 45918 | H7: Muhammad Tahir Shifa | I7: 3130397947331 | J7: SUZUKI CULTUS VXL | K7: LEC-19-6343 | L7: 141503 | M7: 10041493 | N7: 74170/1 | O7: Central | P7: 0461 | Q7: 650204 | R7: 45558 | S7: 47396 | T7: 3000000 | W7: 3000000 | X7: 2 | Y7: 60000 | AA7: paid | AB7: 1141070982 | AC7: 45586 | AD7: DISBURSED | AE7: 0 | AF7: KHI/HO/D/MO/PC COMP/C/96843/14/09/2024 | AH7: 60000 | AI7: =Y7-AH7 -> 0 | AJ7: =VLOOKUP(AF7,[1]Sheet3!$B$2:$D$2361,3,0) -> FRE | AK7: TRACKER (TRASUR)
A8: Fresh | B8: 74778/1 | C8: 45536 | D8: SALAAM TAKAFUL LTD | E8: KHI/HO/D/MO/PC COMP/C/96843/15/09/2024 | F8: 45554 | G8: 45918 | H8: Sadaf Mateen Butt | I8: 3520256198050 | J8: HONDA CITY | K8: AEQ-468 | L8: 17547218 | M8: 272355 | N8: 74778/1 | O8: Central | P8: 0329 | Q8: 656353 | R8: 45555 | S8: 46665 | T8: 3900000 | W8: 3900000 | X8: 1.5 | Y8: 58500 | AA8: paid | AB8: 1141070982 | AC8: 45586 | AD8: DISBURSED | AE8: 0 | AF8: KHI/HO/D/MO/PC COMP/C/96843/15/09/2024 | AH8: 58500 | AI8: =Y8-AH8 -> 0 | AJ8: =VLOOKUP(AF8,[1]Sheet3!$B$2:$D$2361,3,0) -> FRE | AK8: TRACKER (TRASUR)
A9: Fresh | B9: 74041/1 | C9: 45536 | D9: SALAAM TAKAFUL LTD | E9: KHI/HO/D/MO/PC COMP/C/96843/16/09/2024 | F9: 45554 | G9: 45918 | H9: Zeeshan Qaiser | I9: 3520230821215 | J9: TOYOTA YARIS ATIV X CVT | K9: AME-515 | L9: 2A57112 | M9: 9520943 | N9: 74041/1 | O9: Central | P9: 0329 | Q9: 653437 | R9: 45559 | S9: 46665 | T9: 4700000 | W9: 4700000 | X9: 1.5 | Y9: 70500 | AA9: paid | AB9: 1141070982 | AC9: 45586 | AD9: DISBURSED | AE9: 0 | AF9: KHI/HO/D/MO/PC COMP/C/96843/16/09/2024 | AH9: 70500 | AI9: =Y9-AH9 -> 0 | AJ9: =VLOOKUP(AF9,[1]Sheet3!$B$2:$D$2361,3,0) -> FRE | AK9: TRACKER (TRASUR)
A10: Fresh | B10: 72923/1 | C10: 45536 | D10: SALAAM TAKAFUL LTD | E10: KHI/HO/D/MO/PC COMP/C/96843/17/09/2024 | F10: 45555 | G10: 45919 | H10: Muhammad Shakeel | I10: 3520224697617 | J10: TOYOTA Yaris ATIV 1.3 (CV | L10: 2A69353 | M10: 7046692 | N10: 72923/1 | O10: Central | P10: 0329 | Q10: 649688 | R10: 45558 | S10: 46665 | T10: 4760000 | W10: 4760000 | X10: 1.5 | Y10: 71400 | AA10: paid | AB10: 1141070982 | AC10: 45586 | AD10: DISBURSED | AE10: 0 | AF10: KHI/HO/D/MO/PC COMP/C/96843/17/09/2024 | AH10: 71400 | AI10: =Y10-AH10 -> 0 | AJ10: =VLOOKUP(AF10,[1]Sheet3!$B$2:$D$2361,3,0) -> FRE | AK10: TRACKER (TRASUR)
A11: Fresh | B11: 73684/1 | C11: 45536 | D11: SALAAM TAKAFUL LTD | E11: KHI/HO/D/MO/PC COMP/C/96843/18/09/2024 | F11: 45555 | G11: 45919 | H11: Muhammad Haider Ali | I11: 3310273105991 | J11: HAVAL Haval Jolion HEV 1. | L11: 244H0005104 | M11: NF9EEUA59R2009219 | N11: 73684/1 | O11: Central | P11: 0423 | Q11: 652193 | R11: 45558 | S11: 46300 | T11: 9428950 | W11: 9428950 | X11: 1.5 | Y11: 141434.25 | AA11: paid | AB11: 1141070982 | AC11: 45586 | AD11: DISBURSED | AE11: 0 | AF11: KHI/HO/D/MO/PC COMP/C/96843/18/09/2024 | AH11: 141434 | AI11: =Y11-AH11 -> 0.25 | AJ11: =VLOOKUP(AF11,[1]Sheet3!$B$2:$D$2361,3,0) -> FRE | AK11: TRACKER (TRASUR)
A12: Fresh | B12: 74367/1 | C12: 45536 | D12: SALAAM TAKAFUL LTD | E12: KHI/HO/D/MO/PC COMP/C/96843/19/09/2024 | F12: 45558 | G12: 45922 | H12: Kamran Latif Rao | I12: 6110131920715 | J12: TOYOTA YARIS CVT | K12: BEJ-717 | L12: 2A69410 | M12: 9522730 | N12: 74367/1 | O12: North | P12: 0804 | Q12: 655104 | R12: 45565 | S12: 45936 | T12: 6404000 | W12: 6404000 | X12: 1.5 | Y12: 96060 | AA12: paid | AB12: 1141070982 | AC12: 45586 | AD12: DISBURSED | AE12: 0 | AF12: KHI/HO/D/MO/PC COMP/C/96843/19/09/2024 | AH12: 96060 | AI12: =Y12-AH12 -> 0 | AJ12: =VLOOKUP(AF12,[1]Sheet3!$B$2:$D$2361,3,0) -> FRE | AK12: TRACKER (TRASUR)
A13: Fresh | B13: 74289/1 | C13: 45536 | D13: SALAAM TAKAFUL LTD | E13: KHI/HO/D/MO/PC COMP/C/96843/2/09/2024 | F13: 45541 | G13: 45905 | H13: Hafiz Muhammad Abbas Ali | I13: 3310236731289 | J13: SUZUKI CULTUS | K13: LE-18A-6675 | L13: PK10K125857 | M13: NF1AVK31H10025842 | N13: 74289/1 | O13: Central | P13: 0423 | Q13: 654329 | R13: 45546 | S13: 47366 | T13: 2475000 | W13: 2475000 | X13: 2 | Y13: 49500 | AA13: paid | AB13: 1141070982 | AC13: 45586 | AD13: DISBURSED | AE13: 9 | AF13: KHI/HO/D/MO/PC COMP/C/96843/2/09/2024 | AH13: 49500 | AI13: =Y13-AH13 -> 0 | AJ13: =VLOOKUP(AF13,[1]Sheet3!$B$2:$D$2361,3,0) -> FRE | AK13: TRACKER (TRASUR)
A14: Fresh | B14: 74977/1 | C14: 45536 | D14: SALAAM TAKAFUL LTD | E14: KHI/HO/D/MO/PC COMP/C/96843/20/09/2024 | F14: 45558 | G14: 45922 | H14: Muhammad Akram | I14: 3520112664041 | J14: KIA KIA SPORTAGE | K14: LEB-20-37 | L14: H309588 | M14: P502294 | N14: 74977/1 | O14: Central | P14: 0329 | Q14: 445572 | R14: 45561 | S14: 46665 | T14: 5700000 | W14: 5700000 | X14: 1.5 | Y14: 85500 | AA14: paid | AB14: 1141070982 | AC14: 45586 | AD14: DISBURSED | AE14: 0 | AF14: KHI/HO/D/MO/PC COMP/C/96843/20/09/2024 | AH14: 85500 | AI14: =Y14-AH14 -> 0 | AJ14: =VLOOKUP(AF14,[1]Sheet3!$B$2:$D$2361,3,0) -> FRE | AK14: TRACKER (TRASUR)
A15: Fresh | B15: 74782/1 | C15: 45536 | D15: SALAAM TAKAFUL LTD | E15: KHI/HO/D/MO/PC COMP/C/96843/21/09/2024 | F15: 45559 | G15: 45923 | H15: Mohammed Imran Khawaja | I15: 3520224976297 | J15: HONDA CIVIC | K15: LEB-16A-21 | L15: 71402303 | M15: GR007223 | N15: 74782/1 | O15: Central | P15: 0329 | Q15: 655753 | R15: 45560 | S15: 46665 | T15: 4500000 | W15: 4500000 | X15: 1.5 | Y15: 67500 | AA15: paid | AB15: 1141070982 | AC15: 45586 | AD15: DISBURSED | AE15: 0 | AF15: KHI/HO/D/MO/PC COMP/C/96843/21/09/2024 | AH15: 67500 | AI15: =Y15-AH15 -> 0 | AJ15: =VLOOKUP(AF15,[1]Sheet3!$B$2:$D$2361,3,0) -> FRE | AK15: TRACKER (TRASUR)
A16: Fresh | B16: 73224/1 | C16: 45536 | D16: SALAAM TAKAFUL LTD | E16: KHI/HO/D/MO/PC COMP/C/96843/22/09/2024 | F16: 45559 | G16: 45923 | H16: Asher Javed | I16: 3520227891005 | J16: HONDA CITY 1.2 LS CVT | L16: 51026914 | M16: R043495 | N16: 73224/1 | O16: Central | P16: 0329 | Q16: 553816 | R16: 45560 | S16: 46300 | T16: 4719000 | W16: 4719000 | X16: 1.5 | Y16: 70785 | AA16: paid | AB16: 1141070982 | AC16: 45586 | AD16: DISBURSED | AE16: 0 | AF16: KHI/HO/D/MO/PC COMP/C/96843/22/09/2024 | AH16: 70785 | AI16: =Y16-AH16 -> 0 | AJ16: =VLOOKUP(AF16,[1]Sheet3!$B$2:$D$2361,3,0) -> FRE | AK16: TRACKER (TRASUR)
A17: Fresh | B17: 75356/1 | C17: 45536 | D17: SALAAM TAKAFUL LTD | E17: KHI/HO/D/MO/PC COMP/C/96843/23/09/2024 | F17: 45559 | G17: 45923 | H17: Faisal Saleem | I17: 4210118063795 | J17: TOYOTA AXIO | K17: BTW-310 | L17: 198616 | M17: 7144665 | N17: 75356/1 | O17: South | P17: 0150 | Q17: 274530 | R17: 45568 | S17: 46300 | T17: 4700000 | W17: 4700000 | X17: 1.5 | Y17: 70500 | AA17: paid | AB17: 1141070982 | AC17: 45586 | AD17: DISBURSED | AE17: 0 | AF17: KHI/HO/D/MO/PC COMP/C/96843/23/09/2024 | AH17: 70500 | AI17: =Y17-AH17 -> 0 | AJ17: =VLOOKUP(AF17,[1]Sheet3!$B$2:$D$2361,3,0) -> FRE | AK17: Tracker missing
A18: Fresh | B18: 75027/1 | C18: 45536 | D18: SALAAM TAKAFUL LTD | E18: KHI/HO/D/MO/PC COMP/C/96843/24/09/2024 | F18: 45559 | G18: 45923 | H18: Mamoon Mustafa | I18: 3520113938293 | J18: HONDA CIVIC I-VTEC | K18: LEA-19-6902 | L18: 150003 | M18: 610001 | N18: 75027/1 | O18: Central | P18: 0329 | Q18: 657391 | R18: 45560 | S18: 46665 | T18: 4610000 | W18: 4610000 | X18: 1.5 | Y18: 69150 | AA18: paid | AB18: 1141070982 | AC18: 45586 | AD18: DISBURSED | AE18: 0 | AF18: KHI/HO/D/MO/PC COMP/C/96843/24/09/2024 | AH18: 69150 | AI18: =Y18-AH18 -> 0 | AJ18: =VLOOKUP(AF18,[1]Sheet3!$B$2:$D$2361,3,0) -> FRE | AK18: TRACKER (TRASUR)
A19: Fresh | B19: 74998/1 | C19: 45536 | D19: SALAAM TAKAFUL LTD | E19: KHI/HO/D/MO/PC COMP/C/96843/25/09/2024 | F19: 45560 | G19: 45924 | H19: Uzair Amjad | I19: 3520251341519 | J19: KIA PICANTO 1.0L A/T | K19: ASG-822 | L19: P072447 | M19: KP703700 | N19: 74998/1 | O19: Central | P19: 0329 | Q19: 657283 | R19: 45561 | S19: 47396 | T19: 2930000 | W19: 2930000 | X19: 2 | Y19: 58600 | AA19: paid | AB19: 1141070982 | AC19: 45586 | AD19: DISBURSED | AE19: 0 | AF19: KHI/HO/D/MO/PC COMP/C/96843/25/09/2024 | AH19: 58600 | AI19: =Y19-AH19 -> 0 | AJ19: =VLOOKUP(AF19,[1]Sheet3!$B$2:$D$2361,3,0) -> FRE | AK19: TRACKER (TRASUR)
A20: Fresh | B20: 74881/1 | C20: 45536 | D20: SALAAM TAKAFUL LTD | E20: KHI/HO/D/MO/PC COMP/C/96843/26/09/2024 | F20: 45561 | G20: 45925 | H20: Zeeshan Ali | I20: 3310279085003 | J20: TOYOTA YARIS ATIV CVT | K20: LEB-20-4423 | L20: 2A03924 | M20: 7001990 | N20: 74881/1 | O20: Central | P20: 0329 | Q20: 656731 | R20: 45565 | S20: 46665 | T20: 3850000 | W20: 3850000 | X20: 1.5 | Y20: 57750 | AA20: paid | AB20: 1141070982 | AC20: 45586 | AD20: DISBURSED | AE20: 0 | AF20: KHI/HO/D/MO/PC COMP/C/96843/26/09/2024 | AH20: 57750 | AI20: =Y20-AH20 -> 0 | AJ20: =VLOOKUP(AF20,[1]Sheet3!$B$2:$D$2361,3,0) -> FRE | AK20: TRACKER (TRASUR)
A21: Fresh | B21: 74907/1 | C21: 45536 | D21: SALAAM TAKAFUL LTD | E21: KHI/HO/D/MO/PC COMP/C/96843/27/09/2024 | F21: 45561 | G21: 45925 | H21: Hamid Parvaiz | I21: 3520235703927 | J21: SUZUKI ALTO VXR | L21: 319662 | M21: 1219670 | N21: 74907/1 | O21: Central | P21: 0329 | Q21: 656957 | R21: 45565 | S21: 46665 | T21: 2707000 | W21: 2707000 | X21: 2 | Y21: 54140 | AA21: paid | AB21: 1141070982 | AC21: 45586 | AD21: DISBURSED | AE21: 0 | AF21: KHI/HO/D/MO/PC COMP/C/96843/27/09/2024 | AH21: 54140 | AI21: =Y21-AH21 -> 0 | AJ21: =VLOOKUP(AF21,[1]Sheet3!$B$2:$D$2361,3,0) -> FRE | AK21: TRACKER (TRASUR)
A22: Fresh | B22: 74889/1 | C22: 45536 | D22: SALAAM TAKAFUL LTD | E22: KHI/HO/D/MO/PC COMP/C/96843/28/09/2024 | F22: 45562 | G22: 45926 | H22: Muhammad Naeem Amjad | I22: 3120273822093 | J22: SUZUKI ALTO VXR | L22: 6R320270 | M22: 1220265 | N22: 74889/1 | O22: Central | P22: 0471 | Q22: 656520 | R22: 45562 | S22: 46665 | T22: 2707000 | W22: 2707000 | X22: 2 | Y22: 54140 | AA22: paid | AB22: 1141070982 | AC22: 45586 | AD22: DISBURSED | AE22: 0 | AF22: KHI/HO/D/MO/PC COMP/C/96843/28/09/2024 | AH22: 54140 | AI22: =Y22-AH22 -> 0 | AJ22: =VLOOKUP(AF22,[1]Sheet3!$B$2:$D$2361,3,0) -> FRE | AK22: TRACKER (TRASUR)
A23: Fresh | B23: 75328/1 | C23: 45536 | D23: SALAAM TAKAFUL LTD | E23: KHI/HO/D/MO/PC COMP/C/96843/29/09/2024 | F23: 45562 | G23: 45926 | H23: Abdul Mateen Shah | I23: 3740505478375 | J23: HONDA BRV - S | K23: AHY-675 | L23: 509473 | M23: 009475 | N23: 75328/1 | O23: North | P23: 0804 | Q23: 657061 | R23: 45565 | S23: 47031 | T23: 4000000 | W23: 4000000 | X23: 1.5 | Y23: 60000 | AA23: paid | AB23: 1141070982 | AC23: 45586 | AD23: DISBURSED | AE23: 0 | AF23: KHI/HO/D/MO/PC COMP/C/96843/29/09/2024 | AH23: 60000 | AI23: =Y23-AH23 -> 0 | AJ23: =VLOOKUP(AF23,[1]Sheet3!$B$2:$D$2361,3,0) -> FRE | AK23: TRACKER (TRASUR)
A24: Fresh | B24: 74235/1 | C24: 45536 | D24: SALAAM TAKAFUL LTD | E24: KHI/HO/D/MO/PC COMP/C/96843/3/09/2024 | F24: 45545 | G24: 45909 | H24: Mukhtiar Ahmad | I24: 3210232085597 | J24: SUZUKI WAGON R VXL | L24: 248289 | M24: 10148284 | N24: 74235/1 | O24: Central | P24: 0567 | Q24: 653278 | R24: 45562 | S24: 46665 | T24: 3412000 | W24: 3412000 | X24: 2 | Y24: 68240 | AA24: paid | AB24: 1141070982 | AC24: 45586 | AD24: DISBURSED | AE24: 0 | AF24: KHI/HO/D/MO/PC COMP/C/96843/3/09/2024 | AH24: 68240 | AI24: =Y24-AH24 -> 0 | AJ24: =VLOOKUP(AF24,[1]Sheet3!$B$2:$D$2361,3,0) -> FRE | AK24: TRACKER (TRASUR)
A25: Fresh | B25: 75068/1 | C25: 45536 | D25: SALAAM TAKAFUL LTD | E25: KHI/HO/D/MO/PC COMP/C/96843/30/09/2024 | F25: 45562 | G25: 45926 | H25: Iftikhar Ahmad | I25: 3520014737597 | J25: SUZUKI ALTO AGS A/T | K25: AAE-381 | L25: 122274 | M25: 1022259 | N25: 75068/1 | O25: Central | P25: 0329 | Q25: 657517 | R25: 45565 | S25: 47396 | T25: 2400000 | W25: 2400000 | X25: 2 | Y25: 48000 | AA25: paid | AB25: 1141070982 | AC25: 45586 | AD25: DISBURSED | AE25: 0 | AF25: KHI/HO/D/MO/PC COMP/C/96843/30/09/2024 | AH25: 48000 | AI25: =Y25-AH25 -> 0 | AJ25: =VLOOKUP(AF25,[1]Sheet3!$B$2:$D$2361,3,0) -> FRE | AK25: TRACKER (TRASUR)
A26: Fresh | B26: 75317/1 | C26: 45536 | D26: SALAAM TAKAFUL LTD | E26: KHI/HO/D/MO/PC COMP/C/96843/31/09/2024 | F26: 45562 | G26: 45926 | H26: Parveen Kusar | I26: 3520223629410 | J26: TOYOTA COROLLA GLI | K26: LEF-19-2220 | L26: Z562568 | M26: R-4187661 | N26: 75317/1 | O26: Central | P26: 0329 | Q26: 657616 | R26: 45565 | S26: 47031 | T26: 3600000 | W26: 3600000 | X26: 1.5 | Y26: 54000 | AA26: paid | AB26: 1141070982 | AC26: 45586 | AD26: DISBURSED | AE26: 0 | AF26: KHI/HO/D/MO/PC COMP/C/96843/31/09/2024 | AH26: 54000 | AI26: =Y26-AH26 -> 0 | AJ26: =VLOOKUP(AF26,[1]Sheet3!$B$2:$D$2361,3,0) -> FRE | AK26: TRACKER (TRASUR)
A27: Fresh | B27: 75318/1 | C27: 45536 | D27: SALAAM TAKAFUL LTD | E27: KHI/HO/D/MO/PC COMP/C/96843/32/09/2024 | F27: 45562 | G27: 45926 | H27: Salman Niaz | I27: 3520209281025 | J27: SUZUKI CULTUS | K27: LE-12-7519 | L27: PKF558624 | M27: PK465485 | N27: 75318/1 | O27: Central | P27: 0329 | Q27: 655536 | R27: 45566 | S27: 47031 | T27: 1225000 | W27: 1225000 | X27: 2 | Y27: 24500 | AA27: paid | AB27: 1141070982 | AC27: 45586 | AD27: DISBURSED | AE27: 0 | AF27: KHI/HO/D/MO/PC COMP/C/96843/32/09/2024 | AH27: 24500 | AI27: =Y27-AH27 -> 0 | AJ27: =VLOOKUP(AF27,[1]Sheet3!$B$2:$D$2361,3,0) -> FRE | AK27: TRACKER (TRASUR)
A28: Fresh | B28: 74922/1 | C28: 45536 | D28: SALAAM TAKAFUL LTD | E28: KHI/HO/D/MO/PC COMP/C/96843/33/09/2024 | F28: 45562 | G28: 45926 | H28: Ahmed Bin Ali Qundoos | I28: 4220182491477 | J28: SUZUKI ALTO VXR E-2 | K28: BTF-758 | L28: 159092 | M28: 1059059 | N28: 74922/1 | O28: South | P28: 0144 | Q28: 656977 | R28: 45566 | S28: 46665 | T28: 2280000 | W28: 2280000 | X28: 2 | Y28: 45600 | AA28: paid | AB28: 1141070982 | AC28: 45586 | AD28: DISBURSED | AE28: 0 | AF28: KHI/HO/D/MO/PC COMP/C/96843/33/09/2024 | AH28: 45600 | AI28: =Y28-AH28 -> 0 | AJ28: =VLOOKUP(AF28,[1]Sheet3!$B$2:$D$2361,3,0) -> FRE | AK28: TRACKER (TRASUR)
A29: Fresh | B29: 75323/2 | C29: 45536 | D29: SALAAM TAKAFUL LTD | E29: KHI/HO/D/MO/PC COMP/C/96843/34/09/2024 | F29: 45565 | G29: 45929 | H29: Saif Ullah Khan | I29: 3230361108491 | J29: TOYOTA RAIZE | K29: AXV-851 | M29: 55230 | N29: 75323/2 | O29: Central | P29: 0431 | Q29: 657390 | R29: 45566 | S29: 47031 | T29: 5200000 | W29: 5200000 | X29: 1.5 | Y29: 78000 | AA29: paid | AB29: 1141070982 | AC29: 45586 | AD29: DISBURSED | AE29: 0 | AF29: KHI/HO/D/MO/PC COMP/C/96843/34/09/2024 | AH29: 78000 | AI29: =Y29-AH29 -> 0 | AJ29: =VLOOKUP(AF29,[1]Sheet3!$B$2:$D$2361,3,0) -> FRE | AK29: TRACKER (TRASUR)
A30: Fresh | B30: 74676/1 | C30: 45536 | D30: SALAAM TAKAFUL LTD | E30: KHI/HO/D/MO/PC COMP/C/96843/35/09/2024 | F30: 45565 | G30: 45929 | H30: Ruslaan Zia | I30: 3410123970261 | J30: SUZUKI ALTO VXL AGS | L30: 6R320395 | M30: 1220418 | N30: 74676/1 | O30: Central | P30: 0329 | Q30: 655891 | R30: 45565 | S30: 45936 | T30: 3045000 | W30: 3045000 | X30: 2 | Y30: 60900 | AA30: paid | AB30: 1141070982 | AC30: 45586 | AD30: DISBURSED | AE30: 0 | AF30: KHI/HO/D/MO/PC COMP/C/96843/35/09/2024 | AH30: 60900 | AI30: =Y30-AH30 -> 0 | AJ30: =VLOOKUP(AF30,[1]Sheet3!$B$2:$D$2361,3,0) -> FRE | AK30: TRACKER (TRASUR)
A31: Fresh | B31: 75329/2 | C31: 45536 | D31: SALAAM TAKAFUL LTD | E31: KHI/HO/D/MO/PC COMP/C/96843/36/09/2024 | F31: 45565 | G31: 45929 | H31: Syeda Umme Farwa | I31: 6110119260276 | J31: HONDA BRV MTI I-VTEC 1.5L | K31: ALI-147 | L31: 14810324 | M31: 026945 | N31: 75329/2 | O31: North | P31: 0804 | Q31: 585941 | R31: 45565 | S31: 47031 | T31: 6000000 | W31: 6000000 | X31: 1.5 | Y31: 90000 | AA31: paid | AB31: 1141070982 | AC31: 45586 | AD31: DISBURSED | AE31: 0 | AF31: KHI/HO/D/MO/PC COMP/C/96843/36/09/2024 | AH31: 90000 | AI31: =Y31-AH31 -> 0 | AJ31: =VLOOKUP(AF31,[1]Sheet3!$B$2:$D$2361,3,0) -> FRE | AK31: TRACKER (TRASUR)
A32: Fresh | B32: 74475/1 | C32: 45536 | D32: SALAAM TAKAFUL LTD | E32: KHI/HO/D/MO/PC COMP/C/96843/37/09/2024 | F32: 45565 | G32: 45929 | H32: Syed Zia Ud Din Muhammad Faisal | I32: 3650191640463 | J32: CHANGAN OSHAN FUTURE SENS | L32: 201899 | M32: 1000446 | N32: 74475/1 | O32: Central | P32: 0329 | Q32: 447807 | R32: 45565 | S32: 46665 | T32: 8099000 | W32: 8099000 | X32: 1.5 | Y32: 121485 | AA32: paid | AB32: 1141070982 | AC32: 45586 | AD32: DISBURSED | AE32: 0 | AF32: KHI/HO/D/MO/PC COMP/C/96843/37/09/2024 | AH32: 121485 | AI32: =Y32-AH32 -> 0 | AJ32: =VLOOKUP(AF32,[1]Sheet3!$B$2:$D$2361,3,0) -> FRE | AK32: TRACKER (TRASUR)
A33: Fresh | B33: 74287/1 | C33: 45536 | D33: SALAAM TAKAFUL LTD | E33: KHI/HO/D/MO/PC COMP/C/96843/38/09/2024 | F33: 45565 | G33: 45929 | H33: Shahid Hussain | I33: 3630215803869 | J33: SUZUKI ALTO VXL AGS | K33: ACU-859 | L33: 161733 | M33: 1061750 | N33: 74287/1 | O33: Central | P33: 0431 | Q33: 654318 | R33: 45566 | S33: 47396 | T33: 2500000 | W33: 2500000 | X33: 2 | Y33: 50000 | AA33: paid | AB33: 1141070982 | AC33: 45586 | AD33: DISBURSED | AE33: 0 | AF33: KHI/HO/D/MO/PC COMP/C/96843/38/09/2024 | AH33: 50000 | AI33: =Y33-AH33 -> 0 | AJ33: =VLOOKUP(AF33,[1]Sheet3!$B$2:$D$2361,3,0) -> FRE | AK33: TRACKER (TRASUR)
A34: Fresh | B34: 74946/1 | C34: 45536 | D34: SALAAM TAKAFUL LTD | E34: KHI/HO/D/MO/PC COMP/C/96843/39/09/2024 | F34: 45565 | G34: 45929 | H34: Muhammad Adeel | I34: 4250152564159 | J34: SUZUKI ALTO | K34: BWW-451 | L34: R-130773 | M34: 1030784 | N34: 74946/1 | O34: South | P34: 0144 | Q34: 657138 | R34: 45567 | S34: 47396 | T34: 2550000 | W34: 2550000 | X34: 2 | Y34: 51000 | AA34: paid | AB34: 1141070982 | AC34: 45586 | AD34: DISBURSED | AE34: 0 | AF34: KHI/HO/D/MO/PC COMP/C/96843/39/09/2024 | AH34: 51000 | AI34: =Y34-AH34 -> 0 | AJ34: =VLOOKUP(AF34,[1]Sheet3!$B$2:$D$2361,3,0) -> FRE | AK34: TRACKER (TRASUR)
A35: Fresh | B35: 73599/1 | C35: 45536 | D35: SALAAM TAKAFUL LTD | E35: KHI/HO/D/MO/PC COMP/C/96843/4/09/2024 | F35: 45545 | G35: 45909 | H35: Muhammad Zubair Ameen | I35: 3520265554231 | J35: SUZUKI CULTUS VXL AGS | K35: ASZ-794 | L35: 168843 | M35: 10068855 | N35: 73599/1 | O35: Central | P35: 0329 | Q35: 651982 | R35: 45546 | S35: 47366 | T35: 3350000 | W35: 3350000 | X35: 2 | Y35: 67000 | AA35: paid | AB35: 1141070982 | AC35: 45586 | AD35: DISBURSED | AE35: 9 | AF35: KHI/HO/D/MO/PC COMP/C/96843/4/09/2024 | AH35: 67000 | AI35: =Y35-AH35 -> 0 | AJ35: =VLOOKUP(AF35,[1]Sheet3!$B$2:$D$2361,3,0) -> FRE | AK35: TRACKER (TRASUR)
A36: Fresh | B36: 74862/1 | C36: 45536 | D36: SALAAM TAKAFUL LTD | E36: KHI/HO/D/MO/PC COMP/C/96843/40/09/2024 | F36: 45565 | G36: 45929 | H36: Rahima Jillani | I36: 4210140600168 | J36: SUZUKI ALTO | K36: BVM-911 | L36: 6R202720 | M36: 1102666 | N36: 74862/1 | O36: South | P36: 0144 | Q36: 656704 | R36: 45566 | S36: 46300 | T36: 2150000 | W36: 2150000 | X36: 2 | Y36: 43000 | AA36: paid | AB36: 1141070982 | AC36: 45586 | AD36: DISBURSED | AE36: 0 | AF36: KHI/HO/D/MO/PC COMP/C/96843/40/09/2024 | AH36: 43000 | AI36: =Y36-AH36 -> 0 | AJ36: =VLOOKUP(AF36,[1]Sheet3!$B$2:$D$2361,3,0) -> FRE | AK36: TRACKER (TRASUR)
A37: Fresh | B37: 74808/1 | C37: 45536 | D37: SALAAM TAKAFUL LTD | E37: KHI/HO/D/MO/PC COMP/C/96843/41/09/2024 | F37: 45565 | G37: 45929 | H37: Zain Javed | I37: 3520122661525 | J37: KIA PICANTO 1.0L A/T | K37: AKD-207 | L37: P153730 | M37: P709096 | N37: 74808/1 | O37: Central | P37: 0329 | Q37: 656483 | R37: 45566 | S37: 47396 | T37: 3300000 | W37: 3300000 | X37: 2 | Y37: 66000 | AA37: paid | AB37: 1141070982 | AC37: 45586 | AD37: DISBURSED | AE37: 0 | AF37: KHI/HO/D/MO/PC COMP/C/96843/41/09/2024 | AH37: 66000 | AI37: =Y37-AH37 -> 0 | AJ37: =VLOOKUP(AF37,[1]Sheet3!$B$2:$D$2361,3,0) -> FRE | AK37: TRACKER (TRASUR)
A38: Fresh | B38: 75066/1 | C38: 45536 | D38: SALAAM TAKAFUL LTD | E38: KHI/HO/D/MO/PC COMP/C/96843/42/09/2024 | F38: 45565 | G38: 45929 | H38: Naheed Asghar Ali | I38: 4250114575894 | J38: CHANGAN ALSVIN | K38: BVL-012 | L38: 521095 | M38: 1004108 | N38: 75066/1 | O38: South | P38: 0144 | Q38: 657523 | R38: 45566 | S38: 46665 | T38: 3200000 | W38: 3200000 | X38: 2 | Y38: 64000 | AA38: paid | AB38: 1141070982 | AC38: 45586 | AD38: DISBURSED | AE38: 0 | AF38: KHI/HO/D/MO/PC COMP/C/96843/42/09/2024 | AH38: 64000 | AI38: =Y38-AH38 -> 0 | AJ38: =VLOOKUP(AF38,[1]Sheet3!$B$2:$D$2361,3,0) -> FRE | AK38: TRACKER (TRASUR)
A39: Fresh | B39: 75243/1 | C39: 45536 | D39: SALAAM TAKAFUL LTD | E39: KHI/HO/D/MO/PC COMP/C/96843/43/09/2024 | F39: 45565 | G39: 45929 | H39: Sikandar Hussain | I39: 3740209791349 | J39: SUZUKI BOLAN | L39: 1032816 | M39: 01149315 | N39: 75243/1 | O39: North | P39: 0804 | Q39: 658427 | R39: 45566 | S39: 47396 | T39: 1940000 | W39: 1940000 | X39: 2 | Y39: 38800 | AA39: paid | AB39: 1141070982 | AC39: 45586 | AD39: DISBURSED | AE39: 0 | AF39: KHI/HO/D/MO/PC COMP/C/96843/43/09/2024 | AH39: 38800 | AI39: =Y39-AH39 -> 0 | AJ39: =VLOOKUP(AF39,[1]Sheet3!$B$2:$D$2361,3,0) -> FRE | AK39: TRACKER (TRASUR)
A40: Fresh | B40: 74935/1 | C40: 45536 | D40: SALAAM TAKAFUL LTD | E40: KHI/HO/D/MO/PC COMP/C/96843/44/09/2024 | F40: 45565 | G40: 45929 | H40: Muhammad Kashif | I40: 3520197275909 | J40: SUZUKI WAGON R VXL | K40: LEC-19-7721 | L40: 176360 | M40: 10076402 | N40: 74935/1 | O40: Central | P40: 0329 | Q40: 629773 | R40: 45566 | S40: 47396 | T40: 2000000 | W40: 2000000 | X40: 2 | Y40: 40000 | AA40: paid | AB40: 1141070982 | AC40: 45586 | AD40: DISBURSED | AE40: 0 | AF40: KHI/HO/D/MO/PC COMP/C/96843/44/09/2024 | AH40: 40000 | AI40: =Y40-AH40 -> 0 | AJ40: =VLOOKUP(AF40,[1]Sheet3!$B$2:$D$2361,3,0) -> FRE | AK40: TRACKER (TRASUR)
A41: Fresh | B41: 75327/1 | C41: 45536 | D41: SALAAM TAKAFUL LTD | E41: KHI/HO/D/MO/PC COMP/C/96843/45/09/2024 | F41: 45565 | G41: 45929 | H41: Adeel Ahmad | I41: 3840361347351 | J41: SUZUKI ALTO VXL AGS | K41: LE-19A-1518 | L41: 6R112466 | M41: H1012438 | N41: 75327/1 | O41: Central | P41: 0329 | Q41: 401353 | R41: 45566 | S41: 46665 | T41: 2300000 | W41: 2300000 | X41: 2 | Y41: 46000 | AA41: paid | AB41: 1141070982 | AC41: 45586 | AD41: DISBURSED | AE41: 0 | AF41: KHI/HO/D/MO/PC COMP/C/96843/45/09/2024 | AH41: 46000 | AI41: =Y41-AH41 -> 0 | AJ41: =VLOOKUP(AF41,[1]Sheet3!$B$2:$D$2361,3,0) -> FRE | AK41: TRACKER (TRASUR)
A42: Fresh | B42: 75279/1 | C42: 45536 | D42: SALAAM TAKAFUL LTD | E42: KHI/HO/D/MO/PC COMP/C/96843/46/09/2024 | F42: 45565 | G42: 45929 | H42: Muhammad Awais Akhtar | I42: 6110185558767 | J42: HONDA CITY 1.2 LS CVT | L42: 1026989 | M42: 043554 | N42: 75279/1 | O42: North | P42: 0804 | Q42: 239858 | R42: 45566 | S42: 46665 | T42: 4719000 | W42: 4719000 | X42: 1.5 | Y42: 70785 | AA42: paid | AB42: 1141070982 | AC42: 45586 | AD42: DISBURSED | AE42: 0 | AF42: KHI/HO/D/MO/PC COMP/C/96843/46/09/2024 | AH42: 70785 | AI42: =Y42-AH42 -> 0 | AJ42: =VLOOKUP(AF42,[1]Sheet3!$B$2:$D$2361,3,0) -> FRE | AK42: TRACKER (TRASUR)
A43: Fresh | B43: 75126/1 | C43: 45536 | D43: SALAAM TAKAFUL LTD | E43: KHI/HO/D/MO/PC COMP/C/96843/47/09/2024 | F43: 45565 | G43: 45929 | H43: Saghir Ahmad Khan | I43: 3630221295497 | J43: SUZUKI ALTO | L43: 6R320197 | M43: 1220211 | N43: 75126/1 | O43: Central | P43: 0431 | Q43: 657791 | R43: 45566 | S43: 47396 | T43: 2707000 | W43: 2707000 | X43: 2 | Y43: 54140 | AA43: paid | AB43: 1141070982 | AC43: 45586 | AD43: DISBURSED | AE43: 0 | AF43: KHI/HO/D/MO/PC COMP/C/96843/47/09/2024 | AH43: 54140 | AI43: =Y43-AH43 -> 0 | AJ43: =VLOOKUP(AF43,[1]Sheet3!$B$2:$D$2361,3,0) -> FRE | AK43: TRACKER (TRASUR)
A44: Fresh | B44: 75175/1 | C44: 45536 | D44: SALAAM TAKAFUL LTD | E44: KHI/HO/D/MO/PC COMP/C/96843/48/09/2024 | F44: 45565 | G44: 45929 | H44: Muhammad Ali Mansoor | I44: 6110197539865 | J44: HONDA CIVIC | K44: ALJ-39 | L44: 12947339 | M44: 050766 | N44: 75175/1 | O44: North | P44: 0804 | Q44: 658188 | R44: 45566 | S44: 46665 | T44: 5000000 | W44: 5000000 | X44: 1.5 | Y44: 75000 | AA44: paid | AB44: 1141070982 | AC44: 45586 | AD44: DISBURSED | AE44: 0 | AF44: KHI/HO/D/MO/PC COMP/C/96843/48/09/2024 | AH44: 75000 | AI44: =Y44-AH44 -> 0 | AJ44: =VLOOKUP(AF44,[1]Sheet3!$B$2:$D$2361,3,0) -> FRE | AK44: TRACKER (TRASUR)
A45: Fresh | B45: 74954/1 | C45: 45536 | D45: SALAAM TAKAFUL LTD | E45: KHI/HO/D/MO/PC COMP/C/96843/5/09/2024 | F45: 45546 | G45: 45910 | H45: Ghulam Yaseen | I45: 3130359826513 | J45: SUZUKI CULTUS VXL EURO II | K45: BRB-370 | L45: 120783 | M45: 1020805 | N45: 74954/1 | O45: South | P45: 0144 | Q45: 654346 | R45: 45548 | S45: 47366 | T45: 2300000 | W45: 2300000 | X45: 2 | Y45: 46000 | AA45: paid | AB45: 1141070982 | AC45: 45586 | AD45: DISBURSED | AE45: 0 | AF45: KHI/HO/D/MO/PC COMP/C/96843/5/09/2024 | AH45: 46000 | AI45: =Y45-AH45 -> 0 | AJ45: =VLOOKUP(AF45,[1]Sheet3!$B$2:$D$2361,3,0) -> FRE | AK45: TRACKER (TRASUR)
A46: Fresh | B46: 75031/1 | C46: 45536 | D46: SALAAM TAKAFUL LTD | E46: KHI/HO/D/MO/PC COMP/C/96843/6/09/2024 | F46: 45547 | G46: 45911 | H46: Asad Kaleem | I46: 3310027899009 | J46: HONDA CITY 1.2 LS MT | K46: AFW-437 | L46: L12B 51003476 | M46: NFBGN8542MR004444 | N46: 75031/1 | O46: Central | P46: 0423 | Q46: 656568 | R46: 45548 | S46: 46636 | T46: 4300000 | W46: 4300000 | X46: 1.5 | Y46: 64500 | AA46: paid | AB46: 1141070982 | AC46: 45586 | AD46: DISBURSED | AE46: 9 | AF46: KHI/HO/D/MO/PC COMP/C/96843/6/09/2024 | AH46: 64500 | AI46: =Y46-AH46 -> 0 | AJ46: =VLOOKUP(AF46,[1]Sheet3!$B$2:$D$2361,3,0) -> FRE | AK46: TRACKER (TRASUR)
A47: Fresh | B47: 73159/1 | C47: 45536 | D47: SALAAM TAKAFUL LTD | E47: KHI/HO/D/MO/PC COMP/C/96843/7/09/2024 | F47: 45547 | G47: 45911 | H47: Muhammad Mudassar | I47: 3510297291501 | J47: SUZUKI WAGON-R | K47: AHW-516 | L47: 231251 | M47: 10131254 | N47: 73159/1 | O47: Central | P47: 0329 | Q47: 650393 | R47: 45553 | S47: 47396 | T47: 2800000 | W47: 2800000 | X47: 2 | Y47: 56000 | AA47: paid | AB47: 1141070982 | AC47: 45586 | AD47: DISBURSED | AE47: 0 | AF47: KHI/HO/D/MO/PC COMP/C/96843/7/09/2024 | AH47: 56000 | AI47: =Y47-AH47 -> 0 | AJ47: =VLOOKUP(AF47,[1]Sheet3!$B$2:$D$2361,3,0) -> FRE | AK47: TRACKER (TRASUR)
A48: Fresh | B48: 71282/1 | C48: 45536 | D48: SALAAM TAKAFUL LTD | E48: KHI/HO/D/MO/PC COMP/C/96843/8/09/2024 | F48: 45548 | G48: 45912 | H48: Asif Ali | I48: 3520144448631 | J48: SUZUKI Suzuki Swift | L48: 1022321 | M48: 204966 | N48: 71282/1 | O48: Central | P48: 0329 | Q48: 392731 | R48: 45551 | S48: 46665 | T48: 4719000 | W48: 4719000 | X48: 1.5 | Y48: 70785 | AA48: paid | AB48: 1141070982 | AC48: 45586 | AD48: DISBURSED | AE48: 0 | AF48: KHI/HO/D/MO/PC COMP/C/96843/8/09/2024 | AH48: 70785 | AI48: =Y48-AH48 -> 0 | AJ48: =VLOOKUP(AF48,[1]Sheet3!$B$2:$D$2361,3,0) -> FRE | AK48: TRACKER (TRASUR)
A49: Fresh | B49: 75063/1 | C49: 45536 | D49: SALAAM TAKAFUL LTD | E49: KHI/HO/D/MO/PC COMP/C/96843/9/09/2024 | F49: 45551 | G49: 45915 | H49: Ms. Ambreen Hasib | I49: 4210157035012 | J49: SUZUKI MEHRAN VX | K49: BEW-130 | L49: 634497 | M49: 1173018 | N49: 75063/1 | O49: South | P49: 0144 | Q49: 656837 | R49: 45555 | S49: 47031 | T49: 1000000 | W49: 1000000 | X49: 2 | Y49: 20000 | AA49: paid | AB49: 1141070982 | AC49: 45586 | AD49: DISBURSED | AE49: 0 | AF49: KHI/HO/D/MO/PC COMP/C/96843/9/09/2024 | AG49: KHI/HO/D/MO/PC COMP/E/48372/00009/10/2024 | AH49: 15000 | AI49: =Y49-AH49 -> 5000 | AJ49: =VLOOKUP(AF49,[1]Sheet3!$B$2:$D$2361,3,0) -> FRE | AK49: TRACKER (TRASUR)

Sheet Renewal
A1: Fresh / Renewal | B1: Proposal No. | C1: Billing Month | D1: Takaful Company | E1: PMD / Cert | F1: Takaful Start Date | G1: Takaful End Date | H1: Customer Name | I1: CNIC | J1: Vehicle Make | K1: Reg. No | L1: Engine No | M1: Chassis No | N1: Proposal No. | O1: Region | P1: Unit ID | Q1: BR # | R1: Financing Date | S1: Maturity Date | T1: Asset Value | U1: Dep. % | V1: Dep. Amount | W1: Sum Cover Amount | X1: Takaful Rate | Y1: Premium Amount | Z1: For Takaful Company Rectifications | AA1: For COD Status | AB1: PO No. | AC1: PO Dates | AD1: Proposal Status | AE1: Default Case (Overdue Days) | AF1: Policy # | AG1: Tms Prem | AH1: Difference | AI1: Tagging | AJ1: Tracker
A2: Renewal | B2: 50798/1 | C2: 45536 | D2: SALAAM TAKAFUL LTD | E2: KHI/HO/D/MO/CV/C/96712/1/09/2024 | F2: 45543 | G2: 45907 | H2: Muhammad Ashfaq Cheema | I2: 3460122746801 | J2: SUZUKI RAVI VX EURO II | K2: TC-346 | L2: 374791 | M2: 479181 | N2: 50798/1 | O2: North | P2: 0804 | Q2: 544015 | R2: 44455 | S2: 46300 | T2: 1020000 | U2: 20 | V2: 204000 | W2: 816000 | X2: 2.5 | Y2: 20400 | AA2: paid | AB2: 1141071091 | AC2: 45593 | AD2: DISBURSED | AE2: 9 | AF2: KHI/HO/D/MO/CV/C/96712/1/09/2024 | AG2: 20400 | AH2: =Y2-AG2 -> 0 | AI2: REN | AJ2: TRACKER (TRASUR)
A3: Renewal | B3: 50973/1 | C3: 45536 | D3: SALAAM TAKAFUL LTD | E3: KHI/HO/D/MO/CV/C/96712/2/09/2024 | F3: 45550 | G3: 45914 | H3: Saani Gul | I3: 1610137614695 | J3: SUZUKI RAVI VX EURO II | K3: JA-9912 | L3: 372743 | M3: 477395 | N3: 50973/1 | O3: North | P3: 0610 | Q3: 539428 | R3: 44466 | S3: 46300 | T3: 1020000 | U3: 20 | V3: 204000 | W3: 816000 | X3: 2.5 | Y3: 20400 | AA3: paid | AB3: 1141071091 | AC3: 45593 | AD3: DISBURSED | AE3: 9 | AF3: KHI/HO/D/MO/CV/C/96712/2/09/2024 | AG3: 20400 | AH3: =Y3-AG3 -> 0 | AI3: REN | AJ3: TRACKER (TRASUR)
A4: Renewal | B4: 60136/1 | C4: 45536 | D4: SALAAM TAKAFUL LTD | E4: KHI/HO/D/MO/CV/C/96713/1/09/2024 | F4: 45562 | G4: 45926 | H4: Qasim Yaqoob | I4: 3520214283093 | J4: FORLAND PICKUP C-10 | K4: CAL-779 | L4: N03601681 | M4: NL004450 | N4: 60136/1 | O4: Central | P4: 0329 | Q4: 586296 | R4: 44833 | S4: 46665 | T4: 1659000 | U4: 15 | V4: 248850 | W4: 1410150 | X4: 2 | Y4: 28203 | AA4: paid | AB4: 1141071091 | AC4: 45593 | AD4: DISBURSED | AE4: 9 | AF4: KHI/HO/D/MO/CV/C/96713/1/09/2024 | AG4: 28203 | AH4: =Y4-AG4 -> 0 | AI4: REN | AJ4: TRACKER (TRASUR)
A5: Renewal | B5: 60159/1 | C5: 45536 | D5: SALAAM TAKAFUL LTD | E5: KHI/HO/D/MO/CV/C/96713/2/09/2024 | F5: 45562 | G5: 45926 | H5: Imran Khan | I5: 3740550368021 | J5: SUZUKI RAVI VX EURO II | K5: TAB-37 | L5: 386797 | M5: 491470 | N5: 60159/1 | O5: North | P5: 0804 | Q5: 583321 | R5: 44833 | S5: 46665 | T5: 1424000 | U5: 15 | V5: 213600 | W5: 1210400 | X5: 2 | Y5: 24208 | AA5: paid | AB5: 1141071091 | AC5: 45593 | AD5: DISBURSED | AE5: 9 | AF5: KHI/HO/D/MO/CV/C/96713/2/09/2024 | AG5: 24208 | AH5: =Y5-AG5 -> 0 | AI5: REN | AJ5: TRACKER (TRASUR)
A6: Renewal | B6: 60153/1 | C6: 45536 | D6: SALAAM TAKAFUL LTD | E6: KHI/HO/D/MO/CV/C/96713/4/09/2024 | F6: 45564 | G6: 45928 | H6: Muhammad Asghar | I6: 4210114228835 | J6: SUZUKI RAVI VX EURO II | K6: LC-0312 | L6: 386268 | M6: 490935 | N6: 60153/1 | O6: South | P6: 0150 | Q6: 196873 | R6: 44834 | S6: 46665 | T6: 1424000 | U6: 15 | V6: 213600 | W6: 1210400 | X6: 2 | Y6: 24208 | AA6: paid | AB6: 1141071091 | AC6: 45593 | AD6: DISBURSED | AE6: 39 | AF6: KHI/HO/D/MO/CV/C/96713/4/09/2024 | AG6: 24208 | AH6: =Y6-AG6 -> 0 | AI6: REN | AJ6: TRACKER (TRASUR)
A7: Renewal | B7: 60289/1 | C7: 45536 | D7: SALAAM TAKAFUL LTD | E7: KHI/HO/D/MO/CV/C/96713/5/09/2024 | F7: 45565 | G7: 45929 | H7: Abdur Rabb | I7: 6110177334495 | J7: SUZUKI RAVI VX EURO II | K7: CAL-3837 | L7: 386523 | M7: 491186 | N7: 60289/1 | O7: Central | P7: 0329 | Q7: 586490 | R7: 44837 | S7: 46665 | T7: 1424000 | U7: 15 | V7: 213600 | W7: 1210400 | X7: 2 | Y7: 24208 | AA7: paid | AB7: 1141071091 | AC7: 45593 | AD7: DISBURSED | AE7: 9 | AF7: KHI/HO/D/MO/CV/C/96713/5/09/2024 | AG7: 24208 | AH7: =Y7-AG7 -> 0 | AI7: REN | AJ7: TRACKER (TRASUR)
A8: Renewal | B8: 43673/1 | C8: 45536 | D8: SALAAM TAKAFUL LTD | E8: KHI/HO/D/MO/CV/C/96714/1/09/2024 | F8: 45564 | G8: 45928 | H8: Ahamd Shahzad | I8: 3740115070783 | J8: SUZUKI RAVI VX EURO II | K8: TAA-634 | L8: 363681 | M8: 468344 | N8: 43673/1 | O8: North | P8: 0804 | Q8: 336286 | R8: 44105 | S8: 45936 | T8: 1034000 | U8: 25 | V8: 258500 | W8: 775500 | X8: 2.5 | Y8: 19387.5 | AA8: paid | AB8: 1141071091 | AC8: 45593 | AD8: DISBURSED | AE8: 0 | AF8: KHI/HO/D/MO/CV/C/96714/1/09/2024 | AG8: 19388 | AH8: =Y8-AG8 -> -0.5 | AI8: REN | AJ8: TRACKER (TRASUR)
A9: Renewal | B9: 43701/1 | C9: 45536 | D9: SALAAM TAKAFUL LTD | E9: KHI/HO/D/MO/CV/C/96714/2/09/2024 | F9: 45565 | G9: 45929 | H9: Muhammad Tahir | I9: 3740575231283 | J9: SUZUKI RAVI VX EURO II | K9: TAA-583 | L9: 363607 | M9: 468274 | N9: 43701/1 | O9: North | P9: 0804 | Q9: 497892 | R9: 44105 | S9: 45936 | T9: 1034000 | U9: 25 | V9: 258500 | W9: 775500 | X9: 2.5 | Y9: 19387.5 | AA9: paid | AB9: 1141071091 | AC9: 45593 | AD9: DISBURSED | AE9: 39 | AF9: KHI/HO/D/MO/CV/C/96714/2/09/2024 | AG9: 19388 | AH9: =Y9-AG9 -> -0.5 | AI9: REN | AJ9: TRACKER (TRASUR)
A10: Renewal | B10: 66237/1 | C10: 45536 | D10: SALAAM TAKAFUL LTD | E10: KHI/HO/D/MO/PC COMP/C/96715/1/09/2024 | F10: 45542 | G10: 45906 | H10: Imran Javed | I10: 3520213666053 | J10: HONDA BRV - S | K10: LE-17A-225 | L10: 13502509 | M10: HR002526 | N10: 66237/1 | O10: Central | P10: 0329 | Q10: 622666 | R10: 45187 | S10: 46300 | T10: 3800000 | U10: 10 | V10: 380000 | W10: 3420000 | X10: 1.5 | Y10: 51300 | AA10: paid | AB10: 1141071091 | AC10: 45593 | AD10: DISBURSED | AE10: 9 | AF10: KHI/HO/D/MO/PC COMP/C/96715/1/09/2024 | AG10: 51300 | AH10: =Y10-AG10 -> 0 | AI10: REN | AJ10: TRACKER (TRASUR)
A11: Renewal | B11: 66115/1 | C11: 45536 | D11: SALAAM TAKAFUL LTD | E11: KHI/HO/D/MO/PC COMP/C/96715/10/09/2024 | F11: 45562 | G11: 45926 | H11: Syed Umair Ahmed Zaidi | I11: 6110123000241 | J11: HONDA CITY 1.5 ASPIRE CVT | K11: AXW-46 | L11: 81006393 | M11: 016267 | N11: 66115/1 | O11: North | P11: 0804 | Q11: 622031 | R11: 45197 | S11: 46300 | T11: 5350000 | U11: 10 | V11: 535000 | W11: 4815000 | X11: 1.5 | Y11: 72225 | AA11: paid | AB11: 1141071091 | AC11: 45593 | AD11: DISBURSED | AE11: 0 | AF11: KHI/HO/D/MO/PC COMP/C/96715/10/09/2024 | AG11: 72225 | AH11: =Y11-AG11 -> 0 | AI11: REN | AJ11: TRACKER (TRASUR)
A12: Renewal | B12: 66643/1 | C12: 45536 | D12: SALAAM TAKAFUL LTD | E12: KHI/HO/D/MO/PC COMP/C/96715/11/09/2024 | F12: 45563 | G12: 45927 | H12: Muhammad Azeem Khalid | I12: 3650173272615 | J12: SUZUKI ALTO VXR E-2 | K12: LEA-20-8853 | L12: 6R131403 | M12: 1031389 | N12: 66643/1 | O12: Central | P12: 0329 | Q12: 624549 | R12: 45197 | S12: 47031 | T12: 2100000 | U12: 10 | V12: 210000 | W12: 1890000 | X12: 2 | Y12: 37800 | AA12: paid | AB12: 1141071091 | AC12: 45593 | AD12: DISBURSED | AE12: 9 | AF12: KHI/HO/D/MO/PC COMP/C/96715/11/09/2024 | AG12: 37800 | AH12: =Y12-AG12 -> 0 | AI12: REN | AJ12: TRACKER (TRASUR)
A13: Renewal | B13: 67246/1 | C13: 45536 | D13: SALAAM TAKAFUL LTD | E13: KHI/HO/D/MO/PC COMP/C/96715/13/09/2024 | F13: 45563 | G13: 45927 | H13: Muhammad Danish | I13: 3740552473459 | J13: SUZUKI ALTO AGS A/T | L13: 283805 | M13: 1183866 | N13: 67246/1 | O13: North | P13: 0804 | Q13: 573734 | R13: 45201 | S13: 47031 | T13: 2935000 | U13: 10 | V13: 293500 | W13: 2641500 | X13: 2 | Y13: 52830 | AA13: paid | AB13: 1141071091 | AC13: 45593 | AD13: DISBURSED | AE13: 9 | AF13: KHI/HO/D/MO/PC COMP/C/96715/13/09/2024 | AG13: 52830 | AH13: =Y13-AG13 -> 0 | AI13: REN | AJ13: TRACKER (TRASUR)
A14: Renewal | B14: 67464/1 | C14: 45536 | D14: SALAAM TAKAFUL LTD | E14: KHI/HO/D/MO/PC COMP/C/96715/14/09/2024 | F14: 45563 | G14: 45927 | H14: Adil Bin Arshad | I14: 6110184847261 | J14: TOYOTA VITZ | K14: BCA-134 | L14: 2037375 | M14: 2224105 | N14: 67464/1 | O14: North | P14: 0804 | Q14: 589875 | R14: 45201 | S14: 46665 | T14: 4000000 | U14: 10 | V14: 400000 | W14: 3600000 | X14: 1.5 | Y14: 54000 | AA14: paid | AB14: 1141071091 | AC14: 45593 | AD14: DISBURSED | AE14: 9 | AF14: KHI/HO/D/MO/PC COMP/C/96715/14/09/2024 | AG14: 54000 | AH14: =Y14-AG14 -> 0 | AI14: REN | AJ14: TRACKER (TRASUR)
A15: Renewal | B15: 66628/1 | C15: 45536 | D15: SALAAM TAKAFUL LTD | E15: KHI/HO/D/MO/PC COMP/C/96715/15/09/2024 | F15: 45563 | G15: 45927 | H15: Basit Mahmood | I15: 3520234855241 | J15: KIA SPORTAGE AWD-CW | K15: ACN-351 | L15: 328864 | M15: 100617 | N15: 66628/1 | O15: Central | P15: 0338 | Q15: 624398 | R15: 45201 | S15: 46300 | T15: 6000000 | U15: 10 | V15: 600000 | W15: 5400000 | X15: 1.5 | Y15: 81000 | AA15: paid | AB15: 1141071091 | AC15: 45593 | AD15: DISBURSED | AE15: 0 | AF15: KHI/HO/D/MO/PC COMP/C/96715/15/09/2024 | AG15: 81000 | AH15: =Y15-AG15 -> 0 | AI15: REN | AJ15: TRACKER (TRASUR)
A16: Renewal | B16: 66626/1 | C16: 45536 | D16: SALAAM TAKAFUL LTD | E16: KHI/HO/D/MO/PC COMP/C/96715/16/09/2024 | F16: 45563 | G16: 45927 | H16: Fazal Muhammad | I16: 4220154356145 | J16: SUZUKI ALTO VXR E-2 | K16: BSR-603 | L16: R147259 | M16: 1047244 | N16: 66626/1 | O16: South | P16: 0144 | Q16: 610496 | R16: 45201 | S16: 47031 | T16: 2450000 | U16: 10 | V16: 245000 | W16: 2205000 | X16: 2 | Y16: 44100 | AA16: paid | AB16: 1141071091 | AC16: 45593 | AD16: DISBURSED | AE16: 0 | AF16: KHI/HO/D/MO/PC COMP/C/96715/16/09/2024 | AG16: 44100 | AH16: =Y16-AG16 -> 0 | AI16: REN | AJ16: TRACKER (TRASUR)
A17: Renewal | B17: 67303/1 | C17: 45536 | D17: SALAAM TAKAFUL LTD | E17: KHI/HO/D/MO/PC COMP/C/96715/17/09/2024 | F17: 45563 | G17: 45927 | H17: Muhammad Rashid Latif | I17: 3520171467503 | J17: SUZUKI ALTO VX | K17: AQC-748 | L17: 284156 | M17: 1184180 | N17: 67303/1 | O17: Central | P17: 0329 | Q17: 595430 | R17: 45201 | S17: 47031 | T17: 2612000 | U17: 10 | V17: 261200 | W17: 2350800 | X17: 2 | Y17: 47016 | AA17: paid | AB17: 1141071091 | AC17: 45593 | AD17: DISBURSED | AE17: 0 | AF17: KHI/HO/D/MO/PC COMP/C/96715/17/09/2024 | AG17: 47016 | AH17: =Y17-AG17 -> 0 | AI17: REN | AJ17: TRACKER (TRASUR)
A18: Renewal | B18: 67444/1 | C18: 45536 | D18: SALAAM TAKAFUL LTD | E18: KHI/HO/D/MO/PC COMP/C/96715/18/09/2024 | F18: 45563 | G18: 45927 | H18: Shan Shahbaz | I18: 3740559793113 | J18: HONDA CIVIC VTI ORIEL I-V | K18: AVF-706 | L18: 925506 | M18: 077858 | N18: 67444/1 | O18: North | P18: 0804 | Q18: 300129 | R18: 45197 | S18: 45936 | T18: 6500000 | U18: 10 | V18: 650000 | W18: 5850000 | X18: 1.5 | Y18: 87750 | AA18: paid | AB18: 1141071091 | AC18: 45593 | AD18: DISBURSED | AE18: 0 | AF18: KHI/HO/D/MO/PC COMP/C/96715/18/09/2024 | AG18: 87750 | AH18: =Y18-AG18 -> 0 | AI18: REN | AJ18: TRACKER (TRASUR)
A19: Renewal | B19: 66538/1 | C19: 45536 | D19: SALAAM TAKAFUL LTD | E19: KHI/HO/D/MO/PC COMP/C/96715/2/09/2024 | F19: 45546 | G19: 45910 | H19: Haroon Shahzad | I19: 3520216111429 | J19: KIA PICANTO 1.0L A/T | K19: AMQ-599 | L19: P020764 | M19: P710149 | N19: 66538/1 | O19: Central | P19: 0329 | Q19: 624189 | R19: 45183 | S19: 47001 | T19: 3000000 | U19: 10 | V19: 300000 | W19: 2700000 | X19: 2 | Y19: 54000 | AA19: paid | AB19: 1141071091 | AC19: 45593 | AD19: DISBURSED | AE19: 0 | AF19: KHI/HO/D/MO/PC COMP/C/96715/2/09/2024 | AG19: 54000 | AH19: =Y19-AG19 -> 0 | AI19: REN | AJ19: TRACKER (TRASUR)
A20: Renewal | B20: 67319/1 | C20: 45536 | D20: SALAAM TAKAFUL LTD | E20: KHI/HO/D/MO/PC COMP/C/96715/20/09/2024 | F20: 45563 | G20: 45927 | H20: Muhammad Tayyab | I20: 3520259450479 | J20: SUZUKI WAGON R VXL AGS | K20: AQD-991 | L20: 246460 | M20: 10146459 | N20: 67319/1 | O20: Central | P20: 0329 | Q20: 627154 | R20: 45203 | S20: 47031 | T20: 3641000 | U20: 10 | V20: 364100 | W20: 3276900 | X20: 1.5 | Y20: 49153.5 | AA20: paid | AB20: 1141071091 | AC20: 45593 | AD20: DISBURSED | AE20: 0 | AF20: KHI/HO/D/MO/PC COMP/C/96715/20/09/2024 | AG20: 49154 | AH20: =Y20-AG20 -> -0.5 | AI20: REN | AJ20: TRACKER (TRASUR)
A21: Renewal | B21: 67290/1 | C21: 45536 | D21: SALAAM TAKAFUL LTD | E21: KHI/HO/D/MO/PC COMP/C/96715/21/09/2024 | F21: 45563 | G21: 45927 | H21: Ali Abid | I21: 3520167450389 | J21: HONDA CIVIC VTI ORIEL PT | K21: AVT-543 | L21: Z16926830 | M21: MR079418 | N21: 67290/1 | O21: Central | P21: 0329 | Q21: 421545 | R21: 45201 | S21: 46300 | T21: 6300000 | U21: 10 | V21: 630000 | W21: 5670000 | X21: 1.5 | Y21: 85050 | AA21: paid | AB21: 1141071091 | AC21: 45593 | AD21: DISBURSED | AE21: 9 | AF21: KHI/HO/D/MO/PC COMP/C/96715/21/09/2024 | AG21: 85050 | AH21: =Y21-AG21 -> 0 | AI21: REN | AJ21: TRACKER (TRASUR)
A22: Renewal | B22: 66270/1 | C22: 45536 | D22: SALAAM TAKAFUL LTD | E22: KHI/HO/D/MO/PC COMP/C/96715/3/09/2024 | F22: 45547 | G22: 45911 | H22: Shah Zaman | I22: 1560221122683 | J22: PRINCE PEARL | K22: BSE-417 | L22: L06605804W | M22: 20100982 | N22: 66270/1 | O22: South | P22: 0138 | Q22: 621992 | R22: 45190 | S22: 47031 | T22: 930000 | U22: 10 | V22: 93000 | W22: 837000 | X22: 2 | Y22: 16740 | AA22: paid | AB22: 1141071091 | AC22: 45593 | AD22: DISBURSED | AE22: 70 | AF22: KHI/HO/D/MO/PC COMP/C/96715/3/09/2024 | AG22: 16740 | AH22: =Y22-AG22 -> 0 | AI22: REN | AJ22: TRACKER (TRASUR)
A23: Renewal | B23: 67215/2 | C23: 45536 | D23: SALAAM TAKAFUL LTD | E23: KHI/HO/D/MO/PC COMP/C/96715/4/09/2024 | F23: 45555 | G23: 45919 | H23: Zia Shahid | I23: 4210104448245 | J23: HONDA CITY I-VTEC (M/T) | K23: BFJ-943 | L23: 7441633 | M23: GR181879 | N23: 67215/2 | O23: South | P23: 0144 | Q23: 334577 | R23: 45191 | S23: 46300 | T23: 2250000 | U23: 10 | V23: 225000 | W23: 2025000 | X23: 2 | Y23: 40500 | AA23: paid | AB23: 1141071091 | AC23: 45593 | AD23: DISBURSED | AE23: 0 | AF23: KHI/HO/D/MO/PC COMP/C/96715/4/09/2024 | AG23: 40500 | AH23: =Y23-AG23 -> 0 | AI23: REN | AJ23: TRACKER (TRASUR)
A24: Renewal | B24: 67093/1 | C24: 45536 | D24: SALAAM TAKAFUL LTD | E24: KHI/HO/D/MO/PC COMP/C/96715/5/09/2024 | F24: 45555 | G24: 45919 | H24: Umair Ata | I24: 4130207327153 | J24: SUZUKI ALTO VXR | L24: 283708 | M24: 1183674 | N24: 67093/1 | O24: South | P24: 0252 | Q24: 626677 | R24: 45195 | S24: 47031 | T24: 2612000 | U24: 10 | V24: 261200 | W24: 2350800 | X24: 2 | Y24: 47016 | AA24: paid | AB24: 1141071091 | AC24: 45593 | AD24: DISBURSED | AE24: 9 | AF24: KHI/HO/D/MO/PC COMP/C/96715/5/09/2024 | AG24: 47016 | AH24: =Y24-AG24 -> 0 | AI24: REN | AJ24: TRACKER (TRASUR)
A25: Renewal | B25: 65939/2 | C25: 45536 | D25: SALAAM TAKAFUL LTD | E25: KHI/HO/D/MO/PC COMP/C/96715/6/09/2024 | F25: 45557 | G25: 45921 | H25: Salman Pervaiz | I25: 4230177909083 | J25: SUZUKI ALTO | K25: BYZ-581 | L25: 6R283657 | M25: 1183655 | N25: 65939/2 | O25: South | P25: 0144 | Q25: 621108 | R25: 45194 | S25: 46300 | T25: 2935000 | U25: 10 | V25: 293500 | W25: 2641500 | X25: 2 | Y25: 52830 | AA25: paid | AB25: 1141071091 | AC25: 45593 | AD25: DISBURSED | AE25: 0 | AF25: KHI/HO/D/MO/PC COMP/C/96715/6/09/2024 | AG25: 52830 | AH25: =Y25-AG25 -> 0 | AI25: REN | AJ25: TRACKER (TRASUR)
A26: Renewal | B26: 66574/1 | C26: 45536 | D26: SALAAM TAKAFUL LTD | E26: KHI/HO/D/MO/PC COMP/C/96715/7/09/2024 | F26: 45561 | G26: 45925 | H26: Bilal Shamim | I26: 3530271985517 | J26: HONDA CIVIC | K26: LEE-17-5886 | L26: Z12915185 | M26: HR018489 | N26: 66574/1 | O26: Central | P26: 0329 | Q26: 624289 | R26: 45196 | S26: 46300 | T26: 4950000 | U26: 10 | V26: 495000 | W26: 4455000 | X26: 1.5 | Y26: 66825 | AA26: paid | AB26: 1141071091 | AC26: 45593 | AD26: DISBURSED | AE26: 9 | AF26: KHI/HO/D/MO/PC COMP/C/96715/7/09/2024 | AG26: 66825 | AH26: =Y26-AG26 -> 0 | AI26: REN | AJ26: TRACKER (TRASUR)
A27: Renewal | B27: 67448/1 | C27: 45536 | D27: SALAAM TAKAFUL LTD | E27: KHI/HO/D/MO/PC COMP/C/96715/8/09/2024 | F27: 45562 | G27: 45926 | H27: Zaid Haris | I27: 3540136617571 | J27: HONDA FIT HYBRID | K27: APS-290 | L27: 6306277 | M27: 1105146 | N27: 67448/1 | O27: North | P27: 0804 | Q27: 624748 | R27: 45201 | S27: 46665 | T27: 4500000 | U27: 10 | V27: 450000 | W27: 4050000 | X27: 1.5 | Y27: 60750 | AA27: paid | AB27: 1141071091 | AC27: 45593 | AD27: DISBURSED | AE27: 0 | AF27: KHI/HO/D/MO/PC COMP/C/96715/8/09/2024 | AG27: 60750 | AH27: =Y27-AG27 -> 0 | AI27: REN | AJ27: TRACKER (TRASUR)
A28: Renewal | B28: 66394/1 | C28: 45536 | D28: SALAAM TAKAFUL LTD | E28: KHI/HO/D/MO/PC COMP/C/96715/9/09/2024 | F28: 45562 | G28: 45926 | H28: Naeem Qaisar | I28: 3520270676873 | J28: HONDA CITY 1.2 LS MT | K28: LEH-18-8444 | L28: Z17515321 | M28: JR229748 | N28: 66394/1 | O28: Central | P28: 0329 | Q28: 623713 | R28: 45197 | S28: 46300 | T28: 3500000 | U28: 10 | V28: 350000 | W28: 3150000 | X28: 1.5 | Y28: 47250 | AA28: paid | AB28: 1141071091 | AC28: 45593 | AD28: DISBURSED | AE28: 9 | AF28: KHI/HO/D/MO/PC COMP/C/96715/9/09/2024 | AG28: 47250 | AH28: =Y28-AG28 -> 0 | AI28: REN | AJ28: TRACKER (TRASUR)
A29: Renewal | B29: 47214/2 | C29: 45536 | D29: SALAAM TAKAFUL LTD | E29: KHI/HO/D/MO/PC COMP/C/96721/1/09/2024 | F29: 45537 | G29: 45901 | H29: Saddam Hussain | I29: 4250139796069 | J29: KIA PICANTO 1.0L A/T | K29: BUR-017 | L29: G3LAMP107755 | M29: NNATA52AZKP707470 | N29: 47214/2 | O29: South | P29: 0150 | Q29: 528939 | R29: 44461 | S29: 46300 | T29: 1927000 | U29: 20 | V29: 385400 | W29: 1541600 | X29: 2.5 | Y29: 38540 | AA29: paid | AB29: 1141071091 | AC29: 45593 | AD29: DISBURSED | AE29: 0 | AF29: KHI/HO/D/MO/PC COMP/C/96721/1/09/2024 | AG29: 38540 | AH29: =Y29-AG29 -> 0 | AI29: REN | AJ29: TRACKER (TRASUR)
A30: Renewal | B30: 50693/1 | C30: 45536 | D30: SALAAM TAKAFUL LTD | E30: KHI/HO/D/MO/PC COMP/C/96721/10/09/2024 | F30: 45545 | G30: 45909 | H30: Syed Ikram Shah | I30: 4250171163791 | J30: TOYOTA COROLLA GLI M/T 1. | K30: BQV-624 | L30: Z565452 | M30: 4190820 | N30: 50693/1 | O30: South | P30: 0125 | Q30: 545233 | R30: 44455 | S30: 47031 | T30: 3000000 | U30: 20 | V30: 600000 | W30: 2400000 | X30: 1.5 | Y30: 36000 | AA30: paid | AB30: 1141071091 | AC30: 45593 | AD30: DISBURSED | AE30: 9 | AF30: KHI/HO/D/MO/PC COMP/C/96721/10/09/2024 | AG30: 36000 | AH30: =Y30-AG30 -> 0 | AI30: REN | AJ30: TRACKER (TRASUR)
A31: Renewal | B31: 50718/2 | C31: 45536 | D31: SALAAM TAKAFUL LTD | E31: KHI/HO/D/MO/PC COMP/C/96721/11/09/2024 | F31: 45548 | G31: 45912 | H31: Kashif Masood Malik | I31: 3510341525211 | J31: TOYOTA COROLLA GLI M/T 1. | K31: BGY-918 | L31: Z470761 | M31: 4096690 | N31: 50718/2 | O31: South | P31: 0125 | Q31: 545557 | R31: 44456 | S31: 46300 | T31: 2600000 | U31: 20 | V31: 520000 | W31: 2080000 | X31: 1.5 | Y31: 31200 | AA31: paid | AB31: 1141071091 | AC31: 45593 | AD31: DISBURSED | AE31: 0 | AF31: KHI/HO/D/MO/PC COMP/C/96721/11/09/2024 | AG31: 31200 | AH31: =Y31-AG31 -> 0 | AI31: REN | AJ31: TRACKER (TRASUR)
A32: Renewal | B32: 50861/1 | C32: 45536 | D32: SALAAM TAKAFUL LTD | E32: KHI/HO/D/MO/PC COMP/C/96721/12/09/2024 | F32: 45549 | G32: 45913 | H32: Khurram Raza | I32: 3520241553043 | J32: TOYOTA COROLLA ALTIS CVT | K32: LEC-19-1297 | L32: Q339263 | M32: 7038430 | N32: 50861/1 | O32: Central | P32: 0329 | Q32: 544050 | R32: 44459 | S32: 47031 | T32: 3950000 | U32: 20 | V32: 790000 | W32: 3160000 | X32: 1.5 | Y32: 47400 | AA32: paid | AB32: 1141071091 | AC32: 45593 | AD32: DISBURSED | AE32: 9 | AF32: KHI/HO/D/MO/PC COMP/C/96721/12/09/2024 | AG32: 47400 | AH32: =Y32-AG32 -> 0 | AI32: REN | AJ32: TRACKER (TRASUR)
A33: Renewal | B33: 50910/1 | C33: 45536 | D33: SALAAM TAKAFUL LTD | E33: KHI/HO/D/MO/PC COMP/C/96721/13/09/2024 | F33: 45550 | G33: 45914 | H33: Asrar Ahmed Malik | I33: 3630256921579 | J33: TOYOTA FORTUNER A/T 2.7L | K33: AUW-080 | L33: 1GD5043736 | M33: 1096144 | N33: 50910/1 | O33: Central | P33: 0431 | Q33: 472097 | R33: 44468 | S33: 46300 | T33: 9305000 | U33: 20 | V33: 1861000 | W33: 7444000 | X33: 1.5 | Y33: 111660 | AA33: paid | AB33: 1141071091 | AC33: 45593 | AD33: DISBURSED | AE33: 0 | AF33: KHI/HO/D/MO/PC COMP/C/96721/13/09/2024 | AG33: 111660 | AH33: =Y33-AG33 -> 0 | AI33: REN | AJ33: TRACKER (TRASUR)
A34: Renewal | B34: 50859/1 | C34: 45536 | D34: SALAAM TAKAFUL LTD | E34: KHI/HO/D/MO/PC COMP/C/96721/14/09/2024 | F34: 45551 | G34: 45915 | H34: Nasir Mahmood | I34: 3510250113737 | J34: HONDA CITY I-VTEC (M/T) | K34: LEF-16-449 | L34: L13Z17448590 | M34: GR190063 | N34: 50859/1 | O34: Central | P34: 0329 | Q34: 548401 | R34: 44459 | S34: 45936 | T34: 1975000 | U34: 20 | V34: 395000 | W34: 1580000 | X34: 1.5 | Y34: 23700 | AA34: paid | AB34: 1141071091 | AC34: 45593 | AD34: DISBURSED | AE34: 9 | AF34: KHI/HO/D/MO/PC COMP/C/96721/14/09/2024 | AG34: 23700 | AH34: =Y34-AG34 -> 0 | AI34: REN | AJ34: TRACKER (TRASUR)
A35: Renewal | B35: 49396/1 | C35: 45536 | D35: SALAAM TAKAFUL LTD | E35: KHI/HO/D/MO/PC COMP/C/96721/15/09/2024 | F35: 45552 | G35: 45916 | H35: Abrar Ahmad Khan | I35: 3740511475803 | J35: SUZUKI CULTUS VXL EURO II | K35: AVC-778 | L35: 183570 | M35: 10083560 | N35: 49396/1 | O35: North | P35: 0804 | Q35: 538078 | R35: 44461 | S35: 46300 | T35: 1830000 | U35: 20 | V35: 366000 | W35: 1464000 | X35: 2.5 | Y35: 36600 | AA35: paid | AB35: 1141071091 | AC35: 45593 | AD35: DISBURSED | AE35: 9 | AF35: KHI/HO/D/MO/PC COMP/C/96721/15/09/2024 | AG35: 36600 | AH35: =Y35-AG35 -> 0 | AI35: REN | AJ35: TRACKER (TRASUR)
A36: Renewal | B36: 47628/1 | C36: 45536 | D36: SALAAM TAKAFUL LTD | E36: KHI/HO/D/MO/PC COMP/C/96721/16/09/2024 | F36: 45552 | G36: 45916 | H36: Muhammad Ahmer Khan | I36: 4230135774829 | J36: KIA SPORTAGE FWD | K36: BJ-6457 | L36: 314723 | M36: 307119 | N36: 47628/1 | O36: South | P36: 0150 | Q36: 531400 | R36: 44461 | S36: 46300 | T36: 4788000 | U36: 20 | V36: 957600 | W36: 3830400 | X36: 1.5 | Y36: 57456 | AA36: paid | AB36: 1141071091 | AC36: 45593 | AD36: DISBURSED | AE36: 9 | AF36: KHI/HO/D/MO/PC COMP/C/96721/16/09/2024 | AG36: 57456 | AH36: =Y36-AG36 -> 0 | AI36: REN | AJ36: TRACKER (TRASUR)
A37: Renewal | B37: 49431/1 | C37: 45536 | D37: SALAAM TAKAFUL LTD | E37: KHI/HO/D/MO/PC COMP/C/96721/17/09/2024 | F37: 45553 | G37: 45917 | H37: Muhammad Aslam | I37: 3110223290155 | J37: TOYOTA YARIS ATIV MT 1.3 | K37: KEY-857 | L37: 2A36524 | M37: NSP150R-7022779 | N37: 49431/1 | O37: Central | P37: 0329 | Q37: 392883 | R37: 44463 | S37: 46300 | T37: 2703000 | U37: 20 | V37: 540600 | W37: 2162400 | X37: 2.5 | Y37: 54060 | AA37: paid | AB37: 1141071091 | AC37: 45593 | AD37: DISBURSED | AE37: 9 | AF37: KHI/HO/D/MO/PC COMP/C/96721/17/09/2024 | AG37: 54060 | AH37: =Y37-AG37 -> 0 | AI37: REN | AJ37: TRACKER (TRASUR)
A38: Renewal | B38: 50960/1 | C38: 45536 | D38: SALAAM TAKAFUL LTD | E38: KHI/HO/D/MO/PC COMP/C/96721/18/09/2024 | F38: 45553 | G38: 45917 | H38: Muhammad Asad Ullah | I38: 3530161548479 | J38: TOYOTA COROLLA ALTIS CVT | K38: AEV-783 | L38: Q352158 | M38: 7051327 | N38: 50960/1 | O38: Central | P38: 0565 | Q38: 544908 | R38: 44462 | S38: 47031 | T38: 3923000 | U38: 20 | V38: 784600 | W38: 3138400 | X38: 1.5 | Y38: 47076 | AA38: paid | AB38: 1141071091 | AC38: 45593 | AD38: DISBURSED | AE38: 9 | AF38: KHI/HO/D/MO/PC COMP/C/96721/18/09/2024 | AG38: 47076 | AH38: =Y38-AG38 -> 0 | AI38: REN | AJ38: TRACKER (TRASUR)
A39: Renewal | B39: 49675/1 | C39: 45536 | D39: SALAAM TAKAFUL LTD | E39: KHI/HO/D/MO/PC COMP/C/96721/19/09/2024 | F39: 45556 | G39: 45920 | H39: Imtiaz Ahmed | I39: 3310034871109 | J39: SUZUKI WAGON-R VXL E2 | K39: AVC-458 | L39: PK10B319808 | M39: A1J310PK10119807 | N39: 49675/1 | O39: Central | P39: 0422 | Q39: 163196 | R39: 44467 | S39: 46300 | T39: 1610000 | U39: 20 | V39: 322000 | W39: 1288000 | X39: 2.5 | Y39: 32200 | AA39: paid | AB39: 1141071091 | AC39: 45593 | AD39: DISBURSED | AE39: 9 | AF39: KHI/HO/D/MO/PC COMP/C/96721/19/09/2024 | AG39: 32200 | AH39: =Y39-AG39 -> 0 | AI39: REN | AJ39: TRACKER (TRASUR)
A40: Renewal | B40: 46269/1 | C40: 45536 | D40: SALAAM TAKAFUL LTD | E40: KHI/HO/D/MO/PC COMP/C/96721/2/09/2024 | F40: 45537 | G40: 45901 | H40: Muhammad Aamir Khan | I40: 4210156975001 | J40: CHANGAN KARVAAN VAN | K40: CZ-4191 | L40: 502617 | M40: 1007915 | N40: 46269/1 | O40: South | P40: 0150 | Q40: 521737 | R40: 44454 | S40: 47001 | T40: 1554000 | U40: 20 | V40: 310800 | W40: 1243200 | X40: 2.5 | Y40: 31080 | AA40: paid | AB40: 1141071091 | AC40: 45593 | AD40: DISBURSED | AE40: 0 | AF40: KHI/HO/D/MO/PC COMP/C/96721/2/09/2024 | AG40: 31080 | AH40: =Y40-AG40 -> 0 | AI40: REN | AJ40: TRACKER (TRASUR)
A41: Renewal | B41: 51032/1 | C41: 45536 | D41: SALAAM TAKAFUL LTD | E41: KHI/HO/D/MO/PC COMP/C/96721/20/09/2024 | F41: 45557 | G41: 45921 | H41: Muhammad Fawad Shuja | I41: 3120211852703 | J41: SUZUKI ALTO VXR E-2 | K41: AFL-290 | L41: 6R184475 | M41: NF1AET306H1084460 | N41: 51032/1 | O41: Central | P41: 0471 | Q41: 545543 | R41: 44467 | S41: 46300 | T41: 1335000 | U41: 20 | V41: 267000 | W41: 1068000 | X41: 2.5 | Y41: 26700 | AA41: paid | AB41: 1141071091 | AC41: 45593 | AD41: DISBURSED | AE41: 39 | AF41: KHI/HO/D/MO/PC COMP/C/96721/20/09/2024 | AG41: 26700 | AH41: =Y41-AG41 -> 0 | AI41: REN | AJ41: TRACKER (TRASUR)
A42: Renewal | B42: 51068/1 | C42: 45536 | D42: SALAAM TAKAFUL LTD | E42: KHI/HO/D/MO/PC COMP/C/96721/21/09/2024 | F42: 45557 | G42: 45921 | H42: Ishtiaq Ahmad | I42: 3120218456933 | J42: UNITED ALPHA | L42: 10120 | M42: MT00120 | N42: 51068/1 | O42: Central | P42: 0471 | Q42: 543142 | R42: 44467 | S42: 46300 | T42: 1259000 | U42: 20 | V42: 251800 | W42: 1007200 | X42: 2.5 | Y42: 25180 | AA42: paid | AB42: 1141071091 | AC42: 45593 | AD42: DISBURSED | AE42: 0 | AF42: KHI/HO/D/MO/PC COMP/C/96721/21/09/2024 | AG42: 25180 | AH42: =Y42-AG42 -> 0 | AI42: REN | AJ42: TRACKER (TRASUR)
A43: Renewal | B43: 48421/1 | C43: 45536 | D43: SALAAM TAKAFUL LTD | E43: KHI/HO/D/MO/PC COMP/C/96721/22/09/2024 | F43: 45557 | G43: 45921 | H43: Nadeem Zafar | I43: 3520229033295 | J43: SUZUKI WAGON-R | K43: AEV-549 | L43: 217318 | M43: 10117322 | N43: 48421/1 | O43: Central | P43: 0329 | Q43: 528700 | R43: 44473 | S43: 46300 | T43: 1674400 | U43: 20 | V43: 334880 | W43: 1339520 | X43: 2.5 | Y43: 33488 | AA43: paid | AB43: 1141071091 | AC43: 45593 | AD43: DISBURSED | AE43: 0 | AF43: KHI/HO/D/MO/PC COMP/C/96721/22/09/2024 | AG43: 33488 | AH43: =Y43-AG43 -> 0 | AI43: REN | AJ43: TRACKER (TRASUR)
A44: Renewal | B44: 47885/1 | C44: 45536 | D44: SALAAM TAKAFUL LTD | E44: KHI/HO/D/MO/PC COMP/C/96721/23/09/2024 | F44: 45557 | G44: 45921 | H44: Shoiab Ayub | I44: 3520287920947 | J44: KIA SORENTO | K44: AFC-166 | L44: 626651 | M44: 300303 | N44: 47885/1 | O44: Central | P44: 0329 | Q44: 530655 | R44: 44473 | S44: 46300 | T44: 6876000 | U44: 20 | V44: 1375200 | W44: 5500800 | X44: 1.5 | Y44: 82512 | AA44: paid | AB44: 1141071091 | AC44: 45593 | AD44: DISBURSED | AE44: 0 | AF44: KHI/HO/D/MO/PC COMP/C/96721/23/09/2024 | AG44: 82512 | AH44: =Y44-AG44 -> 0 | AI44: REN | AJ44: TRACKER (TRASUR)
A45: Renewal | B45: 49655/1 | C45: 45536 | D45: SALAAM TAKAFUL LTD | E45: KHI/HO/D/MO/PC COMP/C/96721/24/09/2024 | F45: 45558 | G45: 45922 | H45: Habibullah | I45: 4220172945871 | J45: HYUNDAI SONATA | K45: BUQ-223 | L45: G4NAMU124590 | M45: PMHL3416MMN400445 | N45: 49655/1 | O45: South | P45: 0144 | Q45: 542326 | R45: 44463 | S45: 46300 | T45: 6417500 | U45: 20 | V45: 1283500 | W45: 5134000 | X45: 1.5 | Y45: 77010 | AA45: paid | AB45: 1141071091 | AC45: 45593 | AD45: DISBURSED | AE45: 0 | AF45: KHI/HO/D/MO/PC COMP/C/96721/24/09/2024 | AG45: 77010 | AH45: =Y45-AG45 -> 0 | AI45: REN | AJ45: TRACKER (TRASUR)
A46: Renewal | B46: 50986/1 | C46: 45536 | D46: SALAAM TAKAFUL LTD | E46: KHI/HO/D/MO/PC COMP/C/96721/25/09/2024 | F46: 45559 | G46: 45923 | H46: Shehzad Bashir | I46: 4230184114817 | J46: TOYOTA COROLLA ALTIS CVT | K46: BQD-638 | L46: Q340947 | M46: 7040085 | N46: 50986/1 | O46: South | P46: 0125 | Q46: 463249 | R46: 44468 | S46: 46300 | T46: 3800000 | U46: 20 | V46: 760000 | W46: 3040000 | X46: 1.5 | Y46: 45600 | AA46: paid | AB46: 1141071091 | AC46: 45593 | AD46: DISBURSED | AE46: 9 | AF46: KHI/HO/D/MO/PC COMP/C/96721/25/09/2024 | AG46: 45600 | AH46: =Y46-AG46 -> 0 | AI46: REN | AJ46: TRACKER (TRASUR)
A47: Renewal | B47: 51317/1 | C47: 45536 | D47: SALAAM TAKAFUL LTD | E47: KHI/HO/D/MO/PC COMP/C/96721/27/09/2024 | F47: 45563 | G47: 45927 | H47: Muhammad Abdul Rehman Malik | I47: 3520298713655 | J47: SUZUKI WAGON-R VXL E2 | K47: AFH-415 | L47: 220729 | M47: 10120729 | N47: 51317/1 | O47: Central | P47: 0329 | Q47: 547610 | R47: 44474 | S47: 46300 | T47: 1610000 | U47: 20 | V47: 322000 | W47: 1288000 | X47: 2.5 | Y47: 32200 | AA47: paid | AB47: 1141071091 | AC47: 45593 | AD47: DISBURSED | AE47: 9 | AF47: KHI/HO/D/MO/PC COMP/C/96721/27/09/2024 | AG47: 32200 | AH47: =Y47-AG47 -> 0 | AI47: REN | AJ47: TRACKER (TRASUR)
A48: Renewal | B48: 51151/1 | C48: 45536 | D48: SALAAM TAKAFUL LTD | E48: KHI/HO/D/MO/PC COMP/C/96721/28/09/2024 | F48: 45563 | G48: 45927 | H48: Muhammad Usman Khalid | I48: 3320270002401 | J48: SUZUKI ALTO VXR E-2 | K48: ABT-578 | L48: 6R139517 | M48: H1039534 | N48: 51151/1 | O48: Central | P48: 0329 | Q48: 542872 | R48: 44469 | S48: 46300 | T48: 1400000 | U48: 20 | V48: 280000 | W48: 1120000 | X48: 2.5 | Y48: 28000 | AA48: paid | AB48: 1141071091 | AC48: 45593 | AD48: DISBURSED | AE48: 9 | AF48: KHI/HO/D/MO/PC COMP/C/96721/28/09/2024 | AG48: 28000 | AH48: =Y48-AG48 -> 0 | AI48: REN | AJ48: TRACKER (TRASUR)
A49: Renewal | B49: 50376/2 | C49: 45536 | D49: SALAAM TAKAFUL LTD | E49: KHI/HO/D/MO/PC COMP/C/96721/29/09/2024 | F49: 45563 | G49: 45927 | H49: Ahsan Ali | I49: 3410460700341 | J49: HYUNDAI ELANTRA 2.0 MP1 A | K49: AW-349 | L49: 877386 | M49: 301682 | N49: 50376/2 | O49: Central | P49: 0329 | Q49: 466182 | R49: 44473 | S49: 46300 | T49: 3899000 | U49: 20 | V49: 779800 | W49: 3119200 | X49: 1.5 | Y49: 46788 | AA49: paid | AB49: 1141071091 | AC49: 45593 | AD49: DISBURSED | AE49: 9 | AF49: KHI/HO/D/MO/PC COMP/C/96721/29/09/2024 | AG49: 46788 | AH49: =Y49-AG49 -> 0 | AI49: REN | AJ49: TRACKER (TRASUR)
A50: Renewal | B50: 46666/1 | C50: 45536 | D50: SALAAM TAKAFUL LTD | E50: KHI/HO/D/MO/PC COMP/C/96721/3/09/2024 | F50: 45539 | G50: 45903 | H50: Abdul Aziz | I50: 3620318012671 | J50: CHANGAN ALSVIN LUMEIRE | K50: AER-582 | L50: 502318 | M50: 1000409 | N50: 46666/1 | O50: Central | P50: 0471 | Q50: 266417 | R50: 44454 | S50: 46270 | T50: 2199000 | U50: 20 | V50: 439800 | W50: 1759200 | X50: 2.5 | Y50: 43980 | AA50: paid | AB50: 1141071091 | AC50: 45593 | AD50: DISBURSED | AE50: 0 | AF50: KHI/HO/D/MO/PC COMP/C/96721/3/09/2024 | AG50: 43980 | AH50: =Y50-AG50 -> 0 | AI50: REN | AJ50: TRACKER (TRASUR)
A51: Renewal | B51: 51232/1 | C51: 45536 | D51: SALAAM TAKAFUL LTD | E51: KHI/HO/D/MO/PC COMP/C/96721/30/09/2024 | F51: 45563 | G51: 45927 | H51: Ali Asghar | I51: 3510249836499 | J51: TOYOTA FORTUNER 4X4 SEGMA | K51: AGR-118 | L51: 921947 | M51: 1094452 | N51: 51232/1 | O51: Central | P51: 0405 | Q51: 181997 | R51: 44469 | S51: 46300 | T51: 9189000 | U51: 20 | V51: 1837800 | W51: 7351200 | X51: 1.5 | Y51: 110268 | AA51: paid | AB51: 1141071091 | AC51: 45593 | AD51: DISBURSED | AE51: 0 | AF51: KHI/HO/D/MO/PC COMP/C/96721/30/09/2024 | AG51: 110268 | AH51: =Y51-AG51 -> 0 | AI51: REN | AJ51: TRACKER (TRASUR)
A52: Renewal | B52: 51353/1 | C52: 45536 | D52: SALAAM TAKAFUL LTD | E52: KHI/HO/D/MO/PC COMP/C/96721/31/09/2024 | F52: 45563 | G52: 45927 | H52: Muhammad Iqbal | I52: 3640282955841 | J52: SUZUKI WAGON R VXL AGS | K52: AFG-971 | L52: 221217 | M52: 10121195 | N52: 51353/1 | O52: Central | P52: 0418 | Q52: 522440 | R52: 44474 | S52: 47031 | T52: 1760000 | U52: 20 | V52: 352000 | W52: 1408000 | X52: 2.5 | Y52: 35200 | AA52: paid | AB52: 1141071091 | AC52: 45593 | AD52: DISBURSED | AE52: 0 | AF52: KHI/HO/D/MO/PC COMP/C/96721/31/09/2024 | AG52: 35200 | AH52: =Y52-AG52 -> 0 | AI52: REN | AJ52: TRACKER (TRASUR)
A53: Renewal | B53: 51247/2 | C53: 45536 | D53: SALAAM TAKAFUL LTD | E53: KHI/HO/D/MO/PC COMP/C/96721/32/09/2024 | F53: 45564 | G53: 45928 | H53: Rana Shahid Mehmood | I53: 3520213548281 | J53: TOYOTA PASSO | K53: LEH-19-995 | L53: 1KR1545907 | M53: KGC300220074 | N53: 51247/2 | O53: Central | P53: 0329 | Q53: 389481 | R53: 44473 | S53: 45936 | T53: 1750000 | U53: 20 | V53: 350000 | W53: 1400000 | X53: 1 | Y53: 14000 | AA53: paid | AB53: 1141071091 | AC53: 45593 | AD53: DISBURSED | AE53: 9 | AF53: KHI/HO/D/MO/PC COMP/C/96721/32/09/2024 | AG53: 14000 | AH53: =Y53-AG53 -> 0 | AI53: REN | AJ53: TRACKER (TRASUR)
A54: Renewal | B54: 51226/1 | C54: 45536 | D54: SALAAM TAKAFUL LTD | E54: KHI/HO/D/MO/PC COMP/C/96721/33/09/2024 | F54: 45565 | G54: 45929 | H54: Usama Bin Saad | I54: 3120230336713 | J54: SUZUKI ALTO VXR E-2 | L54: 185320 | M54: 1085325 | N54: 51226/1 | O54: Central | P54: 0471 | Q54: 547455 | R54: 44469 | S54: 46300 | T54: 1335000 | U54: 20 | V54: 267000 | W54: 1068000 | X54: 2.5 | Y54: 26700 | AA54: paid | AB54: 1141071091 | AC54: 45593 | AD54: DISBURSED | AE54: 70 | AF54: KHI/HO/D/MO/PC COMP/C/96721/33/09/2024 | AG54: 26700 | AH54: =Y54-AG54 -> 0 | AI54: REN | AJ54: TRACKER (TRASUR)
A55: Renewal | B55: 51294/2 | C55: 45536 | D55: SALAAM TAKAFUL LTD | E55: KHI/HO/D/MO/PC COMP/C/96721/34/09/2024 | F55: 45565 | G55: 45929 | H55: Ms.Wajeeha Salah Uddin | I55: 3520115137728 | J55: SUZUKI ALTO VXR E-2 | L55: 185531 | M55: 1085581 | N55: 51294/2 | O55: Central | P55: 0329 | Q55: 541580 | R55: 44473 | S55: 46300 | T55: 1335000 | U55: 20 | V55: 267000 | W55: 1068000 | X55: 2.5 | Y55: 26700 | AA55: paid | AB55: 1141071091 | AC55: 45593 | AD55: DISBURSED | AE55: 9 | AF55: KHI/HO/D/MO/PC COMP/C/96721/34/09/2024 | AG55: 26700 | AH55: =Y55-AG55 -> 0 | AI55: REN | AJ55: TRACKER (TRASUR)
A56: Renewal | B56: 51355/1 | C56: 45536 | D56: SALAAM TAKAFUL LTD | E56: KHI/HO/D/MO/PC COMP/C/96721/35/09/2024 | F56: 45565 | G56: 45929 | H56: Ms.Nida Sahar | I56: 3510118526436 | J56: SUZUKI MEHRAN VXR EURO-II | K56: LEE-17-8091 | L56: PKB688862 | M56: 01227419 | N56: 51355/1 | O56: Central | P56: 0329 | Q56: 495641 | R56: 44473 | S56: 46300 | T56: 900000 | U56: 20 | V56: 180000 | W56: 720000 | X56: 2.5 | Y56: 18000 | AA56: paid | AB56: 1141071091 | AC56: 45593 | AD56: DISBURSED | AE56: 0 | AF56: KHI/HO/D/MO/PC COMP/C/96721/35/09/2024 | AG56: 18000 | AH56: =Y56-AG56 -> 0 | AI56: REN | AJ56: TRACKER (TRASUR)
A57: Renewal | B57: 51293/2 | C57: 45536 | D57: SALAAM TAKAFUL LTD | E57: KHI/HO/D/MO/PC COMP/C/96721/36/09/2024 | F57: 45565 | G57: 45929 | H57: Ehsan Ali | I57: 3520278696403 | J57: SUZUKI ALTO VXL AGS E-2 | K57: LE-19A-8146 | L57: 6R113663 | M57: 306H1013648 | N57: 51293/2 | O57: Central | P57: 0329 | Q57: 523587 | R57: 44475 | S57: 46300 | T57: 1510000 | U57: 20 | V57: 302000 | W57: 1208000 | X57: 2.5 | Y57: 30200 | AA57: paid | AB57: 1141071091 | AC57: 45593 | AD57: DISBURSED | AE57: 9 | AF57: KHI/HO/D/MO/PC COMP/C/96721/36/09/2024 | AG57: 30200 | AH57: =Y57-AG57 -> 0 | AI57: REN | AJ57: TRACKER (TRASUR)
A58: Renewal | B58: 49727/1 | C58: 45536 | D58: SALAAM TAKAFUL LTD | E58: KHI/HO/D/MO/PC COMP/C/96721/37/09/2024 | F58: 45565 | G58: 45929 | H58: Ayesha Bibi | I58: 3230305383400 | J58: SUZUKI CULTUS VXR EURO-II | K58: AFA-343 | L58: 186457 | M58: 10086450 | N58: 49727/1 | O58: Central | P58: 0568 | Q58: 534757 | R58: 44477 | S58: 47031 | T58: 1655000 | U58: 20 | V58: 331000 | W58: 1324000 | X58: 2.5 | Y58: 33100 | AA58: paid | AB58: 1141071091 | AC58: 45593 | AD58: DISBURSED | AE58: 0 | AF58: KHI/HO/D/MO/PC COMP/C/96721/37/09/2024 | AG58: 33100 | AH58: =Y58-AG58 -> 0 | AI58: REN | AJ58: TRACKER (TRASUR)
A59: Renewal | B59: 51299/1 | C59: 45536 | D59: SALAAM TAKAFUL LTD | E59: KHI/HO/D/MO/PC COMP/C/96721/39/09/2024 | F59: 45565 | G59: 45929 | H59: Muhammad Nadeem | I59: 3520240964233 | J59: SUZUKI CULTUS VXL AGS EUR | L59: K168958 | M59: H10068941 | N59: 51299/1 | O59: Central | P59: 0329 | Q59: 545034 | R59: 44470 | S59: 46300 | T59: 1830000 | U59: 20 | V59: 366000 | W59: 1464000 | X59: 2.5 | Y59: 36600 | AA59: paid | AB59: 1141071091 | AC59: 45593 | AD59: DISBURSED | AE59: 9 | AF59: KHI/HO/D/MO/PC COMP/C/96721/39/09/2024 | AG59: 36600 | AH59: =Y59-AG59 -> 0 | AI59: REN | AJ59: TRACKER (TRASUR)
A60: Renewal | B60: 49696/1 | C60: 45536 | D60: SALAAM TAKAFUL LTD | E60: KHI/HO/D/MO/PC COMP/C/96721/4/09/2024 | F60: 45541 | G60: 45905 | H60: Dilshad Hussain | I60: 3520227177189 | J60: SUZUKI WAGON-R VXL E2 | K60: AEV-672 | L60: 219848 | M60: 10119798 | N60: 49696/1 | O60: Central | P60: 0313 | Q60: 347591 | R60: 44449 | S60: 46270 | T60: 1610000 | U60: 20 | V60: 322000 | W60: 1288000 | X60: 2.5 | Y60: 32200 | AA60: paid | AB60: 1141071091 | AC60: 45593 | AD60: DISBURSED | AE60: 9 | AF60: KHI/HO/D/MO/PC COMP/C/96721/4/09/2024 | AG60: 32200 | AH60: =Y60-AG60 -> 0 | AI60: REN | AJ60: TRACKER (TRASUR)
A61: Renewal | B61: 50711/2 | C61: 45536 | D61: SALAAM TAKAFUL LTD | E61: KHI/HO/D/MO/PC COMP/C/96721/5/09/2024 | F61: 45541 | G61: 45905 | H61: Muhammad Aleem | I61: 3520235146297 | J61: TOYOTA YARIS ATIV CVT | K61: ARG-014 | L61: 2A10600 | M61: R7006102 | N61: 50711/2 | O61: Central | P61: 0329 | Q61: 538240 | R61: 44452 | S61: 47001 | T61: 2700000 | U61: 20 | V61: 540000 | W61: 2160000 | X61: 2.5 | Y61: 54000 | AA61: paid | AB61: 1141071091 | AC61: 45593 | AD61: DISBURSED | AE61: 0 | AF61: KHI/HO/D/MO/PC COMP/C/96721/5/09/2024 | AG61: 54000 | AH61: =Y61-AG61 -> 0 | AI61: REN | AJ61: TRACKER (TRASUR)
A62: Renewal | B62: 50696/2 | C62: 45536 | D62: SALAAM TAKAFUL LTD | E62: KHI/HO/D/MO/PC COMP/C/96721/6/09/2024 | F62: 45542 | G62: 45906 | H62: Abdul Sattar Atif | I62: 3310503023411 | J62: SUZUKI ALTO VXR E-2 | L62: 6R182605 | M62: NF1AET306H1082595 | N62: 50696/2 | O62: Central | P62: 0426 | Q62: 257574 | R62: 44452 | S62: 46270 | T62: 1335000 | U62: 20 | V62: 267000 | W62: 1068000 | X62: 2.5 | Y62: 26700 | AA62: paid | AB62: 1141071091 | AC62: 45593 | AD62: DISBURSED | AE62: 0 | AF62: KHI/HO/D/MO/PC COMP/C/96721/6/09/2024 | AG62: 26700 | AH62: =Y62-AG62 -> 0 | AI62: REN | AJ62: TRACKER (TRASUR)
A63: Renewal | B63: 50637/1 | C63: 45536 | D63: SALAAM TAKAFUL LTD | E63: KHI/HO/D/MO/PC COMP/C/96721/8/09/2024 | F63: 45543 | G63: 45907 | H63: Saba Rizwan | I63: 4200005135300 | J63: PROTON X70 EXECUTIVE AWD | L63: A3100978 | M63: G026108 | N63: 50637/1 | O63: South | P63: 0154 | Q63: 546362 | R63: 44448 | S63: 46270 | T63: 5390000 | U63: 20 | V63: 1078000 | W63: 4312000 | X63: 1.25 | Y63: 53900 | AA63: paid | AB63: 1141071091 | AC63: 45593 | AD63: DISBURSED | AE63: 9 | AF63: KHI/HO/D/MO/PC COMP/C/96721/8/09/2024 | AG63: 53900 | AH63: =Y63-AG63 -> 0 | AI63: REN | AJ63: TRACKER (TRASUR)
A64: Renewal | B64: 50763/1 | C64: 45536 | D64: SALAAM TAKAFUL LTD | E64: KHI/HO/D/MO/PC COMP/C/96721/9/09/2024 | F64: 45544 | G64: 45908 | H64: Muhammad Aamir Rizwan | I64: 3510109754863 | J64: HONDA CIVIC VTI ORIEL PT | K64: ABE-361 | L64: 16916115 | M64: 068160 | N64: 50763/1 | O64: Central | P64: 0322 | Q64: 506054 | R64: 44454 | S64: 46270 | T64: 4000000 | U64: 20 | V64: 800000 | W64: 3200000 | X64: 1.5 | Y64: 48000 | AA64: paid | AB64: 1141071091 | AC64: 45593 | AD64: DISBURSED | AE64: 9 | AF64: KHI/HO/D/MO/PC COMP/C/96721/9/09/2024 | AG64: 48000 | AH64: =Y64-AG64 -> 0 | AI64: REN | AJ64: TRACKER (TRASUR)
A65: Renewal | B65: 41649/1 | C65: 45536 | D65: SALAAM TAKAFUL LTD | E65: KHI/HO/D/MO/PC COMP/C/96726/1/09/2024 | F65: 45540 | G65: 45904 | H65: Mujaddad Ahsan | I65: 3130365545935 | J65: TOYOTA COROLLA ALTIS CVT | L65: Q344865 | M65: 7044030 | N65: 41649/1 | O65: Central | P65: 0461 | Q65: 183566 | R65: 44110 | S65: 45936 | T65: 3922000 | U65: 25 | V65: 980500 | W65: 2941500 | X65: 1.5 | Y65: 44122.5 | AA65: paid | AB65: 1141071091 | AC65: 45593 | AD65: DISBURSED | AE65: 9 | AF65: KHI/HO/D/MO/PC COMP/C/96726/1/09/2024 | AG65: 44123 | AH65: =Y65-AG65 -> -0.5 | AI65: REN | AJ65: TRACKER (TRASUR)
A66: Renewal | B66: 43517/1 | C66: 45536 | D66: SALAAM TAKAFUL LTD | E66: KHI/HO/D/MO/PC COMP/C/96726/10/09/2024 | F66: 45556 | G66: 45920 | H66: Muhammad Ashraf | I66: 3840310812375 | J66: HONDA CIVIC VTI ORIEL PT | K66: AAV-137 | L66: 16913408 | M66: R065215 | N66: 43517/1 | O66: Central | P66: 0451 | Q66: 500494 | R66: 44097 | S66: 46665 | T66: 4127000 | U66: 25 | V66: 1031750 | W66: 3095250 | X66: 1.5 | Y66: 46428.75 | AA66: paid | AB66: 1141071091 | AC66: 45593 | AD66: DISBURSED | AE66: 0 | AF66: KHI/HO/D/MO/PC COMP/C/96726/10/09/2024 | AG66: 46429 | AH66: =Y66-AG66 -> -0.25 | AI66: REN | AJ66: TRACKER (TRASUR)
A67: Renewal | B67: 43547/1 | C67: 45536 | D67: SALAAM TAKAFUL LTD | E67: KHI/HO/D/MO/PC COMP/C/96726/11/09/2024 | F67: 45556 | G67: 45920 | H67: Muhammad Ashraf | I67: 6110139659511 | J67: TOYOTA COROLLA GLI M/T 1. | K67: ACJ-249 | L67: Z473141 | M67: 4100290 | N67: 43547/1 | O67: North | P67: 0804 | Q67: 497897 | R67: 44098 | S67: 45936 | T67: 2200000 | U67: 25 | V67: 550000 | W67: 1650000 | X67: 3.75 | Y67: 61875 | AA67: paid | AB67: 1141071091 | AC67: 45593 | AD67: DISBURSED | AE67: 9 | AF67: KHI/HO/D/MO/PC COMP/C/96726/11/09/2024 | AG67: 61875 | AH67: =Y67-AG67 -> 0 | AI67: REN | AJ67: TRACKER (TRASUR)
A68: Renewal | B68: 43613/1 | C68: 45536 | D68: SALAAM TAKAFUL LTD | E68: KHI/HO/D/MO/PC COMP/C/96726/12/09/2024 | F68: 45557 | G68: 45921 | H68: Wassam Ashraf | I68: 3310038178023 | J68: HONDA CIVIC VTI ORIEL PT | L68: 16913356 | M68: LR065162 | N68: 43613/1 | O68: Central | P68: 0426 | Q68: 500263 | R68: 44102 | S68: 45936 | T68: 4133500 | U68: 25 | V68: 1033375 | W68: 3100125 | X68: 1.5 | Y68: 46501.875 | AA68: paid | AB68: 1141071091 | AC68: 45593 | AD68: DISBURSED | AE68: 9 | AF68: KHI/HO/D/MO/PC COMP/C/96726/12/09/2024 | AG68: 46502 | AH68: =Y68-AG68 -> -0.125 | AI68: REN | AJ68: TRACKER (TRASUR)
A69: Renewal | B69: 43725/1 | C69: 45536 | D69: SALAAM TAKAFUL LTD | E69: KHI/HO/D/MO/PC COMP/C/96726/13/09/2024 | F69: 45557 | G69: 45921 | H69: Hassan Jaleel | I69: 3840386301955 | J69: HONDA CIVIC VTI ORIEL PT | K69: ARS-923 | L69: 16912985 | M69: LR064898 | N69: 43725/1 | O69: Central | P69: 0451 | Q69: 330531 | R69: 44106 | S69: 45936 | T69: 4127000 | U69: 25 | V69: 1031750 | W69: 3095250 | X69: 1.5 | Y69: 46428.75 | AA69: paid | AB69: 1141071091 | AC69: 45593 | AD69: DISBURSED | AE69: 9 | AF69: KHI/HO/D/MO/PC COMP/C/96726/13/09/2024 | AG69: 46429 | AH69: =Y69-AG69 -> -0.25 | AI69: REN | AJ69: TRACKER (TRASUR)
A70: Renewal | B70: 43718/1 | C70: 45536 | D70: SALAAM TAKAFUL LTD | E70: KHI/HO/D/MO/PC COMP/C/96726/15/09/2024 | F70: 45558 | G70: 45922 | H70: Bashir Ahmad | I70: 3630222065897 | J70: TOYOTA COROLLA GLI M/T 1. | K70: MNC-16-99 | L70: Z425787 | M70: 4071803 | N70: 43718/1 | O70: Central | P70: 0431 | Q70: 504303 | R70: 44106 | S70: 45936 | T70: 2100000 | U70: 25 | V70: 525000 | W70: 1575000 | X70: 2.5 | Y70: 39375 | AA70: paid | AB70: 1141071091 | AC70: 45593 | AD70: DISBURSED | AE70: 0 | AF70: KHI/HO/D/MO/PC COMP/C/96726/15/09/2024 | AG70: 39375 | AH70: =Y70-AG70 -> 0 | AI70: REN | AJ70: TRACKER (TRASUR)
A71: Renewal | B71: 43660/2 | C71: 45536 | D71: SALAAM TAKAFUL LTD | E71: KHI/HO/D/MO/PC COMP/C/96726/16/09/2024 | F71: 45559 | G71: 45923 | H71: Muhammad Usman | I71: 3410189145615 | J71: HONDA CIVIC VTI ORIEL PT | K71: LEE-17-655 | L71: R18Z12914365 | M71: NFBFC6667HR017637 | N71: 43660/2 | O71: Central | P71: 0401 | Q71: 495463 | R71: 44104 | S71: 45936 | T71: 3100000 | U71: 25 | V71: 775000 | W71: 2325000 | X71: 3.3 | Y71: 76725 | AA71: paid | AB71: 1141071091 | AC71: 45593 | AD71: DISBURSED | AE71: 39 | AF71: KHI/HO/D/MO/PC COMP/C/96726/16/09/2024 | AG71: 76725 | AH71: =Y71-AG71 -> 0 | AI71: REN | AJ71: TRACKER (TRASUR)
A72: Renewal | B72: 43719/1 | C72: 45536 | D72: SALAAM TAKAFUL LTD | E72: KHI/HO/D/MO/PC COMP/C/96726/17/09/2024 | F72: 45559 | G72: 45923 | H72: Muhammad Sarwar | I72: 3660314459097 | J72: SUZUKI CULTUS VXR EURO-II | K72: MNC-18-259 | L72: 116986 | M72: 10016897 | N72: 43719/1 | O72: Central | P72: 0553 | Q72: 499712 | R72: 44106 | S72: 45936 | T72: 1750000 | U72: 25 | V72: 437500 | W72: 1312500 | X72: 2.5 | Y72: 32812.5 | AA72: paid | AB72: 1141071091 | AC72: 45593 | AD72: DISBURSED | AE72: 0 | AF72: KHI/HO/D/MO/PC COMP/C/96726/17/09/2024 | AG72: 32813 | AH72: =Y72-AG72 -> -0.5 | AI72: REN | AJ72: TRACKER (TRASUR)
A73: Renewal | B73: 42486/1 | C73: 45536 | D73: SALAAM TAKAFUL LTD | E73: KHI/HO/D/MO/PC COMP/C/96726/18/09/2024 | F73: 45561 | G73: 45925 | H73: Hafiz Muhamad Asif | I73: 3610404891613 | J73: HONDA CIVIC VTI ORIEL PT | K73: ARU-456 | L73: 16913352 | M73: LR065157 | N73: 42486/1 | O73: Central | P73: 0558 | Q73: 497372 | R73: 44109 | S73: 45936 | T73: 4052500 | U73: 25 | V73: 1013125 | W73: 3039375 | X73: 1.5 | Y73: 45590.625 | AA73: paid | AB73: 1141071091 | AC73: 45593 | AD73: DISBURSED | AE73: 0 | AF73: KHI/HO/D/MO/PC COMP/C/96726/18/09/2024 | AG73: 45591 | AH73: =Y73-AG73 -> -0.375 | AI73: REN | AJ73: TRACKER (TRASUR)
A74: Renewal | B74: 43682/1 | C74: 45536 | D74: SALAAM TAKAFUL LTD | E74: KHI/HO/D/MO/PC COMP/C/96726/19/09/2024 | F74: 45563 | G74: 45927 | H74: Muhammad Akram | I74: 3640271610673 | J74: SUZUKI WAGON-R VXL E2 | L74: 204137 | M74: 10104115 | N74: 43682/1 | O74: Central | P74: 0418 | Q74: 499473 | R74: 44106 | S74: 45936 | T74: 1890000 | U74: 25 | V74: 472500 | W74: 1417500 | X74: 3.75 | Y74: 53156.25 | AA74: paid | AB74: 1141071091 | AC74: 45593 | AD74: DISBURSED | AE74: 9 | AF74: KHI/HO/D/MO/PC COMP/C/96726/19/09/2024 | AG74: 53156 | AH74: =Y74-AG74 -> 0.25 | AI74: REN | AJ74: TRACKER (TRASUR)
A75: Renewal | B75: 43221/1 | C75: 45536 | D75: SALAAM TAKAFUL LTD | E75: KHI/HO/D/MO/PC COMP/C/96726/2/09/2024 | F75: 45542 | G75: 45906 | H75: Asif Mehmood | I75: 3310529185713 | J75: NISSAN NOTE HYBRID | K75: ARG-435 | L75: HR12-EM57 | M75: HE12-028433 | N75: 43221/1 | O75: North | P75: 0804 | Q75: 497410 | R75: 44085 | S75: 45905 | T75: 3000000 | U75: 25 | V75: 750000 | W75: 2250000 | X75: 3.5 | Y75: 78750 | AA75: paid | AB75: 1141071091 | AC75: 45593 | AD75: DISBURSED | AE75: 9 | AF75: KHI/HO/D/MO/PC COMP/C/96726/2/09/2024 | AG75: 78750 | AH75: =Y75-AG75 -> 0 | AI75: REN | AJ75: TRACKER (TRASUR)
A76: Renewal | B76: 43656/1 | C76: 45536 | D76: SALAAM TAKAFUL LTD | E76: KHI/HO/D/MO/PC COMP/C/96726/20/09/2024 | F76: 45563 | G76: 45927 | H76: Talha Bin Aman | I76: 3740563309391 | J76: HONDA VEZEL HYBRID A/T. | L76: 5911183 | M76: 1211175 | N76: 43656/1 | O76: North | P76: 0804 | Q76: 323592 | R76: 44104 | S76: 45936 | T76: 3800000 | U76: 25 | V76: 950000 | W76: 2850000 | X76: 1.5 | Y76: 42750 | AA76: paid | AB76: 1141071091 | AC76: 45593 | AD76: DISBURSED | AE76: 9 | AF76: KHI/HO/D/MO/PC COMP/C/96726/20/09/2024 | AG76: 42750 | AH76: =Y76-AG76 -> 0 | AI76: REN | AJ76: TRACKER (TRASUR)
A77: Renewal | B77: 41490/1 | C77: 45536 | D77: SALAAM TAKAFUL LTD | E77: KHI/HO/D/MO/PC COMP/C/96726/21/09/2024 | F77: 45563 | G77: 45927 | H77: Malik Majid Sarwar | I77: 3520299452929 | J77: TOYOTA YARIS GLI MT | K77: AAL-498 | L77: 2A07639 7004346 | M77: 7004346 | N77: 41490/1 | O77: Central | P77: 0329 | Q77: 491323 | R77: 44104 | S77: 46665 | T77: 2608000 | U77: 25 | V77: 652000 | W77: 1956000 | X77: 3.75 | Y77: 73350 | AA77: paid | AB77: 1141071091 | AC77: 45593 | AD77: DISBURSED | AE77: 0 | AF77: KHI/HO/D/MO/PC COMP/C/96726/21/09/2024 | AG77: 73350 | AH77: =Y77-AG77 -> 0 | AI77: REN | AJ77: TRACKER (TRASUR)
A78: Renewal | B78: 42269/1 | C78: 45536 | D78: SALAAM TAKAFUL LTD | E78: KHI/HO/D/MO/PC COMP/C/96726/22/09/2024 | F78: 45563 | G78: 45927 | H78: Azhar Waqar Ali | I78: 3520193184585 | J78: SUZUKI WAGON-R VXL E2 | K78: AAM-716 | L78: 206367 | M78: 10106367 | N78: 42269/1 | O78: Central | P78: 0329 | Q78: 492577 | R78: 44109 | S78: 45936 | T78: 1695000 | U78: 25 | V78: 423750 | W78: 1271250 | X78: 3.75 | Y78: 47671.875 | AA78: paid | AB78: 1141071091 | AC78: 45593 | AD78: DISBURSED | AE78: 0 | AF78: KHI/HO/D/MO/PC COMP/C/96726/22/09/2024 | AG78: 47672 | AH78: =Y78-AG78 -> -0.125 | AI78: REN | AJ78: TRACKER (TRASUR)
A79: Renewal | B79: 43797/1 | C79: 45536 | D79: SALAAM TAKAFUL LTD | E79: KHI/HO/D/MO/PC COMP/C/96726/23/09/2024 | F79: 45564 | G79: 45928 | H79: Hafiza Shakila | I79: 3520194004204 | J79: CHANGAN KARVAAN VAN | L79: 500597 | M79: 1002503 | N79: 43797/1 | O79: Central | P79: 0329 | Q79: 503252 | R79: 44109 | S79: 46665 | T79: 1339000 | U79: 25 | V79: 334750 | W79: 1004250 | X79: 2.5 | Y79: 25106.25 | AA79: paid | AB79: 1141071091 | AC79: 45593 | AD79: DISBURSED | AE79: 0 | AF79: KHI/HO/D/MO/PC COMP/C/96726/23/09/2024 | AG79: 25106 | AH79: =Y79-AG79 -> 0.25 | AI79: REN | AJ79: TRACKER (TRASUR)
A80: Renewal | B80: 43645/1 | C80: 45536 | D80: SALAAM TAKAFUL LTD | E80: KHI/HO/D/MO/PC COMP/C/96726/24/09/2024 | F80: 45565 | G80: 45929 | H80: Shahid Iqbal | I80: 4220192706887 | J80: SUZUKI ALTO VXR | K80: ARK-693 | L80: 140413 | M80: 1040678 | N80: 43645/1 | O80: North | P80: 0804 | Q80: 503814 | R80: 44105 | S80: 46665 | T80: 1398000 | U80: 25 | V80: 349500 | W80: 1048500 | X80: 2.5 | Y80: 26212.5 | AA80: paid | AB80: 1141071091 | AC80: 45593 | AD80: DISBURSED | AE80: 0 | AF80: KHI/HO/D/MO/PC COMP/C/96726/24/09/2024 | AG80: 26213 | AH80: =Y80-AG80 -> -0.5 | AI80: REN | AJ80: TRACKER (TRASUR)
A81: Renewal | B81: 43825/1 | C81: 45536 | D81: SALAAM TAKAFUL LTD | E81: KHI/HO/D/MO/PC COMP/C/96726/25/09/2024 | F81: 45565 | G81: 45929 | H81: Muhammad Hassan | I81: 3520248415935 | J81: SUZUKI BOLAN STD VX EURO | K81: AAR-803 | L81: 1122467 | M81: 1005945 | N81: 43825/1 | O81: Central | P81: 0329 | Q81: 503395 | R81: 44109 | S81: 45936 | T81: 1134000 | U81: 25 | V81: 283500 | W81: 850500 | X81: 2.5 | Y81: 21262.5 | AA81: paid | AB81: 1141071091 | AC81: 45593 | AD81: DISBURSED | AE81: 70 | AF81: KHI/HO/D/MO/PC COMP/C/96726/25/09/2024 | AG81: 21263 | AH81: =Y81-AG81 -> -0.5 | AI81: REN | AJ81: TRACKER (TRASUR)
A82: Renewal | B82: 43838/1 | C82: 45536 | D82: SALAAM TAKAFUL LTD | E82: KHI/HO/D/MO/PC COMP/C/96726/26/09/2024 | F82: 45565 | G82: 45929 | H82: Rizwan Amanat | I82: 3540113523971 | J82: SUZUKI CULTUS VXR EURO-II | K82: AAV-788 | L82: 162049 | M82: 10062044 | N82: 43838/1 | O82: Central | P82: 0336 | Q82: 503397 | R82: 44109 | S82: 46300 | T82: 1780000 | U82: 25 | V82: 445000 | W82: 1335000 | X82: 2.5 | Y82: 33375 | AA82: paid | AB82: 1141071091 | AC82: 45593 | AD82: DISBURSED | AE82: 9 | AF82: KHI/HO/D/MO/PC COMP/C/96726/26/09/2024 | AG82: 33375 | AH82: =Y82-AG82 -> 0 | AI82: REN | AJ82: TRACKER (TRASUR)
A83: Renewal | B83: 43736/1 | C83: 45536 | D83: SALAAM TAKAFUL LTD | E83: KHI/HO/D/MO/PC COMP/C/96726/27/09/2024 | F83: 45565 | G83: 45929 | H83: Muhammad Abbas | I83: 3640208168281 | J83: SUZUKI ALTO VXR | L83: R139920 | M83: H1039904 | N83: 43736/1 | O83: Central | P83: 0418 | Q83: 495069 | R83: 44106 | S83: 45936 | T83: 1398000 | U83: 25 | V83: 349500 | W83: 1048500 | X83: 3.75 | Y83: 39318.75 | AA83: paid | AB83: 1141071091 | AC83: 45593 | AD83: DISBURSED | AE83: 9 | AF83: KHI/HO/D/MO/PC COMP/C/96726/27/09/2024 | AG83: 39319 | AH83: =Y83-AG83 -> -0.25 | AI83: REN | AJ83: TRACKER (TRASUR)
A84: Renewal | B84: 43791/1 | C84: 45536 | D84: SALAAM TAKAFUL LTD | E84: KHI/HO/D/MO/PC COMP/C/96726/28/09/2024 | F84: 45565 | G84: 45929 | H84: Muhammad Ramzan | I84: 3630252564987 | J84: HONDA CIVIC VTI ORIEL PT | K84: ARK-968 | L84: 6913560 | M84: R065370 | N84: 43791/1 | O84: Central | P84: 0431 | Q84: 447286 | R84: 44109 | S84: 45936 | T84: 4134500 | U84: 25 | V84: 1033625 | W84: 3100875 | X84: 1.5 | Y84: 46513.125 | AA84: paid | AB84: 1141071091 | AC84: 45593 | AD84: DISBURSED | AE84: 9 | AF84: KHI/HO/D/MO/PC COMP/C/96726/28/09/2024 | AG84: 46513 | AH84: =Y84-AG84 -> 0.125 | AI84: REN | AJ84: TRACKER (TRASUR)
A85: Renewal | B85: 43785/1 | C85: 45536 | D85: SALAAM TAKAFUL LTD | E85: KHI/HO/D/MO/PC COMP/C/96726/29/09/2024 | F85: 45565 | G85: 45929 | H85: Muhammad Amir | I85: 3520223548669 | J85: KIA SPORTAGE AWD-CW | L85: 305901 | M85: 502955 | N85: 43785/1 | O85: Central | P85: 0329 | Q85: 504515 | R85: 44109 | S85: 46665 | T85: 5399000 | U85: 25 | V85: 1349750 | W85: 4049250 | X85: 1.5 | Y85: 60738.75 | AA85: paid | AB85: 1141071091 | AC85: 45593 | AD85: DISBURSED | AE85: 0 | AF85: KHI/HO/D/MO/PC COMP/C/96726/29/09/2024 | AG85: 60739 | AH85: =Y85-AG85 -> -0.25 | AI85: REN | AJ85: TRACKER (TRASUR)
A86: Renewal | B86: 43225/1 | C86: 45536 | D86: SALAAM TAKAFUL LTD | E86: KHI/HO/D/MO/PC COMP/C/96726/3/09/2024 | F86: 45543 | G86: 45907 | H86: Najeeb Afridi | I86: 2120385760575 | J86: HONDA CIVIC VTI ORIEL PT | K86: AQE-407 | L86: 2934111 | M86: 037538 | N86: 43225/1 | O86: North | P86: 0602 | Q86: 500256 | R86: 44083 | S86: 45905 | T86: 3600000 | U86: 25 | V86: 900000 | W86: 2700000 | X86: 1.5 | Y86: 40500 | AA86: paid | AB86: 1141071091 | AC86: 45593 | AD86: DISBURSED | AE86: 70 | AF86: KHI/HO/D/MO/PC COMP/C/96726/3/09/2024 | AG86: 40500 | AH86: =Y86-AG86 -> 0 | AI86: REN | AJ86: TRACKER (TRASUR)
A87: Renewal | B87: 43784/1 | C87: 45536 | D87: SALAAM TAKAFUL LTD | E87: KHI/HO/D/MO/PC COMP/C/96726/30/09/2024 | F87: 45565 | G87: 45929 | H87: Muhammad Nasir | I87: 3310390919291 | J87: SUZUKI ALTO VXR | K87: ARW-407 | L87: 6R140331 | M87: NF1AET306H1040314 | N87: 43784/1 | O87: Central | P87: 0423 | Q87: 503874 | R87: 44109 | S87: 45936 | T87: 1398000 | U87: 25 | V87: 349500 | W87: 1048500 | X87: 2.5 | Y87: 26212.5 | AA87: paid | AB87: 1141071091 | AC87: 45593 | AD87: DISBURSED | AE87: 9 | AF87: KHI/HO/D/MO/PC COMP/C/96726/30/09/2024 | AG87: 26213 | AH87: =Y87-AG87 -> -0.5 | AI87: REN | AJ87: TRACKER (TRASUR)
A88: Renewal | B88: 43764/1 | C88: 45536 | D88: SALAAM TAKAFUL LTD | E88: KHI/HO/D/MO/PC COMP/C/96726/31/09/2024 | F88: 45565 | G88: 45929 | H88: Taimoor Khalid | I88: 3440189844653 | J88: SUZUKI ALTO VXL | K88: AAP-192 | L88: 141189 | M88: 1041169 | N88: 43764/1 | O88: Central | P88: 0329 | Q88: 505123 | R88: 44109 | S88: 45936 | T88: 1598000 | U88: 25 | V88: 399500 | W88: 1198500 | X88: 2.5 | Y88: 29962.5 | AA88: paid | AB88: 1141071091 | AC88: 45593 | AD88: DISBURSED | AE88: 0 | AF88: KHI/HO/D/MO/PC COMP/C/96726/31/09/2024 | AG88: 29963 | AH88: =Y88-AG88 -> -0.5 | AI88: REN | AJ88: TRACKER (TRASUR)
A89: Renewal | B89: 43780/1 | C89: 45536 | D89: SALAAM TAKAFUL LTD | E89: KHI/HO/D/MO/PC COMP/C/96726/32/09/2024 | F89: 45565 | G89: 45929 | H89: Shoaib Malik | I89: 3630379327873 | J89: TOYOTA COROLLA GLI M/T 1. | K89: LEC-18A-7178 | L89: Z542686 | M89: R4168368 | N89: 43780/1 | O89: Central | P89: 0431 | Q89: 505256 | R89: 44109 | S89: 45936 | T89: 2700000 | U89: 25 | V89: 675000 | W89: 2025000 | X89: 2.5 | Y89: 50625 | AA89: paid | AB89: 1141071091 | AC89: 45593 | AD89: DISBURSED | AE89: 9 | AF89: KHI/HO/D/MO/PC COMP/C/96726/32/09/2024 | AG89: 50625 | AH89: =Y89-AG89 -> 0 | AI89: REN | AJ89: TRACKER (TRASUR)
A90: Renewal | B90: 43747/1 | C90: 45536 | D90: SALAAM TAKAFUL LTD | E90: KHI/HO/D/MO/PC COMP/C/96726/33/09/2024 | F90: 45565 | G90: 45929 | H90: Muhammad Shahbaz | I90: 3520249215159 | J90: HONDA CIVIC VTI ORIEL PT | K90: AAN-191 | L90: 6913644 | M90: LR065445 | N90: 43747/1 | O90: Central | P90: 0339 | Q90: 504305 | R90: 44109 | S90: 45936 | T90: 4127000 | U90: 25 | V90: 1031750 | W90: 3095250 | X90: 1.5 | Y90: 46428.75 | AA90: paid | AB90: 1141071091 | AC90: 45593 | AD90: DISBURSED | AE90: 9 | AF90: KHI/HO/D/MO/PC COMP/C/96726/33/09/2024 | AG90: 46429 | AH90: =Y90-AG90 -> -0.25 | AI90: REN | AJ90: TRACKER (TRASUR)
A91: Renewal | B91: 43824/1 | C91: 45536 | D91: SALAAM TAKAFUL LTD | E91: KHI/HO/D/MO/PC COMP/C/96726/34/09/2024 | F91: 45565 | G91: 45929 | H91: Muhammad Asif | I91: 3510206459941 | J91: SUZUKI ALTO VXR | L91: 141201 | M91: 1041175 | N91: 43824/1 | O91: Central | P91: 0405 | Q91: 452088 | R91: 44109 | S91: 45936 | T91: 1398000 | U91: 25 | V91: 349500 | W91: 1048500 | X91: 2.5 | Y91: 26212.5 | AA91: paid | AB91: 1141071091 | AC91: 45593 | AD91: DISBURSED | AE91: 9 | AF91: KHI/HO/D/MO/PC COMP/C/96726/34/09/2024 | AG91: 26213 | AH91: =Y91-AG91 -> -0.5 | AI91: REN | AJ91: TRACKER (TRASUR)
A92: Renewal | B92: 43741/1 | C92: 45536 | D92: SALAAM TAKAFUL LTD | E92: KHI/HO/D/MO/PC COMP/C/96726/35/09/2024 | F92: 45565 | G92: 45929 | H92: Subhan Ahmed | I92: 6110111217871 | J92: SUZUKI ALTO VXL AGS E-2 | K92: ARS-552 | L92: 133857 | M92: 1033886 | N92: 43741/1 | O92: North | P92: 0804 | Q92: 503142 | R92: 44105 | S92: 46665 | T92: 1598000 | U92: 25 | V92: 399500 | W92: 1198500 | X92: 2.5 | Y92: 29962.5 | AA92: paid | AB92: 1141071091 | AC92: 45593 | AD92: DISBURSED | AE92: 0 | AF92: KHI/HO/D/MO/PC COMP/C/96726/35/09/2024 | AG92: 29963 | AH92: =Y92-AG92 -> -0.5 | AI92: REN | AJ92: TRACKER (TRASUR)
A93: Renewal | B93: 43802/1 | C93: 45536 | D93: SALAAM TAKAFUL LTD | E93: KHI/HO/D/MO/PC COMP/C/96726/36/09/2024 | F93: 45565 | G93: 45929 | H93: Ali Raza | I93: 3460133430249 | J93: HONDA CITY CVT ASPIRE A/T | K93: LEE-19-1728 | L93: 17530827 | M93: KR249455 | N93: 43802/1 | O93: Central | P93: 0551 | Q93: 224083 | R93: 44109 | S93: 46300 | T93: 2425000 | U93: 25 | V93: 606250 | W93: 1818750 | X93: 2.5 | Y93: 45468.75 | AA93: paid | AB93: 1141071091 | AC93: 45593 | AD93: DISBURSED | AE93: 0 | AF93: KHI/HO/D/MO/PC COMP/C/96726/36/09/2024 | AG93: 45469 | AH93: =Y93-AG93 -> -0.25 | AI93: REN | AJ93: TRACKER (TRASUR)
A94: Renewal | B94: 43817/1 | C94: 45536 | D94: SALAAM TAKAFUL LTD | E94: KHI/HO/D/MO/PC COMP/C/96726/37/09/2024 | F94: 45565 | G94: 45929 | H94: Waqas Ali | I94: 3520114958507 | J94: KIA SPORTAGE FWD | L94: 316549 | M94: 303206 | N94: 43817/1 | O94: Central | P94: 0329 | Q94: 503861 | R94: 44109 | S94: 45936 | T94: 4930000 | U94: 25 | V94: 1232500 | W94: 3697500 | X94: 1.5 | Y94: 55462.5 | AA94: paid | AB94: 1141071091 | AC94: 45593 | AD94: DISBURSED | AE94: 9 | AF94: KHI/HO/D/MO/PC COMP/C/96726/37/09/2024 | AG94: 55463 | AH94: =Y94-AG94 -> -0.5 | AI94: REN | AJ94: TRACKER (TRASUR)
A95: Renewal | B95: 43732/1 | C95: 45536 | D95: SALAAM TAKAFUL LTD | E95: KHI/HO/D/MO/PC COMP/C/96726/38/09/2024 | F95: 45565 | G95: 45929 | H95: Nasir Khan | I95: 1330261871905 | J95: SUZUKI ALTO VXL AGS E-2 | K95: ARS-675 | L95: 140443 | M95: 1040399 | N95: 43732/1 | O95: North | P95: 0804 | Q95: 504807 | R95: 44112 | S95: 45936 | T95: 1598000 | U95: 25 | V95: 399500 | W95: 1198500 | X95: 2.5 | Y95: 29962.5 | AA95: paid | AB95: 1141071091 | AC95: 45593 | AD95: DISBURSED | AE95: 0 | AF95: KHI/HO/D/MO/PC COMP/C/96726/38/09/2024 | AG95: 29963 | AH95: =Y95-AG95 -> -0.5 | AI95: REN | AJ95: TRACKER (TRASUR)
A96: Renewal | B96: 43813/1 | C96: 45536 | D96: SALAAM TAKAFUL LTD | E96: KHI/HO/D/MO/PC COMP/C/96726/39/09/2024 | F96: 45565 | G96: 45929 | H96: Ghulam Mohsan | I96: 3510227323661 | J96: TOYOTA COROLLA GLI M/T 1. | K96: AAQ-407 | L96: Z575175 | M96: 4200756 | N96: 43813/1 | O96: Central | P96: 0405 | Q96: 503156 | R96: 44110 | S96: 45936 | T96: 2875000 | U96: 25 | V96: 718750 | W96: 2156250 | X96: 2.5 | Y96: 53906.25 | AA96: paid | AB96: 1141071091 | AC96: 45593 | AD96: DISBURSED | AE96: 0 | AF96: KHI/HO/D/MO/PC COMP/C/96726/39/09/2024 | AG96: 53906 | AH96: =Y96-AG96 -> 0.25 | AI96: REN | AJ96: TRACKER (TRASUR)
A97: Renewal | B97: 43287/1 | C97: 45536 | D97: SALAAM TAKAFUL LTD | E97: KHI/HO/D/MO/PC COMP/C/96726/4/09/2024 | F97: 45543 | G97: 45907 | H97: Baz Muhammad | I97: 4200059657105 | J97: SUZUKI WAGON-R VXL E2 | K97: ARK-977 | L97: 204000 | M97: 10103994 | N97: 43287/1 | O97: North | P97: 0804 | Q97: 364157 | R97: 44085 | S97: 45905 | T97: 1890000 | U97: 25 | V97: 472500 | W97: 1417500 | X97: 2.5 | Y97: 35437.5 | AA97: paid | AB97: 1141071091 | AC97: 45593 | AD97: DISBURSED | AE97: 9 | AF97: KHI/HO/D/MO/PC COMP/C/96726/4/09/2024 | AG97: 35438 | AH97: =Y97-AG97 -> -0.5 | AI97: REN | AJ97: TRACKER (TRASUR)
A98: Renewal | B98: 43792/1 | C98: 45536 | D98: SALAAM TAKAFUL LTD | E98: KHI/HO/D/MO/PC COMP/C/96726/40/09/2024 | F98: 45565 | G98: 45929 | H98: Husnain Javed | I98: 3660342163521 | J98: SUZUKI ALTO VXR | K98: AAS-614 | L98: 6R141115 | M98: 1041086 | N98: 43792/1 | O98: Central | P98: 0431 | Q98: 505462 | R98: 44109 | S98: 45936 | T98: 1398000 | U98: 25 | V98: 349500 | W98: 1048500 | X98: 2.5 | Y98: 26212.5 | AA98: paid | AB98: 1141071091 | AC98: 45593 | AD98: DISBURSED | AE98: 9 | AF98: KHI/HO/D/MO/PC COMP/C/96726/40/09/2024 | AG98: 26213 | AH98: =Y98-AG98 -> -0.5 | AI98: REN | AJ98: TRACKER (TRASUR)
A99: Renewal | B99: 43815/1 | C99: 45536 | D99: SALAAM TAKAFUL LTD | E99: KHI/HO/D/MO/PC COMP/C/96726/41/09/2024 | F99: 45565 | G99: 45929 | H99: Faisal Aziz | I99: 3840377035369 | J99: KIA SPORTAGE AWD-CW | L99: 322784 | M99: 505013 | N99: 43815/1 | O99: Central | P99: 0451 | Q99: 503085 | R99: 44109 | S99: 45936 | T99: 5430000 | U99: 25 | V99: 1357500 | W99: 4072500 | X99: 1.5 | Y99: 61087.5 | AA99: paid | AB99: 1141071091 | AC99: 45593 | AD99: DISBURSED | AE99: 9 | AF99: KHI/HO/D/MO/PC COMP/C/96726/41/09/2024 | AG99: 61088 | AH99: =Y99-AG99 -> -0.5 | AI99: REN | AJ99: TRACKER (TRASUR)
A100: Renewal | B100: 43823/1 | C100: 45536 | D100: SALAAM TAKAFUL LTD | E100: KHI/HO/D/MO/PC COMP/C/96726/42/09/2024 | F100: 45565 | G100: 45929 | H100: Haseeb | I100: 3520241058783 | J100: SUZUKI WAGON-R VXR | K100: AAS-156 | L100: 200283 | M100: 10400273 | N100: 43823/1 | O100: Central | P100: 0329 | Q100: 505192 | R100: 44109 | S100: 45936 | T100: 1605000 | U100: 25 | V100: 401250 | W100: 1203750 | X100: 2.5 | Y100: 30093.75 | AA100: paid | AB100: 1141071091 | AC100: 45593 | AD100: DISBURSED | AE100: 0 | AF100: KHI/HO/D/MO/PC COMP/C/96726/42/09/2024 | AG100: 30094 | AH100: =Y100-AG100 -> -0.25 | AI100: REN | AJ100: TRACKER (TRASUR)
...

Sheet working
A1: POLICY NO. | B1: Assorted_code | D1: Premium | E1: 28Oct240058
A2: KHI/HO/D/MO/CV/C/96712/1/09/2024 | B2: =VLOOKUP(A2,policy!B:C,2,0) -> 070000165016 | C2: 20400 | D2: =ROUND(C2,0) -> 20400 | E2: 28Oct240058 | F2: ="insert into ins_premium_det (premium_rcv_code,assorted_code, rec_amount,premium_rcv_detail_code,remaining_amt, payrec, mode_code,coinsurance_code,class_cd,it_remarks) values" -> insert into ins_premium_det (premium_rcv_code,assorted_code, rec_amount,premium_rcv_detail_code,remaining_amt, payrec, mode_code,coinsurance_code,class_cd,it_remarks) values | G2: ="('"&E2&"','"&B2&"','"&D2&"',(select max(to_number(i.premium_rcv_detail_code))+1 from ins_premium_det i),'"&D2&"','"&D2&"','02', '11000003','00','Request by Mr. Reheel Malik 29-Oct-2024');" -> ('28Oct240058','070000165016','20400',(select max(to_number(i.premium_rcv_detail_code))+1 from ins_premium_det i),'20400','20400','02', '11000003','00','Request by Mr. Reheel Malik 29-Oct-2024'); | H2: =F2&G2 -> insert into ins_premium_det (premium_rcv_code,assorted_code, rec_amount,premium_rcv_detail_code,remaining_amt, payrec, mode_code,coinsurance_code,class_cd,it_remarks) values('28Oct240058','070000165016','20400',(select max(to_number(i.premium_rcv_detail_code))+1 from ins_premium_det i),'20400','20400','02', '11000003','00','Request by Mr. Reheel Malik 29-Oct-2024');
A3: KHI/HO/D/MO/CV/C/96712/2/09/2024 | B3: =VLOOKUP(A3,policy!B:C,2,0) -> 070000165017 | C3: 20400 | D3: =ROUND(C3,0) -> 20400 | E3: 28Oct240058 | F3: ="insert into ins_premium_det (premium_rcv_code,assorted_code, rec_amount,premium_rcv_detail_code,remaining_amt, payrec, mode_code,coinsurance_code,class_cd,it_remarks) values" -> insert into ins_premium_det (premium_rcv_code,assorted_code, rec_amount,premium_rcv_detail_code,remaining_amt, payrec, mode_code,coinsurance_code,class_cd,it_remarks) values | G3: ="('"&E3&"','"&B3&"','"&D3&"',(select max(to_number(i.premium_rcv_detail_code))+1 from ins_premium_det i),'"&D3&"','"&D3&"','02', '11000003','00','Request by Mr. Reheel Malik 29-Oct-2024');" -> ('28Oct240058','070000165017','20400',(select max(to_number(i.premium_rcv_detail_code))+1 from ins_premium_det i),'20400','20400','02', '11000003','00','Request by Mr. Reheel Malik 29-Oct-2024'); | H3: =F3&G3 -> insert into ins_premium_det (premium_rcv_code,assorted_code, rec_amount,premium_rcv_detail_code,remaining_amt, payrec, mode_code,coinsurance_code,class_cd,it_remarks) values('28Oct240058','070000165017','20400',(select max(to_number(i.premium_rcv_detail_code))+1 from ins_premium_det i),'20400','20400','02', '11000003','00','Request by Mr. Reheel Malik 29-Oct-2024');
A4: KHI/HO/D/MO/CV/C/96713/1/09/2024 | B4: =VLOOKUP(A4,policy!B:C,2,0) -> 070000165019 | C4: 28203 | D4: =ROUND(C4,0) -> 28203 | E4: 28Oct240058 | F4: ="insert into ins_premium_det (premium_rcv_code,assorted_code, rec_amount,premium_rcv_detail_code,remaining_amt, payrec, mode_code,coinsurance_code,class_cd,it_remarks) values" -> insert into ins_premium_det (premium_rcv_code,assorted_code, rec_amount,premium_rcv_detail_code,remaining_amt, payrec, mode_code,coinsurance_code,class_cd,it_remarks) values | G4: ="('"&E4&"','"&B4&"','"&D4&"',(select max(to_number(i.premium_rcv_detail_code))+1 from ins_premium_det i),'"&D4&"','"&D4&"','02', '11000003','00','Request by Mr. Reheel Malik 29-Oct-2024');" -> ('28Oct240058','070000165019','28203',(select max(to_number(i.premium_rcv_detail_code))+1 from ins_premium_det i),'28203','28203','02', '11000003','00','Request by Mr. Reheel Malik 29-Oct-2024'); | H4: =F4&G4 -> insert into ins_premium_det (premium_rcv_code,assorted_code, rec_amount,premium_rcv_detail_code,remaining_amt, payrec, mode_code,coinsurance_code,class_cd,it_remarks) values('28Oct240058','070000165019','28203',(select max(to_number(i.premium_rcv_detail_code))+1 from ins_premium_det i),'28203','28203','02', '11000003','00','Request by Mr. Reheel Malik 29-Oct-2024');
A5: KHI/HO/D/MO/CV/C/96713/2/09/2024 | B5: =VLOOKUP(A5,policy!B:C,2,0) -> 070000165020 | C5: 24208 | D5: =ROUND(C5,0) -> 24208 | E5: 28Oct240058 | F5: ="insert into ins_premium_det (premium_rcv_code,assorted_code, rec_amount,premium_rcv_detail_code,remaining_amt, payrec, mode_code,coinsurance_code,class_cd,it_remarks) values" -> insert into ins_premium_det (premium_rcv_code,assorted_code, rec_amount,premium_rcv_detail_code,remaining_amt, payrec, mode_code,coinsurance_code,class_cd,it_remarks) values | G5: ="('"&E5&"','"&B5&"','"&D5&"',(select max(to_number(i.premium_rcv_detail_code))+1 from ins_premium_det i),'"&D5&"','"&D5&"','02', '11000003','00','Request by Mr. Reheel Malik 29-Oct-2024');" -> ('28Oct240058','070000165020','24208',(select max(to_number(i.premium_rcv_detail_code))+1 from ins_premium_det i),'24208','24208','02', '11000003','00','Request by Mr. Reheel Malik 29-Oct-2024'); | H5: =F5&G5 -> insert into ins_premium_det (premium_rcv_code,assorted_code, rec_amount,premium_rcv_detail_code,remaining_amt, payrec, mode_code,coinsurance_code,class_cd,it_remarks) values('28Oct240058','070000165020','24208',(select max(to_number(i.premium_rcv_detail_code))+1 from ins_premium_det i),'24208','24208','02', '11000003','00','Request by Mr. Reheel Malik 29-Oct-2024');
A6: KHI/HO/D/MO/CV/C/96713/4/09/2024 | B6: =VLOOKUP(A6,policy!B:C,2,0) -> 070000165022 | C6: 24208 | D6: =ROUND(C6,0) -> 24208 | E6: 28Oct240058 | F6: ="insert into ins_premium_det (premium_rcv_code,assorted_code, rec_amount,premium_rcv_detail_code,remaining_amt, payrec, mode_code,coinsurance_code,class_cd,it_remarks) values" -> insert into ins_premium_det (premium_rcv_code,assorted_code, rec_amount,premium_rcv_detail_code,remaining_amt, payrec, mode_code,coinsurance_code,class_cd,it_remarks) values | G6: ="('"&E6&"','"&B6&"','"&D6&"',(select max(to_number(i.premium_rcv_detail_code))+1 from ins_premium_det i),'"&D6&"','"&D6&"','02', '11000003','00','Request by Mr. Reheel Malik 29-Oct-2024');" -> ('28Oct240058','070000165022','24208',(select max(to_number(i.premium_rcv_detail_code))+1 from ins_premium_det i),'24208','24208','02', '11000003','00','Request by Mr. Reheel Malik 29-Oct-2024'); | H6: =F6&G6 -> insert into ins_premium_det (premium_rcv_code,assorted_code, rec_amount,premium_rcv_detail_code,remaining_amt, payrec, mode_code,coinsurance_code,class_cd,it_remarks) values('28Oct240058','070000165022','24208',(select max(to_number(i.premium_rcv_detail_code))+1 from ins_premium_det i),'24208','24208','02', '11000003','00','Request by Mr. Reheel Malik 29-Oct-2024');
A7: KHI/HO/D/MO/CV/C/96713/5/09/2024 | B7: =VLOOKUP(A7,policy!B:C,2,0) -> 070000165024 | C7: 24208 | D7: =ROUND(C7,0) -> 24208 | E7: 28Oct240058 | F7: ="insert into ins_premium_det (premium_rcv_code,assorted_code, rec_amount,premium_rcv_detail_code,remaining_amt, payrec, mode_code,coinsurance_code,class_cd,it_remarks) values" -> insert into ins_premium_det (premium_rcv_code,assorted_code, rec_amount,premium_rcv_detail_code,remaining_amt, payrec, mode_code,coinsurance_code,class_cd,it_remarks) values | G7: ="('"&E7&"','"&B7&"','"&D7&"',(select max(to_number(i.premium_rcv_detail_code))+1 from ins_premium_det i),'"&D7&"','"&D7&"','02', '11000003','00','Request by Mr. Reheel Malik 29-Oct-2024');" -> ('28Oct240058','070000165024','24208',(select max(to_number(i.premium_rcv_detail_code))+1 from ins_premium_det i),'24208','24208','02', '11000003','00','Request by Mr. Reheel Malik 29-Oct-2024'); | H7: =F7&G7 -> insert into ins_premium_det (premium_rcv_code,assorted_code, rec_amount,premium_rcv_detail_code,remaining_amt, payrec, mode_code,coinsurance_code,class_cd,it_remarks) values('28Oct240058','070000165024','24208',(select max(to_number(i.premium_rcv_detail_code))+1 from ins_premium_det i),'24208','24208','02', '11000003','00','Request by Mr. Reheel Malik 29-Oct-2024');
A8: KHI/HO/D/MO/CV/C/96714/1/09/2024 | B8: =VLOOKUP(A8,policy!B:C,2,0) -> 070000165026 | C8: 19388 | D8: =ROUND(C8,0) -> 19388 | E8: 28Oct240058 | F8: ="insert into ins_premium_det (premium_rcv_code,assorted_code, rec_amount,premium_rcv_detail_code,remaining_amt, payrec, mode_code,coinsurance_code,class_cd,it_remarks) values" -> insert into ins_premium_det (premium_rcv_code,assorted_code, rec_amount,premium_rcv_detail_code,remaining_amt, payrec, mode_code,coinsurance_code,class_cd,it_remarks) values | G8: ="('"&E8&"','"&B8&"','"&D8&"',(select max(to_number(i.premium_rcv_detail_code))+1 from ins_premium_det i),'"&D8&"','"&D8&"','02', '11000003','00','Request by Mr. Reheel Malik 29-Oct-2024');" -> ('28Oct240058','070000165026','19388',(select max(to_number(i.premium_rcv_detail_code))+1 from ins_premium_det i),'19388','19388','02', '11000003','00','Request by Mr. Reheel Malik 29-Oct-2024'); | H8: =F8&G8 -> insert into ins_premium_det (premium_rcv_code,assorted_code, rec_amount,premium_rcv_detail_code,remaining_amt, payrec, mode_code,coinsurance_code,class_cd,it_remarks) values('28Oct240058','070000165026','19388',(select max(to_number(i.premium_rcv_detail_code))+1 from ins_premium_det i),'19388','19388','02', '11000003','00','Request by Mr. Reheel Malik 29-Oct-2024');
A9: KHI/HO/D/MO/CV/C/96714/2/09/2024 | B9: =VLOOKUP(A9,policy!B:C,2,0) -> 070000165027 | C9: 19388 | D9: =ROUND(C9,0) -> 19388 | E9: 28Oct240058 | F9: ="insert into ins_premium_det (premium_rcv_code,assorted_code, rec_amount,premium_rcv_detail_code,remaining_amt, payrec, mode_code,coinsurance_code,class_cd,it_remarks) values" -> insert into ins_premium_det (premium_rcv_code,assorted_code, rec_amount,premium_rcv_detail_code,remaining_amt, payrec, mode_code,coinsurance_code,class_cd,it_remarks) values | G9: ="('"&E9&"','"&B9&"','"&D9&"',(select max(to_number(i.premium_rcv_detail_code))+1 from ins_premium_det i),'"&D9&"','"&D9&"','02', '11000003','00','Request by Mr. Reheel Malik 29-Oct-2024');" -> ('28Oct240058','070000165027','19388',(select max(to_number(i.premium_rcv_detail_code))+1 from ins_premium_det i),'19388','19388','02', '11000003','00','Request by Mr. Reheel Malik 29-Oct-2024'); | H9: =F9&G9 -> insert into ins_premium_det (premium_rcv_code,assorted_code, rec_amount,premium_rcv_detail_code,remaining_amt, payrec, mode_code,coinsurance_code,class_cd,it_remarks) values('28Oct240058','070000165027','19388',(select max(to_number(i.premium_rcv_detail_code))+1 from ins_premium_det i),'19388','19388','02', '11000003','00','Request by Mr. Reheel Malik 29-Oct-2024');
A10: KHI/HO/D/MO/PC COMP/C/96715/1/09/2024 | B10: =VLOOKUP(A10,policy!B:C,2,0) -> 070000165029 | C10: 51300 | D10: =ROUND(C10,0) -> 51300 | E10: 28Oct240058 | F10: ="insert into ins_premium_det (premium_rcv_code,assorted_code, rec_amount,premium_rcv_detail_code,remaining_amt, payrec, mode_code,coinsurance_code,class_cd,it_remarks) values" -> insert into ins_premium_det (premium_rcv_code,assorted_code, rec_amount,premium_rcv_detail_code,remaining_amt, payrec, mode_code,coinsurance_code,class_cd,it_remarks) values | G10: ="('"&E10&"','"&B10&"','"&D10&"',(select max(to_number(i.premium_rcv_detail_code))+1 from ins_premium_det i),'"&D10&"','"&D10&"','02', '11000003','00','Request by Mr. Reheel Malik 29-Oct-2024');" -> ('28Oct240058','070000165029','51300',(select max(to_number(i.premium_rcv_detail_code))+1 from ins_premium_det i),'51300','51300','02', '11000003','00','Request by Mr. Reheel Malik 29-Oct-2024'); | H10: =F10&G10 -> insert into ins_premium_det (premium_rcv_code,assorted_code, rec_amount,premium_rcv_detail_code,remaining_amt, payrec, mode_code,coinsurance_code,class_cd,it_remarks) values('28Oct240058','070000165029','51300',(select max(to_number(i.premium_rcv_detail_code))+1 from ins_premium_det i),'51300','51300','02', '11000003','00','Request by Mr. Reheel Malik 29-Oct-2024');
A11: KHI/HO/D/MO/PC COMP/C/96715/10/09/2024 | B11: =VLOOKUP(A11,policy!B:C,2,0) -> 070000165042 | C11: 72225 | D11: =ROUND(C11,0) -> 72225 | E11: 28Oct240058 | F11: ="insert into ins_premium_det (premium_rcv_code,assorted_code, rec_amount,premium_rcv_detail_code,remaining_amt, payrec, mode_code,coinsurance_code,class_cd,it_remarks) values" -> insert into ins_premium_det (premium_rcv_code,assorted_code, rec_amount,premium_rcv_detail_code,remaining_amt, payrec, mode_code,coinsurance_code,class_cd,it_remarks) values | G11: ="('"&E11&"','"&B11&"','"&D11&"',(select max(to_number(i.premium_rcv_detail_code))+1 from ins_premium_det i),'"&D11&"','"&D11&"','02', '11000003','00','Request by Mr. Reheel Malik 29-Oct-2024');" -> ('28Oct240058','070000165042','72225',(select max(to_number(i.premium_rcv_detail_code))+1 from ins_premium_det i),'72225','72225','02', '11000003','00','Request by Mr. Reheel Malik 29-Oct-2024'); | H11: =F11&G11 -> insert into ins_premium_det (premium_rcv_code,assorted_code, rec_amount,premium_rcv_detail_code,remaining_amt, payrec, mode_code,coinsurance_code,class_cd,it_remarks) values('28Oct240058','070000165042','72225',(select max(to_number(i.premium_rcv_detail_code))+1 from ins_premium_det i),'72225','72225','02', '11000003','00','Request by Mr. Reheel Malik 29-Oct-2024');
A12: KHI/HO/D/MO/PC COMP/C/96715/11/09/2024 | B12: =VLOOKUP(A12,policy!B:C,2,0) -> 070000165043 | C12: 37800 | D12: =ROUND(C12,0) -> 37800 | E12: 28Oct240058 | F12: ="insert into ins_premium_det (premium_rcv_code,assorted_code, rec_amount,premium_rcv_detail_code,remaining_amt, payrec, mode_code,coinsurance_code,class_cd,it_remarks) values" -> insert into ins_premium_det (premium_rcv_code,assorted_code, rec_amount,premium_rcv_detail_code,remaining_amt, payrec, mode_code,coinsurance_code,class_cd,it_remarks) values | G12: ="('"&E12&"','"&B12&"','"&D12&"',(select max(to_number(i.premium_rcv_detail_code))+1 from ins_premium_det i),'"&D12&"','"&D12&"','02', '11000003','00','Request by Mr. Reheel Malik 29-Oct-2024');" -> ('28Oct240058','070000165043','37800',(select max(to_number(i.premium_rcv_detail_code))+1 from ins_premium_det i),'37800','37800','02', '11000003','00','Request by Mr. Reheel Malik 29-Oct-2024'); | H12: =F12&G12 -> insert into ins_premium_det (premium_rcv_code,assorted_code, rec_amount,premium_rcv_detail_code,remaining_amt, payrec, mode_code,coinsurance_code,class_cd,it_remarks) values('28Oct240058','070000165043','37800',(select max(to_number(i.premium_rcv_detail_code))+1 from ins_premium_det i),'37800','37800','02', '11000003','00','Request by Mr. Reheel Malik 29-Oct-2024');
A13: KHI/HO/D/MO/PC COMP/C/96715/13/09/2024 | B13: =VLOOKUP(A13,policy!B:C,2,0) -> 070000165045 | C13: 52830 | D13: =ROUND(C13,0) -> 52830 | E13: 28Oct240058 | F13: ="insert into ins_premium_det (premium_rcv_code,assorted_code, rec_amount,premium_rcv_detail_code,remaining_amt, payrec, mode_code,coinsurance_code,class_cd,it_remarks) values" -> insert into ins_premium_det (premium_rcv_code,assorted_code, rec_amount,premium_rcv_detail_code,remaining_amt, payrec, mode_code,coinsurance_code,class_cd,it_remarks) values | G13: ="('"&E13&"','"&B13&"','"&D13&"',(select max(to_number(i.premium_rcv_detail_code))+1 from ins_premium_det i),'"&D13&"','"&D13&"','02', '11000003','00','Request by Mr. Reheel Malik 29-Oct-2024');" -> ('28Oct240058','070000165045','52830',(select max(to_number(i.premium_rcv_detail_code))+1 from ins_premium_det i),'52830','52830','02', '11000003','00','Request by Mr. Reheel Malik 29-Oct-2024'); | H13: =F13&G13 -> insert into ins_premium_det (premium_rcv_code,assorted_code, rec_amount,premium_rcv_detail_code,remaining_amt, payrec, mode_code,coinsurance_code,class_cd,it_remarks) values('28Oct240058','070000165045','52830',(select max(to_number(i.premium_rcv_detail_code))+1 from ins_premium_det i),'52830','52830','02', '11000003','00','Request by Mr. Reheel Malik 29-Oct-2024');
... A150: KHI/HO/D/MO/PC COMP/C/96731/3/09/2024 | B150: =VLOOKUP(A150,policy!B:C,2,0) -> 070000165240 | C150: 45806 | D150: =ROUND(C150,0) -> 45806 | E150: 28Oct240058 | F150: ="insert into ins_premium_det (premium_rcv_code,assorted_code, rec_amount,premium_rcv_detail_code,remaining_amt, payrec, mode_code,coinsurance_code,class_cd,it_remarks) values" -> insert into ins_premium_det (premium_rcv_code,assorted_code, rec_amount,premium_rcv_detail_code,remaining_amt, payrec, mode_code,coinsurance_code,class_cd,it_remarks) values | G150: ="('"&E150&"','"&B150&"','"&D150&"',(select max(to_number(i.premium_rcv_detail_code))+1 from ins_premium_det i),'"&D150&"','"&D150&"','02', '11000003','00','Request by Mr. Reheel Malik 29-Oct-2024');" -> ('28Oct240058','070000165240','45806',(select max(to_number(i.premium_rcv_detail_code))+1 from ins_premium_det i),'45806','45806','02', '11000003','00','Request by Mr. Reheel Malik 29-Oct-2024'); | H150: =F150&G150 -> insert into ins_premium_det (premium_rcv_code,assorted_code, rec_amount,premium_rcv_detail_code,remaining_amt, payrec, mode_code,coinsurance_code,class_cd,it_remarks) values('28Oct240058','070000165240','45806',(select max(to_number(i.premium_rcv_detail_code))+1 from ins_premium_det i),'45806','45806','02', '11000003','00','Request by Mr. Reheel Malik 29-Oct-2024');
A151: KHI/HO/D/MO/PC COMP/P/96733/09/2024 | B151: 040000183298 | C151: 153000 | D151: =ROUND(C151,0) -> 153000 | E151: 28Oct240058 | F151: ="insert into ins_premium_det (premium_rcv_code,assorted_code, rec_amount,premium_rcv_detail_code,remaining_amt, payrec, mode_code,coinsurance_code,class_cd,it_remarks) values" -> insert into ins_premium_det (premium_rcv_code,assorted_code, rec_amount,premium_rcv_detail_code,remaining_amt, payrec, mode_code,coinsurance_code,class_cd,it_remarks) values | G151: ="('"&E151&"','"&B151&"','"&D151&"',(select max(to_number(i.premium_rcv_detail_code))+1 from ins_premium_det i),'"&D151&"','"&D151&"','02', '11000003','00','Request by Mr. Reheel Malik 29-Oct-2024');" -> ('28Oct240058','040000183298','153000',(select max(to_number(i.premium_rcv_detail_code))+1 from ins_premium_det i),'153000','153000','02', '11000003','00','Request by Mr. Reheel Malik 29-Oct-2024'); | H151: =F151&G151 -> insert into ins_premium_det (premium_rcv_code,assorted_code, rec_amount,premium_rcv_detail_code,remaining_amt, payrec, mode_code,coinsurance_code,class_cd,it_remarks) values('28Oct240058','040000183298','153000',(select max(to_number(i.premium_rcv_detail_code))+1 from ins_premium_det i),'153000','153000','02', '11000003','00','Request by Mr. Reheel Malik 29-Oct-2024');
A152: KHI/HO/D/MO/PC COMP/C/96790/1/09/2024 | B152: =VLOOKUP(A152,policy!B:C,2,0) -> 070000165264 | C152: 40240 | D152: =ROUND(C152,0) -> 40240 | E152: 28Oct240058 | F152: ="insert into ins_premium_det (premium_rcv_code,assorted_code, rec_amount,premium_rcv_detail_code,remaining_amt, payrec, mode_code,coinsurance_code,class_cd,it_remarks) values" -> insert into ins_premium_det (premium_rcv_code,assorted_code, rec_amount,premium_rcv_detail_code,remaining_amt, payrec, mode_code,coinsurance_code,class_cd,it_remarks) values | G152: ="('"&E152&"','"&B152&"','"&D152&"',(select max(to_number(i.premium_rcv_detail_code))+1 from ins_premium_det i),'"&D152&"','"&D152&"','02', '11000003','00','Request by Mr. Reheel Malik 29-Oct-2024');" -> ('28Oct240058','070000165264','40240',(select max(to_number(i.premium_rcv_detail_code))+1 from ins_premium_det i),'40240','40240','02', '11000003','00','Request by Mr. Reheel Malik 29-Oct-2024'); | H152: =F152&G152 -> insert into ins_premium_det (premium_rcv_code,assorted_code, rec_amount,premium_rcv_detail_code,remaining_amt, payrec, mode_code,coinsurance_code,class_cd,it_remarks) values('28Oct240058','070000165264','40240',(select max(to_number(i.premium_rcv_detail_code))+1 from ins_premium_det i),'40240','40240','02', '11000003','00','Request by Mr. Reheel Malik 29-Oct-2024');
A153: KHI/HO/D/MO/PC COMP/C/96790/2/09/2024 | B153: =VLOOKUP(A153,policy!B:C,2,0) -> 070000165268 | C153: 20475 | D153: =ROUND(C153,0) -> 20475 | E153: 28Oct240058 | F153: ="insert into ins_premium_det (premium_rcv_code,assorted_code, rec_amount,premium_rcv_detail_code,remaining_amt, payrec, mode_code,coinsurance_code,class_cd,it_remarks) values" -> insert into ins_premium_det (premium_rcv_code,assorted_code, rec_amount,premium_rcv_detail_code,remaining_amt, payrec, mode_code,coinsurance_code,class_cd,it_remarks) values | G153: ="('"&E153&"','"&B153&"','"&D153&"',(select max(to_number(i.premium_rcv_detail_code))+1 from ins_premium_det i),'"&D153&"','"&D153&"','02', '11000003','00','Request by Mr. Reheel Malik 29-Oct-2024');" -> ('28Oct240058','070000165268','20475',(select max(to_number(i.premium_rcv_detail_code))+1 from ins_premium_det i),'20475','20475','02', '11000003','00','Request by Mr. Reheel Malik 29-Oct-2024'); | H153: =F153&G153 -> insert into ins_premium_det (premium_rcv_code,assorted_code, rec_amount,premium_rcv_detail_code,remaining_amt, payrec, mode_code,coinsurance_code,class_cd,it_remarks) values('28Oct240058','070000165268','20475',(select max(to_number(i.premium_rcv_detail_code))+1 from ins_premium_det i),'20475','20475','02', '11000003','00','Request by Mr. Reheel Malik 29-Oct-2024');
A154: KHI/HO/D/MO/PC COMP/C/93460/8/07/2024 | B154: =VLOOKUP(A154,policy!B:C,2,0) -> 070000162606 | C154: 65114 | D154: =ROUND(C154,0) -> 65114 | E154: 28Oct240058 | F154: ="insert into ins_premium_det (premium_rcv_code,assorted_code, rec_amount,premium_rcv_detail_code,remaining_amt, payrec, mode_code,coinsurance_code,class_cd,it_remarks) values" -> insert into ins_premium_det (premium_rcv_code,assorted_code, rec_amount,premium_rcv_detail_code,remaining_amt, payrec, mode_code,coinsurance_code,class_cd,it_remarks) values | G154: ="('"&E154&"','"&B154&"','"&D154&"',(select max(to_number(i.premium_rcv_detail_code))+1 from ins_premium_det i),'"&D154&"','"&D154&"','02', '11000003','00','Request by Mr. Reheel Malik 29-Oct-2024');" -> ('28Oct240058','070000162606','65114',(select max(to_number(i.premium_rcv_detail_code))+1 from ins_premium_det i),'65114','65114','02', '11000003','00','Request by Mr. Reheel Malik 29-Oct-2024'); | H154: =F154&G154 -> insert into ins_premium_det (premium_rcv_code,assorted_code, rec_amount,premium_rcv_detail_code,remaining_amt, payrec, mode_code,coinsurance_code,class_cd,it_remarks) values('28Oct240058','070000162606','65114',(select max(to_number(i.premium_rcv_detail_code))+1 from ins_premium_det i),'65114','65114','02', '11000003','00','Request by Mr. Reheel Malik 29-Oct-2024');
A155: KHI/HO/D/MO/CV/C/95145/1/08/2024 | B155: =VLOOKUP(A155,policy!B:C,2,0) -> 070000163778 | C155: 33408 | D155: =ROUND(C155,0) -> 33408 | E155: 28Oct240058 | F155: ="insert into ins_premium_det (premium_rcv_code,assorted_code, rec_amount,premium_rcv_detail_code,remaining_amt, payrec, mode_code,coinsurance_code,class_cd,it_remarks) values" -> insert into ins_premium_det (premium_rcv_code,assorted_code, rec_amount,premium_rcv_detail_code,remaining_amt, payrec, mode_code,coinsurance_code,class_cd,it_remarks) values | G155: ="('"&E155&"','"&B155&"','"&D155&"',(select max(to_number(i.premium_rcv_detail_code))+1 from ins_premium_det i),'"&D155&"','"&D155&"','02', '11000003','00','Request by Mr. Reheel Malik 29-Oct-2024');" -> ('28Oct240058','070000163778','33408',(select max(to_number(i.premium_rcv_detail_code))+1 from ins_premium_det i),'33408','33408','02', '11000003','00','Request by Mr. Reheel Malik 29-Oct-2024'); | H155: =F155&G155 -> insert into ins_premium_det (premium_rcv_code,assorted_code, rec_amount,premium_rcv_detail_code,remaining_amt, payrec, mode_code,coinsurance_code,class_cd,it_remarks) values('28Oct240058','070000163778','33408',(select max(to_number(i.premium_rcv_detail_code))+1 from ins_premium_det i),'33408','33408','02', '11000003','00','Request by Mr. Reheel Malik 29-Oct-2024');
A156: KHI/HO/D/MO/PC COMP/C/95230/15/08/2024 | B156: =VLOOKUP(A156,policy!B:C,2,0) -> 070000163864 | C156: 25500 | D156: =ROUND(C156,0) -> 25500 | E156: 28Oct240058 | F156: ="insert into ins_premium_det (premium_rcv_code,assorted_code, rec_amount,premium_rcv_detail_code,remaining_amt, payrec, mode_code,coinsurance_code,class_cd,it_remarks) values" -> insert into ins_premium_det (premium_rcv_code,assorted_code, rec_amount,premium_rcv_detail_code,remaining_amt, payrec, mode_code,coinsurance_code,class_cd,it_remarks) values | G156: ="('"&E156&"','"&B156&"','"&D156&"',(select max(to_number(i.premium_rcv_detail_code))+1 from ins_premium_det i),'"&D156&"','"&D156&"','02', '11000003','00','Request by Mr. Reheel Malik 29-Oct-2024');" -> ('28Oct240058','070000163864','25500',(select max(to_number(i.premium_rcv_detail_code))+1 from ins_premium_det i),'25500','25500','02', '11000003','00','Request by Mr. Reheel Malik 29-Oct-2024'); | H156: =F156&G156 -> insert into ins_premium_det (premium_rcv_code,assorted_code, rec_amount,premium_rcv_detail_code,remaining_amt, payrec, mode_code,coinsurance_code,class_cd,it_remarks) values('28Oct240058','070000163864','25500',(select max(to_number(i.premium_rcv_detail_code))+1 from ins_premium_det i),'25500','25500','02', '11000003','00','Request by Mr. Reheel Malik 29-Oct-2024');
A157: KHI/HO/D/MO/PC COMP/C/95230/53/08/2024 | B157: =VLOOKUP(A157,policy!B:C,2,0) -> 070000163906 | C157: 49513 | D157: =ROUND(C157,0) -> 49513 | E157: 28Oct240058 | F157: ="insert into ins_premium_det (premium_rcv_code,assorted_code, rec_amount,premium_rcv_detail_code,remaining_amt, payrec, mode_code,coinsurance_code,class_cd,it_remarks) values" -> insert into ins_premium_det (premium_rcv_code,assorted_code, rec_amount,premium_rcv_detail_code,remaining_amt, payrec, mode_code,coinsurance_code,class_cd,it_remarks) values | G157: ="('"&E157&"','"&B157&"','"&D157&"',(select max(to_number(i.premium_rcv_detail_code))+1 from ins_premium_det i),'"&D157&"','"&D157&"','02', '11000003','00','Request by Mr. Reheel Malik 29-Oct-2024');" -> ('28Oct240058','070000163906','49513',(select max(to_number(i.premium_rcv_detail_code))+1 from ins_premium_det i),'49513','49513','02', '11000003','00','Request by Mr. Reheel Malik 29-Oct-2024'); | H157: =F157&G157 -> insert into ins_premium_det (premium_rcv_code,assorted_code, rec_amount,premium_rcv_detail_code,remaining_amt, payrec, mode_code,coinsurance_code,class_cd,it_remarks) values('28Oct240058','070000163906','49513',(select max(to_number(i.premium_rcv_detail_code))+1 from ins_premium_det i),'49513','49513','02', '11000003','00','Request by Mr. Reheel Malik 29-Oct-2024');
A158: KHI/HO/D/MO/PC COMP/C/93461/14/07/2024 | B158: =VLOOKUP(A158,policy!B:C,2,0) -> 070000162624 | C158: 32400 | D158: =ROUND(C158,0) -> 32400 | E158: 28Oct240058 | F158: ="insert into ins_premium_det (premium_rcv_code,assorted_code, rec_amount,premium_rcv_detail_code,remaining_amt, payrec, mode_code,coinsurance_code,class_cd,it_remarks) values" -> insert into ins_premium_det (premium_rcv_code,assorted_code, rec_amount,premium_rcv_detail_code,remaining_amt, payrec, mode_code,coinsurance_code,class_cd,it_remarks) values | G158: ="('"&E158&"','"&B158&"','"&D158&"',(select max(to_number(i.premium_rcv_detail_code))+1 from ins_premium_det i),'"&D158&"','"&D158&"','02', '11000003','00','Request by Mr. Reheel Malik 29-Oct-2024');" -> ('28Oct240058','070000162624','32400',(select max(to_number(i.premium_rcv_detail_code))+1 from ins_premium_det i),'32400','32400','02', '11000003','00','Request by Mr. Reheel Malik 29-Oct-2024'); | H158: =F158&G158 -> insert into ins_premium_det (premium_rcv_code,assorted_code, rec_amount,premium_rcv_detail_code,remaining_amt, payrec, mode_code,coinsurance_code,class_cd,it_remarks) values('28Oct240058','070000162624','32400',(select max(to_number(i.premium_rcv_detail_code))+1 from ins_premium_det i),'32400','32400','02', '11000003','00','Request by Mr. Reheel Malik 29-Oct-2024');
A159: KHI/HO/D/MO/PC COMP/C/93461/16/07/2024 | B159: =VLOOKUP(A159,policy!B:C,2,0) -> 070000162627 | C159: 52830 | D159: =ROUND(C159,0) -> 52830 | E159: 28Oct240058 | F159: ="insert into ins_premium_det (premium_rcv_code,assorted_code, rec_amount,premium_rcv_detail_code,remaining_amt, payrec, mode_code,coinsurance_code,class_cd,it_remarks) values" -> insert into ins_premium_det (premium_rcv_code,assorted_code, rec_amount,premium_rcv_detail_code,remaining_amt, payrec, mode_code,coinsurance_code,class_cd,it_remarks) values | G159: ="('"&E159&"','"&B159&"','"&D159&"',(select max(to_number(i.premium_rcv_detail_code))+1 from ins_premium_det i),'"&D159&"','"&D159&"','02', '11000003','00','Request by Mr. Reheel Malik 29-Oct-2024');" -> ('28Oct240058','070000162627','52830',(select max(to_number(i.premium_rcv_detail_code))+1 from ins_premium_det i),'52830','52830','02', '11000003','00','Request by Mr. Reheel Malik 29-Oct-2024'); | H159: =F159&G159 -> insert into ins_premium_det (premium_rcv_code,assorted_code, rec_amount,premium_rcv_detail_code,remaining_amt, payrec, mode_code,coinsurance_code,class_cd,it_remarks) values('28Oct240058','070000162627','52830',(select max(to_number(i.premium_rcv_detail_code))+1 from ins_premium_det i),'52830','52830','02', '11000003','00','Request by Mr. Reheel Malik 29-Oct-2024');
A160: KHI/HO/D/MO/PC COMP/C/93461/3/07/2024 | B160: =VLOOKUP(A160,policy!B:C,2,0) -> 070000162613 | C160: 21600 | D160: =ROUND(C160,0) -> 21600 | E160: 28Oct240058 | F160: ="insert into ins_premium_det (premium_rcv_code,assorted_code, rec_amount,premium_rcv_detail_code,remaining_amt, payrec, mode_code,coinsurance_code,class_cd,it_remarks) values" -> insert into ins_premium_det (premium_rcv_code,assorted_code, rec_amount,premium_rcv_detail_code,remaining_amt, payrec, mode_code,coinsurance_code,class_cd,it_remarks) values | G160: ="('"&E160&"','"&B160&"','"&D160&"',(select max(to_number(i.premium_rcv_detail_code))+1 from ins_premium_det i),'"&D160&"','"&D160&"','02', '11000003','00','Request by Mr. Reheel Malik 29-Oct-2024');" -> ('28Oct240058','070000162613','21600',(select max(to_number(i.premium_rcv_detail_code))+1 from ins_premium_det i),'21600','21600','02', '11000003','00','Request by Mr. Reheel Malik 29-Oct-2024'); | H160: =F160&G160 -> insert into ins_premium_det (premium_rcv_code,assorted_code, rec_amount,premium_rcv_detail_code,remaining_amt, payrec, mode_code,coinsurance_code,class_cd,it_remarks) values('28Oct240058','070000162613','21600',(select max(to_number(i.premium_rcv_detail_code))+1 from ins_premium_det i),'21600','21600','02', '11000003','00','Request by Mr. Reheel Malik 29-Oct-2024');
A161: KHI/HO/D/MO/PC COMP/C/90920/150/06/2024 | B161: =VLOOKUP(A161,policy!B:C,2,0) -> 070000161444 | C161: 49078 | D161: =ROUND(C161,0) -> 49078 | E161: 28Oct240058 | F161: ="insert into ins_premium_det (premium_rcv_code,assorted_code, rec_amount,premium_rcv_detail_code,remaining_amt, payrec, mode_code,coinsurance_code,class_cd,it_remarks) values" -> insert into ins_premium_det (premium_rcv_code,assorted_code, rec_amount,premium_rcv_detail_code,remaining_amt, payrec, mode_code,coinsurance_code,class_cd,it_remarks) values | G161: ="('"&E161&"','"&B161&"','"&D161&"',(select max(to_number(i.premium_rcv_detail_code))+1 from ins_premium_det i),'"&D161&"','"&D161&"','02', '11000003','00','Request by Mr. Reheel Malik 29-Oct-2024');" -> ('28Oct240058','070000161444','49078',(select max(to_number(i.premium_rcv_detail_code))+1 from ins_premium_det i),'49078','49078','02', '11000003','00','Request by Mr. Reheel Malik 29-Oct-2024'); | H161: =F161&G161 -> insert into ins_premium_det (premium_rcv_code,assorted_code, rec_amount,premium_rcv_detail_code,remaining_amt, payrec, mode_code,coinsurance_code,class_cd,it_remarks) values('28Oct240058','070000161444','49078',(select max(to_number(i.premium_rcv_detail_code))+1 from ins_premium_det i),'49078','49078','02', '11000003','00','Request by Mr. Reheel Malik 29-Oct-2024');
A162: KHI/HO/D/MO/PC COMP/C/90920/181/06/2024 | B162: =VLOOKUP(A162,policy!B:C,2,0) -> 070000161475 | C162: 27000 | D162: =ROUND(C162,0) -> 27000 | E162: 28Oct240058 | F162: ="insert into ins_premium_det (premium_rcv_code,assorted_code, rec_amount,premium_rcv_detail_code,remaining_amt, payrec, mode_code,coinsurance_code,class_cd,it_remarks) values" -> insert into ins_premium_det (premium_rcv_code,assorted_code, rec_amount,premium_rcv_detail_code,remaining_amt, payrec, mode_code,coinsurance_code,class_cd,it_remarks) values | G162: ="('"&E162&"','"&B162&"','"&D162&"',(select max(to_number(i.premium_rcv_detail_code))+1 from ins_premium_det i),'"&D162&"','"&D162&"','02', '11000003','00','Request by Mr. Reheel Malik 29-Oct-2024');" -> ('28Oct240058','070000161475','27000',(select max(to_number(i.premium_rcv_detail_code))+1 from ins_premium_det i),'27000','27000','02', '11000003','00','Request by Mr. Reheel Malik 29-Oct-2024'); | H162: =F162&G162 -> insert into ins_premium_det (premium_rcv_code,assorted_code, rec_amount,premium_rcv_detail_code,remaining_amt, payrec, mode_code,coinsurance_code,class_cd,it_remarks) values('28Oct240058','070000161475','27000',(select max(to_number(i.premium_rcv_detail_code))+1 from ins_premium_det i),'27000','27000','02', '11000003','00','Request by Mr. Reheel Malik 29-Oct-2024');
A163: KHI/HO/D/MO/PC COMP/C/90920/90/06/2024 | B163: =VLOOKUP(A163,policy!B:C,2,0) -> 070000161384 | C163: 22997 | D163: =ROUND(C163,0) -> 22997 | E163: 28Oct240058 | F163: ="insert into ins_premium_det (premium_rcv_code,assorted_code, rec_amount,premium_rcv_detail_code,remaining_amt, payrec, mode_code,coinsurance_code,class_cd,it_remarks) values" -> insert into ins_premium_det (premium_rcv_code,assorted_code, rec_amount,premium_rcv_detail_code,remaining_amt, payrec, mode_code,coinsurance_code,class_cd,it_remarks) values | G163: ="('"&E163&"','"&B163&"','"&D163&"',(select max(to_number(i.premium_rcv_detail_code))+1 from ins_premium_det i),'"&D163&"','"&D163&"','02', '11000003','00','Request by Mr. Reheel Malik 29-Oct-2024');" -> ('28Oct240058','070000161384','22997',(select max(to_number(i.premium_rcv_detail_code))+1 from ins_premium_det i),'22997','22997','02', '11000003','00','Request by Mr. Reheel Malik 29-Oct-2024'); | H163: =F163&G163 -> insert into ins_premium_det (premium_rcv_code,assorted_code, rec_amount,premium_rcv_detail_code,remaining_amt, payrec, mode_code,coinsurance_code,class_cd,it_remarks) values('28Oct240058','070000161384','22997',(select max(to_number(i.premium_rcv_detail_code))+1 from ins_premium_det i),'22997','22997','02', '11000003','00','Request by Mr. Reheel Malik 29-Oct-2024');
A164: KHI/HO/D/MO/PC COMP/C/90920/95/06/2024 | B164: =VLOOKUP(A164,policy!B:C,2,0) -> 070000161389 | C164: 51089 | D164: =ROUND(C164,0) -> 51089 | E164: 28Oct240058 | F164: ="insert into ins_premium_det (premium_rcv_code,assorted_code, rec_amount,premium_rcv_detail_code,remaining_amt, payrec, mode_code,coinsurance_code,class_cd,it_remarks) values" -> insert into ins_premium_det (premium_rcv_code,assorted_code, rec_amount,premium_rcv_detail_code,remaining_amt, payrec, mode_code,coinsurance_code,class_cd,it_remarks) values | G164: ="('"&E164&"','"&B164&"','"&D164&"',(select max(to_number(i.premium_rcv_detail_code))+1 from ins_premium_det i),'"&D164&"','"&D164&"','02', '11000003','00','Request by Mr. Reheel Malik 29-Oct-2024');" -> ('28Oct240058','070000161389','51089',(select max(to_number(i.premium_rcv_detail_code))+1 from ins_premium_det i),'51089','51089','02', '11000003','00','Request by Mr. Reheel Malik 29-Oct-2024'); | H164: =F164&G164 -> insert into ins_premium_det (premium_rcv_code,assorted_code, rec_amount,premium_rcv_detail_code,remaining_amt, payrec, mode_code,coinsurance_code,class_cd,it_remarks) values('28Oct240058','070000161389','51089',(select max(to_number(i.premium_rcv_detail_code))+1 from ins_premium_det i),'51089','51089','02', '11000003','00','Request by Mr. Reheel Malik 29-Oct-2024');

Sheet working-fresh
A1: POLICY NO. | B1: Assorted_code | D1: Premium | E1: 28Oct240058
A2: KHI/HO/D/MO/PC COMP/C/96843/1/09/2024 | B2: =VLOOKUP(A2,'[2]Select ins_assorted'!$B:$C,2,0) -> 070000165274 | C2: 62000 | D2: 62000 | E2: 28Oct240058 | F2: ="insert into ins_premium_det (premium_rcv_code,assorted_code, rec_amount,premium_rcv_detail_code,remaining_amt, payrec, mode_code,coinsurance_code,class_cd,it_remarks) values" -> insert into ins_premium_det (premium_rcv_code,assorted_code, rec_amount,premium_rcv_detail_code,remaining_amt, payrec, mode_code,coinsurance_code,class_cd,it_remarks) values | G2: ="('"&E2&"','"&B2&"','"&D2&"',(select max(to_number(i.premium_rcv_detail_code))+1 from ins_premium_det i),'"&D2&"','"&D2&"','02', '11000003','00','Request by Mr. Saqib Saleem Fres 29-Oct-2024');" -> ('28Oct240058','070000165274','62000',(select max(to_number(i.premium_rcv_detail_code))+1 from ins_premium_det i),'62000','62000','02', '11000003','00','Request by Mr. Saqib Saleem Fres 29-Oct-2024'); | H2: =F2&G2 -> insert into ins_premium_det (premium_rcv_code,assorted_code, rec_amount,premium_rcv_detail_code,remaining_amt, payrec, mode_code,coinsurance_code,class_cd,it_remarks) values('28Oct240058','070000165274','62000',(select max(to_number(i.premium_rcv_detail_code))+1 from ins_premium_det i),'62000','62000','02', '11000003','00','Request by Mr. Saqib Saleem Fres 29-Oct-2024');
A3: KHI/HO/D/MO/PC COMP/C/96843/10/09/2024 | B3: =VLOOKUP(A3,'[2]Select ins_assorted'!$B:$C,2,0) -> 070000165528 | C3: 58000 | D3: 58000 | E3: 28Oct240058 | F3: ="insert into ins_premium_det (premium_rcv_code,assorted_code, rec_amount,premium_rcv_detail_code,remaining_amt, payrec, mode_code,coinsurance_code,class_cd,it_remarks) values" -> insert into ins_premium_det (premium_rcv_code,assorted_code, rec_amount,premium_rcv_detail_code,remaining_amt, payrec, mode_code,coinsurance_code,class_cd,it_remarks) values | G3: ="('"&E3&"','"&B3&"','"&D3&"',(select max(to_number(i.premium_rcv_detail_code))+1 from ins_premium_det i),'"&D3&"','"&D3&"','02', '11000003','00','Request by Mr. Saqib Saleem Fres 29-Oct-2024');" -> ('28Oct240058','070000165528','58000',(select max(to_number(i.premium_rcv_detail_code))+1 from ins_premium_det i),'58000','58000','02', '11000003','00','Request by Mr. Saqib Saleem Fres 29-Oct-2024'); | H3: =F3&G3 -> insert into ins_premium_det (premium_rcv_code,assorted_code, rec_amount,premium_rcv_detail_code,remaining_amt, payrec, mode_code,coinsurance_code,class_cd,it_remarks) values('28Oct240058','070000165528','58000',(select max(to_number(i.premium_rcv_detail_code))+1 from ins_premium_det i),'58000','58000','02', '11000003','00','Request by Mr. Saqib Saleem Fres 29-Oct-2024');
A4: KHI/HO/D/MO/PC COMP/C/96843/11/09/2024 | B4: =VLOOKUP(A4,'[2]Select ins_assorted'!$B:$C,2,0) -> 070000165584 | C4: 54000 | D4: 54000 | E4: 28Oct240058 | F4: ="insert into ins_premium_det (premium_rcv_code,assorted_code, rec_amount,premium_rcv_detail_code,remaining_amt, payrec, mode_code,coinsurance_code,class_cd,it_remarks) values" -> insert into ins_premium_det (premium_rcv_code,assorted_code, rec_amount,premium_rcv_detail_code,remaining_amt, payrec, mode_code,coinsurance_code,class_cd,it_remarks) values | G4: ="('"&E4&"','"&B4&"','"&D4&"',(select max(to_number(i.premium_rcv_detail_code))+1 from ins_premium_det i),'"&D4&"','"&D4&"','02', '11000003','00','Request by Mr. Saqib Saleem Fres 29-Oct-2024');" -> ('28Oct240058','070000165584','54000',(select max(to_number(i.premium_rcv_detail_code))+1 from ins_premium_det i),'54000','54000','02', '11000003','00','Request by Mr. Saqib Saleem Fres 29-Oct-2024'); | H4: =F4&G4 -> insert into ins_premium_det (premium_rcv_code,assorted_code, rec_amount,premium_rcv_detail_code,remaining_amt, payrec, mode_code,coinsurance_code,class_cd,it_remarks) values('28Oct240058','070000165584','54000',(select max(to_number(i.premium_rcv_detail_code))+1 from ins_premium_det i),'54000','54000','02', '11000003','00','Request by Mr. Saqib Saleem Fres 29-Oct-2024');
A5: KHI/HO/D/MO/PC COMP/C/96843/12/09/2024 | B5: =VLOOKUP(A5,'[2]Select ins_assorted'!$B:$C,2,0) -> 070000165599 | C5: 60000 | D5: 60000 | E5: 28Oct240058 | F5: ="insert into ins_premium_det (premium_rcv_code,assorted_code, rec_amount,premium_rcv_detail_code,remaining_amt, payrec, mode_code,coinsurance_code,class_cd,it_remarks) values" -> insert into ins_premium_det (premium_rcv_code,assorted_code, rec_amount,premium_rcv_detail_code,remaining_amt, payrec, mode_code,coinsurance_code,class_cd,it_remarks) values | G5: ="('"&E5&"','"&B5&"','"&D5&"',(select max(to_number(i.premium_rcv_detail_code))+1 from ins_premium_det i),'"&D5&"','"&D5&"','02', '11000003','00','Request by Mr. Saqib Saleem Fres 29-Oct-2024');" -> ('28Oct240058','070000165599','60000',(select max(to_number(i.premium_rcv_detail_code))+1 from ins_premium_det i),'60000','60000','02', '11000003','00','Request by Mr. Saqib Saleem Fres 29-Oct-2024'); | H5: =F5&G5 -> insert into ins_premium_det (premium_rcv_code,assorted_code, rec_amount,premium_rcv_detail_code,remaining_amt, payrec, mode_code,coinsurance_code,class_cd,it_remarks) values('28Oct240058','070000165599','60000',(select max(to_number(i.premium_rcv_detail_code))+1 from ins_premium_det i),'60000','60000','02', '11000003','00','Request by Mr. Saqib Saleem Fres 29-Oct-2024');
A6: KHI/HO/D/MO/PC COMP/C/96843/13/09/2024 | B6: =VLOOKUP(A6,'[2]Select ins_assorted'!$B:$C,2,0) -> 070000165649 | C6: 60000 | D6: 60000 | E6: 28Oct240058 | F6: ="insert into ins_premium_det (premium_rcv_code,assorted_code, rec_amount,premium_rcv_detail_code,remaining_amt, payrec, mode_code,coinsurance_code,class_cd,it_remarks) values" -> insert into ins_premium_det (premium_rcv_code,assorted_code, rec_amount,premium_rcv_detail_code,remaining_amt, payrec, mode_code,coinsurance_code,class_cd,it_remarks) values | G6: ="('"&E6&"','"&B6&"','"&D6&"',(select max(to_number(i.premium_rcv_detail_code))+1 from ins_premium_det i),'"&D6&"','"&D6&"','02', '11000003','00','Request by Mr. Saqib Saleem Fres 29-Oct-2024');" -> ('28Oct240058','070000165649','60000',(select max(to_number(i.premium_rcv_detail_code))+1 from ins_premium_det i),'60000','60000','02', '11000003','00','Request by Mr. Saqib Saleem Fres 29-Oct-2024'); | H6: =F6&G6 -> insert into ins_premium_det (premium_rcv_code,assorted_code, rec_amount,premium_rcv_detail_code,remaining_amt, payrec, mode_code,coinsurance_code,class_cd,it_remarks) values('28Oct240058','070000165649','60000',(select max(to_number(i.premium_rcv_detail_code))+1 from ins_premium_det i),'60000','60000','02', '11000003','00','Request by Mr. Saqib Saleem Fres 29-Oct-2024');
A7: KHI/HO/D/MO/PC COMP/C/96843/14/09/2024 | B7: =VLOOKUP(A7,'[2]Select ins_assorted'!$B:$C,2,0) -> 070000165650 | C7: 60000 | D7: 60000 | E7: 28Oct240058 | F7: ="insert into ins_premium_det (premium_rcv_code,assorted_code, rec_amount,premium_rcv_detail_code,remaining_amt, payrec, mode_code,coinsurance_code,class_cd,it_remarks) values" -> insert into ins_premium_det (premium_rcv_code,assorted_code, rec_amount,premium_rcv_detail_code,remaining_amt, payrec, mode_code,coinsurance_code,class_cd,it_remarks) values | G7: ="('"&E7&"','"&B7&"','"&D7&"',(select max(to_number(i.premium_rcv_detail_code))+1 from ins_premium_det i),'"&D7&"','"&D7&"','02', '11000003','00','Request by Mr. Saqib Saleem Fres 29-Oct-2024');" -> ('28Oct240058','070000165650','60000',(select max(to_number(i.premium_rcv_detail_code))+1 from ins_premium_det i),'60000','60000','02', '11000003','00','Request by Mr. Saqib Saleem Fres 29-Oct-2024'); | H7: =F7&G7 -> insert into ins_premium_det (premium_rcv_code,assorted_code, rec_amount,premium_rcv_detail_code,remaining_amt, payrec, mode_code,coinsurance_code,class_cd,it_remarks) values('28Oct240058','070000165650','60000',(select max(to_number(i.premium_rcv_detail_code))+1 from ins_premium_det i),'60000','60000','02', '11000003','00','Request by Mr. Saqib Saleem Fres 29-Oct-2024');
A8: KHI/HO/D/MO/PC COMP/C/96843/15/09/2024 | B8: =VLOOKUP(A8,'[2]Select ins_assorted'!$B:$C,2,0) -> 070000165654 | C8: 58500 | D8: 58500 | E8: 28Oct240058 | F8: ="insert into ins_premium_det (premium_rcv_code,assorted_code, rec_amount,premium_rcv_detail_code,remaining_amt, payrec, mode_code,coinsurance_code,class_cd,it_remarks) values" -> insert into ins_premium_det (premium_rcv_code,assorted_code, rec_amount,premium_rcv_detail_code,remaining_amt, payrec, mode_code,coinsurance_code,class_cd,it_remarks) values | G8: ="('"&E8&"','"&B8&"','"&D8&"',(select max(to_number(i.premium_rcv_detail_code))+1 from ins_premium_det i),'"&D8&"','"&D8&"','02', '11000003','00','Request by Mr. Saqib Saleem Fres 29-Oct-2024');" -> ('28Oct240058','070000165654','58500',(select max(to_number(i.premium_rcv_detail_code))+1 from ins_premium_det i),'58500','58500','02', '11000003','00','Request by Mr. Saqib Saleem Fres 29-Oct-2024'); | H8: =F8&G8 -> insert into ins_premium_det (premium_rcv_code,assorted_code, rec_amount,premium_rcv_detail_code,remaining_amt, payrec, mode_code,coinsurance_code,class_cd,it_remarks) values('28Oct240058','070000165654','58500',(select max(to_number(i.premium_rcv_detail_code))+1 from ins_premium_det i),'58500','58500','02', '11000003','00','Request by Mr. Saqib Saleem Fres 29-Oct-2024');
A9: KHI/HO/D/MO/PC COMP/C/96843/16/09/2024 | B9: =VLOOKUP(A9,'[2]Select ins_assorted'!$B:$C,2,0) -> 070000165657 | C9: 70500 | D9: 70500 | E9: 28Oct240058 | F9: ="insert into ins_premium_det (premium_rcv_code,assorted_code, rec_amount,premium_rcv_detail_code,remaining_amt, payrec, mode_code,coinsurance_code,class_cd,it_remarks) values" -> insert into ins_premium_det (premium_rcv_code,assorted_code, rec_amount,premium_rcv_detail_code,remaining_amt, payrec, mode_code,coinsurance_code,class_cd,it_remarks) values | G9: ="('"&E9&"','"&B9&"','"&D9&"',(select max(to_number(i.premium_rcv_detail_code))+1 from ins_premium_det i),'"&D9&"','"&D9&"','02', '11000003','00','Request by Mr. Saqib Saleem Fres 29-Oct-2024');" -> ('28Oct240058','070000165657','70500',(select max(to_number(i.premium_rcv_detail_code))+1 from ins_premium_det i),'70500','70500','02', '11000003','00','Request by Mr. Saqib Saleem Fres 29-Oct-2024'); | H9: =F9&G9 -> insert into ins_premium_det (premium_rcv_code,assorted_code, rec_amount,premium_rcv_detail_code,remaining_amt, payrec, mode_code,coinsurance_code,class_cd,it_remarks) values('28Oct240058','070000165657','70500',(select max(to_number(i.premium_rcv_detail_code))+1 from ins_premium_det i),'70500','70500','02', '11000003','00','Request by Mr. Saqib Saleem Fres 29-Oct-2024');
A10: KHI/HO/D/MO/PC COMP/C/96843/17/09/2024 | B10: =VLOOKUP(A10,'[2]Select ins_assorted'!$B:$C,2,0) -> 070000165702 | C10: 71400 | D10: 71400 | E10: 28Oct240058 | F10: ="insert into ins_premium_det (premium_rcv_code,assorted_code, rec_amount,premium_rcv_detail_code,remaining_amt, payrec, mode_code,coinsurance_code,class_cd,it_remarks) values" -> insert into ins_premium_det (premium_rcv_code,assorted_code, rec_amount,premium_rcv_detail_code,remaining_amt, payrec, mode_code,coinsurance_code,class_cd,it_remarks) values | G10: ="('"&E10&"','"&B10&"','"&D10&"',(select max(to_number(i.premium_rcv_detail_code))+1 from ins_premium_det i),'"&D10&"','"&D10&"','02', '11000003','00','Request by Mr. Saqib Saleem Fres 29-Oct-2024');" -> ('28Oct240058','070000165702','71400',(select max(to_number(i.premium_rcv_detail_code))+1 from ins_premium_det i),'71400','71400','02', '11000003','00','Request by Mr. Saqib Saleem Fres 29-Oct-2024'); | H10: =F10&G10 -> insert into ins_premium_det (premium_rcv_code,assorted_code, rec_amount,premium_rcv_detail_code,remaining_amt, payrec, mode_code,coinsurance_code,class_cd,it_remarks) values('28Oct240058','070000165702','71400',(select max(to_number(i.premium_rcv_detail_code))+1 from ins_premium_det i),'71400','71400','02', '11000003','00','Request by Mr. Saqib Saleem Fres 29-Oct-2024');
A11: KHI/HO/D/MO/PC COMP/C/96843/18/09/2024 | B11: =VLOOKUP(A11,'[2]Select ins_assorted'!$B:$C,2,0) -> 070000165704 | C11: 141434 | D11: 141434 | E11: 28Oct240058 | F11: ="insert into ins_premium_det (premium_rcv_code,assorted_code, rec_amount,premium_rcv_detail_code,remaining_amt, payrec, mode_code,coinsurance_code,class_cd,it_remarks) values" -> insert into ins_premium_det (premium_rcv_code,assorted_code, rec_amount,premium_rcv_detail_code,remaining_amt, payrec, mode_code,coinsurance_code,class_cd,it_remarks) values | G11: ="('"&E11&"','"&B11&"','"&D11&"',(select max(to_number(i.premium_rcv_detail_code))+1 from ins_premium_det i),'"&D11&"','"&D11&"','02', '11000003','00','Request by Mr. Saqib Saleem Fres 29-Oct-2024');" -> ('28Oct240058','070000165704','141434',(select max(to_number(i.premium_rcv_detail_code))+1 from ins_premium_det i),'141434','141434','02', '11000003','00','Request by Mr. Saqib Saleem Fres 29-Oct-2024'); | H11: =F11&G11 -> insert into ins_premium_det (premium_rcv_code,assorted_code, rec_amount,premium_rcv_detail_code,remaining_amt, payrec, mode_code,coinsurance_code,class_cd,it_remarks) values('28Oct240058','070000165704','141434',(select max(to_number(i.premium_rcv_detail_code))+1 from ins_premium_det i),'141434','141434','02', '11000003','00','Request by Mr. Saqib Saleem Fres 29-Oct-2024');
A12: KHI/HO/D/MO/PC COMP/C/96843/19/09/2024 | B12: =VLOOKUP(A12,'[2]Select ins_assorted'!$B:$C,2,0) -> 070000166126 | C12: 96060 | D12: 96060 | E12: 28Oct240058 | F12: ="insert into ins_premium_det (premium_rcv_code,assorted_code, rec_amount,premium_rcv_detail_code,remaining_amt, payrec, mode_code,coinsurance_code,class_cd,it_remarks) values" -> insert into ins_premium_det (premium_rcv_code,assorted_code, rec_amount,premium_rcv_detail_code,remaining_amt, payrec, mode_code,coinsurance_code,class_cd,it_remarks) values | G12: ="('"&E12&"','"&B12&"','"&D12&"',(select max(to_number(i.premium_rcv_detail_code))+1 from ins_premium_det i),'"&D12&"','"&D12&"','02', '11000003','00','Request by Mr. Saqib Saleem Fres 29-Oct-2024');" -> ('28Oct240058','070000166126','96060',(select max(to_number(i.premium_rcv_detail_code))+1 from ins_premium_det i),'96060','96060','02', '11000003','00','Request by Mr. Saqib Saleem Fres 29-Oct-2024'); | H12: =F12&G12 -> insert into ins_premium_det (premium_rcv_code,assorted_code, rec_amount,premium_rcv_detail_code,remaining_amt, payrec, mode_code,coinsurance_code,class_cd,it_remarks) values('28Oct240058','070000166126','96060',(select max(to_number(i.premium_rcv_detail_code))+1 from ins_premium_det i),'96060','96060','02', '11000003','00','Request by Mr. Saqib Saleem Fres 29-Oct-2024');
A13: KHI/HO/D/MO/PC COMP/C/96843/2/09/2024 | B13: =VLOOKUP(A13,'[2]Select ins_assorted'!$B:$C,2,0) -> 070000165294 | C13: 49500 | D13: 49500 | E13: 28Oct240058 | F13: ="insert into ins_premium_det (premium_rcv_code,assorted_code, rec_amount,premium_rcv_detail_code,remaining_amt, payrec, mode_code,coinsurance_code,class_cd,it_remarks) values" -> insert into ins_premium_det (premium_rcv_code,assorted_code, rec_amount,premium_rcv_detail_code,remaining_amt, payrec, mode_code,coinsurance_code,class_cd,it_remarks) values | G13: ="('"&E13&"','"&B13&"','"&D13&"',(select max(to_number(i.premium_rcv_detail_code))+1 from ins_premium_det i),'"&D13&"','"&D13&"','02', '11000003','00','Request by Mr. Saqib Saleem Fres 29-Oct-2024');" -> ('28Oct240058','070000165294','49500',(select max(to_number(i.premium_rcv_detail_code))+1 from ins_premium_det i),'49500','49500','02', '11000003','00','Request by Mr. Saqib Saleem Fres 29-Oct-2024'); | H13: =F13&G13 -> insert into ins_premium_det (premium_rcv_code,assorted_code, rec_amount,premium_rcv_detail_code,remaining_amt, payrec, mode_code,coinsurance_code,class_cd,it_remarks) values('28Oct240058','070000165294','49500',(select max(to_number(i.premium_rcv_detail_code))+1 from ins_premium_det i),'49500','49500','02', '11000003','00','Request by Mr. Saqib Saleem Fres 29-Oct-2024');
... A49: KHI/HO/D/MO/PC COMP/C/96843/9/09/2024 | B49: =VLOOKUP(A49,'[2]Select ins_assorted'!$B:$C,2,0) -> 070000165516 | C49: 15000 | D49: 15000 | E49: 28Oct240058 | F49: ="insert into ins_premium_det (premium_rcv_code,assorted_code, rec_amount,premium_rcv_detail_code,remaining_amt, payrec, mode_code,coinsurance_code,class_cd,it_remarks) values" -> insert into ins_premium_det (premium_rcv_code,assorted_code, rec_amount,premium_rcv_detail_code,remaining_amt, payrec, mode_code,coinsurance_code,class_cd,it_remarks) values | G49: ="('"&E49&"','"&B49&"','"&D49&"',(select max(to_number(i.premium_rcv_detail_code))+1 from ins_premium_det i),'"&D49&"','"&D49&"','02', '11000003','00','Request by Mr. Saqib Saleem Fres 29-Oct-2024');" -> ('28Oct240058','070000165516','15000',(select max(to_number(i.premium_rcv_detail_code))+1 from ins_premium_det i),'15000','15000','02', '11000003','00','Request by Mr. Saqib Saleem Fres 29-Oct-2024'); | H49: =F49&G49 -> insert into ins_premium_det (premium_rcv_code,assorted_code, rec_amount,premium_rcv_detail_code,remaining_amt, payrec, mode_code,coinsurance_code,class_cd,it_remarks) values('28Oct240058','070000165516','15000',(select max(to_number(i.premium_rcv_detail_code))+1 from ins_premium_det i),'15000','15000','02', '11000003','00','Request by Mr. Saqib Saleem Fres 29-Oct-2024');
D51: =SUM(D2:D49) -> 2998194

Sheet Sheet2
A1: KHI/HO/D/MO/CV/C/96712/1/09/2024 | B1: -09-2024 | H1: 96712 | I1: 00001 | J1: ="ia.assorted_string like '%"&H1&"-"&I1&B1&"%' or" -> ia.assorted_string like '%96712-00001-09-2024%' or
A2: KHI/HO/D/MO/CV/C/96712/2/09/2024 | B2: -09-2024 | H2: 96712 | I2: 00002 | J2: ="ia.assorted_string like '%"&H2&"-"&I2&B2&"%' or" -> ia.assorted_string like '%96712-00002-09-2024%' or
A3: KHI/HO/D/MO/CV/C/96713/1/09/2024 | B3: -09-2024 | H3: 96713 | I3: 00001 | J3: ="ia.assorted_string like '%"&H3&"-"&I3&B3&"%' or" -> ia.assorted_string like '%96713-00001-09-2024%' or
A4: KHI/HO/D/MO/CV/C/96713/2/09/2024 | B4: -09-2024 | H4: 96713 | I4: 00002 | J4: ="ia.assorted_string like '%"&H4&"-"&I4&B4&"%' or" -> ia.assorted_string like '%96713-00002-09-2024%' or
A5: KHI/HO/D/MO/CV/C/96713/4/09/2024 | B5: -09-2024 | H5: 96713 | I5: 00004 | J5: ="ia.assorted_string like '%"&H5&"-"&I5&B5&"%' or" -> ia.assorted_string like '%96713-00004-09-2024%' or
A6: KHI/HO/D/MO/CV/C/96713/5/09/2024 | B6: -09-2024 | H6: 96713 | I6: 00005 | J6: ="ia.assorted_string like '%"&H6&"-"&I6&B6&"%' or" -> ia.assorted_string like '%96713-00005-09-2024%' or
A7: KHI/HO/D/MO/CV/C/96714/1/09/2024 | B7: -09-2024 | H7: 96714 | I7: 00001 | J7: ="ia.assorted_string like '%"&H7&"-"&I7&B7&"%' or" -> ia.assorted_string like '%96714-00001-09-2024%' or
A8: KHI/HO/D/MO/CV/C/96714/2/09/2024 | B8: -09-2024 | H8: 96714 | I8: 00002 | J8: ="ia.assorted_string like '%"&H8&"-"&I8&B8&"%' or" -> ia.assorted_string like '%96714-00002-09-2024%' or
A9: KHI/HO/D/MO/PC COMP/C/96715/1/09/2024 | B9: -09-2024 | H9: 96715 | I9: 00001 | J9: ="ia.assorted_string like '%"&H9&"-"&I9&B9&"%' or" -> ia.assorted_string like '%96715-00001-09-2024%' or
A10: KHI/HO/D/MO/PC COMP/C/96715/10/09/2024 | B10: -09-2024 | H10: 96715 | I10: 00010 | J10: ="ia.assorted_string like '%"&H10&"-"&I10&B10&"%' or" -> ia.assorted_string like '%96715-00010-09-2024%' or
A11: KHI/HO/D/MO/PC COMP/C/96715/11/09/2024 | B11: -09-2024 | H11: 96715 | I11: 00011 | J11: ="ia.assorted_string like '%"&H11&"-"&I11&B11&"%' or" -> ia.assorted_string like '%96715-00011-09-2024%' or
A12: KHI/HO/D/MO/PC COMP/C/96715/13/09/2024 | B12: -09-2024 | H12: 96715 | I12: 00013 | J12: ="ia.assorted_string like '%"&H12&"-"&I12&B12&"%' or" -> ia.assorted_string like '%96715-00013-09-2024%' or
... A163: KHI/HO/D/MO/PC COMP/C/90920/95/06/2024 | B163: -06-2024 | H163: 90920 | I163: 00095 | J163: ="ia.assorted_string like '%"&H163&"-"&I163&B163&"%' or" -> ia.assorted_string like '%90920-00095-06-2024%' or
A168: KHI/HO/D/MO/PC COMP/C/96843/1/09/2024 | B168: =RIGHT(A168,8) -> /09/2024 | H168: 96843 | I168: 00001 | J168: ="ia.assorted_string like '%"&H168&"-"&I168&B168&"%' or" -> ia.assorted_string like '%96843-00001/09/2024%' or
A169: KHI/HO/D/MO/PC COMP/C/96843/10/09/2024 | B169: =RIGHT(A169,8) -> /09/2024 | H169: 96843 | I169: 00010 | J169: ="ia.assorted_string like '%"&H169&"-"&I169&B169&"%' or" -> ia.assorted_string like '%96843-00010/09/2024%' or
A170: KHI/HO/D/MO/PC COMP/C/96843/11/09/2024 | B170: =RIGHT(A170,8) -> /09/2024 | H170: 96843 | I170: 00011 | J170: ="ia.assorted_string like '%"&H170&"-"&I170&B170&"%' or" -> ia.assorted_string like '%96843-00011/09/2024%' or
A171: KHI/HO/D/MO/PC COMP/C/96843/12/09/2024 | B171: =RIGHT(A171,8) -> /09/2024 | H171: 96843 | I171: 00012 | J171: ="ia.assorted_string like '%"&H171&"-"&I171&B171&"%' or" -> ia.assorted_string like '%96843-00012/09/2024%' or
A172: KHI/HO/D/MO/PC COMP/C/96843/13/09/2024 | B172: =RIGHT(A172,8) -> /09/2024 | H172: 96843 | I172: 00013 | J172: ="ia.assorted_string like '%"&H172&"-"&I172&B172&"%' or" -> ia.assorted_string like '%96843-00013/09/2024%' or
A173: KHI/HO/D/MO/PC COMP/C/96843/14/09/2024 | B173: =RIGHT(A173,8) -> /09/2024 | H173: 96843 | I173: 00014 | J173: ="ia.assorted_string like '%"&H173&"-"&I173&B173&"%' or" -> ia.assorted_string like '%96843-00014/09/2024%' or
A174: KHI/HO/D/MO/PC COMP/C/96843/15/09/2024 | B174: =RIGHT(A174,8) -> /09/2024 | H174: 96843 | I174: 00015 | J174: ="ia.assorted_string like '%"&H174&"-"&I174&B174&"%' or" -> ia.assorted_string like '%96843-00015/09/2024%' or
A175: KHI/HO/D/MO/PC COMP/C/96843/16/09/2024 | B175: =RIGHT(A175,8) -> /09/2024 | H175: 96843 | I175: 00016 | J175: ="ia.assorted_string like '%"&H175&"-"&I175&B175&"%' or" -> ia.assorted_string like '%96843-00016/09/2024%' or
A176: KHI/HO/D/MO/PC COMP/C/96843/17/09/2024 | B176: =RIGHT(A176,8) -> /09/2024 | H176: 96843 | I176: 00017 | J176: ="ia.assorted_string like '%"&H176&"-"&I176&B176&"%' or" -> ia.assorted_string like '%96843-00017/09/2024%' or
A177: KHI/HO/D/MO/PC COMP/C/96843/18/09/2024 | B177: =RIGHT(A177,8) -> /09/2024 | H177: 96843 | I177: 00018 | J177: ="ia.assorted_string like '%"&H177&"-"&I177&B177&"%' or" -> ia.assorted_string like '%96843-00018/09/2024%' or
A178: KHI/HO/D/MO/PC COMP/C/96843/19/09/2024 | B178: =RIGHT(A178,8) -> /09/2024 | H178: 96843 | I178: 00019 | J178: ="ia.assorted_string like '%"&H178&"-"&I178&B178&"%' or" -> ia.assorted_string like '%96843-00019/09/2024%' or
A179: KHI/HO/D/MO/PC COMP/C/96843/2/09/2024 | B179: =RIGHT(A179,8) -> /09/2024 | H179: 96843 | I179: 00002 | J179: ="ia.assorted_string like '%"&H179&"-"&I179&B179&"%' or" -> ia.assorted_string like '%96843-00002/09/2024%' or
... A215: KHI/HO/D/MO/PC COMP/C/96843/9/09/2024 | B215: =RIGHT(A215,8) -> /09/2024 | H215: 96843 | I215: 00009 | J215: ="ia.assorted_string like '%"&H215&"-"&I215&B215&"%' or" -> ia.assorted_string like '%96843-00009/09/2024%' or

Sheet policy
B1: FUNC_ASSORTED_STRING(IA.ASSORTED_CODE) | C1: ASSORTED_CODE
A2: 1 | B2: KHI/HO/D/MO/PC COMP/P/75216/09/2023 | C2: 040000152682
A3: 2 | B3: KHI/HO/D/MO/CV/C/95145/1/08/2024 | C3: 070000163778
A4: 3 | B4: KHI/HO/D/MO/PC COMP/C/95230/53/08/2024 | C4: 070000163906
A5: 4 | B5: KHI/HO/D/MO/PC COMP/C/96731/2/09/2024 | C5: 070000165239
A6: 5 | B6: KHI/HO/D/MO/PC COMP/C/96731/3/09/2024 | C6: 070000165240
A7: 6 | B7: KHI/HO/D/MO/PC COMP/C/96721/13/09/2024 | C7: 070000165072
A8: 7 | B8: KHI/HO/D/MO/PC COMP/C/96726/16/09/2024 | C8: 070000165130
A9: 8 | B9: KHI/HO/D/MO/PC COMP/C/96726/33/09/2024 | C9: 070000165150
A10: 9 | B10: KHI/HO/D/MO/PC COMP/C/96721/17/09/2024 | C10: 070000165078
A11: 10 | B11: KHI/HO/D/MO/PC COMP/C/96721/30/09/2024 | C11: 070000165095
A12: 11 | B12: KHI/HO/D/MO/PC COMP/C/96721/35/09/2024 | C12: 070000165101
A13: 12 | B13: KHI/HO/D/MO/PC COMP/C/96721/39/09/2024 | C13: 070000165105
... A163: 162 | B163: KHI/HO/D/MO/PC COMP/C/95230/15/08/2024 | C163: 070000163864
