Workbook

Sheet Sheet1
A1: Certificate Number | B1: Name | C1: Net Contribution | D1: Service Charges | E1: Balance | F1: Column1
A2: LHR/LHR/D/MI/CRP/C/2457/02/2024 | B2: Abdul Ghaffar & Abdul Jabbar | C2: 5001 | D2: -125.025 | F2: 125.025 | G2: -125.025
A3: LHR/LHR/D/MI/CRP/C/2838/11/2024 | B3: Abdul Hameed | C3: 3995 | D3: -99.875 | F3: 99.875 | G3: -99.875
A4: LHR/LHR/D/MI/CRP/C/2526/04/2024 | B4: Abdul Malik | C4: 15999 | D4: -399.975 | F4: 399.975 | G4: -399.975
A5: LHR/LHR/D/MI/CRP/C/2458/02/2024 | B5: Abdul Rauf | C5: 4000 | D5: -100 | F5: 100 | G5: -100
A6: LHR/LHR/D/MI/CRP/C/2795/10/2024 | B6: Abdul Salam | C6: 1996 | D6: -49.9 | F6: 49.9 | G6: -49.9
A7: LHR/LHR/D/MI/CRP/C/2515/04/2024 | B7: Abdul Salam | C7: 1998 | D7: -49.95 | F7: 49.95 | G7: -49.95
A8: LHR/LHR/D/MI/CRP/C/2677/07/2024 | B8: Abdul Sattar | C8: 3596 | D8: -89.9 | F8: 89.9 | G8: -89.9
A9: LHR/LHR/D/MI/CRP/C/2820/11/2024 | B9: Abid Hussain | C9: 27997 | D9: -699.925 | F9: 699.925 | G9: -699.925
A10: LHR/LHR/D/MI/CRP/C/2837/11/2024 | B10: Abrar Ul Hassan | C10: 29996 | D10: -749.9 | F10: 749.9 | G10: -749.9
A11: LHR/LHR/D/MI/CRP/C/2683/07/2024 | B11: Abubakar | C11: 15997 | D11: -399.925 | F11: 399.925 | G11: -399.925
A12: LHR/LHR/D/MI/CRP/C/2653/07/2024 | B12: Adil Sardar | C12: 19997 | D12: -499.925 | F12: 499.925 | G12: -499.925
A13: LHR/LHR/D/MI/CRP/C/2449/02/2024 | B13: Ahmad Buksh | C13: 12000 | D13: -300 | F13: 300 | G13: -300
... A147: LHR/LHR/D/MI/CRP/C/2818/11/2024 | B147: Zahid Shuja & Ahmad Shuja | C147: 5716 | D147: -142.9 | F147: 142.9 | G147: -142.9
C148: =SUM(C2:C147) -> 1796773 | D148: =SUM(D2:D147) -> 0 | E148: =C148-D148 -> 1796773 | F148: =SUM(F2:F147) -> 44919.325

Sheet working-premium
A1: POLICY NO. | B1: Assorted_code | D1: Premium | E1: 11Dec240052
A2: LHR/LHR/D/MI/CRP/C/2457/02/2024 | B2: =VLOOKUP(A2,policy!B:D,2,0) -> 070000154310 | C2: 5001 | D2: =ROUND(C2,0) -> 5001 | E2: 11Dec240052 | F2: ="insert into ins_premium_det (premium_rcv_code,assorted_code, rec_amount,premium_rcv_detail_code,remaining_amt, payrec, mode_code,coinsurance_code,class_cd,it_remarks) values" -> insert into ins_premium_det (premium_rcv_code,assorted_code, rec_amount,premium_rcv_detail_code,remaining_amt, payrec, mode_code,coinsurance_code,class_cd,it_remarks) values | G2: ="('"&E2&"','"&B2&"','"&D2&"',(select max(to_number(i.premium_rcv_detail_code))+1 from ins_premium_det i),'"&D2&"','"&D2&"','02', '11000003','00','Request by Mr.Raheel Malik 12-Dec-2024 add premium allocation no Premium');" -> ('11Dec240052','070000154310','5001',(select max(to_number(i.premium_rcv_detail_code))+1 from ins_premium_det i),'5001','5001','02', '11000003','00','Request by Mr.Raheel Malik 12-Dec-2024 add premium allocation no Premium'); | H2: =F2&G2 -> insert into ins_premium_det (premium_rcv_code,assorted_code, rec_amount,premium_rcv_detail_code,remaining_amt, payrec, mode_code,coinsurance_code,class_cd,it_remarks) values('11Dec240052','070000154310','5001',(select max(to_number(i.premium_rcv_detail_code))+1 from ins_premium_det i),'5001','5001','02', '11000003','00','Request by Mr.Raheel Malik 12-Dec-2024 add premium allocation no Premium');
A3: LHR/LHR/D/MI/CRP/C/2838/11/2024 | B3: =VLOOKUP(A3,policy!B:D,2,0) -> 070000171445 | C3: 3995 | D3: =ROUND(C3,0) -> 3995 | E3: 11Dec240052 | F3: ="insert into ins_premium_det (premium_rcv_code,assorted_code, rec_amount,premium_rcv_detail_code,remaining_amt, payrec, mode_code,coinsurance_code,class_cd,it_remarks) values" -> insert into ins_premium_det (premium_rcv_code,assorted_code, rec_amount,premium_rcv_detail_code,remaining_amt, payrec, mode_code,coinsurance_code,class_cd,it_remarks) values | G3: ="('"&E3&"','"&B3&"','"&D3&"',(select max(to_number(i.premium_rcv_detail_code))+1 from ins_premium_det i),'"&D3&"','"&D3&"','02', '11000003','00','Request by Mr.Raheel Malik 12-Dec-2024 add premium allocation no Premium');" -> ('11Dec240052','070000171445','3995',(select max(to_number(i.premium_rcv_detail_code))+1 from ins_premium_det i),'3995','3995','02', '11000003','00','Request by Mr.Raheel Malik 12-Dec-2024 add premium allocation no Premium'); | H3: =F3&G3 -> insert into ins_premium_det (premium_rcv_code,assorted_code, rec_amount,premium_rcv_detail_code,remaining_amt, payrec, mode_code,coinsurance_code,class_cd,it_remarks) values('11Dec240052','070000171445','3995',(select max(to_number(i.premium_rcv_detail_code))+1 from ins_premium_det i),'3995','3995','02', '11000003','00','Request by Mr.Raheel Malik 12-Dec-2024 add premium allocation no Premium');
A4: LHR/LHR/D/MI/CRP/C/2526/04/2024 | B4: =VLOOKUP(A4,policy!B:D,2,0) -> 070000157183 | C4: 15999 | D4: =ROUND(C4,0) -> 15999 | E4: 11Dec240052 | F4: ="insert into ins_premium_det (premium_rcv_code,assorted_code, rec_amount,premium_rcv_detail_code,remaining_amt, payrec, mode_code,coinsurance_code,class_cd,it_remarks) values" -> insert into ins_premium_det (premium_rcv_code,assorted_code, rec_amount,premium_rcv_detail_code,remaining_amt, payrec, mode_code,coinsurance_code,class_cd,it_remarks) values | G4: ="('"&E4&"','"&B4&"','"&D4&"',(select max(to_number(i.premium_rcv_detail_code))+1 from ins_premium_det i),'"&D4&"','"&D4&"','02', '11000003','00','Request by Mr.Raheel Malik 12-Dec-2024 add premium allocation no Premium');" -> ('11Dec240052','070000157183','15999',(select max(to_number(i.premium_rcv_detail_code))+1 from ins_premium_det i),'15999','15999','02', '11000003','00','Request by Mr.Raheel Malik 12-Dec-2024 add premium allocation no Premium'); | H4: =F4&G4 -> insert into ins_premium_det (premium_rcv_code,assorted_code, rec_amount,premium_rcv_detail_code,remaining_amt, payrec, mode_code,coinsurance_code,class_cd,it_remarks) values('11Dec240052','070000157183','15999',(select max(to_number(i.premium_rcv_detail_code))+1 from ins_premium_det i),'15999','15999','02', '11000003','00','Request by Mr.Raheel Malik 12-Dec-2024 add premium allocation no Premium');
A5: LHR/LHR/D/MI/CRP/C/2458/02/2024 | B5: =VLOOKUP(A5,policy!B:D,2,0) -> 070000154311 | C5: 4000 | D5: =ROUND(C5,0) -> 4000 | E5: 11Dec240052 | F5: ="insert into ins_premium_det (premium_rcv_code,assorted_code, rec_amount,premium_rcv_detail_code,remaining_amt, payrec, mode_code,coinsurance_code,class_cd,it_remarks) values" -> insert into ins_premium_det (premium_rcv_code,assorted_code, rec_amount,premium_rcv_detail_code,remaining_amt, payrec, mode_code,coinsurance_code,class_cd,it_remarks) values | G5: ="('"&E5&"','"&B5&"','"&D5&"',(select max(to_number(i.premium_rcv_detail_code))+1 from ins_premium_det i),'"&D5&"','"&D5&"','02', '11000003','00','Request by Mr.Raheel Malik 12-Dec-2024 add premium allocation no Premium');" -> ('11Dec240052','070000154311','4000',(select max(to_number(i.premium_rcv_detail_code))+1 from ins_premium_det i),'4000','4000','02', '11000003','00','Request by Mr.Raheel Malik 12-Dec-2024 add premium allocation no Premium'); | H5: =F5&G5 -> insert into ins_premium_det (premium_rcv_code,assorted_code, rec_amount,premium_rcv_detail_code,remaining_amt, payrec, mode_code,coinsurance_code,class_cd,it_remarks) values('11Dec240052','070000154311','4000',(select max(to_number(i.premium_rcv_detail_code))+1 from ins_premium_det i),'4000','4000','02', '11000003','00','Request by Mr.Raheel Malik 12-Dec-2024 add premium allocation no Premium');
A6: LHR/LHR/D/MI/CRP/C/2795/10/2024 | B6: =VLOOKUP(A6,policy!B:D,2,0) -> 070000167593 | C6: 1996 | D6: =ROUND(C6,0) -> 1996 | E6: 11Dec240052 | F6: ="insert into ins_premium_det (premium_rcv_code,assorted_code, rec_amount,premium_rcv_detail_code,remaining_amt, payrec, mode_code,coinsurance_code,class_cd,it_remarks) values" -> insert into ins_premium_det (premium_rcv_code,assorted_code, rec_amount,premium_rcv_detail_code,remaining_amt, payrec, mode_code,coinsurance_code,class_cd,it_remarks) values | G6: ="('"&E6&"','"&B6&"','"&D6&"',(select max(to_number(i.premium_rcv_detail_code))+1 from ins_premium_det i),'"&D6&"','"&D6&"','02', '11000003','00','Request by Mr.Raheel Malik 12-Dec-2024 add premium allocation no Premium');" -> ('11Dec240052','070000167593','1996',(select max(to_number(i.premium_rcv_detail_code))+1 from ins_premium_det i),'1996','1996','02', '11000003','00','Request by Mr.Raheel Malik 12-Dec-2024 add premium allocation no Premium'); | H6: =F6&G6 -> insert into ins_premium_det (premium_rcv_code,assorted_code, rec_amount,premium_rcv_detail_code,remaining_amt, payrec, mode_code,coinsurance_code,class_cd,it_remarks) values('11Dec240052','070000167593','1996',(select max(to_number(i.premium_rcv_detail_code))+1 from ins_premium_det i),'1996','1996','02', '11000003','00','Request by Mr.Raheel Malik 12-Dec-2024 add premium allocation no Premium');
A7: LHR/LHR/D/MI/CRP/C/2515/04/2024 | B7: =VLOOKUP(A7,policy!B:D,2,0) -> 070000157172 | C7: 1998 | D7: =ROUND(C7,0) -> 1998 | E7: 11Dec240052 | F7: ="insert into ins_premium_det (premium_rcv_code,assorted_code, rec_amount,premium_rcv_detail_code,remaining_amt, payrec, mode_code,coinsurance_code,class_cd,it_remarks) values" -> insert into ins_premium_det (premium_rcv_code,assorted_code, rec_amount,premium_rcv_detail_code,remaining_amt, payrec, mode_code,coinsurance_code,class_cd,it_remarks) values | G7: ="('"&E7&"','"&B7&"','"&D7&"',(select max(to_number(i.premium_rcv_detail_code))+1 from ins_premium_det i),'"&D7&"','"&D7&"','02', '11000003','00','Request by Mr.Raheel Malik 12-Dec-2024 add premium allocation no Premium');" -> ('11Dec240052','070000157172','1998',(select max(to_number(i.premium_rcv_detail_code))+1 from ins_premium_det i),'1998','1998','02', '11000003','00','Request by Mr.Raheel Malik 12-Dec-2024 add premium allocation no Premium'); | H7: =F7&G7 -> insert into ins_premium_det (premium_rcv_code,assorted_code, rec_amount,premium_rcv_detail_code,remaining_amt, payrec, mode_code,coinsurance_code,class_cd,it_remarks) values('11Dec240052','070000157172','1998',(select max(to_number(i.premium_rcv_detail_code))+1 from ins_premium_det i),'1998','1998','02', '11000003','00','Request by Mr.Raheel Malik 12-Dec-2024 add premium allocation no Premium');
A8: LHR/LHR/D/MI/CRP/C/2677/07/2024 | B8: =VLOOKUP(A8,policy!B:D,2,0) -> 070000162399 | C8: 3596 | D8: =ROUND(C8,0) -> 3596 | E8: 11Dec240052 | F8: ="insert into ins_premium_det (premium_rcv_code,assorted_code, rec_amount,premium_rcv_detail_code,remaining_amt, payrec, mode_code,coinsurance_code,class_cd,it_remarks) values" -> insert into ins_premium_det (premium_rcv_code,assorted_code, rec_amount,premium_rcv_detail_code,remaining_amt, payrec, mode_code,coinsurance_code,class_cd,it_remarks) values | G8: ="('"&E8&"','"&B8&"','"&D8&"',(select max(to_number(i.premium_rcv_detail_code))+1 from ins_premium_det i),'"&D8&"','"&D8&"','02', '11000003','00','Request by Mr.Raheel Malik 12-Dec-2024 add premium allocation no Premium');" -> ('11Dec240052','070000162399','3596',(select max(to_number(i.premium_rcv_detail_code))+1 from ins_premium_det i),'3596','3596','02', '11000003','00','Request by Mr.Raheel Malik 12-Dec-2024 add premium allocation no Premium'); | H8: =F8&G8 -> insert into ins_premium_det (premium_rcv_code,assorted_code, rec_amount,premium_rcv_detail_code,remaining_amt, payrec, mode_code,coinsurance_code,class_cd,it_remarks) values('11Dec240052','070000162399','3596',(select max(to_number(i.premium_rcv_detail_code))+1 from ins_premium_det i),'3596','3596','02', '11000003','00','Request by Mr.Raheel Malik 12-Dec-2024 add premium allocation no Premium');
A9: LHR/LHR/D/MI/CRP/C/2820/11/2024 | B9: =VLOOKUP(A9,policy!B:D,2,0) -> 070000169513 | C9: 27997 | D9: =ROUND(C9,0) -> 27997 | E9: 11Dec240052 | F9: ="insert into ins_premium_det (premium_rcv_code,assorted_code, rec_amount,premium_rcv_detail_code,remaining_amt, payrec, mode_code,coinsurance_code,class_cd,it_remarks) values" -> insert into ins_premium_det (premium_rcv_code,assorted_code, rec_amount,premium_rcv_detail_code,remaining_amt, payrec, mode_code,coinsurance_code,class_cd,it_remarks) values | G9: ="('"&E9&"','"&B9&"','"&D9&"',(select max(to_number(i.premium_rcv_detail_code))+1 from ins_premium_det i),'"&D9&"','"&D9&"','02', '11000003','00','Request by Mr.Raheel Malik 12-Dec-2024 add premium allocation no Premium');" -> ('11Dec240052','070000169513','27997',(select max(to_number(i.premium_rcv_detail_code))+1 from ins_premium_det i),'27997','27997','02', '11000003','00','Request by Mr.Raheel Malik 12-Dec-2024 add premium allocation no Premium'); | H9: =F9&G9 -> insert into ins_premium_det (premium_rcv_code,assorted_code, rec_amount,premium_rcv_detail_code,remaining_amt, payrec, mode_code,coinsurance_code,class_cd,it_remarks) values('11Dec240052','070000169513','27997',(select max(to_number(i.premium_rcv_detail_code))+1 from ins_premium_det i),'27997','27997','02', '11000003','00','Request by Mr.Raheel Malik 12-Dec-2024 add premium allocation no Premium');
A10: LHR/LHR/D/MI/CRP/C/2837/11/2024 | B10: =VLOOKUP(A10,policy!B:D,2,0) -> 070000171444 | C10: 29996 | D10: =ROUND(C10,0) -> 29996 | E10: 11Dec240052 | F10: ="insert into ins_premium_det (premium_rcv_code,assorted_code, rec_amount,premium_rcv_detail_code,remaining_amt, payrec, mode_code,coinsurance_code,class_cd,it_remarks) values" -> insert into ins_premium_det (premium_rcv_code,assorted_code, rec_amount,premium_rcv_detail_code,remaining_amt, payrec, mode_code,coinsurance_code,class_cd,it_remarks) values | G10: ="('"&E10&"','"&B10&"','"&D10&"',(select max(to_number(i.premium_rcv_detail_code))+1 from ins_premium_det i),'"&D10&"','"&D10&"','02', '11000003','00','Request by Mr.Raheel Malik 12-Dec-2024 add premium allocation no Premium');" -> ('11Dec240052','070000171444','29996',(select max(to_number(i.premium_rcv_detail_code))+1 from ins_premium_det i),'29996','29996','02', '11000003','00','Request by Mr.Raheel Malik 12-Dec-2024 add premium allocation no Premium'); | H10: =F10&G10 -> insert into ins_premium_det (premium_rcv_code,assorted_code, rec_amount,premium_rcv_detail_code,remaining_amt, payrec, mode_code,coinsurance_code,class_cd,it_remarks) values('11Dec240052','070000171444','29996',(select max(to_number(i.premium_rcv_detail_code))+1 from ins_premium_det i),'29996','29996','02', '11000003','00','Request by Mr.Raheel Malik 12-Dec-2024 add premium allocation no Premium');
A11: LHR/LHR/D/MI/CRP/C/2683/07/2024 | B11: =VLOOKUP(A11,policy!B:D,2,0) -> 070000162405 | C11: 15997 | D11: =ROUND(C11,0) -> 15997 | E11: 11Dec240052 | F11: ="insert into ins_premium_det (premium_rcv_code,assorted_code, rec_amount,premium_rcv_detail_code,remaining_amt, payrec, mode_code,coinsurance_code,class_cd,it_remarks) values" -> insert into ins_premium_det (premium_rcv_code,assorted_code, rec_amount,premium_rcv_detail_code,remaining_amt, payrec, mode_code,coinsurance_code,class_cd,it_remarks) values | G11: ="('"&E11&"','"&B11&"','"&D11&"',(select max(to_number(i.premium_rcv_detail_code))+1 from ins_premium_det i),'"&D11&"','"&D11&"','02', '11000003','00','Request by Mr.Raheel Malik 12-Dec-2024 add premium allocation no Premium');" -> ('11Dec240052','070000162405','15997',(select max(to_number(i.premium_rcv_detail_code))+1 from ins_premium_det i),'15997','15997','02', '11000003','00','Request by Mr.Raheel Malik 12-Dec-2024 add premium allocation no Premium'); | H11: =F11&G11 -> insert into ins_premium_det (premium_rcv_code,assorted_code, rec_amount,premium_rcv_detail_code,remaining_amt, payrec, mode_code,coinsurance_code,class_cd,it_remarks) values('11Dec240052','070000162405','15997',(select max(to_number(i.premium_rcv_detail_code))+1 from ins_premium_det i),'15997','15997','02', '11000003','00','Request by Mr.Raheel Malik 12-Dec-2024 add premium allocation no Premium');
A12: LHR/LHR/D/MI/CRP/C/2653/07/2024 | B12: =VLOOKUP(A12,policy!B:D,2,0) -> 070000162375 | C12: 19997 | D12: =ROUND(C12,0) -> 19997 | E12: 11Dec240052 | F12: ="insert into ins_premium_det (premium_rcv_code,assorted_code, rec_amount,premium_rcv_detail_code,remaining_amt, payrec, mode_code,coinsurance_code,class_cd,it_remarks) values" -> insert into ins_premium_det (premium_rcv_code,assorted_code, rec_amount,premium_rcv_detail_code,remaining_amt, payrec, mode_code,coinsurance_code,class_cd,it_remarks) values | G12: ="('"&E12&"','"&B12&"','"&D12&"',(select max(to_number(i.premium_rcv_detail_code))+1 from ins_premium_det i),'"&D12&"','"&D12&"','02', '11000003','00','Request by Mr.Raheel Malik 12-Dec-2024 add premium allocation no Premium');" -> ('11Dec240052','070000162375','19997',(select max(to_number(i.premium_rcv_detail_code))+1 from ins_premium_det i),'19997','19997','02', '11000003','00','Request by Mr.Raheel Malik 12-Dec-2024 add premium allocation no Premium'); | H12: =F12&G12 -> insert into ins_premium_det (premium_rcv_code,assorted_code, rec_amount,premium_rcv_detail_code,remaining_amt, payrec, mode_code,coinsurance_code,class_cd,it_remarks) values('11Dec240052','070000162375','19997',(select max(to_number(i.premium_rcv_detail_code))+1 from ins_premium_det i),'19997','19997','02', '11000003','00','Request by Mr.Raheel Malik 12-Dec-2024 add premium allocation no Premium');
A13: LHR/LHR/D/MI/CRP/C/2449/02/2024 | B13: =VLOOKUP(A13,policy!B:D,2,0) -> 070000154302 | C13: 12000 | D13: =ROUND(C13,0) -> 12000 | E13: 11Dec240052 | F13: ="insert into ins_premium_det (premium_rcv_code,assorted_code, rec_amount,premium_rcv_detail_code,remaining_amt, payrec, mode_code,coinsurance_code,class_cd,it_remarks) values" -> insert into ins_premium_det (premium_rcv_code,assorted_code, rec_amount,premium_rcv_detail_code,remaining_amt, payrec, mode_code,coinsurance_code,class_cd,it_remarks) values | G13: ="('"&E13&"','"&B13&"','"&D13&"',(select max(to_number(i.premium_rcv_detail_code))+1 from ins_premium_det i),'"&D13&"','"&D13&"','02', '11000003','00','Request by Mr.Raheel Malik 12-Dec-2024 add premium allocation no Premium');" -> ('11Dec240052','070000154302','12000',(select max(to_number(i.premium_rcv_detail_code))+1 from ins_premium_det i),'12000','12000','02', '11000003','00','Request by Mr.Raheel Malik 12-Dec-2024 add premium allocation no Premium'); | H13: =F13&G13 -> insert into ins_premium_det (premium_rcv_code,assorted_code, rec_amount,premium_rcv_detail_code,remaining_amt, payrec, mode_code,coinsurance_code,class_cd,it_remarks) values('11Dec240052','070000154302','12000',(select max(to_number(i.premium_rcv_detail_code))+1 from ins_premium_det i),'12000','12000','02', '11000003','00','Request by Mr.Raheel Malik 12-Dec-2024 add premium allocation no Premium');
... A147: LHR/LHR/D/MI/CRP/C/2818/11/2024 | B147: =VLOOKUP(A147,policy!B:D,2,0) -> 070000169511 | C147: 5716 | D147: =ROUND(C147,0) -> 5716 | E147: 11Dec240052 | F147: ="insert into ins_premium_det (premium_rcv_code,assorted_code, rec_amount,premium_rcv_detail_code,remaining_amt, payrec, mode_code,coinsurance_code,class_cd,it_remarks) values" -> insert into ins_premium_det (premium_rcv_code,assorted_code, rec_amount,premium_rcv_detail_code,remaining_amt, payrec, mode_code,coinsurance_code,class_cd,it_remarks) values | G147: ="('"&E147&"','"&B147&"','"&D147&"',(select max(to_number(i.premium_rcv_detail_code))+1 from ins_premium_det i),'"&D147&"','"&D147&"','02', '11000003','00','Request by Mr.Raheel Malik 12-Dec-2024 add premium allocation no Premium');" -> ('11Dec240052','070000169511','5716',(select max(to_number(i.premium_rcv_detail_code))+1 from ins_premium_det i),'5716','5716','02', '11000003','00','Request by Mr.Raheel Malik 12-Dec-2024 add premium allocation no Premium'); | H147: =F147&G147 -> insert into ins_premium_det (premium_rcv_code,assorted_code, rec_amount,premium_rcv_detail_code,remaining_amt, payrec, mode_code,coinsurance_code,class_cd,it_remarks) values('11Dec240052','070000169511','5716',(select max(to_number(i.premium_rcv_detail_code))+1 from ins_premium_det i),'5716','5716','02', '11000003','00','Request by Mr.Raheel Malik 12-Dec-2024 add premium allocation no Premium');
C148: =SUM(C2:C147) -> 1796773 | D148: =SUM(D2:D147) -> 1796773

Sheet working-SC
A1: POLICY NO. | B1: Assorted_code | C1: Commission | D1: 11Dec240052
A2: LHR/LHR/D/MI/CRP/C/2457/02/2024 | B2: =VLOOKUP(A2,policy!B:D,2,) -> 070000154310 | C2: -125.025 | D2: 11Dec240052 | E2: =VLOOKUP(A2,policy!B:D,3,0) -> 09000414 | F2: ="insert into ins_premium_det (premium_rcv_code,assorted_code, rec_amount,premium_rcv_detail_code,remaining_amt, payrec, mode_code,paid_to_code,class_cd) values" -> insert into ins_premium_det (premium_rcv_code,assorted_code, rec_amount,premium_rcv_detail_code,remaining_amt, payrec, mode_code,paid_to_code,class_cd) values | G2: ="('"&D1&"','"&B2&"','"&C2&"',(select max(to_number(i.premium_rcv_detail_code))+1 from ins_premium_det i),'"&C2&"','"&C2&"','05', '"&E2&"','00');" -> ('11Dec240052','070000154310','-125.025',(select max(to_number(i.premium_rcv_detail_code))+1 from ins_premium_det i),'-125.025','-125.025','05', '09000414','00'); | H2: =F2&G2 -> insert into ins_premium_det (premium_rcv_code,assorted_code, rec_amount,premium_rcv_detail_code,remaining_amt, payrec, mode_code,paid_to_code,class_cd) values('11Dec240052','070000154310','-125.025',(select max(to_number(i.premium_rcv_detail_code))+1 from ins_premium_det i),'-125.025','-125.025','05', '09000414','00');
A3: LHR/LHR/D/MI/CRP/C/2838/11/2024 | B3: =VLOOKUP(A3,policy!B:D,2,) -> 070000171445 | C3: -99.875 | D3: 11Dec240052 | E3: =VLOOKUP(A3,policy!B:D,3,0) -> 09000414 | F3: ="insert into ins_premium_det (premium_rcv_code,assorted_code, rec_amount,premium_rcv_detail_code,remaining_amt, payrec, mode_code,paid_to_code,class_cd) values" -> insert into ins_premium_det (premium_rcv_code,assorted_code, rec_amount,premium_rcv_detail_code,remaining_amt, payrec, mode_code,paid_to_code,class_cd) values | G3: ="('"&D2&"','"&B3&"','"&C3&"',(select max(to_number(i.premium_rcv_detail_code))+1 from ins_premium_det i),'"&C3&"','"&C3&"','05', '"&E3&"','00');" -> ('11Dec240052','070000171445','-99.875',(select max(to_number(i.premium_rcv_detail_code))+1 from ins_premium_det i),'-99.875','-99.875','05', '09000414','00'); | H3: =F3&G3 -> insert into ins_premium_det (premium_rcv_code,assorted_code, rec_amount,premium_rcv_detail_code,remaining_amt, payrec, mode_code,paid_to_code,class_cd) values('11Dec240052','070000171445','-99.875',(select max(to_number(i.premium_rcv_detail_code))+1 from ins_premium_det i),'-99.875','-99.875','05', '09000414','00');
A4: LHR/LHR/D/MI/CRP/C/2526/04/2024 | B4: =VLOOKUP(A4,policy!B:D,2,) -> 070000157183 | C4: -399.975 | D4: 11Dec240052 | E4: =VLOOKUP(A4,policy!B:D,3,0) -> 09000414 | F4: ="insert into ins_premium_det (premium_rcv_code,assorted_code, rec_amount,premium_rcv_detail_code,remaining_amt, payrec, mode_code,paid_to_code,class_cd) values" -> insert into ins_premium_det (premium_rcv_code,assorted_code, rec_amount,premium_rcv_detail_code,remaining_amt, payrec, mode_code,paid_to_code,class_cd) values | G4: ="('"&D3&"','"&B4&"','"&C4&"',(select max(to_number(i.premium_rcv_detail_code))+1 from ins_premium_det i),'"&C4&"','"&C4&"','05', '"&E4&"','00');" -> ('11Dec240052','070000157183','-399.975',(select max(to_number(i.premium_rcv_detail_code))+1 from ins_premium_det i),'-399.975','-399.975','05', '09000414','00'); | H4: =F4&G4 -> insert into ins_premium_det (premium_rcv_code,assorted_code, rec_amount,premium_rcv_detail_code,remaining_amt, payrec, mode_code,paid_to_code,class_cd) values('11Dec240052','070000157183','-399.975',(select max(to_number(i.premium_rcv_detail_code))+1 from ins_premium_det i),'-399.975','-399.975','05', '09000414','00');
A5: LHR/LHR/D/MI/CRP/C/2458/02/2024 | B5: =VLOOKUP(A5,policy!B:D,2,) -> 070000154311 | C5: -100 | D5: 11Dec240052 | E5: =VLOOKUP(A5,policy!B:D,3,0) -> 09000414 | F5: ="insert into ins_premium_det (premium_rcv_code,assorted_code, rec_amount,premium_rcv_detail_code,remaining_amt, payrec, mode_code,paid_to_code,class_cd) values" -> insert into ins_premium_det (premium_rcv_code,assorted_code, rec_amount,premium_rcv_detail_code,remaining_amt, payrec, mode_code,paid_to_code,class_cd) values | G5: ="('"&D4&"','"&B5&"','"&C5&"',(select max(to_number(i.premium_rcv_detail_code))+1 from ins_premium_det i),'"&C5&"','"&C5&"','05', '"&E5&"','00');" -> ('11Dec240052','070000154311','-100',(select max(to_number(i.premium_rcv_detail_code))+1 from ins_premium_det i),'-100','-100','05', '09000414','00'); | H5: =F5&G5 -> insert into ins_premium_det (premium_rcv_code,assorted_code, rec_amount,premium_rcv_detail_code,remaining_amt, payrec, mode_code,paid_to_code,class_cd) values('11Dec240052','070000154311','-100',(select max(to_number(i.premium_rcv_detail_code))+1 from ins_premium_det i),'-100','-100','05', '09000414','00');
A6: LHR/LHR/D/MI/CRP/C/2795/10/2024 | B6: =VLOOKUP(A6,policy!B:D,2,) -> 070000167593 | C6: -49.9 | D6: 11Dec240052 | E6: =VLOOKUP(A6,policy!B:D,3,0) -> 09000414 | F6: ="insert into ins_premium_det (premium_rcv_code,assorted_code, rec_amount,premium_rcv_detail_code,remaining_amt, payrec, mode_code,paid_to_code,class_cd) values" -> insert into ins_premium_det (premium_rcv_code,assorted_code, rec_amount,premium_rcv_detail_code,remaining_amt, payrec, mode_code,paid_to_code,class_cd) values | G6: ="('"&D5&"','"&B6&"','"&C6&"',(select max(to_number(i.premium_rcv_detail_code))+1 from ins_premium_det i),'"&C6&"','"&C6&"','05', '"&E6&"','00');" -> ('11Dec240052','070000167593','-49.9',(select max(to_number(i.premium_rcv_detail_code))+1 from ins_premium_det i),'-49.9','-49.9','05', '09000414','00'); | H6: =F6&G6 -> insert into ins_premium_det (premium_rcv_code,assorted_code, rec_amount,premium_rcv_detail_code,remaining_amt, payrec, mode_code,paid_to_code,class_cd) values('11Dec240052','070000167593','-49.9',(select max(to_number(i.premium_rcv_detail_code))+1 from ins_premium_det i),'-49.9','-49.9','05', '09000414','00');
A7: LHR/LHR/D/MI/CRP/C/2515/04/2024 | B7: =VLOOKUP(A7,policy!B:D,2,) -> 070000157172 | C7: -49.95 | D7: 11Dec240052 | E7: =VLOOKUP(A7,policy!B:D,3,0) -> 09000414 | F7: ="insert into ins_premium_det (premium_rcv_code,assorted_code, rec_amount,premium_rcv_detail_code,remaining_amt, payrec, mode_code,paid_to_code,class_cd) values" -> insert into ins_premium_det (premium_rcv_code,assorted_code, rec_amount,premium_rcv_detail_code,remaining_amt, payrec, mode_code,paid_to_code,class_cd) values | G7: ="('"&D6&"','"&B7&"','"&C7&"',(select max(to_number(i.premium_rcv_detail_code))+1 from ins_premium_det i),'"&C7&"','"&C7&"','05', '"&E7&"','00');" -> ('11Dec240052','070000157172','-49.95',(select max(to_number(i.premium_rcv_detail_code))+1 from ins_premium_det i),'-49.95','-49.95','05', '09000414','00'); | H7: =F7&G7 -> insert into ins_premium_det (premium_rcv_code,assorted_code, rec_amount,premium_rcv_detail_code,remaining_amt, payrec, mode_code,paid_to_code,class_cd) values('11Dec240052','070000157172','-49.95',(select max(to_number(i.premium_rcv_detail_code))+1 from ins_premium_det i),'-49.95','-49.95','05', '09000414','00');
A8: LHR/LHR/D/MI/CRP/C/2677/07/2024 | B8: =VLOOKUP(A8,policy!B:D,2,) -> 070000162399 | C8: -89.9 | D8: 11Dec240052 | E8: =VLOOKUP(A8,policy!B:D,3,0) -> 09000414 | F8: ="insert into ins_premium_det (premium_rcv_code,assorted_code, rec_amount,premium_rcv_detail_code,remaining_amt, payrec, mode_code,paid_to_code,class_cd) values" -> insert into ins_premium_det (premium_rcv_code,assorted_code, rec_amount,premium_rcv_detail_code,remaining_amt, payrec, mode_code,paid_to_code,class_cd) values | G8: ="('"&D7&"','"&B8&"','"&C8&"',(select max(to_number(i.premium_rcv_detail_code))+1 from ins_premium_det i),'"&C8&"','"&C8&"','05', '"&E8&"','00');" -> ('11Dec240052','070000162399','-89.9',(select max(to_number(i.premium_rcv_detail_code))+1 from ins_premium_det i),'-89.9','-89.9','05', '09000414','00'); | H8: =F8&G8 -> insert into ins_premium_det (premium_rcv_code,assorted_code, rec_amount,premium_rcv_detail_code,remaining_amt, payrec, mode_code,paid_to_code,class_cd) values('11Dec240052','070000162399','-89.9',(select max(to_number(i.premium_rcv_detail_code))+1 from ins_premium_det i),'-89.9','-89.9','05', '09000414','00');
A9: LHR/LHR/D/MI/CRP/C/2820/11/2024 | B9: =VLOOKUP(A9,policy!B:D,2,) -> 070000169513 | C9: -699.925 | D9: 11Dec240052 | E9: =VLOOKUP(A9,policy!B:D,3,0) -> 09000414 | F9: ="insert into ins_premium_det (premium_rcv_code,assorted_code, rec_amount,premium_rcv_detail_code,remaining_amt, payrec, mode_code,paid_to_code,class_cd) values" -> insert into ins_premium_det (premium_rcv_code,assorted_code, rec_amount,premium_rcv_detail_code,remaining_amt, payrec, mode_code,paid_to_code,class_cd) values | G9: ="('"&D8&"','"&B9&"','"&C9&"',(select max(to_number(i.premium_rcv_detail_code))+1 from ins_premium_det i),'"&C9&"','"&C9&"','05', '"&E9&"','00');" -> ('11Dec240052','070000169513','-699.925',(select max(to_number(i.premium_rcv_detail_code))+1 from ins_premium_det i),'-699.925','-699.925','05', '09000414','00'); | H9: =F9&G9 -> insert into ins_premium_det (premium_rcv_code,assorted_code, rec_amount,premium_rcv_detail_code,remaining_amt, payrec, mode_code,paid_to_code,class_cd) values('11Dec240052','070000169513','-699.925',(select max(to_number(i.premium_rcv_detail_code))+1 from ins_premium_det i),'-699.925','-699.925','05', '09000414','00');
A10: LHR/LHR/D/MI/CRP/C/2837/11/2024 | B10: =VLOOKUP(A10,policy!B:D,2,) -> 070000171444 | C10: -749.9 | D10: 11Dec240052 | E10: =VLOOKUP(A10,policy!B:D,3,0) -> 09000414 | F10: ="insert into ins_premium_det (premium_rcv_code,assorted_code, rec_amount,premium_rcv_detail_code,remaining_amt, payrec, mode_code,paid_to_code,class_cd) values" -> insert into ins_premium_det (premium_rcv_code,assorted_code, rec_amount,premium_rcv_detail_code,remaining_amt, payrec, mode_code,paid_to_code,class_cd) values | G10: ="('"&D9&"','"&B10&"','"&C10&"',(select max(to_number(i.premium_rcv_detail_code))+1 from ins_premium_det i),'"&C10&"','"&C10&"','05', '"&E10&"','00');" -> ('11Dec240052','070000171444','-749.9',(select max(to_number(i.premium_rcv_detail_code))+1 from ins_premium_det i),'-749.9','-749.9','05', '09000414','00'); | H10: =F10&G10 -> insert into ins_premium_det (premium_rcv_code,assorted_code, rec_amount,premium_rcv_detail_code,remaining_amt, payrec, mode_code,paid_to_code,class_cd) values('11Dec240052','070000171444','-749.9',(select max(to_number(i.premium_rcv_detail_code))+1 from ins_premium_det i),'-749.9','-749.9','05', '09000414','00');
A11: LHR/LHR/D/MI/CRP/C/2683/07/2024 | B11: =VLOOKUP(A11,policy!B:D,2,) -> 070000162405 | C11: -399.925 | D11: 11Dec240052 | E11: =VLOOKUP(A11,policy!B:D,3,0) -> 09000414 | F11: ="insert into ins_premium_det (premium_rcv_code,assorted_code, rec_amount,premium_rcv_detail_code,remaining_amt, payrec, mode_code,paid_to_code,class_cd) values" -> insert into ins_premium_det (premium_rcv_code,assorted_code, rec_amount,premium_rcv_detail_code,remaining_amt, payrec, mode_code,paid_to_code,class_cd) values | G11: ="('"&D10&"','"&B11&"','"&C11&"',(select max(to_number(i.premium_rcv_detail_code))+1 from ins_premium_det i),'"&C11&"','"&C11&"','05', '"&E11&"','00');" -> ('11Dec240052','070000162405','-399.925',(select max(to_number(i.premium_rcv_detail_code))+1 from ins_premium_det i),'-399.925','-399.925','05', '09000414','00'); | H11: =F11&G11 -> insert into ins_premium_det (premium_rcv_code,assorted_code, rec_amount,premium_rcv_detail_code,remaining_amt, payrec, mode_code,paid_to_code,class_cd) values('11Dec240052','070000162405','-399.925',(select max(to_number(i.premium_rcv_detail_code))+1 from ins_premium_det i),'-399.925','-399.925','05', '09000414','00');
A12: LHR/LHR/D/MI/CRP/C/2653/07/2024 | B12: =VLOOKUP(A12,policy!B:D,2,) -> 070000162375 | C12: -499.925 | D12: 11Dec240052 | E12: =VLOOKUP(A12,policy!B:D,3,0) -> 09000414 | F12: ="insert into ins_premium_det (premium_rcv_code,assorted_code, rec_amount,premium_rcv_detail_code,remaining_amt, payrec, mode_code,paid_to_code,class_cd) values" -> insert into ins_premium_det (premium_rcv_code,assorted_code, rec_amount,premium_rcv_detail_code,remaining_amt, payrec, mode_code,paid_to_code,class_cd) values | G12: ="('"&D11&"','"&B12&"','"&C12&"',(select max(to_number(i.premium_rcv_detail_code))+1 from ins_premium_det i),'"&C12&"','"&C12&"','05', '"&E12&"','00');" -> ('11Dec240052','070000162375','-499.925',(select max(to_number(i.premium_rcv_detail_code))+1 from ins_premium_det i),'-499.925','-499.925','05', '09000414','00'); | H12: =F12&G12 -> insert into ins_premium_det (premium_rcv_code,assorted_code, rec_amount,premium_rcv_detail_code,remaining_amt, payrec, mode_code,paid_to_code,class_cd) values('11Dec240052','070000162375','-499.925',(select max(to_number(i.premium_rcv_detail_code))+1 from ins_premium_det i),'-499.925','-499.925','05', '09000414','00');
A13: LHR/LHR/D/MI/CRP/C/2449/02/2024 | B13: =VLOOKUP(A13,policy!B:D,2,) -> 070000154302 | C13: -300 | D13: 11Dec240052 | E13: =VLOOKUP(A13,policy!B:D,3,0) -> 09000414 | F13: ="insert into ins_premium_det (premium_rcv_code,assorted_code, rec_amount,premium_rcv_detail_code,remaining_amt, payrec, mode_code,paid_to_code,class_cd) values" -> insert into ins_premium_det (premium_rcv_code,assorted_code, rec_amount,premium_rcv_detail_code,remaining_amt, payrec, mode_code,paid_to_code,class_cd) values | G13: ="('"&D12&"','"&B13&"','"&C13&"',(select max(to_number(i.premium_rcv_detail_code))+1 from ins_premium_det i),'"&C13&"','"&C13&"','05', '"&E13&"','00');" -> ('11Dec240052','070000154302','-300',(select max(to_number(i.premium_rcv_detail_code))+1 from ins_premium_det i),'-300','-300','05', '09000414','00'); | H13: =F13&G13 -> insert into ins_premium_det (premium_rcv_code,assorted_code, rec_amount,premium_rcv_detail_code,remaining_amt, payrec, mode_code,paid_to_code,class_cd) values('11Dec240052','070000154302','-300',(select max(to_number(i.premium_rcv_detail_code))+1 from ins_premium_det i),'-300','-300','05', '09000414','00');
... A147: LHR/LHR/D/MI/CRP/C/2818/11/2024 | B147: =VLOOKUP(A147,policy!B:D,2,) -> 070000169511 | C147: -142.9 | D147: 11Dec240052 | E147: =VLOOKUP(A147,policy!B:D,3,0) -> 09000414 | F147: ="insert into ins_premium_det (premium_rcv_code,assorted_code, rec_amount,premium_rcv_detail_code,remaining_amt, payrec, mode_code,paid_to_code,class_cd) values" -> insert into ins_premium_det (premium_rcv_code,assorted_code, rec_amount,premium_rcv_detail_code,remaining_amt, payrec, mode_code,paid_to_code,class_cd) values | G147: ="('"&D146&"','"&B147&"','"&C147&"',(select max(to_number(i.premium_rcv_detail_code))+1 from ins_premium_det i),'"&C147&"','"&C147&"','05', '"&E147&"','00');" -> ('11Dec240052','070000169511','-142.9',(select max(to_number(i.premium_rcv_detail_code))+1 from ins_premium_det i),'-142.9','-142.9','05', '09000414','00'); | H147: =F147&G147 -> insert into ins_premium_det (premium_rcv_code,assorted_code, rec_amount,premium_rcv_detail_code,remaining_amt, payrec, mode_code,paid_to_code,class_cd) values('11Dec240052','070000169511','-142.9',(select max(to_number(i.premium_rcv_detail_code))+1 from ins_premium_det i),'-142.9','-142.9','05', '09000414','00');
C149: =SUM(C2:C147) -> 0

Sheet Sheet3
A1: LHR/LHR/D/MI/CRP/C/2457/02/2024 | B1: -02-2024 | D1: 2457 | E1: ="ia.assorted_string like '%"&D1&B1&"%' or" -> ia.assorted_string like '%2457-02-2024%' or
A2: LHR/LHR/D/MI/CRP/C/2838/11/2024 | B2: -11-2024 | D2: 2838 | E2: ="ia.assorted_string like '%"&D2&B2&"%' or" -> ia.assorted_string like '%2838-11-2024%' or
A3: LHR/LHR/D/MI/CRP/C/2526/04/2024 | B3: -04-2024 | D3: 2526 | E3: ="ia.assorted_string like '%"&D3&B3&"%' or" -> ia.assorted_string like '%2526-04-2024%' or
A4: LHR/LHR/D/MI/CRP/C/2458/02/2024 | B4: -02-2024 | D4: 2458 | E4: ="ia.assorted_string like '%"&D4&B4&"%' or" -> ia.assorted_string like '%2458-02-2024%' or
A5: LHR/LHR/D/MI/CRP/C/2795/10/2024 | B5: -10-2024 | D5: 2795 | E5: ="ia.assorted_string like '%"&D5&B5&"%' or" -> ia.assorted_string like '%2795-10-2024%' or
A6: LHR/LHR/D/MI/CRP/C/2515/04/2024 | B6: -04-2024 | D6: 2515 | E6: ="ia.assorted_string like '%"&D6&B6&"%' or" -> ia.assorted_string like '%2515-04-2024%' or
A7: LHR/LHR/D/MI/CRP/C/2677/07/2024 | B7: -07-2024 | D7: 2677 | E7: ="ia.assorted_string like '%"&D7&B7&"%' or" -> ia.assorted_string like '%2677-07-2024%' or
A8: LHR/LHR/D/MI/CRP/C/2820/11/2024 | B8: -11-2024 | D8: 2820 | E8: ="ia.assorted_string like '%"&D8&B8&"%' or" -> ia.assorted_string like '%2820-11-2024%' or
A9: LHR/LHR/D/MI/CRP/C/2837/11/2024 | B9: -11-2024 | D9: 2837 | E9: ="ia.assorted_string like '%"&D9&B9&"%' or" -> ia.assorted_string like '%2837-11-2024%' or
A10: LHR/LHR/D/MI/CRP/C/2683/07/2024 | B10: -07-2024 | D10: 2683 | E10: ="ia.assorted_string like '%"&D10&B10&"%' or" -> ia.assorted_string like '%2683-07-2024%' or
A11: LHR/LHR/D/MI/CRP/C/2653/07/2024 | B11: -07-2024 | D11: 2653 | E11: ="ia.assorted_string like '%"&D11&B11&"%' or" -> ia.assorted_string like '%2653-07-2024%' or
A12: LHR/LHR/D/MI/CRP/C/2449/02/2024 | B12: -02-2024 | D12: 2449 | E12: ="ia.assorted_string like '%"&D12&B12&"%' or" -> ia.assorted_string like '%2449-02-2024%' or
... A146: LHR/LHR/D/MI/CRP/C/2818/11/2024 | B146: -11-2024 | D146: 2818 | E146: ="ia.assorted_string like '%"&D146&B146&"%' or" -> ia.assorted_string like '%2818-11-2024%' or

Sheet policy
B1: FUNC_ASSORTED_STRING(IA.ASSORTED_CODE) | C1: ASSORTED_CODE | D1: AGENCY_CODE
A2: 1 | B2: KHI/HO/D/MO/PD COMP/R/13575/07/2023 | C2: 080000143652 | D2: 09000221
A3: 2 | B3: KHI/HO/D/HLGRP HEALTH/E/20575/07/2023 | C3: 050000623381 | D3: 09000267
A4: 3 | B4: KHI/HO/D/MI/CT/E/2575/07/2023 | C4: 050000626401 | D4: 09000045
A5: 4 | B5: LHR/LHR/D/MI/CRP/C/2465/02/2024 | C5: 070000154318 | D5: 09000414
A6: 5 | B6: KHI/HO/D/MR/IMPORTS/C/22515/04/2024 | C6: 020000042692 | D6: 09000212
A7: 6 | B7: KHI/HO/D/MO/PC COMP/P/82392/01/2024 | C7: 040000164024 | D7: 09000210
A8: 7 | B8: KHI/HO/D/MR/IMPORTS/C/22513/04/2024 | C8: 020000042676 | D8: 09000221
A9: 8 | B9: KHI/HO/D/MO/PC COMP/P/82389/01/2024 | C9: 040000164021 | D9: 09000214
A10: 9 | B10: KHI/HO/D/MO/PC COMP/P/82391/01/2024 | C10: 040000164023 | D10: 09000214
A11: 10 | B11: KHI/HO/D/MO/PC COMP/P/82394/01/2024 | C11: 040000164026 | D11: 09000214
A12: 11 | B12: LHR/LHR/D/MI/CRP/C/2447/02/2024 | C12: 070000154300 | D12: 09000414
A13: 12 | B13: LHR/LHR/D/MI/CRP/C/2451/02/2024 | C13: 070000154304 | D13: 09000414
... A316: 315 | B316: LHR/LHR/D/MI/CRP/C/2844/11/2024 | C316: 070000171451 | D316: 09000414
