Workbook

Sheet Sheet1
A1: POLICIES A | B1: AMT A
A2: KHI/HO/D/MO/PC COMP/C/62063/54/07/2022 | B2: -100
A3: KHI/HO/D/MI/TRI/P/9702/03/2023 | B3: -100
A4: KHI/HO/D/MI/LST/P/40/07/2022 | B4: -80
A5: KHI/HO/D/MI/LST/P/42/07/2022 | B5: -80
A6: KHI/HO/D/FR/ND/P/17729/02/2023 | B6: -75
A7: LHR/LHR/F/MO/PC COMP/P/70605/05/2023 | B7: -75
A8: KHI/HO/D/MR/IMPORTS/C/19481/03/2024 | B8: -63
A9: KHI/HO/D/MO/PD COMP/P/67739/02/2023 | B9: -57
A10: KHI/HO/D/MI/PA/P/3343/09/2023 | B10: -50
A11: KHI/HO/D/MI/PA/P/3348/09/2023 | B11: -50
A12: KHI/HO/D/MI/PA/P/3349/09/2023 | B12: -50
A13: KHI/HO/D/HLGRP HEALTH/P/518/03/2020 | B13: -50
... A2333: MUL/MUL/F/FR/ND/P/17599/02/2023 | B2333: 100
A2334: Grand Total | B2334: =SUM(B2:B2333) -> 15249.659

Sheet working
A1: POLICY NO. | B1: Assorted_code | D1: Premium | E1: 28Nov240101
A2: KHI/HO/D/MO/PC COMP/C/62063/54/07/2022 | B2: =VLOOKUP(A2,assortedcode!B:C,2,0) -> 070000106483 | C2: -100 | D2: =ROUND(C2,0) -> -100 | E2: 28Nov240101 | F2: ="insert into ins_premium_det (premium_rcv_code,assorted_code, rec_amount,premium_rcv_detail_code,remaining_amt, payrec, mode_code,coinsurance_code,class_cd,it_remarks) values" -> insert into ins_premium_det (premium_rcv_code,assorted_code, rec_amount,premium_rcv_detail_code,remaining_amt, payrec, mode_code,coinsurance_code,class_cd,it_remarks) values | G2: ="('"&E2&"','"&B2&"','"&ROUND(D2,2)&"',(select max(to_number(i.premium_rcv_detail_code))+1 from ins_premium_det i),'"&D2&"','"&D2&"','02', '11000003','00','Request by Mr. Omair Ali 29-Nov-2024');" -> ('28Nov240101','070000106483','-100',(select max(to_number(i.premium_rcv_detail_code))+1 from ins_premium_det i),'-100','-100','02', '11000003','00','Request by Mr. Omair Ali 29-Nov-2024'); | H2: =F2&G2 -> insert into ins_premium_det (premium_rcv_code,assorted_code, rec_amount,premium_rcv_detail_code,remaining_amt, payrec, mode_code,coinsurance_code,class_cd,it_remarks) values('28Nov240101','070000106483','-100',(select max(to_number(i.premium_rcv_detail_code))+1 from ins_premium_det i),'-100','-100','02', '11000003','00','Request by Mr. Omair Ali 29-Nov-2024');
A3: KHI/HO/D/MI/TRI/P/9702/03/2023 | B3: =VLOOKUP(A3,assortedcode!B:C,2,0) -> 040000140987 | C3: -100 | D3: =ROUND(C3,0) -> -100 | E3: 28Nov240101 | F3: ="insert into ins_premium_det (premium_rcv_code,assorted_code, rec_amount,premium_rcv_detail_code,remaining_amt, payrec, mode_code,coinsurance_code,class_cd,it_remarks) values" -> insert into ins_premium_det (premium_rcv_code,assorted_code, rec_amount,premium_rcv_detail_code,remaining_amt, payrec, mode_code,coinsurance_code,class_cd,it_remarks) values | G3: ="('"&E3&"','"&B3&"','"&ROUND(D3,2)&"',(select max(to_number(i.premium_rcv_detail_code))+1 from ins_premium_det i),'"&D3&"','"&D3&"','02', '11000003','00','Request by Mr. Omair Ali 29-Nov-2024');" -> ('28Nov240101','040000140987','-100',(select max(to_number(i.premium_rcv_detail_code))+1 from ins_premium_det i),'-100','-100','02', '11000003','00','Request by Mr. Omair Ali 29-Nov-2024'); | H3: =F3&G3 -> insert into ins_premium_det (premium_rcv_code,assorted_code, rec_amount,premium_rcv_detail_code,remaining_amt, payrec, mode_code,coinsurance_code,class_cd,it_remarks) values('28Nov240101','040000140987','-100',(select max(to_number(i.premium_rcv_detail_code))+1 from ins_premium_det i),'-100','-100','02', '11000003','00','Request by Mr. Omair Ali 29-Nov-2024');
A4: KHI/HO/D/MI/LST/P/40/07/2022 | B4: =VLOOKUP(A4,assortedcode!B:C,2,0) -> 040000122044 | C4: -80 | D4: =ROUND(C4,0) -> -80 | E4: 28Nov240101 | F4: ="insert into ins_premium_det (premium_rcv_code,assorted_code, rec_amount,premium_rcv_detail_code,remaining_amt, payrec, mode_code,coinsurance_code,class_cd,it_remarks) values" -> insert into ins_premium_det (premium_rcv_code,assorted_code, rec_amount,premium_rcv_detail_code,remaining_amt, payrec, mode_code,coinsurance_code,class_cd,it_remarks) values | G4: ="('"&E4&"','"&B4&"','"&ROUND(D4,2)&"',(select max(to_number(i.premium_rcv_detail_code))+1 from ins_premium_det i),'"&D4&"','"&D4&"','02', '11000003','00','Request by Mr. Omair Ali 29-Nov-2024');" -> ('28Nov240101','040000122044','-80',(select max(to_number(i.premium_rcv_detail_code))+1 from ins_premium_det i),'-80','-80','02', '11000003','00','Request by Mr. Omair Ali 29-Nov-2024'); | H4: =F4&G4 -> insert into ins_premium_det (premium_rcv_code,assorted_code, rec_amount,premium_rcv_detail_code,remaining_amt, payrec, mode_code,coinsurance_code,class_cd,it_remarks) values('28Nov240101','040000122044','-80',(select max(to_number(i.premium_rcv_detail_code))+1 from ins_premium_det i),'-80','-80','02', '11000003','00','Request by Mr. Omair Ali 29-Nov-2024');
A5: KHI/HO/D/MI/LST/P/42/07/2022 | B5: =VLOOKUP(A5,assortedcode!B:C,2,0) -> 040000122210 | C5: -80 | D5: =ROUND(C5,0) -> -80 | E5: 28Nov240101 | F5: ="insert into ins_premium_det (premium_rcv_code,assorted_code, rec_amount,premium_rcv_detail_code,remaining_amt, payrec, mode_code,coinsurance_code,class_cd,it_remarks) values" -> insert into ins_premium_det (premium_rcv_code,assorted_code, rec_amount,premium_rcv_detail_code,remaining_amt, payrec, mode_code,coinsurance_code,class_cd,it_remarks) values | G5: ="('"&E5&"','"&B5&"','"&ROUND(D5,2)&"',(select max(to_number(i.premium_rcv_detail_code))+1 from ins_premium_det i),'"&D5&"','"&D5&"','02', '11000003','00','Request by Mr. Omair Ali 29-Nov-2024');" -> ('28Nov240101','040000122210','-80',(select max(to_number(i.premium_rcv_detail_code))+1 from ins_premium_det i),'-80','-80','02', '11000003','00','Request by Mr. Omair Ali 29-Nov-2024'); | H5: =F5&G5 -> insert into ins_premium_det (premium_rcv_code,assorted_code, rec_amount,premium_rcv_detail_code,remaining_amt, payrec, mode_code,coinsurance_code,class_cd,it_remarks) values('28Nov240101','040000122210','-80',(select max(to_number(i.premium_rcv_detail_code))+1 from ins_premium_det i),'-80','-80','02', '11000003','00','Request by Mr. Omair Ali 29-Nov-2024');
A6: KHI/HO/D/FR/ND/P/17729/02/2023 | B6: =VLOOKUP(A6,assortedcode!B:C,2,0) -> 040000140504 | C6: -75 | D6: =ROUND(C6,0) -> -75 | E6: 28Nov240101 | F6: ="insert into ins_premium_det (premium_rcv_code,assorted_code, rec_amount,premium_rcv_detail_code,remaining_amt, payrec, mode_code,coinsurance_code,class_cd,it_remarks) values" -> insert into ins_premium_det (premium_rcv_code,assorted_code, rec_amount,premium_rcv_detail_code,remaining_amt, payrec, mode_code,coinsurance_code,class_cd,it_remarks) values | G6: ="('"&E6&"','"&B6&"','"&ROUND(D6,2)&"',(select max(to_number(i.premium_rcv_detail_code))+1 from ins_premium_det i),'"&D6&"','"&D6&"','02', '11000003','00','Request by Mr. Omair Ali 29-Nov-2024');" -> ('28Nov240101','040000140504','-75',(select max(to_number(i.premium_rcv_detail_code))+1 from ins_premium_det i),'-75','-75','02', '11000003','00','Request by Mr. Omair Ali 29-Nov-2024'); | H6: =F6&G6 -> insert into ins_premium_det (premium_rcv_code,assorted_code, rec_amount,premium_rcv_detail_code,remaining_amt, payrec, mode_code,coinsurance_code,class_cd,it_remarks) values('28Nov240101','040000140504','-75',(select max(to_number(i.premium_rcv_detail_code))+1 from ins_premium_det i),'-75','-75','02', '11000003','00','Request by Mr. Omair Ali 29-Nov-2024');
A7: LHR/LHR/F/MO/PC COMP/P/70605/05/2023 | B7: =VLOOKUP(A7,assortedcode!B:C,2,0) -> 040000144672 | C7: -75 | D7: =ROUND(C7,0) -> -75 | E7: 28Nov240101 | F7: ="insert into ins_premium_det (premium_rcv_code,assorted_code, rec_amount,premium_rcv_detail_code,remaining_amt, payrec, mode_code,coinsurance_code,class_cd,it_remarks) values" -> insert into ins_premium_det (premium_rcv_code,assorted_code, rec_amount,premium_rcv_detail_code,remaining_amt, payrec, mode_code,coinsurance_code,class_cd,it_remarks) values | G7: ="('"&E7&"','"&B7&"','"&ROUND(D7,2)&"',(select max(to_number(i.premium_rcv_detail_code))+1 from ins_premium_det i),'"&D7&"','"&D7&"','02', '11000003','00','Request by Mr. Omair Ali 29-Nov-2024');" -> ('28Nov240101','040000144672','-75',(select max(to_number(i.premium_rcv_detail_code))+1 from ins_premium_det i),'-75','-75','02', '11000003','00','Request by Mr. Omair Ali 29-Nov-2024'); | H7: =F7&G7 -> insert into ins_premium_det (premium_rcv_code,assorted_code, rec_amount,premium_rcv_detail_code,remaining_amt, payrec, mode_code,coinsurance_code,class_cd,it_remarks) values('28Nov240101','040000144672','-75',(select max(to_number(i.premium_rcv_detail_code))+1 from ins_premium_det i),'-75','-75','02', '11000003','00','Request by Mr. Omair Ali 29-Nov-2024');
A8: KHI/HO/D/MR/IMPORTS/C/19481/03/2024 | B8: =VLOOKUP(A8,assortedcode!B:C,2,0) -> 070000156195 | C8: -63 | D8: =ROUND(C8,0) -> -63 | E8: 28Nov240101 | F8: ="insert into ins_premium_det (premium_rcv_code,assorted_code, rec_amount,premium_rcv_detail_code,remaining_amt, payrec, mode_code,coinsurance_code,class_cd,it_remarks) values" -> insert into ins_premium_det (premium_rcv_code,assorted_code, rec_amount,premium_rcv_detail_code,remaining_amt, payrec, mode_code,coinsurance_code,class_cd,it_remarks) values | G8: ="('"&E8&"','"&B8&"','"&ROUND(D8,2)&"',(select max(to_number(i.premium_rcv_detail_code))+1 from ins_premium_det i),'"&D8&"','"&D8&"','02', '11000003','00','Request by Mr. Omair Ali 29-Nov-2024');" -> ('28Nov240101','070000156195','-63',(select max(to_number(i.premium_rcv_detail_code))+1 from ins_premium_det i),'-63','-63','02', '11000003','00','Request by Mr. Omair Ali 29-Nov-2024'); | H8: =F8&G8 -> insert into ins_premium_det (premium_rcv_code,assorted_code, rec_amount,premium_rcv_detail_code,remaining_amt, payrec, mode_code,coinsurance_code,class_cd,it_remarks) values('28Nov240101','070000156195','-63',(select max(to_number(i.premium_rcv_detail_code))+1 from ins_premium_det i),'-63','-63','02', '11000003','00','Request by Mr. Omair Ali 29-Nov-2024');
A9: KHI/HO/D/MO/PD COMP/P/67739/02/2023 | B9: =VLOOKUP(A9,assortedcode!B:C,2,0) -> 040000139494 | C9: -57 | D9: =ROUND(C9,0) -> -57 | E9: 28Nov240101 | F9: ="insert into ins_premium_det (premium_rcv_code,assorted_code, rec_amount,premium_rcv_detail_code,remaining_amt, payrec, mode_code,coinsurance_code,class_cd,it_remarks) values" -> insert into ins_premium_det (premium_rcv_code,assorted_code, rec_amount,premium_rcv_detail_code,remaining_amt, payrec, mode_code,coinsurance_code,class_cd,it_remarks) values | G9: ="('"&E9&"','"&B9&"','"&ROUND(D9,2)&"',(select max(to_number(i.premium_rcv_detail_code))+1 from ins_premium_det i),'"&D9&"','"&D9&"','02', '11000003','00','Request by Mr. Omair Ali 29-Nov-2024');" -> ('28Nov240101','040000139494','-57',(select max(to_number(i.premium_rcv_detail_code))+1 from ins_premium_det i),'-57','-57','02', '11000003','00','Request by Mr. Omair Ali 29-Nov-2024'); | H9: =F9&G9 -> insert into ins_premium_det (premium_rcv_code,assorted_code, rec_amount,premium_rcv_detail_code,remaining_amt, payrec, mode_code,coinsurance_code,class_cd,it_remarks) values('28Nov240101','040000139494','-57',(select max(to_number(i.premium_rcv_detail_code))+1 from ins_premium_det i),'-57','-57','02', '11000003','00','Request by Mr. Omair Ali 29-Nov-2024');
A10: KHI/HO/D/MI/PA/P/3343/09/2023 | B10: =VLOOKUP(A10,assortedcode!B:C,2,0) -> 040000153537 | C10: -50 | D10: =ROUND(C10,0) -> -50 | E10: 28Nov240101 | F10: ="insert into ins_premium_det (premium_rcv_code,assorted_code, rec_amount,premium_rcv_detail_code,remaining_amt, payrec, mode_code,coinsurance_code,class_cd,it_remarks) values" -> insert into ins_premium_det (premium_rcv_code,assorted_code, rec_amount,premium_rcv_detail_code,remaining_amt, payrec, mode_code,coinsurance_code,class_cd,it_remarks) values | G10: ="('"&E10&"','"&B10&"','"&ROUND(D10,2)&"',(select max(to_number(i.premium_rcv_detail_code))+1 from ins_premium_det i),'"&D10&"','"&D10&"','02', '11000003','00','Request by Mr. Omair Ali 29-Nov-2024');" -> ('28Nov240101','040000153537','-50',(select max(to_number(i.premium_rcv_detail_code))+1 from ins_premium_det i),'-50','-50','02', '11000003','00','Request by Mr. Omair Ali 29-Nov-2024'); | H10: =F10&G10 -> insert into ins_premium_det (premium_rcv_code,assorted_code, rec_amount,premium_rcv_detail_code,remaining_amt, payrec, mode_code,coinsurance_code,class_cd,it_remarks) values('28Nov240101','040000153537','-50',(select max(to_number(i.premium_rcv_detail_code))+1 from ins_premium_det i),'-50','-50','02', '11000003','00','Request by Mr. Omair Ali 29-Nov-2024');
A11: KHI/HO/D/MI/PA/P/3348/09/2023 | B11: =VLOOKUP(A11,assortedcode!B:C,2,0) -> 040000153561 | C11: -50 | D11: =ROUND(C11,0) -> -50 | E11: 28Nov240101 | F11: ="insert into ins_premium_det (premium_rcv_code,assorted_code, rec_amount,premium_rcv_detail_code,remaining_amt, payrec, mode_code,coinsurance_code,class_cd,it_remarks) values" -> insert into ins_premium_det (premium_rcv_code,assorted_code, rec_amount,premium_rcv_detail_code,remaining_amt, payrec, mode_code,coinsurance_code,class_cd,it_remarks) values | G11: ="('"&E11&"','"&B11&"','"&ROUND(D11,2)&"',(select max(to_number(i.premium_rcv_detail_code))+1 from ins_premium_det i),'"&D11&"','"&D11&"','02', '11000003','00','Request by Mr. Omair Ali 29-Nov-2024');" -> ('28Nov240101','040000153561','-50',(select max(to_number(i.premium_rcv_detail_code))+1 from ins_premium_det i),'-50','-50','02', '11000003','00','Request by Mr. Omair Ali 29-Nov-2024'); | H11: =F11&G11 -> insert into ins_premium_det (premium_rcv_code,assorted_code, rec_amount,premium_rcv_detail_code,remaining_amt, payrec, mode_code,coinsurance_code,class_cd,it_remarks) values('28Nov240101','040000153561','-50',(select max(to_number(i.premium_rcv_detail_code))+1 from ins_premium_det i),'-50','-50','02', '11000003','00','Request by Mr. Omair Ali 29-Nov-2024');
A12: KHI/HO/D/MI/PA/P/3349/09/2023 | B12: =VLOOKUP(A12,assortedcode!B:C,2,0) -> 040000153563 | C12: -50 | D12: =ROUND(C12,0) -> -50 | E12: 28Nov240101 | F12: ="insert into ins_premium_det (premium_rcv_code,assorted_code, rec_amount,premium_rcv_detail_code,remaining_amt, payrec, mode_code,coinsurance_code,class_cd,it_remarks) values" -> insert into ins_premium_det (premium_rcv_code,assorted_code, rec_amount,premium_rcv_detail_code,remaining_amt, payrec, mode_code,coinsurance_code,class_cd,it_remarks) values | G12: ="('"&E12&"','"&B12&"','"&ROUND(D12,2)&"',(select max(to_number(i.premium_rcv_detail_code))+1 from ins_premium_det i),'"&D12&"','"&D12&"','02', '11000003','00','Request by Mr. Omair Ali 29-Nov-2024');" -> ('28Nov240101','040000153563','-50',(select max(to_number(i.premium_rcv_detail_code))+1 from ins_premium_det i),'-50','-50','02', '11000003','00','Request by Mr. Omair Ali 29-Nov-2024'); | H12: =F12&G12 -> insert into ins_premium_det (premium_rcv_code,assorted_code, rec_amount,premium_rcv_detail_code,remaining_amt, payrec, mode_code,coinsurance_code,class_cd,it_remarks) values('28Nov240101','040000153563','-50',(select max(to_number(i.premium_rcv_detail_code))+1 from ins_premium_det i),'-50','-50','02', '11000003','00','Request by Mr. Omair Ali 29-Nov-2024');
A13: KHI/HO/D/HLGRP HEALTH/P/518/03/2020 | B13: =VLOOKUP(A13,assortedcode!B:C,2,0) -> 040000095469 | C13: -50 | D13: =ROUND(C13,0) -> -50 | E13: 28Nov240101 | F13: ="insert into ins_premium_det (premium_rcv_code,assorted_code, rec_amount,premium_rcv_detail_code,remaining_amt, payrec, mode_code,coinsurance_code,class_cd,it_remarks) values" -> insert into ins_premium_det (premium_rcv_code,assorted_code, rec_amount,premium_rcv_detail_code,remaining_amt, payrec, mode_code,coinsurance_code,class_cd,it_remarks) values | G13: ="('"&E13&"','"&B13&"','"&ROUND(D13,2)&"',(select max(to_number(i.premium_rcv_detail_code))+1 from ins_premium_det i),'"&D13&"','"&D13&"','02', '11000003','00','Request by Mr. Omair Ali 29-Nov-2024');" -> ('28Nov240101','040000095469','-50',(select max(to_number(i.premium_rcv_detail_code))+1 from ins_premium_det i),'-50','-50','02', '11000003','00','Request by Mr. Omair Ali 29-Nov-2024'); | H13: =F13&G13 -> insert into ins_premium_det (premium_rcv_code,assorted_code, rec_amount,premium_rcv_detail_code,remaining_amt, payrec, mode_code,coinsurance_code,class_cd,it_remarks) values('28Nov240101','040000095469','-50',(select max(to_number(i.premium_rcv_detail_code))+1 from ins_premium_det i),'-50','-50','02', '11000003','00','Request by Mr. Omair Ali 29-Nov-2024');
... A2267: KHI/HO/D/MI/CRP/C/2568/06/2024 | B2267: =VLOOKUP(A2267,assortedcode!B:C,2,0) -> 070000160417 | C2267: 80 | D2267: =ROUND(C2267,0) -> 80 | E2267: 28Nov240101 | F2267: ="insert into ins_premium_det (premium_rcv_code,assorted_code, rec_amount,premium_rcv_detail_code,remaining_amt, payrec, mode_code,coinsurance_code,class_cd,it_remarks) values" -> insert into ins_premium_det (premium_rcv_code,assorted_code, rec_amount,premium_rcv_detail_code,remaining_amt, payrec, mode_code,coinsurance_code,class_cd,it_remarks) values | G2267: ="('"&E2267&"','"&B2267&"','"&ROUND(D2267,2)&"',(select max(to_number(i.premium_rcv_detail_code))+1 from ins_premium_det i),'"&D2267&"','"&D2267&"','02', '11000003','00','Request by Mr. Omair Ali 29-Nov-2024');" -> ('28Nov240101','070000160417','80',(select max(to_number(i.premium_rcv_detail_code))+1 from ins_premium_det i),'80','80','02', '11000003','00','Request by Mr. Omair Ali 29-Nov-2024'); | H2267: =F2267&G2267 -> insert into ins_premium_det (premium_rcv_code,assorted_code, rec_amount,premium_rcv_detail_code,remaining_amt, payrec, mode_code,coinsurance_code,class_cd,it_remarks) values('28Nov240101','070000160417','80',(select max(to_number(i.premium_rcv_detail_code))+1 from ins_premium_det i),'80','80','02', '11000003','00','Request by Mr. Omair Ali 29-Nov-2024');
A2268: KHI/HO/ | B2268: =VLOOKUP(A2268,assortedcode!B:C,2,0) -> #N/A | C2268: 80 | D2268: 80 | E2268: 14Aug240007 | F2268: ="insert into ins_premium_det (premium_rcv_code,assorted_code, rec_amount,premium_rcv_detail_code,remaining_amt, payrec, mode_code,coinsurance_code,class_cd,it_remarks) values" -> insert into ins_premium_det (premium_rcv_code,assorted_code, rec_amount,premium_rcv_detail_code,remaining_amt, payrec, mode_code,coinsurance_code,class_cd,it_remarks) values | G2268: ="('"&E2268&"','"&B2268&"','"&D2268&"',(select max(to_number(i.premium_rcv_detail_code))+1 from ins_premium_det i),'"&D2268&"','"&D2268&"','02', '11000003','00','Request by Mr. Omair Ali 29-Nov-2024');" -> #N/A | H2268: =F2268&G2268 -> #N/A
A2269: KHI/HO/D/MI/CRP/C/2566/06/2024 | B2269: =VLOOKUP(A2269,assortedcode!B:C,2,0) -> 070000160415 | C2269: 80 | D2269: =ROUND(C2269,0) -> 80 | E2269: 28Nov240101 | F2269: ="insert into ins_premium_det (premium_rcv_code,assorted_code, rec_amount,premium_rcv_detail_code,remaining_amt, payrec, mode_code,coinsurance_code,class_cd,it_remarks) values" -> insert into ins_premium_det (premium_rcv_code,assorted_code, rec_amount,premium_rcv_detail_code,remaining_amt, payrec, mode_code,coinsurance_code,class_cd,it_remarks) values | G2269: ="('"&E2269&"','"&B2269&"','"&ROUND(D2269,2)&"',(select max(to_number(i.premium_rcv_detail_code))+1 from ins_premium_det i),'"&D2269&"','"&D2269&"','02', '11000003','00','Request by Mr. Omair Ali 29-Nov-2024');" -> ('28Nov240101','070000160415','80',(select max(to_number(i.premium_rcv_detail_code))+1 from ins_premium_det i),'80','80','02', '11000003','00','Request by Mr. Omair Ali 29-Nov-2024'); | H2269: =F2269&G2269 -> insert into ins_premium_det (premium_rcv_code,assorted_code, rec_amount,premium_rcv_detail_code,remaining_amt, payrec, mode_code,coinsurance_code,class_cd,it_remarks) values('28Nov240101','070000160415','80',(select max(to_number(i.premium_rcv_detail_code))+1 from ins_premium_det i),'80','80','02', '11000003','00','Request by Mr. Omair Ali 29-Nov-2024');
A2270: KHI/HO/D/MI/CRP/C/2567/06/2024 | B2270: =VLOOKUP(A2270,assortedcode!B:C,2,0) -> 070000160416 | C2270: 80 | D2270: =ROUND(C2270,0) -> 80 | E2270: 28Nov240101 | F2270: ="insert into ins_premium_det (premium_rcv_code,assorted_code, rec_amount,premium_rcv_detail_code,remaining_amt, payrec, mode_code,coinsurance_code,class_cd,it_remarks) values" -> insert into ins_premium_det (premium_rcv_code,assorted_code, rec_amount,premium_rcv_detail_code,remaining_amt, payrec, mode_code,coinsurance_code,class_cd,it_remarks) values | G2270: ="('"&E2270&"','"&B2270&"','"&ROUND(D2270,2)&"',(select max(to_number(i.premium_rcv_detail_code))+1 from ins_premium_det i),'"&D2270&"','"&D2270&"','02', '11000003','00','Request by Mr. Omair Ali 29-Nov-2024');" -> ('28Nov240101','070000160416','80',(select max(to_number(i.premium_rcv_detail_code))+1 from ins_premium_det i),'80','80','02', '11000003','00','Request by Mr. Omair Ali 29-Nov-2024'); | H2270: =F2270&G2270 -> insert into ins_premium_det (premium_rcv_code,assorted_code, rec_amount,premium_rcv_detail_code,remaining_amt, payrec, mode_code,coinsurance_code,class_cd,it_remarks) values('28Nov240101','070000160416','80',(select max(to_number(i.premium_rcv_detail_code))+1 from ins_premium_det i),'80','80','02', '11000003','00','Request by Mr. Omair Ali 29-Nov-2024');
A2271: LHR/LHR/D/MI/CRP/C/2626/06/2024 | B2271: =VLOOKUP(A2271,assortedcode!B:C,2,0) -> 070000160552 | C2271: 80 | D2271: =ROUND(C2271,0) -> 80 | E2271: 28Nov240101 | F2271: ="insert into ins_premium_det (premium_rcv_code,assorted_code, rec_amount,premium_rcv_detail_code,remaining_amt, payrec, mode_code,coinsurance_code,class_cd,it_remarks) values" -> insert into ins_premium_det (premium_rcv_code,assorted_code, rec_amount,premium_rcv_detail_code,remaining_amt, payrec, mode_code,coinsurance_code,class_cd,it_remarks) values | G2271: ="('"&E2271&"','"&B2271&"','"&ROUND(D2271,2)&"',(select max(to_number(i.premium_rcv_detail_code))+1 from ins_premium_det i),'"&D2271&"','"&D2271&"','02', '11000003','00','Request by Mr. Omair Ali 29-Nov-2024');" -> ('28Nov240101','070000160552','80',(select max(to_number(i.premium_rcv_detail_code))+1 from ins_premium_det i),'80','80','02', '11000003','00','Request by Mr. Omair Ali 29-Nov-2024'); | H2271: =F2271&G2271 -> insert into ins_premium_det (premium_rcv_code,assorted_code, rec_amount,premium_rcv_detail_code,remaining_amt, payrec, mode_code,coinsurance_code,class_cd,it_remarks) values('28Nov240101','070000160552','80',(select max(to_number(i.premium_rcv_detail_code))+1 from ins_premium_det i),'80','80','02', '11000003','00','Request by Mr. Omair Ali 29-Nov-2024');
A2272: LHR/LHR/D/MI/CRP/C/2611/06/2024 | B2272: =VLOOKUP(A2272,assortedcode!B:C,2,0) -> 070000160537 | C2272: 80 | D2272: =ROUND(C2272,0) -> 80 | E2272: 28Nov240101 | F2272: ="insert into ins_premium_det (premium_rcv_code,assorted_code, rec_amount,premium_rcv_detail_code,remaining_amt, payrec, mode_code,coinsurance_code,class_cd,it_remarks) values" -> insert into ins_premium_det (premium_rcv_code,assorted_code, rec_amount,premium_rcv_detail_code,remaining_amt, payrec, mode_code,coinsurance_code,class_cd,it_remarks) values | G2272: ="('"&E2272&"','"&B2272&"','"&ROUND(D2272,2)&"',(select max(to_number(i.premium_rcv_detail_code))+1 from ins_premium_det i),'"&D2272&"','"&D2272&"','02', '11000003','00','Request by Mr. Omair Ali 29-Nov-2024');" -> ('28Nov240101','070000160537','80',(select max(to_number(i.premium_rcv_detail_code))+1 from ins_premium_det i),'80','80','02', '11000003','00','Request by Mr. Omair Ali 29-Nov-2024'); | H2272: =F2272&G2272 -> insert into ins_premium_det (premium_rcv_code,assorted_code, rec_amount,premium_rcv_detail_code,remaining_amt, payrec, mode_code,coinsurance_code,class_cd,it_remarks) values('28Nov240101','070000160537','80',(select max(to_number(i.premium_rcv_detail_code))+1 from ins_premium_det i),'80','80','02', '11000003','00','Request by Mr. Omair Ali 29-Nov-2024');
A2273: KHI/HO/F/MR/IMPORTS/P/41564/01/2024 | B2273: =VLOOKUP(A2273,assortedcode!B:C,2,0) -> 040000161920 | C2273: 80 | D2273: =ROUND(C2273,0) -> 80 | E2273: 28Nov240101 | F2273: ="insert into ins_premium_det (premium_rcv_code,assorted_code, rec_amount,premium_rcv_detail_code,remaining_amt, payrec, mode_code,coinsurance_code,class_cd,it_remarks) values" -> insert into ins_premium_det (premium_rcv_code,assorted_code, rec_amount,premium_rcv_detail_code,remaining_amt, payrec, mode_code,coinsurance_code,class_cd,it_remarks) values | G2273: ="('"&E2273&"','"&B2273&"','"&ROUND(D2273,2)&"',(select max(to_number(i.premium_rcv_detail_code))+1 from ins_premium_det i),'"&D2273&"','"&D2273&"','02', '11000003','00','Request by Mr. Omair Ali 29-Nov-2024');" -> ('28Nov240101','040000161920','80',(select max(to_number(i.premium_rcv_detail_code))+1 from ins_premium_det i),'80','80','02', '11000003','00','Request by Mr. Omair Ali 29-Nov-2024'); | H2273: =F2273&G2273 -> insert into ins_premium_det (premium_rcv_code,assorted_code, rec_amount,premium_rcv_detail_code,remaining_amt, payrec, mode_code,coinsurance_code,class_cd,it_remarks) values('28Nov240101','040000161920','80',(select max(to_number(i.premium_rcv_detail_code))+1 from ins_premium_det i),'80','80','02', '11000003','00','Request by Mr. Omair Ali 29-Nov-2024');
A2274: LHR/LHR/D/MI/CRP/C/2599/06/2024 | B2274: =VLOOKUP(A2274,assortedcode!B:C,2,0) -> 070000160525 | C2274: 80 | D2274: =ROUND(C2274,0) -> 80 | E2274: 28Nov240101 | F2274: ="insert into ins_premium_det (premium_rcv_code,assorted_code, rec_amount,premium_rcv_detail_code,remaining_amt, payrec, mode_code,coinsurance_code,class_cd,it_remarks) values" -> insert into ins_premium_det (premium_rcv_code,assorted_code, rec_amount,premium_rcv_detail_code,remaining_amt, payrec, mode_code,coinsurance_code,class_cd,it_remarks) values | G2274: ="('"&E2274&"','"&B2274&"','"&ROUND(D2274,2)&"',(select max(to_number(i.premium_rcv_detail_code))+1 from ins_premium_det i),'"&D2274&"','"&D2274&"','02', '11000003','00','Request by Mr. Omair Ali 29-Nov-2024');" -> ('28Nov240101','070000160525','80',(select max(to_number(i.premium_rcv_detail_code))+1 from ins_premium_det i),'80','80','02', '11000003','00','Request by Mr. Omair Ali 29-Nov-2024'); | H2274: =F2274&G2274 -> insert into ins_premium_det (premium_rcv_code,assorted_code, rec_amount,premium_rcv_detail_code,remaining_amt, payrec, mode_code,coinsurance_code,class_cd,it_remarks) values('28Nov240101','070000160525','80',(select max(to_number(i.premium_rcv_detail_code))+1 from ins_premium_det i),'80','80','02', '11000003','00','Request by Mr. Omair Ali 29-Nov-2024');
A2275: KHI/HO/F/MR/IMPORTS/P/41525/12/2023 | B2275: =VLOOKUP(A2275,assortedcode!B:C,2,0) -> 040000161505 | C2275: 80 | D2275: =ROUND(C2275,0) -> 80 | E2275: 28Nov240101 | F2275: ="insert into ins_premium_det (premium_rcv_code,assorted_code, rec_amount,premium_rcv_detail_code,remaining_amt, payrec, mode_code,coinsurance_code,class_cd,it_remarks) values" -> insert into ins_premium_det (premium_rcv_code,assorted_code, rec_amount,premium_rcv_detail_code,remaining_amt, payrec, mode_code,coinsurance_code,class_cd,it_remarks) values | G2275: ="('"&E2275&"','"&B2275&"','"&ROUND(D2275,2)&"',(select max(to_number(i.premium_rcv_detail_code))+1 from ins_premium_det i),'"&D2275&"','"&D2275&"','02', '11000003','00','Request by Mr. Omair Ali 29-Nov-2024');" -> ('28Nov240101','040000161505','80',(select max(to_number(i.premium_rcv_detail_code))+1 from ins_premium_det i),'80','80','02', '11000003','00','Request by Mr. Omair Ali 29-Nov-2024'); | H2275: =F2275&G2275 -> insert into ins_premium_det (premium_rcv_code,assorted_code, rec_amount,premium_rcv_detail_code,remaining_amt, payrec, mode_code,coinsurance_code,class_cd,it_remarks) values('28Nov240101','040000161505','80',(select max(to_number(i.premium_rcv_detail_code))+1 from ins_premium_det i),'80','80','02', '11000003','00','Request by Mr. Omair Ali 29-Nov-2024');
A2276: KHI/HO/F/MR/IMPORTS/P/41502/12/2023 | B2276: =VLOOKUP(A2276,assortedcode!B:C,2,0) -> 040000161416 | C2276: 80 | D2276: =ROUND(C2276,0) -> 80 | E2276: 28Nov240101 | F2276: ="insert into ins_premium_det (premium_rcv_code,assorted_code, rec_amount,premium_rcv_detail_code,remaining_amt, payrec, mode_code,coinsurance_code,class_cd,it_remarks) values" -> insert into ins_premium_det (premium_rcv_code,assorted_code, rec_amount,premium_rcv_detail_code,remaining_amt, payrec, mode_code,coinsurance_code,class_cd,it_remarks) values | G2276: ="('"&E2276&"','"&B2276&"','"&ROUND(D2276,2)&"',(select max(to_number(i.premium_rcv_detail_code))+1 from ins_premium_det i),'"&D2276&"','"&D2276&"','02', '11000003','00','Request by Mr. Omair Ali 29-Nov-2024');" -> ('28Nov240101','040000161416','80',(select max(to_number(i.premium_rcv_detail_code))+1 from ins_premium_det i),'80','80','02', '11000003','00','Request by Mr. Omair Ali 29-Nov-2024'); | H2276: =F2276&G2276 -> insert into ins_premium_det (premium_rcv_code,assorted_code, rec_amount,premium_rcv_detail_code,remaining_amt, payrec, mode_code,coinsurance_code,class_cd,it_remarks) values('28Nov240101','040000161416','80',(select max(to_number(i.premium_rcv_detail_code))+1 from ins_premium_det i),'80','80','02', '11000003','00','Request by Mr. Omair Ali 29-Nov-2024');
A2277: KHI/HO/F/MR/IMPORTS/P/43122/07/2024 | B2277: =VLOOKUP(A2277,assortedcode!B:C,2,0) -> 040000180279 | C2277: 81 | D2277: =ROUND(C2277,0) -> 81 | E2277: 28Nov240101 | F2277: ="insert into ins_premium_det (premium_rcv_code,assorted_code, rec_amount,premium_rcv_detail_code,remaining_amt, payrec, mode_code,coinsurance_code,class_cd,it_remarks) values" -> insert into ins_premium_det (premium_rcv_code,assorted_code, rec_amount,premium_rcv_detail_code,remaining_amt, payrec, mode_code,coinsurance_code,class_cd,it_remarks) values | G2277: ="('"&E2277&"','"&B2277&"','"&ROUND(D2277,2)&"',(select max(to_number(i.premium_rcv_detail_code))+1 from ins_premium_det i),'"&D2277&"','"&D2277&"','02', '11000003','00','Request by Mr. Omair Ali 29-Nov-2024');" -> ('28Nov240101','040000180279','81',(select max(to_number(i.premium_rcv_detail_code))+1 from ins_premium_det i),'81','81','02', '11000003','00','Request by Mr. Omair Ali 29-Nov-2024'); | H2277: =F2277&G2277 -> insert into ins_premium_det (premium_rcv_code,assorted_code, rec_amount,premium_rcv_detail_code,remaining_amt, payrec, mode_code,coinsurance_code,class_cd,it_remarks) values('28Nov240101','040000180279','81',(select max(to_number(i.premium_rcv_detail_code))+1 from ins_premium_det i),'81','81','02', '11000003','00','Request by Mr. Omair Ali 29-Nov-2024');
A2278: KHI/HO/D/MR/IMPORTS/P/39278/04/2023 | B2278: =VLOOKUP(A2278,assortedcode!B:C,2,0) -> 040000143156 | C2278: 82 | D2278: =ROUND(C2278,0) -> 82 | E2278: 28Nov240101 | F2278: ="insert into ins_premium_det (premium_rcv_code,assorted_code, rec_amount,premium_rcv_detail_code,remaining_amt, payrec, mode_code,coinsurance_code,class_cd,it_remarks) values" -> insert into ins_premium_det (premium_rcv_code,assorted_code, rec_amount,premium_rcv_detail_code,remaining_amt, payrec, mode_code,coinsurance_code,class_cd,it_remarks) values | G2278: ="('"&E2278&"','"&B2278&"','"&ROUND(D2278,2)&"',(select max(to_number(i.premium_rcv_detail_code))+1 from ins_premium_det i),'"&D2278&"','"&D2278&"','02', '11000003','00','Request by Mr. Omair Ali 29-Nov-2024');" -> ('28Nov240101','040000143156','82',(select max(to_number(i.premium_rcv_detail_code))+1 from ins_premium_det i),'82','82','02', '11000003','00','Request by Mr. Omair Ali 29-Nov-2024'); | H2278: =F2278&G2278 -> insert into ins_premium_det (premium_rcv_code,assorted_code, rec_amount,premium_rcv_detail_code,remaining_amt, payrec, mode_code,coinsurance_code,class_cd,it_remarks) values('28Nov240101','040000143156','82',(select max(to_number(i.premium_rcv_detail_code))+1 from ins_premium_det i),'82','82','02', '11000003','00','Request by Mr. Omair Ali 29-Nov-2024');
A2279: KHI/HO/F/MR/IMPORTS/P/43181/08/2024 | B2279: =VLOOKUP(A2279,assortedcode!B:C,2,0) -> 040000181176 | C2279: 82 | D2279: =ROUND(C2279,0) -> 82 | E2279: 28Nov240101 | F2279: ="insert into ins_premium_det (premium_rcv_code,assorted_code, rec_amount,premium_rcv_detail_code,remaining_amt, payrec, mode_code,coinsurance_code,class_cd,it_remarks) values" -> insert into ins_premium_det (premium_rcv_code,assorted_code, rec_amount,premium_rcv_detail_code,remaining_amt, payrec, mode_code,coinsurance_code,class_cd,it_remarks) values | G2279: ="('"&E2279&"','"&B2279&"','"&ROUND(D2279,2)&"',(select max(to_number(i.premium_rcv_detail_code))+1 from ins_premium_det i),'"&D2279&"','"&D2279&"','02', '11000003','00','Request by Mr. Omair Ali 29-Nov-2024');" -> ('28Nov240101','040000181176','82',(select max(to_number(i.premium_rcv_detail_code))+1 from ins_premium_det i),'82','82','02', '11000003','00','Request by Mr. Omair Ali 29-Nov-2024'); | H2279: =F2279&G2279 -> insert into ins_premium_det (premium_rcv_code,assorted_code, rec_amount,premium_rcv_detail_code,remaining_amt, payrec, mode_code,coinsurance_code,class_cd,it_remarks) values('28Nov240101','040000181176','82',(select max(to_number(i.premium_rcv_detail_code))+1 from ins_premium_det i),'82','82','02', '11000003','00','Request by Mr. Omair Ali 29-Nov-2024');
A2280: KHI/HO/D/MI/TRI/P/10374/07/2024 | B2280: =VLOOKUP(A2280,assortedcode!B:C,2,0) -> 040000177746 | C2280: 84 | D2280: =ROUND(C2280,0) -> 84 | E2280: 28Nov240101 | F2280: ="insert into ins_premium_det (premium_rcv_code,assorted_code, rec_amount,premium_rcv_detail_code,remaining_amt, payrec, mode_code,coinsurance_code,class_cd,it_remarks) values" -> insert into ins_premium_det (premium_rcv_code,assorted_code, rec_amount,premium_rcv_detail_code,remaining_amt, payrec, mode_code,coinsurance_code,class_cd,it_remarks) values | G2280: ="('"&E2280&"','"&B2280&"','"&ROUND(D2280,2)&"',(select max(to_number(i.premium_rcv_detail_code))+1 from ins_premium_det i),'"&D2280&"','"&D2280&"','02', '11000003','00','Request by Mr. Omair Ali 29-Nov-2024');" -> ('28Nov240101','040000177746','84',(select max(to_number(i.premium_rcv_detail_code))+1 from ins_premium_det i),'84','84','02', '11000003','00','Request by Mr. Omair Ali 29-Nov-2024'); | H2280: =F2280&G2280 -> insert into ins_premium_det (premium_rcv_code,assorted_code, rec_amount,premium_rcv_detail_code,remaining_amt, payrec, mode_code,coinsurance_code,class_cd,it_remarks) values('28Nov240101','040000177746','84',(select max(to_number(i.premium_rcv_detail_code))+1 from ins_premium_det i),'84','84','02', '11000003','00','Request by Mr. Omair Ali 29-Nov-2024');
... A2333: MUL/MUL/F/FR/ND/P/17599/02/2023 | B2333: =VLOOKUP(A2333,assortedcode!B:C,2,0) -> 040000139195 | C2333: 100 | D2333: =ROUND(C2333,0) -> 100 | E2333: 28Nov240101 | F2333: ="insert into ins_premium_det (premium_rcv_code,assorted_code, rec_amount,premium_rcv_detail_code,remaining_amt, payrec, mode_code,coinsurance_code,class_cd,it_remarks) values" -> insert into ins_premium_det (premium_rcv_code,assorted_code, rec_amount,premium_rcv_detail_code,remaining_amt, payrec, mode_code,coinsurance_code,class_cd,it_remarks) values | G2333: ="('"&E2333&"','"&B2333&"','"&ROUND(D2333,2)&"',(select max(to_number(i.premium_rcv_detail_code))+1 from ins_premium_det i),'"&D2333&"','"&D2333&"','02', '11000003','00','Request by Mr. Omair Ali 29-Nov-2024');" -> ('28Nov240101','040000139195','100',(select max(to_number(i.premium_rcv_detail_code))+1 from ins_premium_det i),'100','100','02', '11000003','00','Request by Mr. Omair Ali 29-Nov-2024'); | H2333: =F2333&G2333 -> insert into ins_premium_det (premium_rcv_code,assorted_code, rec_amount,premium_rcv_detail_code,remaining_amt, payrec, mode_code,coinsurance_code,class_cd,it_remarks) values('28Nov240101','040000139195','100',(select max(to_number(i.premium_rcv_detail_code))+1 from ins_premium_det i),'100','100','02', '11000003','00','Request by Mr. Omair Ali 29-Nov-2024');
C2334: =SUM(C2:C2333) -> 15249.659 | D2334: =SUM(D2:D2333) -> 15239
C2335: 80 | D2335: =SUM(D2:D2333) -> 15239
C2336: =C2334-C2335 -> 15169.659
D2337: =D2334-80 -> 15159

Sheet Sheet3
D1: d
A2: KHI/HO/D/MI/TRI/P/9702/03/2023 | B2: -03-2023 | C2: P | D2: 9702 | E2: ="ia.assorted_string like '%"&D2&B2&"%' or" -> ia.assorted_string like '%9702-03-2023%' or
A3: KHI/HO/D/MI/LST/P/40/07/2022 | B3: -07-2022 | C3: P | D3: 40 | E3: ="ia.assorted_string like '%"&D3&B3&"%' or" -> ia.assorted_string like '%40-07-2022%' or
A4: KHI/HO/D/MI/LST/P/42/07/2022 | B4: -07-2022 | C4: P | D4: 42 | E4: ="ia.assorted_string like '%"&D4&B4&"%' or" -> ia.assorted_string like '%42-07-2022%' or
A5: KHI/HO/D/FR/ND/P/17729/02/2023 | B5: -02-2023 | C5: P | D5: 17729 | E5: ="ia.assorted_string like '%"&D5&B5&"%' or" -> ia.assorted_string like '%17729-02-2023%' or
A6: LHR/LHR/F/MO/PC COMP/P/70605/05/2023 | B6: -05-2023 | C6: P | D6: 70605 | E6: ="ia.assorted_string like '%"&D6&B6&"%' or" -> ia.assorted_string like '%70605-05-2023%' or
A7: KHI/HO/D/MR/IMPORTS/C/19481/03/2024 | B7: -03-2024 | C7: P | D7: 19481 | E7: ="ia.assorted_string like '%"&D7&B7&"%' or" -> ia.assorted_string like '%19481-03-2024%' or
A8: KHI/HO/D/MO/PD COMP/P/67739/02/2023 | B8: -02-2023 | C8: P | D8: 67739 | E8: ="ia.assorted_string like '%"&D8&B8&"%' or" -> ia.assorted_string like '%67739-02-2023%' or
A9: KHI/HO/D/MI/PA/P/3343/09/2023 | B9: -09-2023 | C9: P | D9: 3343 | E9: ="ia.assorted_string like '%"&D9&B9&"%' or" -> ia.assorted_string like '%3343-09-2023%' or
A10: KHI/HO/D/MI/PA/P/3348/09/2023 | B10: -09-2023 | C10: P | D10: 3348 | E10: ="ia.assorted_string like '%"&D10&B10&"%' or" -> ia.assorted_string like '%3348-09-2023%' or
A11: KHI/HO/D/MI/PA/P/3349/09/2023 | B11: -09-2023 | C11: P | D11: 3349 | E11: ="ia.assorted_string like '%"&D11&B11&"%' or" -> ia.assorted_string like '%3349-09-2023%' or
A12: KHI/HO/D/HLGRP HEALTH/P/518/03/2020 | B12: -03-2020 | C12: P | D12: 518 | E12: ="ia.assorted_string like '%"&D12&B12&"%' or" -> ia.assorted_string like '%518-03-2020%' or
A13: KHI/HO/D/MI/PA/P/3350/09/2023 | B13: -09-2023 | C13: P | D13: 3350 | E13: ="ia.assorted_string like '%"&D13&B13&"%' or" -> ia.assorted_string like '%3350-09-2023%' or
... A2202: KHI/HO/D/MI/CRP/C/2568/06/2024 | B2202: -06-2024 | C2202: P | D2202: 2568 | E2202: ="ia.assorted_string like '%"&D2202&B2202&"%' or" -> ia.assorted_string like '%2568-06-2024%' or
A2203: KHI/HO/ | B2203: KHI-HO- | C2203: P
A2204: KHI/HO/D/MI/CRP/C/2566/06/2024 | B2204: -06-2024 | C2204: P | D2204: 2566 | E2204: ="ia.assorted_string like '%"&D2204&B2204&"%' or" -> ia.assorted_string like '%2566-06-2024%' or
A2205: KHI/HO/D/MI/CRP/C/2567/06/2024 | B2205: -06-2024 | C2205: P | D2205: 2567 | E2205: ="ia.assorted_string like '%"&D2205&B2205&"%' or" -> ia.assorted_string like '%2567-06-2024%' or
A2206: LHR/LHR/D/MI/CRP/C/2626/06/2024 | B2206: -06-2024 | C2206: P | D2206: 2626 | E2206: ="ia.assorted_string like '%"&D2206&B2206&"%' or" -> ia.assorted_string like '%2626-06-2024%' or
A2207: LHR/LHR/D/MI/CRP/C/2611/06/2024 | B2207: -06-2024 | C2207: P | D2207: 2611 | E2207: ="ia.assorted_string like '%"&D2207&B2207&"%' or" -> ia.assorted_string like '%2611-06-2024%' or
A2208: KHI/HO/F/MR/IMPORTS/P/41564/01/2024 | B2208: -01-2024 | C2208: P | D2208: 41564 | E2208: ="ia.assorted_string like '%"&D2208&B2208&"%' or" -> ia.assorted_string like '%41564-01-2024%' or
A2209: LHR/LHR/D/MI/CRP/C/2599/06/2024 | B2209: -06-2024 | C2209: P | D2209: 2599 | E2209: ="ia.assorted_string like '%"&D2209&B2209&"%' or" -> ia.assorted_string like '%2599-06-2024%' or
A2210: KHI/HO/F/MR/IMPORTS/P/41525/12/2023 | B2210: -12-2023 | C2210: P | D2210: 41525 | E2210: ="ia.assorted_string like '%"&D2210&B2210&"%' or" -> ia.assorted_string like '%41525-12-2023%' or
A2211: KHI/HO/F/MR/IMPORTS/P/41502/12/2023 | B2211: -12-2023 | C2211: P | D2211: 41502 | E2211: ="ia.assorted_string like '%"&D2211&B2211&"%' or" -> ia.assorted_string like '%41502-12-2023%' or
A2212: KHI/HO/F/MR/IMPORTS/P/43122/07/2024 | B2212: -07-2024 | C2212: P | D2212: 43122 | E2212: ="ia.assorted_string like '%"&D2212&B2212&"%' or" -> ia.assorted_string like '%43122-07-2024%' or
A2213: KHI/HO/D/MR/IMPORTS/P/39278/04/2023 | B2213: -04-2023 | C2213: P | D2213: 39278 | E2213: ="ia.assorted_string like '%"&D2213&B2213&"%' or" -> ia.assorted_string like '%39278-04-2023%' or
A2214: KHI/HO/F/MR/IMPORTS/P/43181/08/2024 | B2214: -08-2024 | C2214: P | D2214: 43181 | E2214: ="ia.assorted_string like '%"&D2214&B2214&"%' or" -> ia.assorted_string like '%43181-08-2024%' or
A2215: KHI/HO/D/MI/TRI/P/10374/07/2024 | B2215: -07-2024 | C2215: P | D2215: 10374 | E2215: ="ia.assorted_string like '%"&D2215&B2215&"%' or" -> ia.assorted_string like '%10374-07-2024%' or
... A2268: MUL/MUL/F/FR/ND/P/17599/02/2023 | B2268: -02-2023 | C2268: P | D2268: 17599 | E2268: ="ia.assorted_string like '%"&D2268&B2268&"%' or" -> ia.assorted_string like '%17599-02-2023%' or

Sheet assortedcode
B1: FUNC_ASSORTED_STRING(IA.ASSORTED_CODE) | C1: ASSORTED_CODE
A2: 1 | B2: MUL/F/FR/ND/P/4563/06/2010 | C2: 040000026470
A3: 2 | B3: KHI/HO/D/MR/IMPORTS/C/14960/01/2020 | C3: 020000016240
A4: 3 | B4: KHI/HO/D/MI/MP/P/1489/12/2019 | C4: 040000093375
A5: 4 | B5: KHI/HO/D/MO/PC COMP/R/50247/60/01/2020 | C5: 080000095427
A6: 5 | B6: KHI/HO/D/MO/PC COMP/C/51704/60/01/2020 | C6: 070000038715
A7: 6 | B7: LHR/LHR/F/FR/ND/P/10325/07/2020 | C7: 040000097124
A8: 7 | B8: KHI/HO/D/HLGRP HEALTH/E/4360/01/2020 | C8: 050000243501
A9: 8 | B9: KHI/HO/D/HLGRP HEALTH/P/460/01/2020 | C9: 040000094157
A10: 9 | B10: KHI/HO/D/MR/IMPORTS/P/30860/01/2020 | C10: 040000094148
A11: 10 | B11: KHI/HO/D/MO/PC COMP/R/50503/02/2020 | C11: 080000096654
A12: 11 | B12: KHI/HO/D/HLGRP HEALTH/P/518/03/2020 | C12: 040000095469
A13: 12 | B13: KHI/HO/D/HLGRP HEALTH/P/517/03/2020 | C13: 040000095467
... A4073: 338 | B4073: KHI/HO/D/MO/PC COMP/C/87875/182/04/2024 | C4073: 070000158282

Sheet certificate
A2: KHI/HO/D/MO/PC COMP/C/62063/54/07/2022 | B2: -07-2022 | G2: C | H2: 62063 | I2: 00054 | J2: ="ia.assorted_string like '%"&H2&"-"&I2&B2&"%' or" -> ia.assorted_string like '%62063-00054-07-2022%' or
A3: KHI/HO/D/MO/PC COMP/C/89125/1/05/2024 | B3: -05-2024 | G3: C | H3: 89125 | I3: 00001 | J3: ="ia.assorted_string like '%"&H3&"-"&I3&B3&"%' or" -> ia.assorted_string like '%89125-00001-05-2024%' or
A4: KHI/HO/D/MO/PC COMP/C/97805/126/09/2024 | B4: -09-2024 | G4: C | H4: 97805 | I4: 00126 | J4: ="ia.assorted_string like '%"&H4&"-"&I4&B4&"%' or" -> ia.assorted_string like '%97805-00126-09-2024%' or
A5: KHI/HO/D/MO/PC COMP/C/97805/59/09/2024 | B5: -09-2024 | G5: C | H5: 97805 | I5: 00059 | J5: ="ia.assorted_string like '%"&H5&"-"&I5&B5&"%' or" -> ia.assorted_string like '%97805-00059-09-2024%' or
A6: KHI/HO/D/MO/PC COMP/C/97805/320/09/2024 | B6: -09-2024 | G6: C | H6: 97805 | I6: 00320 | J6: ="ia.assorted_string like '%"&H6&"-"&I6&B6&"%' or" -> ia.assorted_string like '%97805-00320-09-2024%' or
A7: KHI/HO/D/MO/PC COMP/C/97805/123/09/2024 | B7: -09-2024 | G7: C | H7: 97805 | I7: 00123 | J7: ="ia.assorted_string like '%"&H7&"-"&I7&B7&"%' or" -> ia.assorted_string like '%97805-00123-09-2024%' or
A8: KHI/HO/D/MO/PC COMP/C/97805/197/09/2024 | B8: -09-2024 | G8: C | H8: 97805 | I8: 00197 | J8: ="ia.assorted_string like '%"&H8&"-"&I8&B8&"%' or" -> ia.assorted_string like '%97805-00197-09-2024%' or
A9: KHI/HO/D/MO/PC COMP/C/97805/260/09/2024 | B9: -09-2024 | G9: C | H9: 97805 | I9: 00260 | J9: ="ia.assorted_string like '%"&H9&"-"&I9&B9&"%' or" -> ia.assorted_string like '%97805-00260-09-2024%' or
A10: KHI/HO/D/MO/PC COMP/C/97805/326/09/2024 | B10: -09-2024 | G10: C | H10: 97805 | I10: 00326 | J10: ="ia.assorted_string like '%"&H10&"-"&I10&B10&"%' or" -> ia.assorted_string like '%97805-00326-09-2024%' or
A11: KHI/HO/D/MO/PC COMP/C/97805/5/09/2024 | B11: -09-2024 | G11: C | H11: 97805 | I11: 00005 | J11: ="ia.assorted_string like '%"&H11&"-"&I11&B11&"%' or" -> ia.assorted_string like '%97805-00005-09-2024%' or
A12: KHI/HO/D/MO/PC COMP/C/97805/113/09/2024 | B12: -09-2024 | G12: C | H12: 97805 | I12: 00113 | J12: ="ia.assorted_string like '%"&H12&"-"&I12&B12&"%' or" -> ia.assorted_string like '%97805-00113-09-2024%' or
A13: KHI/HO/D/MO/PC COMP/C/97805/296/09/2024 | B13: -09-2024 | G13: C | H13: 97805 | I13: 00296 | J13: ="ia.assorted_string like '%"&H13&"-"&I13&B13&"%' or" -> ia.assorted_string like '%97805-00296-09-2024%' or
... A339: KHI/HO/D/MO/PC COMP/C/77065/1/10/2023 | B339: -10-2023 | G339: C | H339: 77065 | I339: 00001 | J339: ="ia.assorted_string like '%"&H339&"-"&I339&B339&"%' or" -> ia.assorted_string like '%77065-00001-10-2023%' or
L347: 1994 | M347: 338 | N347: =M347+L347 -> 2332
