Workbook

Sheet Sheet2
AC1: =SUBTOTAL(9,AC3:AC1740) -> 81176
A2: S.No. | B2: Policy | C2: Endorsement | D2: Branch CoverNote No. | E2: Class | F2: Issue Date | G2: Period From | H2: Period To | I2: Client Code | J2: Client Name | K2: Insured Name | L2: Vehicle Name | M2: REG | N2: ENGINE | O2: CHASSIS | P2: MODEL | Q2: NIC | R2: MOBILE | S2: Type | T2: AGENCY CODE | U2: Sum Covered | V2: Gross | W2: FIF | X2: FED | Y2: SD | Z2: Net | AA2: Paid | AB2: Co Paid | AC2: Outstanding | AD2: Not Due | AE2: Due | AF2: Leader Name | AG2: Leader Policy No | AH2: Leader Endr No | AI2: Custodian Name | AJ2: Actual Milage | AK2: Charge Milage | AL2: EMAIL
A3: 2 | B3: KHI/HO/D/MO/PD COMP/P/55880/09/2021 | C3: KHI/HO/D/MO/PD COMP/E/18327/12/2021 | D3: - | E3: MOTOR | F3: 44552 | G3: 44460 | H3: 44824 | I3: 08802641 | J3: Mr. Muhammad Ramzan CNIC# 17101-4623280-9 CELL# 0333-9558134 / 0347-9002576 | L3: TOYOTA COROLLA XLI | M3: WD-206 | N3: Y558252 | O3: NZE140-2138364 | P3: 2012 | Q3: 17101-4623280-9 | S3: D | T3: 09000221-Muhammad Irfan | U3: 1900000 | V3: 1956 | W3: 20 | X3: 255 | Y3: 0 | Z3: 2231 | AA3: 0 | AB3: 0 | AC3: 2231 | AD3: 0 | AE3: 2231 | AL3: mayazkhan957@gmail.com
A4: 3 | B4: KHI/HO/D/MO/PD COMP/P/55880/09/2021 | C4: KHI/HO/D/MO/PD COMP/E/48693/10/2024 | D4: - | E4: MOTOR | F4: 45596 | G4: 44460 | H4: 44824 | I4: 08802641 | J4: Mr. Muhammad Ramzan CNIC# 17101-4623280-9 CELL# 0333-9558134 / 0347-9002576 | L4: TOYOTA COROLLA XLI | M4: WD-206 | N4: Y558252 | O4: NZE140-2138364 | P4: 2012 | Q4: 17101-4623280-9 | S4: D | T4: 09000221-Muhammad Irfan | U4: -1 | V4: -2209 | W4: -22 | X4: 0 | Y4: 0 | Z4: -2231 | AA4: 0 | AB4: 0 | AC4: -2231 | AD4: 0 | AE4: -2231
A5: 4 | B5: KHI/HO/D/MO/PD COMP/P/56730/11/2021 | C5: KHI/HO/D/MO/PD COMP/E/18537/01/2022 | D5: - | E5: MOTOR | F5: 44592 | G5: 44508 | H5: 44872 | I5: 08803143 | J5: Ms. Mumtaz Bushra CELL# 03348706662 | L5: NISSAN DAYZ | M5: AHY-973 | N5: 3B20-JY6220 | O5: B21W-0222046 | P5: 2015 | Q5: 33100-4566935-6 | S5: D | T5: 09000221-Muhammad Irfan | U5: 1400000 | V5: 2436 | W5: 25 | X5: 316 | Y5: 0 | Z5: 2777 | AA5: 813 | AB5: 0 | AC5: 1964 | AD5: 0 | AE5: 1964
A6: 5 | B6: KHI/HO/D/MO/PD COMP/P/56730/11/2021 | C6: KHI/HO/D/MO/PD COMP/E/21803/10/2022 | D6: - | E6: MOTOR | F6: 44845 | G6: 44508 | H6: 44872 | I6: 08803143 | J6: Ms. Mumtaz Bushra CELL# 03348706662 | L6: NISSAN DAYZ | M6: AHY-973 | N6: 3B20-JY6220 | O6: B21W-0222046 | P6: 2015 | Q6: 33100-4566935-6 | S6: D | T6: 09000221-Muhammad Irfan | U6: 1400000 | V6: 1124 | W6: 12 | X6: 146 | Y6: 0 | Z6: 1282 | AA6: 0 | AB6: 0 | AC6: 1282 | AD6: 0 | AE6: 1282 | AJ6: 2106.4182 | AK6: 1327.8243
A7: 6 | B7: KHI/HO/D/MO/PD COMP/P/56730/11/2021 | C7: KHI/HO/D/MO/PD COMP/E/48694/10/2024 | D7: - | E7: MOTOR | F7: 45596 | G7: 44508 | H7: 44872 | I7: 08803143 | J7: Ms. Mumtaz Bushra CELL# 03348706662 | L7: NISSAN DAYZ | M7: AHY-973 | N7: 3B20-JY6220 | O7: B21W-0222046 | P7: 2015 | Q7: 33100-4566935-6 | S7: D | T7: 09000221-Muhammad Irfan | U7: -1 | V7: -3214 | W7: -32 | X7: 0 | Y7: 0 | Z7: -3246 | AA7: 0 | AB7: 0 | AC7: -3246 | AD7: 0 | AE7: -3246
A8: 7 | B8: KHI/HO/D/MO/PD COMP/P/56778/11/2021 | C8: KHI/HO/D/MO/PD COMP/E/18227/12/2021 | D8: - | E8: MOTOR | F8: 44542 | G8: 44511 | H8: 44875 | I8: 08803172 | J8: Mr. Waqas Khan CNIC # 61101-0177170-1 NTN # 2881163-1 CELL # 0321-5048444 | L8: TOYOTA COROLLA ALTIS GRAN | N8: Q347055 | O8: ZRE172R-7046163 | P8: 2020 | S8: D | T8: 09000248-Hassan Malik | U8: 3899000 | V8: 4533 | W8: 46 | X8: 590 | Y8: 0 | Z8: 5169 | AA8: 0 | AB8: 0 | AC8: 5169 | AD8: 0 | AE8: 5169
A9: 8 | B9: KHI/HO/D/MO/PD COMP/P/56778/11/2021 | C9: KHI/HO/D/MO/PD COMP/E/21801/10/2022 | D9: - | E9: MOTOR | F9: 44845 | G9: 44511 | H9: 44875 | I9: 08803172 | J9: Mr. Waqas Khan CNIC # 61101-0177170-1 NTN # 2881163-1 CELL # 0321-5048444 | L9: TOYOTA COROLLA ALTIS GRAN | N9: Q347055 | O9: ZRE172R-7046163 | P9: 2020 | S9: D | T9: 09000248-Hassan Malik | U9: 3899000 | V9: 3613 | W9: 36 | X9: 469 | Y9: 0 | Z9: 4118 | AA9: 0 | AB9: 0 | AC9: 4118 | AD9: 0 | AE9: 4118 | AJ9: 1835.0036 | AK9: 1534.1142
A10: 9 | B10: KHI/HO/D/MO/PD COMP/P/56778/11/2021 | C10: KHI/HO/D/MO/PD COMP/E/48695/10/2024 | D10: - | E10: MOTOR | F10: 45596 | G10: 44511 | H10: 44875 | I10: 08803172 | J10: Mr. Waqas Khan CNIC # 61101-0177170-1 NTN # 2881163-1 CELL # 0321-5048444 | L10: TOYOTA COROLLA ALTIS GRAN | N10: Q347055 | O10: ZRE172R-7046163 | P10: 2020 | S10: D | T10: 09000248-Hassan Malik | U10: -1 | V10: -9195 | W10: -92 | X10: 0 | Y10: 0 | Z10: -9287 | AA10: 0 | AB10: 0 | AC10: -9287 | AD10: 0 | AE10: -9287
A11: 10 | B11: KHI/HO/D/MO/PD COMP/P/56936/11/2021 | C11: KHI/HO/D/MO/PD COMP/E/22006/11/2022 | D11: - | E11: MOTOR | F11: 44867 | G11: 44518 | H11: 44882 | I11: 08802248 | J11: M/S. ARIF HABIB LIMITED User: Mr. Amir Hassan Cell No: 03218282839 | L11: SUZUKI ALTO AGS A/T | N11: 193511 | O11: 1093470 | P11: 2021 | S11: D | T11: 09000313-Abdus Saboor Khan | U11: 1950000 | V11: 889 | W11: 9 | X11: 115 | Y11: 0 | Z11: 1013 | AA11: 0 | AB11: 0 | AC11: 1013 | AD11: 0 | AE11: 1013 | AJ11: 828.1602 | AK11: 755.8009
A12: 11 | B12: KHI/HO/D/MO/PD COMP/P/56936/11/2021 | C12: KHI/HO/D/MO/PD COMP/E/48793/10/2024 | D12: - | E12: MOTOR | F12: 45596 | G12: 44518 | H12: 44882 | I12: 08802248 | J12: M/S. ARIF HABIB LIMITED User: Mr. Amir Hassan Cell No: 03218282839 | L12: SUZUKI ALTO AGS A/T | N12: 193511 | O12: 1093470 | P12: 2021 | S12: D | T12: 09000313-Abdus Saboor Khan | U12: -1 | V12: -1003 | W12: -10 | X12: 0 | Y12: 0 | Z12: -1013 | AA12: 0 | AB12: 0 | AC12: -1013 | AD12: 0 | AE12: -1013
A13: 20 | B13: KHI/HO/D/MO/PD COMP/P/58087/01/2022 | C13: KHI/HO/D/MO/PD COMP/E/18671/02/2022 | D13: - | E13: MOTOR | F13: 44597 | G13: 44565 | H13: 44929 | I13: 08804041 | J13: Mr. Masud Mir CNIC# 35202-2821316-9 Cell No. 0300-4138769 | L13: SUZUKI SWIFT GL M/T | M13: LE-4079 | N13: 13004044 | O13: PK10004039 | P13: 2011 | S13: D | T13: 09000221-Muhammad Irfan | U13: 1400000 | V13: 92 | W13: 1 | X13: 12 | Y13: 0 | Z13: 105 | AA13: 0 | AB13: 0 | AC13: 105 | AD13: 0 | AE13: 105 | AL13: musaudmir1932@gmail.com
A14: 21 | B14: KHI/HO/D/MO/PD COMP/P/58087/01/2022 | C14: KHI/HO/D/MO/PD COMP/E/19615/05/2022 | D14: - | E14: MOTOR | F14: 44687 | G14: 44565 | H14: 44929 | I14: 08804041 | J14: Mr. Masud Mir CNIC# 35202-2821316-9 Cell No. 0300-4138769 | L14: SUZUKI SWIFT GL M/T | M14: LE-4079 | N14: 13004044 | O14: PK10004039 | P14: 2011 | S14: D | T14: 09000221-Muhammad Irfan | U14: 1400000 | V14: 1081 | W14: 11 | X14: 140 | Y14: 0 | Z14: 1232 | AA14: 0 | AB14: 0 | AC14: 1232 | AD14: 0 | AE14: 1232 | AL14: musaudmir1932@gmail.com
A15: 22 | B15: KHI/HO/D/MO/PD COMP/P/58087/01/2022 | C15: KHI/HO/D/MO/PD COMP/E/19649/05/2022 | D15: - | E15: MOTOR | F15: 44687 | G15: 44565 | H15: 44929 | I15: 08804041 | J15: Mr. Masud Mir CNIC# 35202-2821316-9 Cell No. 0300-4138769 | L15: SUZUKI SWIFT GL M/T | M15: LE-4079 | N15: 13004044 | O15: PK10004039 | P15: 2011 | S15: D | T15: 09000221-Muhammad Irfan | U15: 1400000 | V15: 1001 | W15: 10 | X15: 130 | Y15: 0 | Z15: 1141 | AA15: 0 | AB15: 0 | AC15: 1141 | AD15: 0 | AE15: 1141 | AL15: musaudmir1932@gmail.com
A16: 23 | B16: KHI/HO/D/MO/PD COMP/P/58087/01/2022 | C16: KHI/HO/D/MO/PD COMP/E/21806/10/2022 | D16: - | E16: MOTOR | F16: 44845 | G16: 44565 | H16: 44929 | I16: 08804041 | J16: Mr. Masud Mir CNIC# 35202-2821316-9 Cell No. 0300-4138769 | L16: SUZUKI SWIFT GL M/T | M16: LE-4079 | N16: 13004044 | O16: PK10004039 | P16: 2011 | S16: D | T16: 09000221-Muhammad Irfan | U16: 1400000 | V16: 93 | W16: 1 | X16: 11 | Y16: 0 | Z16: 105 | AA16: 0 | AB16: 0 | AC16: 105 | AD16: 0 | AE16: 105 | AJ16: 108.84577 | AK16: 108.84577 | AL16: musaudmir1932@gmail.com
A17: 24 | B17: KHI/HO/D/MO/PD COMP/P/58087/01/2022 | C17: KHI/HO/D/MO/PD COMP/E/50450/12/2024 | D17: - | E17: MOTOR | F17: 45655 | G17: 44565 | H17: 44929 | I17: 08804041 | J17: Mr. Masud Mir CNIC# 35202-2821316-9 Cell No. 0300-4138769 | L17: SUZUKI SWIFT GL M/T | M17: LE-4079 | N17: 13004044 | O17: PK10004039 | P17: 2011 | S17: D | T17: 09000221-Muhammad Irfan | U17: -1 | V17: -2265 | W17: -23 | X17: -295 | Y17: 0 | Z17: -2583 | AA17: 0 | AB17: 0 | AC17: -2583 | AD17: 0 | AE17: -2583
A18: 25 | B18: KHI/HO/D/MO/PD COMP/P/58088/01/2022 | C18: KHI/HO/D/MO/PD COMP/E/22012/11/2022 | D18: - | E18: MOTOR | F18: 44867 | G18: 44574 | H18: 44938 | I18: 08804042 | J18: Mr. Yasar Sattar CNIC# 91506-0139010-5 CELL# 03104166440 | L18: MG HS 1.5 T | M18: AGK-572 | N18: 3150636 | O18: 063373 | P18: 2021 | S18: D | T18: 09000324-Smart PFM (Pvt.) Limited | U18: 5600000 | V18: 203 | W18: 2 | X18: 26 | Y18: 0 | Z18: 231 | AA18: 0 | AB18: 0 | AC18: 231 | AD18: 0 | AE18: 231 | AJ18: 59.711286 | AK18: 59.711286 | AL18: starcom647@yahoo.com
A19: 26 | B19: KHI/HO/D/MO/PD COMP/P/58088/01/2022 | C19: KHI/HO/D/MO/PD COMP/E/22239/11/2022 | D19: - | E19: MOTOR | F19: 44888 | G19: 44574 | H19: 44938 | I19: 08804042 | J19: Mr. Yasar Sattar CNIC# 91506-0139010-5 CELL# 03104166440 | L19: MG HS 1.5 T | M19: AGK-572 | N19: 3150636 | O19: 063373 | P19: 2021 | S19: D | T19: 09000324-Smart PFM (Pvt.) Limited | U19: 5600000 | V19: 669 | W19: 6 | X19: 87 | Y19: 0 | Z19: 762 | AA19: 0 | AB19: 0 | AC19: 762 | AD19: 0 | AE19: 762 | AJ19: 197.49643 | AK19: 197.49643 | AL19: starcom647@yahoo.com
A20: 27 | B20: KHI/HO/D/MO/PD COMP/P/58088/01/2022 | C20: KHI/HO/D/MO/PD COMP/E/50451/12/2024 | D20: - | E20: MOTOR | F20: 45655 | G20: 44574 | H20: 44938 | I20: 08804042 | J20: Mr. Yasar Sattar CNIC# 91506-0139010-5 CELL# 03104166440 | L20: MG HS 1.5 T | M20: AGK-572 | N20: 3150636 | O20: 063373 | P20: 2021 | S20: D | T20: 09000324-Smart PFM (Pvt.) Limited | U20: -1 | V20: -871 | W20: -9 | X20: -113 | Y20: 0 | Z20: -993 | AA20: 0 | AB20: 0 | AC20: -993 | AD20: 0 | AE20: -993
A21: 29 | B21: KHI/HO/D/MO/PD COMP/P/58180/01/2022 | C21: KHI/HO/D/MO/PD COMP/E/18762/02/2022 | D21: - | E21: MOTOR | F21: 44609 | G21: 44578 | H21: 44942 | I21: 08804115 | J21: Mr. Shaikh Muhammad Usama Noman CNIC# 4220193638919 Cell No. 03443014737 | L21: DAIHATSU MIRA | M21: BLN-782 | N21: KF-J340463 | O21: LA310S-103993 | P21: 2016 | S21: D | T21: 09000324-Smart PFM (Pvt.) Limited | U21: 1400000 | V21: 145 | W21: 2 | X21: 19 | Y21: 0 | Z21: 166 | AA21: 0 | AB21: 0 | AC21: 166 | AD21: 0 | AE21: 166 | AL21: s.usama.noman@gmail.com
A22: 30 | B22: KHI/HO/D/MO/PD COMP/P/58180/01/2022 | C22: KHI/HO/D/MO/PD COMP/E/48696/10/2024 | D22: - | E22: MOTOR | F22: 45596 | G22: 44578 | H22: 44942 | I22: 08804115 | J22: Mr. Shaikh Muhammad Usama Noman CNIC# 4220193638919 Cell No. 03443014737 | L22: DAIHATSU MIRA | M22: BLN-782 | N22: KF-J340463 | O22: LA310S-103993 | P22: 2016 | S22: D | T22: 09000324-Smart PFM (Pvt.) Limited | U22: -1 | V22: -164 | W22: -2 | X22: 0 | Y22: 0 | Z22: -166 | AA22: 0 | AB22: 0 | AC22: -166 | AD22: 0 | AE22: -166
A23: 31 | B23: KHI/HO/D/MO/PD COMP/P/58224/01/2022 | C23: KHI/HO/D/MO/PD COMP/E/22027/11/2022 | D23: - | E23: MOTOR | F23: 44867 | G23: 44580 | H23: 44944 | I23: 08804148 | J23: Mr. Hassan Ahmed CNIC# 37405-4482774-7 Cell No. 03445287446 | L23: TOYOTA YARIS ATIV AT | M23: BTX-660 | N23: 2A26538 | O23: 7015943 | P23: 2021 | S23: D | T23: 09000324-Smart PFM (Pvt.) Limited | U23: 2800000 | V23: 2042 | W23: 19 | X23: 0 | Y23: 0 | Z23: 2061 | AA23: 0 | AB23: 0 | AC23: 2061 | AD23: 0 | AE23: 2061 | AJ23: 1382.6682 | AK23: 1066.2163 | AL23: hassaan_ahmed@msn.com
A24: 32 | B24: KHI/HO/D/MO/PD COMP/P/58224/01/2022 | C24: KHI/HO/D/MO/PD COMP/E/22227/11/2022 | D24: - | E24: MOTOR | F24: 44888 | G24: 44580 | H24: 44944 | I24: 08804148 | J24: Mr. Hassan Ahmed CNIC# 37405-4482774-7 Cell No. 03445287446 | L24: TOYOTA YARIS ATIV AT | M24: BTX-660 | N24: 2A26538 | O24: 7015943 | P24: 2021 | S24: D | T24: 09000324-Smart PFM (Pvt.) Limited | U24: 2800000 | V24: 341 | W24: 3 | X24: 0 | Y24: 0 | Z24: 344 | AA24: 0 | AB24: 0 | AC24: 344 | AD24: 0 | AE24: 344 | AJ24: 178.72179 | AK24: 178.72179 | AL24: hassaan_ahmed@msn.com
A25: 33 | B25: KHI/HO/D/MO/PD COMP/P/58224/01/2022 | C25: KHI/HO/D/MO/PD COMP/E/22541/12/2022 | D25: - | E25: MOTOR | F25: 44919 | G25: 44580 | H25: 44944 | I25: 08804148 | J25: Mr. Hassan Ahmed CNIC# 37405-4482774-7 Cell No. 03445287446 | K25: ... | L25: TOYOTA YARIS ATIV AT | M25: BTX-660 | N25: 2A26538 | O25: 7015943 | P25: 2021 | S25: D | T25: 09000324-Smart PFM (Pvt.) Limited | U25: 2800000 | V25: 656 | W25: 8 | X25: 395 | Y25: 0 | Z25: 1059 | AA25: 0 | AB25: 0 | AC25: 1059 | AD25: 0 | AE25: 1059 | AJ25: 704.40179 | AK25: 548.62538 | AL25: hassaan_ahmed@msn.com
A26: 34 | B26: KHI/HO/D/MO/PD COMP/P/58224/01/2022 | C26: KHI/HO/D/MO/PD COMP/E/48697/10/2024 | D26: - | E26: MOTOR | F26: 45596 | G26: 44580 | H26: 44944 | I26: 08804148 | J26: Mr. Hassan Ahmed CNIC# 37405-4482774-7 Cell No. 03445287446 | K26: ... | L26: TOYOTA YARIS ATIV AT | M26: BTX-660 | N26: 2A26538 | O26: 7015943 | P26: 2021 | S26: D | T26: 09000324-Smart PFM (Pvt.) Limited | U26: -1 | V26: -3430 | W26: -34 | X26: 0 | Y26: 0 | Z26: -3464 | AA26: 0 | AB26: 0 | AC26: -3464 | AD26: 0 | AE26: -3464
A27: 35 | B27: KHI/HO/D/MO/PD COMP/P/58234/01/2022 | D27: - | E27: MOTOR | F27: 44583 | G27: 44581 | H27: 44945 | I27: 08804155 | J27: Mr. Muhammad Ismail Mian CNIC# 35202-2462925-7 CELL# 03244370464 | L27: SUZUKI ALTO VXL | M27: AGF-857 | N27: 6R193595 | O27: NF1AET306H1093581 | P27: 2021 | S27: D | T27: 09000324-Smart PFM (Pvt.) Limited | U27: -1 | V27: 13217 | W27: 132 | X27: 1718 | Y27: 50 | Z27: 15117 | AA27: 13815 | AB27: 0 | AC27: 1302 | AD27: 0 | AE27: 1302 | AL27: muhammadwaqasrph@gmail.com
A28: 36 | B28: KHI/HO/D/MO/PD COMP/P/58234/01/2022 | C28: KHI/HO/D/MO/PD COMP/E/22226/11/2022 | D28: - | E28: MOTOR | F28: 44888 | G28: 44581 | H28: 44945 | I28: 08804155 | J28: Mr. Muhammad Ismail Mian CNIC# 35202-2462925-7 CELL# 03244370464 | L28: SUZUKI ALTO VXL | M28: AGF-857 | N28: 6R193595 | O28: NF1AET306H1093581 | P28: 2021 | S28: D | T28: 09000324-Smart PFM (Pvt.) Limited | U28: 1527000 | V28: 1451 | W28: 14 | X28: 189 | Y28: 0 | Z28: 1654 | AA28: 75 | AB28: 0 | AC28: 1579 | AD28: 0 | AE28: 1579 | AJ28: 2453.3275 | AK28: 1575.047 | AL28: muhammadwaqasrph@gmail.com
A29: 37 | B29: KHI/HO/D/MO/PD COMP/P/58234/01/2022 | C29: KHI/HO/D/MO/PD COMP/E/22607/12/2022 | D29: - | E29: MOTOR | F29: 44924 | G29: 44581 | H29: 44945 | I29: 08804155 | J29: Mr. Muhammad Ismail Mian CNIC# 35202-2462925-7 CELL# 03244370464 | L29: SUZUKI ALTO VXL | M29: AGF-857 | N29: 6R193595 | O29: NF1AET306H1093581 | P29: 2021 | S29: D | T29: 09000324-Smart PFM (Pvt.) Limited | U29: 1527000 | V29: 1420 | W29: 15 | X29: 184 | Y29: 0 | Z29: 1619 | AA29: 0 | AB29: 0 | AC29: 1619 | AD29: 0 | AE29: 1619 | AJ29: 2131.4093 | AK29: 1540.4798 | AL29: muhammadwaqasrph@gmail.com
A30: 38 | B30: KHI/HO/D/MO/PD COMP/P/58234/01/2022 | C30: KHI/HO/D/MO/PD COMP/E/48698/10/2024 | D30: - | E30: MOTOR | F30: 45596 | G30: 44581 | H30: 44945 | I30: 08804155 | J30: Mr. Muhammad Ismail Mian CNIC# 35202-2462925-7 CELL# 03244370464 | L30: SUZUKI ALTO VXL | M30: AGF-857 | N30: 6R193595 | O30: NF1AET306H1093581 | P30: 2021 | S30: D | T30: 09000324-Smart PFM (Pvt.) Limited | U30: -1 | V30: -4455 | W30: -45 | X30: 0 | Y30: 0 | Z30: -4500 | AA30: 0 | AB30: 0 | AC30: -4500 | AD30: 0 | AE30: -4500
A31: 42 | B31: KHI/HO/D/MO/PD COMP/P/58677/02/2022 | C31: KHI/HO/D/MO/PD COMP/E/21805/10/2022 | D31: - | E31: MOTOR | F31: 44845 | G31: 44593 | H31: 44957 | I31: 08804445 | J31: Miss. Syeda Bisma Haider CNIC# 42201-2639277-8 Cell No. 0345-2410113 | L31: TOYOTA PIXIS EPOCH A/T | M31: BPH-058 | N31: KF-J247694 | O31: 1036112 | P31: 2015 | S31: D | T31: 09000221-Muhammad Irfan | U31: 1612000 | V31: 3483 | W31: 35 | X31: 452 | Y31: 0 | Z31: 3970 | AA31: 0 | AB31: 0 | AC31: 3970 | AD31: 0 | AE31: 3970 | AJ31: 3715.4417 | AK31: 3587.7491 | AL31: bisma_haider@live.com
A32: 43 | B32: KHI/HO/D/MO/PD COMP/P/58677/02/2022 | C32: KHI/HO/D/MO/PD COMP/E/48700/10/2024 | D32: - | E32: MOTOR | F32: 45596 | G32: 44593 | H32: 44957 | I32: 08804445 | J32: Miss. Syeda Bisma Haider CNIC# 42201-2639277-8 Cell No. 0345-2410113 | L32: TOYOTA PIXIS EPOCH A/T | M32: BPH-058 | N32: KF-J247694 | O32: 1036112 | P32: 2015 | S32: D | T32: 09000221-Muhammad Irfan | U32: -1 | V32: -3931 | W32: -39 | X32: 0 | Y32: 0 | Z32: -3970 | AA32: 0 | AB32: 0 | AC32: -3970 | AD32: 0 | AE32: -3970 | AI32: MAHRUKH
A33: 44 | B33: KHI/HO/D/MO/PD COMP/P/58795/02/2022 | C33: KHI/HO/D/MO/PD COMP/E/22651/01/2023 | D33: - | E33: MOTOR | F33: 44929 | G33: 44585 | H33: 44949 | I33: 08804538 | J33: Mr. Abdul Malik Ghori CNIC# 42301-3931939-5 CELL# 03313334417 | K33: ..... | L33: TOYOTA COROLLA ALTIS 1.6 | M33: BSW-164 | N33: Q071086 | O33: ZRE171R-6048579 | P33: 2021 | S33: D | T33: 09000324-Smart PFM (Pvt.) Limited | U33: 3700000 | V33: 683 | W33: 7 | X33: 89 | Y33: 0 | Z33: 779 | AA33: 0 | AB33: 0 | AC33: 779 | AD33: 0 | AE33: 779 | AL33: malikghori@aol.com
A34: 45 | B34: KHI/HO/D/MO/PD COMP/P/58795/02/2022 | C34: KHI/HO/D/MO/PD COMP/E/48701/10/2024 | D34: - | E34: MOTOR | F34: 45596 | G34: 44585 | H34: 44949 | I34: 08804538 | J34: Mr. Abdul Malik Ghori CNIC# 42301-3931939-5 CELL# 03313334417 | K34: ..... | L34: TOYOTA COROLLA ALTIS 1.6 | M34: BSW-164 | N34: Q071086 | O34: ZRE171R-6048579 | P34: 2021 | S34: D | T34: 09000324-Smart PFM (Pvt.) Limited | U34: -1 | V34: -771 | W34: -8 | X34: 0 | Y34: 0 | Z34: -779 | AA34: 0 | AB34: 0 | AC34: -779 | AD34: 0 | AE34: -779
A35: 49 | B35: KHI/HO/D/MO/PD COMP/P/59606/03/2022 | C35: KHI/HO/D/MO/PD COMP/E/22261/11/2022 | D35: - | E35: MOTOR | F35: 44889 | G35: 44627 | H35: 44991 | I35: 08805070 | J35: Ms. Fahmida Sarfaraz CNIC# 35201-1539446-0 CELL# 0300-4331273 | L35: TOYOTA YARIS GLI MT | M35: ACC-629 | N35: 2A04449 | O35: NSP150R-7002240 | P35: 2020 | S35: D | T35: 09000226-Yasir Muhammad | U35: 2500000 | V35: 336 | W35: 3 | X35: 0 | Y35: 0 | Z35: 339 | AA35: 0 | AB35: 0 | AC35: 339 | AD35: 0 | AE35: 339 | AJ35: 195.47546 | AK35: 195.47546 | AL35: fahmida.safaraz@gmail.com
A36: 50 | B36: KHI/HO/D/MO/PD COMP/P/59606/03/2022 | C36: KHI/HO/D/MO/PD COMP/E/22399/12/2022 | D36: - | E36: MOTOR | F36: 44902 | G36: 44627 | H36: 44991 | I36: 08805070 | J36: Ms. Fahmida Sarfaraz CNIC# 35201-1539446-0 CELL# 0300-4331273 | L36: TOYOTA YARIS GLI MT | M36: ACC-629 | N36: 2A04449 | O36: NSP150R-7002240 | P36: 2020 | S36: D | T36: 09000226-Yasir Muhammad | U36: 2500000 | V36: 202 | W36: 2 | X36: 0 | Y36: 0 | Z36: 204 | AA36: 0 | AB36: 0 | AC36: 204 | AD36: 0 | AE36: 204 | AJ36: 118.29876 | AK36: 118.29876 | AL36: fahmida.safaraz@gmail.com
A37: 51 | B37: KHI/HO/D/MO/PD COMP/P/59606/03/2022 | C37: KHI/HO/D/MO/PD COMP/E/22778/01/2023 | D37: - | E37: MOTOR | F37: 44942 | G37: 44627 | H37: 44991 | I37: 08805070 | J37: Ms. Fahmida Sarfaraz CNIC# 35201-1539446-0 CELL# 0300-4331273 | L37: TOYOTA YARIS GLI MT | M37: ACC-629 | N37: 2A04449 | O37: NSP150R-7002240 | P37: 2020 | S37: D | T37: 09000226-Yasir Muhammad | U37: 2500000 | V37: 111 | W37: 0 | X37: 0 | Y37: 0 | Z37: 111 | AA37: 0 | AB37: 0 | AC37: 111 | AD37: 0 | AE37: 111 | AJ37: 64.672563 | AK37: 64.672563 | AL37: fahmida.safaraz@gmail.com
A38: 52 | B38: KHI/HO/D/MO/PD COMP/P/59606/03/2022 | C38: KHI/HO/D/MO/PD COMP/E/23073/02/2023 | D38: - | E38: MOTOR | F38: 44967 | G38: 44627 | H38: 44991 | I38: 08805070 | J38: Ms. Fahmida Sarfaraz CNIC# 35201-1539446-0 CELL# 0300-4331273 | L38: TOYOTA YARIS GLI MT | M38: ACC-629 | N38: 2A04449 | O38: NSP150R-7002240 | P38: 2020 | S38: D | T38: 09000226-Yasir Muhammad | U38: 2500000 | V38: 336 | W38: 3 | X38: 0 | Y38: 0 | Z38: 339 | AA38: 0 | AB38: 0 | AC38: 339 | AD38: 0 | AE38: 339 | AJ38: 197.6038 | AK38: 197.6038 | AL38: fahmida.safaraz@gmail.com
A39: 53 | B39: KHI/HO/D/MO/PD COMP/P/59606/03/2022 | C39: KHI/HO/D/MO/PD COMP/E/48703/10/2024 | D39: - | E39: MOTOR | F39: 45596 | G39: 44627 | H39: 44991 | I39: 08805070 | J39: Ms. Fahmida Sarfaraz CNIC# 35201-1539446-0 CELL# 0300-4331273 | L39: TOYOTA YARIS GLI MT | M39: ACC-629 | N39: 2A04449 | O39: NSP150R-7002240 | P39: 2020 | S39: D | T39: 09000226-Yasir Muhammad | U39: -1 | V39: -983 | W39: -10 | X39: 0 | Y39: 0 | Z39: -993 | AA39: 0 | AB39: 0 | AC39: -993 | AD39: 0 | AE39: -993
A40: 59 | B40: KHI/HO/D/MO/PD COMP/P/60210/04/2022 | C40: KHI/HO/D/MO/PD COMP/E/24332/03/2023 | D40: - | E40: MOTOR | F40: 45012 | G40: 44659 | H40: 45023 | I40: 08805421 | J40: Mr. Sheikh Rizwan Ahmed CNIC # 33100-0997944-9 CELL # 0332-7866612 / 0311-1150000 | L40: SUZUKI SWIFT GL M/T | M40: AKH-269 | N40: 13042650 | O40: 10042652 | P40: 2018 | S40: D | T40: 09000309-Zeeshan Mohi-u-din | U40: 1800000 | V40: 471 | W40: 4 | X40: 61 | Y40: 0 | Z40: 536 | AA40: 0 | AB40: 0 | AC40: 536 | AD40: 0 | AE40: 536 | AJ40: 401.53758 | AK40: 401.37383 | AL40: daudahmad.sh@gmail.com
A41: 60 | B41: KHI/HO/D/MO/PD COMP/P/60210/04/2022 | C41: KHI/HO/D/MO/PD COMP/E/48704/10/2024 | D41: - | E41: MOTOR | F41: 45596 | G41: 44659 | H41: 45023 | I41: 08805421 | J41: Mr. Sheikh Rizwan Ahmed CNIC # 33100-0997944-9 CELL # 0332-7866612 / 0311-1150000 | K41: . | L41: SUZUKI SWIFT GL M/T | M41: AKH-269 | N41: 13042650 | O41: 10042652 | P41: 2018 | S41: D | T41: 09000309-Zeeshan Mohi-u-din | U41: -1 | V41: -531 | W41: -5 | X41: 0 | Y41: 0 | Z41: -536 | AA41: 0 | AB41: 0 | AC41: -536 | AD41: 0 | AE41: -536
A42: 61 | B42: KHI/HO/D/MO/PD COMP/P/60538/05/2022 | D42: - | E42: MOTOR | F42: 44687 | G42: 44677 | H42: 45041 | I42: 08805684 | J42: M/s. First Habib Modaraba A/c. Rizwan Mehdi CNIC# 3110188554279 CELL# 0321-6980301 | L42: HONDA CIVIC 1.8 I-VTEC OR | M42: AQA-637 | N42: R18Z12955734 | O42: NFBFC6668LR059632 | P42: 2020 | S42: D | T42: 09000221-Muhammad Irfan | V42: 33798 | W42: 338 | X42: 4394 | Y42: 50 | Z42: 38580 | AA42: 38581 | AB42: 0 | AC42: -1 | AD42: 0 | AE42: -1 | AL42: rizwanmehdi@gmail.com
A43: 62 | B43: KHI/HO/D/MO/PD COMP/P/60538/05/2022 | C43: KHI/HO/D/MO/PD COMP/E/24359/03/2023 | D43: - | E43: MOTOR | F43: 45013 | G43: 44677 | H43: 45041 | I43: 08805684 | J43: M/s. First Habib Modaraba A/c. Rizwan Mehdi CNIC# 3110188554279 CELL# 0321-6980301 | K43: . | L43: HONDA CIVIC 1.8 I-VTEC OR | M43: AQA-637 | N43: R18Z12955734 | O43: NFBFC6668LR059632 | P43: 2020 | S43: D | T43: 09000221-Muhammad Irfan | U43: 3897000 | V43: 90 | W43: 1 | X43: 0 | Y43: 0 | Z43: 91 | AA43: 90 | AB43: 0 | AC43: 1 | AD43: 0 | AE43: 1 | AL43: rizwanmehdi@gmail.com
A44: 63 | B44: KHI/HO/D/MO/PD COMP/P/60617/05/2022 | C44: KHI/HO/D/MO/PD COMP/E/21795/10/2022 | D44: - | E44: MOTOR | F44: 44845 | G44: 44691 | H44: 45055 | I44: 08805710 | J44: Mr. Hamza Saleem Mirza CNIC# 42101-8566667-9 CELL# 0334-1120985 / 0345-3637394 | L44: SUZUKI ALTO | M44: BWN-587 | N44: 226621 | O44: 1126643 | P44: 2022 | S44: D | T44: 09000221-Muhammad Irfan | U44: 1700000 | V44: 850 | W44: 9 | X44: 110 | Y44: 0 | Z44: 969 | AA44: 0 | AB44: 0 | AC44: 969 | AD44: 0 | AE44: 969 | AJ44: 920.23397 | AK44: 828.19647 | AL44: auganzebaccamba@gmail.com
A45: 64 | B45: KHI/HO/D/MO/PD COMP/P/60617/05/2022 | C45: KHI/HO/D/MO/PD COMP/E/48794/10/2024 | D45: - | E45: MOTOR | F45: 45596 | G45: 44691 | H45: 45055 | I45: 08805710 | J45: Mr. Hamza Saleem Mirza CNIC# 42101-8566667-9 CELL# 0334-1120985 / 0345-3637394 | L45: SUZUKI ALTO | M45: BWN-587 | N45: 226621 | O45: 1126643 | P45: 2022 | S45: D | T45: 09000221-Muhammad Irfan | U45: -1 | V45: -959 | W45: -10 | X45: 0 | Y45: 0 | Z45: -969 | AA45: 0 | AB45: 0 | AC45: -969 | AD45: 0 | AE45: -969
A46: 65 | B46: KHI/HO/D/MO/PD COMP/P/60632/05/2022 | C46: KHI/HO/D/MO/PD COMP/E/21792/10/2022 | D46: - | E46: MOTOR | F46: 44845 | G46: 44690 | H46: 45054 | I46: 08805720 | J46: Mr. Farhan Latif CNIC# 33102-9360190-7 CELL# 0334-8706662 / 0311-1150000 | L46: SUZUKI SWIFT GL M/T | M46: LEH-15-4224 | N46: 13028843 | O46: 10028850 | P46: 2015 | S46: D | T46: 09000309-Zeeshan Mohi-u-din | U46: 1800000 | V46: 381 | W46: 4 | X46: 49 | Y46: 0 | Z46: 434 | AA46: 0 | AB46: 0 | AC46: 434 | AD46: 0 | AE46: 434 | AJ46: 802.95779 | AK46: 351.72397 | AL46: daudahmad.sh@gmail.com
A47: 66 | B47: KHI/HO/D/MO/PD COMP/P/60632/05/2022 | C47: KHI/HO/D/MO/PD COMP/E/23322/02/2023 | D47: - | E47: MOTOR | F47: 44985 | G47: 44690 | H47: 45054 | I47: 08805720 | J47: Mr. Farhan Latif CNIC# 33102-9360190-7 CELL# 0334-8706662 / 0311-1150000 | L47: SUZUKI SWIFT GL M/T | M47: LEH-15-4224 | N47: 13028843 | O47: 10028850 | P47: 2015 | S47: D | T47: 09000309-Zeeshan Mohi-u-din | U47: 1800000 | V47: -381 | W47: -4 | X47: 0 | Y47: 0 | Z47: -385 | AA47: 0 | AB47: 0 | AC47: -385 | AD47: 0 | AE47: -385 | AL47: daudahmad.sh@gmail.com
A48: 67 | B48: KHI/HO/D/MO/PD COMP/P/60632/05/2022 | C48: KHI/HO/D/MO/PD COMP/E/48706/10/2024 | D48: - | E48: MOTOR | F48: 45596 | G48: 44690 | H48: 45054 | I48: 08805720 | J48: Mr. Farhan Latif CNIC# 33102-9360190-7 CELL# 0334-8706662 / 0311-1150000 | L48: SUZUKI SWIFT GL M/T | M48: LEH-15-4224 | N48: 13028843 | O48: 10028850 | P48: 2015 | S48: D | T48: 09000309-Zeeshan Mohi-u-din | U48: -1 | V48: -49 | W48: 0 | X48: 0 | Y48: 0 | Z48: -49 | AA48: 0 | AB48: 0 | AC48: -49 | AD48: 0 | AE48: -49
A49: 73 | B49: KHI/HO/D/MO/PD COMP/P/61418/06/2022 | D49: - | E49: MOTOR | F49: 44722 | G49: 44720 | H49: 45084 | I49: 08806239 | J49: Mr. Muhammad Hamza Khan CNIC #. 41303-9598215-7 CELL #. 0332-2515431 | L49: SUZUKI ALTO | M49: BSR-460 | N49: 6R137750 | O49: NF1AET306H1037745 | P49: 2020 | S49: D | T49: 09000221-Muhammad Irfan | U49: -1 | V49: 14719 | W49: 147 | X49: 1914 | Y49: 50 | Z49: 16830 | AA49: 17234 | AB49: 0 | AC49: -404 | AD49: 0 | AE49: -404 | AI49: MAHRUKH | AL49: humza4948@gmail.com
A50: 74 | B50: KHI/HO/D/MO/PD COMP/P/61418/06/2022 | C50: KHI/HO/D/MO/PD COMP/E/21796/10/2022 | D50: - | E50: MOTOR | F50: 44845 | G50: 44720 | H50: 45084 | I50: 08806239 | J50: Mr. Muhammad Hamza Khan CNIC #. 41303-9598215-7 CELL #. 0310-2323273 | L50: SUZUKI ALTO | M50: BSR-460 | N50: 6R137750 | O50: NF1AET306H1037745 | P50: 2020 | S50: D | T50: 09000221-Muhammad Irfan | U50: 1700000 | V50: 401 | W50: 3 | X50: 0 | Y50: 0 | Z50: 404 | AA50: 0 | AB50: 0 | AC50: 404 | AD50: 0 | AE50: 404 | AI50: MAHRUKH | AJ50: 345.7301 | AK50: 345.7301 | AL50: humza4948@gmail.com
A51: 79 | B51: KHI/HO/D/MO/PD COMP/P/62893/08/2022 | C51: KHI/HO/D/MO/PD COMP/E/21787/10/2022 | D51: - | E51: MOTOR | F51: 44845 | G51: 44784 | H51: 45148 | I51: 08804672 | J51: Mr. Farooq Azam CNIC# 42301-0842007-5 CELL# 03002367384 | L51: SUZUKI ALTO VXR | M51: BWW-289 | N51: 6R235261 | O51: NF1AET306H1135259 | P51: 2022 | S51: D | T51: 09000221-Muhammad Irfan | U51: 2500000 | V51: 1491 | W51: 15 | X51: 193 | Y51: 0 | Z51: 1699 | AA51: 0 | AB51: 0 | AC51: 1699 | AD51: 0 | AE51: 1699 | AJ51: 1299.2113 | AK51: 987.99642 | AL51: memonfazam@gmail.com
A52: 80 | B52: KHI/HO/D/MO/PD COMP/P/62893/08/2022 | C52: KHI/HO/D/MO/PD COMP/E/48709/10/2024 | D52: - | E52: MOTOR | F52: 45596 | G52: 44784 | H52: 45148 | I52: 08804672 | J52: Mr. Farooq Azam CNIC# 42301-0842007-5 CELL# 03002367384 | L52: SUZUKI ALTO VXR | M52: BWW-289 | N52: 6R235261 | O52: NF1AET306H1135259 | P52: 2022 | S52: D | T52: 09000221-Muhammad Irfan | U52: -1 | V52: -1682 | W52: -17 | X52: 0 | Y52: 0 | Z52: -1699 | AA52: 0 | AB52: 0 | AC52: -1699 | AD52: 0 | AE52: -1699
A53: 81 | B53: KHI/HO/D/MO/PD COMP/P/63305/09/2022 | D53: - | E53: MOTOR | F53: 44806 | G53: 44811 | H53: 45175 | I53: 08800738 | J53: M/s. Nextbridge Private Limited. NTN- 1132123 | L53: TOYOTA HIACE | M53: LEH-19-4869 | N53: 2TR2419668 | O53: TRH2190014585 | P53: 2012 | Q53: 35202-1794756-1 | S53: D | T53: 09000221-Muhammad Irfan | V53: 25392 | W53: 254 | X53: 3301 | Y53: 50 | Z53: 28997 | AA53: 29371 | AB53: 0 | AC53: -374 | AD53: 0 | AE53: -374 | AI53: MAHRUKH | AL53: procurement@nxb.com.pk,fahad.anwar@salaamtakaful.com,abdul.mannan@nxb.com.pk
A54: 82 | B54: KHI/HO/D/MO/PD COMP/P/63305/09/2022 | C54: KHI/HO/D/MO/PD COMP/E/21786/10/2022 | D54: - | E54: MOTOR | F54: 44845 | G54: 44811 | H54: 45175 | I54: 08800738 | J54: M/s. Nextbridge Private Limited. NTN- 1132123 | L54: TOYOTA HIACE | M54: LEH-19-4869 | N54: 2TR2419668 | O54: TRH2190014585 | P54: 2012 | Q54: 35202-1794756-1 | S54: D | T54: 09000221-Muhammad Irfan | U54: 2929000 | V54: 388 | W54: 4 | X54: 50 | Y54: 0 | Z54: 442 | AA54: 68 | AB54: 0 | AC54: 374 | AD54: 0 | AE54: 374 | AI54: MAHRUKH | AJ54: 1363.2772 | AK54: 220.12357 | AL54: procurement@nxb.com.pk,fahad.anwar@salaamtakaful.com,abdul.mannan@nxb.com.pk
A55: 83 | B55: KHI/HO/D/MO/PD COMP/P/63469/09/2022 | C55: KHI/HO/D/MO/PD COMP/E/27010/07/2023 | D55: - | E55: MOTOR | F55: 45113 | G55: 44804 | H55: 45168 | I55: 08802904 | J55: Mr. Abdul Hameed CNIC # 42201-7010075-5 CELL # 0333-2287395 | L55: TOYOTA VITZ | M55: BKG-060 | N55: 1KR-1496719 | O55: KSP130-2123733 | P55: 2014 | S55: D | T55: 09000313-Abdus Saboor Khan | U55: 2575000 | V55: 111 | W55: 1 | X55: 14 | Y55: 0 | Z55: 126 | AA55: 0 | AB55: 0 | AC55: 126 | AD55: 0 | AE55: 126 | AJ55: 71.196372 | AK55: 71.196372 | AL55: hameed@arifhabibltd.com
A56: 84 | B56: KHI/HO/D/MO/PD COMP/P/63469/09/2022 | C56: KHI/HO/D/MO/PD COMP/E/28184/07/2023 | D56: - | E56: MOTOR | F56: 45138 | G56: 44804 | H56: 45168 | I56: 08802904 | J56: Mr. Abdul Hameed CNIC # 42201-7010075-5 CELL # 0333-2287395 | L56: TOYOTA VITZ | M56: BKG-060 | N56: 1KR-1496719 | O56: KSP130-2123733 | P56: 2014 | S56: D | T56: 09000313-Abdus Saboor Khan | U56: 2575000 | V56: 209 | W56: 3 | X56: 28 | Y56: 0 | Z56: 240 | AA56: 0 | AB56: 0 | AC56: 240 | AD56: 0 | AE56: 240 | AL56: hameed@arifhabibltd.com
A57: 85 | B57: KHI/HO/D/MO/PD COMP/P/63469/09/2022 | C57: KHI/HO/D/MO/PD COMP/E/28186/07/2023 | D57: - | E57: MOTOR | F57: 45138 | G57: 44804 | H57: 45168 | I57: 08802904 | J57: Mr. Abdul Hameed CNIC # 42201-7010075-5 CELL # 0333-2287395 | L57: TOYOTA VITZ | M57: BKG-060 | N57: 1KR-1496719 | O57: KSP130-2123733 | P57: 2014 | S57: D | T57: 09000313-Abdus Saboor Khan | U57: 2575000 | V57: 209 | W57: 3 | X57: 28 | Y57: 0 | Z57: 240 | AA57: 0 | AB57: 0 | AC57: 240 | AD57: 0 | AE57: 240 | AJ57: 135.87 | AK57: 135.87 | AL57: hameed@arifhabibltd.com
A58: 86 | B58: KHI/HO/D/MO/PD COMP/P/63469/09/2022 | C58: KHI/HO/D/MO/PD COMP/E/48710/10/2024 | D58: - | E58: MOTOR | F58: 45596 | G58: 44804 | H58: 45168 | I58: 08802904 | J58: Mr. Abdul Hameed CNIC # 42201-7010075-5 CELL # 0333-2287395 | L58: TOYOTA VITZ | M58: BKG-060 | N58: 1KR-1496719 | O58: KSP130-2123733 | P58: 2014 | S58: D | T58: 09000313-Abdus Saboor Khan | U58: -1 | V58: -600 | W58: -6 | X58: 0 | Y58: 0 | Z58: -606 | AA58: 0 | AB58: 0 | AC58: -606 | AD58: 0 | AE58: -606
A59: 87 | B59: KHI/HO/D/MO/PD COMP/P/63588/09/2022 | C59: KHI/HO/D/MO/PD COMP/E/21807/10/2022 | D59: - | E59: MOTOR | F59: 44845 | G59: 44813 | H59: 45177 | I59: 08807472 | J59: Mrs. Nighat Zubair CNIC # 42301-0864749-0 CELL# +92 300 8254002 | L59: KIA SPORTAGE AWD | M59: BK-6120 | N59: G4NAMH329679 | O59: NNAQL51AZKP516648 | P59: 2022 | S59: D | T59: 09000221-Muhammad Irfan | U59: 6250000 | V59: 1084 | W59: 11 | X59: 141 | Y59: 0 | Z59: 1236 | AA59: 0 | AB59: 0 | AC59: 1236 | AD59: 0 | AE59: 1236 | AJ59: 287.28511 | AK59: 287.28511 | AL59: mz7693@yahoo.com
A60: 88 | B60: KHI/HO/D/MO/PD COMP/P/63588/09/2022 | C60: KHI/HO/D/MO/PD COMP/E/59206/03/2025 | D60: - | E60: MOTOR | F60: 45745 | G60: 44813 | H60: 45177 | I60: 08807472 | J60: Mrs. Nighat Zubair CNIC # 42301-0864749-0 CELL# +92 300 8254002 | L60: KIA SPORTAGE AWD | M60: BK-6120 | N60: G4NAMH329679 | O60: NNAQL51AZKP516648 | P60: 2022 | S60: D | T60: 09000221-Muhammad Irfan | U60: -1 | V60: -1225 | W60: -11 | X60: 0 | Y60: 0 | Z60: -1236 | AA60: 0 | AB60: 0 | AC60: -1236 | AD60: 0 | AE60: -1236
A61: 104 | B61: KHI/HO/D/MO/PD COMP/P/66017/12/2022 | D61: - | E61: MOTOR | F61: 44917 | G61: 44916 | H61: 45280 | I61: 08808858 | J61: Mr. Muhammad Ali Raza Hussain CNIC# 42201-4833830-3 CELL# +92 333 2016338 | L61: TOYOTA COROLLA ALTIS GRAN | M61: BPJ-375 | N61: Q337896 | O61: ZRE172R-7037049 | P61: 2019 | Q61: 42201-4833830-3 | S61: D | T61: 09000313-Abdus Saboor Khan | U61: 4000000 | V61: 4343 | W61: 43 | X61: 564 | Y61: 50 | Z61: 5000 | AA61: 5001 | AB61: 0 | AC61: -1 | AD61: 0 | AE61: -1 | AL61: m.aliraza@arifhabibltd.com
A62: 105 | B62: KHI/HO/D/MO/PD COMP/P/66017/12/2022 | C62: KHI/HO/D/MO/PD COMP/E/25678/05/2023 | D62: - | E62: MOTOR | F62: 45069 | G62: 44916 | H62: 45280 | I62: 08808858 | J62: Mr. Muhammad Ali Raza Hussain CNIC# 42201-4833830-3 CELL# +92 333 2016338 | L62: TOYOTA COROLLA ALTIS GRAN | M62: BPJ-375 | N62: Q337896 | O62: ZRE172R-7037049 | P62: 2019 | Q62: 42201-4833830-3 | S62: D | T62: 09000313-Abdus Saboor Khan | U62: 4000000 | V62: 3412 | W62: 34 | X62: 444 | Y62: 0 | Z62: 3890 | AA62: 3889 | AB62: 0 | AC62: 1 | AD62: 0 | AE62: 1 | AJ62: 900.15935 | AK62: 709.21436 | AL62: m.aliraza@arifhabibltd.com
A63: 106 | B63: KHI/HO/D/MO/PD COMP/P/66188/12/2022 | D63: - | E63: MOTOR | F63: 44923 | G63: 44923 | H63: 45287 | I63: 08808954 | J63: Mr. Tahir Raza CNIC# 42101-1919646-5 CELL# 03341873239 | L63: SUZUKI Suzuki Swift GL CV | N63: K12M-1013060 | O63: NF1A2L412113060 | P63: 2022 | Q63: 42101-1919646-5 | S63: D | T63: 09000221-Muhammad Irfan | V63: 4343 | W63: 43 | X63: 564 | Y63: 50 | Z63: 5000 | AA63: 5003 | AB63: 0 | AC63: -3 | AD63: 0 | AE63: -3 | AL63: tahir.raza1@hbl.com
A64: 107 | B64: KHI/HO/D/MO/PD COMP/P/66188/12/2022 | C64: KHI/HO/D/MO/PD COMP/E/23543/03/2023 | D64: - | E64: MOTOR | F64: 44991 | G64: 44923 | H64: 45287 | I64: 08808954 | J64: Mr. Tahir Raza CNIC# 42101-1919646-5 CELL# 03341873239 | L64: SUZUKI Suzuki Swift GL CV | N64: K12M-1013060 | O64: NF1A2L412113060 | P64: 2022 | Q64: 42101-1919646-5 | S64: D | T64: 09000221-Muhammad Irfan | U64: 3445000 | V64: 5530 | W64: 55 | X64: 718 | Y64: 0 | Z64: 6303 | AA64: 6300 | AB64: 0 | AC64: 3 | AD64: 0 | AE64: 3 | AJ64: 2282.1314 | AK64: 1337.8562 | AL64: tahir.raza1@hbl.com
A65: 109 | B65: KHI/HO/D/MO/PD COMP/P/66636/01/2023 | C65: KHI/HO/D/MO/PD COMP/E/23895/03/2023 | D65: - | E65: MOTOR | F65: 44998 | G65: 44939 | H65: 45303 | I65: 08804042 | J65: Mr. Yasar Sattar CNIC# 91506-0139010-5 CELL# 03104166440 | L65: MG HS 1.5 T | M65: AGK-572 | N65: 3150636 | O65: 063373 | P65: 2021 | S65: D | T65: 09000324-Smart PFM (Pvt.) Limited | U65: 5600000 | V65: 3834 | W65: 39 | X65: 498 | Y65: 0 | Z65: 4371 | AA65: 0 | AB65: 0 | AC65: 4371 | AD65: 0 | AE65: 4371 | AJ65: 1710.6712 | AK65: 570.12593
A66: 110 | B66: KHI/HO/D/MO/PD COMP/P/66636/01/2023 | C66: KHI/HO/D/MO/PD COMP/E/23974/03/2023 | D66: - | E66: MOTOR | F66: 44999 | G66: 44939 | H66: 45303 | I66: 08804042 | J66: Mr. Yasar Sattar CNIC# 91506-0139010-5 CELL# 03104166440 | L66: MG HS 1.5 T | M66: AGK-572 | N66: 3150636 | O66: 063373 | P66: 2021 | S66: D | T66: 09000324-Smart PFM (Pvt.) Limited | U66: 5600000 | V66: 72 | W66: 0 | X66: 9 | Y66: 0 | Z66: 81 | AA66: 0 | AB66: 0 | AC66: 81 | AD66: 0 | AE66: 81 | AJ66: 10.497902 | AK66: 10.497902
A67: 111 | B67: KHI/HO/D/MO/PD COMP/P/66636/01/2023 | C67: KHI/HO/D/MO/PD COMP/E/27460/07/2023 | D67: - | E67: MOTOR | F67: 45126 | G67: 44939 | H67: 45303 | I67: 08804042 | J67: Mr. Yasar Sattar CNIC# 91506-0139010-5 CELL# 03104166440 | L67: MG HS 1.5 T | M67: AGK-572 | N67: 3150636 | O67: 063373 | P67: 2021 | S67: D | T67: 09000324-Smart PFM (Pvt.) Limited | U67: 5600000 | V67: 46 | W67: 1 | X67: 7 | Y67: 0 | Z67: 54 | AA67: 0 | AB67: 0 | AC67: 54 | AD67: 0 | AE67: 54 | AJ67: 6.9565841 | AK67: 6.9565841
A68: 112 | B68: KHI/HO/D/MO/PD COMP/P/66636/01/2023 | C68: KHI/HO/D/MO/PD COMP/E/28755/08/2023 | D68: - | E68: MOTOR | F68: 45153 | G68: 44939 | H68: 45303 | I68: 08804042 | J68: Mr. Yasar Sattar CNIC# 91506-0139010-5 CELL# 03104166440 | L68: MG HS 1.5 T | M68: AGK-572 | N68: 3150636 | O68: 063373 | P68: 2021 | S68: D | T68: 09000324-Smart PFM (Pvt.) Limited | U68: 5600000 | V68: 654 | W68: 6 | X68: 84 | Y68: 0 | Z68: 744 | AA68: 0 | AB68: 0 | AC68: 744 | AD68: 0 | AE68: 744 | AJ68: 97.02 | AK68: 97.02
A69: 113 | B69: KHI/HO/D/MO/PD COMP/P/66636/01/2023 | C69: KHI/HO/D/MO/PD COMP/E/30471/09/2023 | D69: - | E69: MOTOR | F69: 45183 | G69: 44939 | H69: 45303 | I69: 08804042 | J69: Mr. Yasar Sattar CNIC# 91506-0139010-5 CELL# 03104166440 | L69: MG HS 1.5 T | M69: AGK-572 | N69: 3150636 | O69: 063373 | P69: 2021 | S69: D | T69: 09000324-Smart PFM (Pvt.) Limited | U69: 5600000 | V69: 340 | W69: 4 | X69: 44 | Y69: 0 | Z69: 388 | AA69: 0 | AB69: 0 | AC69: 388 | AD69: 0 | AE69: 388 | AJ69: 111.98 | AK69: 98.6
A70: 114 | B70: KHI/HO/D/MO/PD COMP/P/66636/01/2023 | C70: KHI/HO/D/MO/PD COMP/E/33102/10/2023 | D70: - | E70: MOTOR | F70: 45212 | G70: 44939 | H70: 45303 | I70: 08804042 | J70: Mr. Yasar Sattar CNIC# 91506-0139010-5 CELL# 03104166440 | L70: MG HS 1.5 T | M70: AGK-572 | N70: 3150636 | O70: 063373 | P70: 2021 | S70: D | T70: 09000324-Smart PFM (Pvt.) Limited | U70: 5600000 | V70: 2336 | W70: 23 | X70: 304 | Y70: 0 | Z70: 2663 | AA70: 0 | AB70: 0 | AC70: 2663 | AD70: 0 | AE70: 2663 | AJ70: 976.61 | AK70: 697.71
A71: 115 | B71: KHI/HO/D/MO/PD COMP/P/66636/01/2023 | C71: KHI/HO/D/MO/PD COMP/E/34228/11/2023 | D71: - | E71: MOTOR | F71: 45245 | G71: 44939 | H71: 45303 | I71: 08804042 | J71: Mr. Yasar Sattar CNIC# 91506-0139010-5 CELL# 03104166440 | L71: MG HS 1.5 T | M71: AGK-572 | N71: 3150636 | O71: 063373 | P71: 2021 | S71: D | T71: 09000324-Smart PFM (Pvt.) Limited | U71: 5600000 | V71: 93 | W71: 1 | X71: 12 | Y71: 0 | Z71: 106 | AA71: 0 | AB71: 0 | AC71: 106 | AD71: 0 | AE71: 106 | AJ71: 27.71 | AK71: 27.71
A72: 116 | B72: KHI/HO/D/MO/PD COMP/P/66636/01/2023 | C72: KHI/HO/D/MO/PD COMP/E/35192/12/2023 | D72: - | E72: MOTOR | F72: 45275 | G72: 44939 | H72: 45303 | I72: 08804042 | J72: Mr. Yasar Sattar CNIC# 91506-0139010-5 CELL# 03104166440 | L72: MG HS 1.5 T | M72: AGK-572 | N72: 3150636 | O72: 063373 | P72: 2021 | S72: D | T72: 09000324-Smart PFM (Pvt.) Limited | U72: 5600000 | V72: 1559 | W72: 16 | X72: 203 | Y72: 0 | Z72: 1778 | AA72: 0 | AB72: 0 | AC72: 1778 | AD72: 0 | AE72: 1778 | AJ72: 548.37 | AK72: 465.97
A73: 117 | B73: KHI/HO/D/MO/PD COMP/P/66636/01/2023 | C73: KHI/HO/D/MO/PD COMP/E/50452/12/2024 | D73: - | E73: MOTOR | F73: 45655 | G73: 44939 | H73: 45303 | I73: 08804042 | J73: Mr. Yasar Sattar CNIC# 91506-0139010-5 CELL# 03104166440 | L73: MG HS 1.5 T | M73: AGK-572 | N73: 3150636 | O73: 063373 | P73: 2021 | S73: D | T73: 09000324-Smart PFM (Pvt.) Limited | U73: -1 | V73: -10084 | W73: -101 | X73: 0 | Y73: 0 | Z73: -10185 | AA73: 0 | AB73: 0 | AC73: -10185 | AD73: 0 | AE73: -10185
A74: 122 | B74: KHI/HO/D/MO/PD COMP/P/66820/01/2023 | D74: - | E74: MOTOR | F74: 44942 | G74: 44937 | H74: 45301 | I74: 08809239 | J74: Mr. Muhammad Habibuddin Siddiqui CNIC# 42201-3944769-9 CELL# 03312823364 | L74: TOYOTA COROLLA 1.3 XLI | M74: BHH-154 | N74: Z476361 | O74: NZE170R-4103039 | P74: 2017 | S74: D | T74: 09000221-Muhammad Irfan | U74: 2350000 | V74: 4343 | W74: 43 | X74: 564 | Y74: 50 | Z74: 5000 | AA74: 5005 | AB74: 0 | AC74: -5 | AD74: 0 | AE74: -5 | AL74: habibsiddiqui8724@gmail.com
A75: 123 | B75: KHI/HO/D/MO/PD COMP/P/66820/01/2023 | C75: KHI/HO/D/MO/PD COMP/E/27467/07/2023 | D75: - | E75: MOTOR | F75: 45126 | G75: 44937 | H75: 45301 | I75: 08809239 | J75: Mr. Muhammad Habibuddin Siddiqui CNIC# 42201-3944769-9 CELL# 03312823364 | L75: TOYOTA COROLLA 1.3 XLI | M75: BHH-154 | N75: Z476361 | O75: NZE170R-4103039 | P75: 2017 | S75: D | T75: 09000221-Muhammad Irfan | U75: 2350000 | V75: 1352 | W75: 14 | X75: 176 | Y75: 0 | Z75: 1542 | AA75: 1537 | AB75: 0 | AC75: 5 | AD75: 0 | AE75: 5 | AJ75: 523.42682 | AK75: 478.59682
A76: 124 | B76: KHI/HO/D/MO/PD COMP/P/66962/01/2023 | D76: - | E76: MOTOR | F76: 44946 | G76: 44944 | H76: 45308 | I76: 08809333 | J76: Mr. Abdul Jabbar Shakir CNIC# 35202-6924616-1 CELL# 03004497468 | L76: HONDA CIVIC 1.8 I-VTEC OR | M76: LEF-19-3848 | N76: R18Z12952045 | O76: NFBFC6667KR055473 | P76: 2019 | Q76: 35202-6924616-1 | S76: D | T76: 09000221-Muhammad Irfan | U76: 0 | V76: 4343 | W76: 43 | X76: 564 | Y76: 50 | Z76: 5000 | AA76: 5008 | AB76: 0 | AC76: -8 | AD76: 0 | AE76: -8 | AL76: zoya.mohid@gmail.com
A77: 125 | B77: KHI/HO/D/MO/PD COMP/P/66962/01/2023 | C77: KHI/HO/D/MO/PD COMP/E/28916/08/2023 | D77: - | E77: MOTOR | F77: 45156 | G77: 44944 | H77: 45308 | I77: 08809333 | J77: Mr. Abdul Jabbar Shakir CNIC# 35202-6924616-1 CELL# 03004497468 | L77: HONDA CIVIC 1.8 I-VTEC OR | M77: LEF-19-3848 | N77: R18Z12952045 | O77: NFBFC6667KR055473 | P77: 2019 | Q77: 35202-6924616-1 | S77: D | T77: 09000221-Muhammad Irfan | U77: 3500000 | V77: 110 | W77: 1 | X77: 14 | Y77: 0 | Z77: 125 | AA77: 117 | AB77: 0 | AC77: 8 | AD77: 0 | AE77: 8 | AJ77: 26.05 | AK77: 26.05 | AL77: zoya.mohid@gmail.com
A78: 126 | B78: KHI/HO/D/MO/PD COMP/P/66982/01/2023 | C78: KHI/HO/D/MO/PD COMP/E/28964/08/2023 | D78: - | E78: MOTOR | F78: 45159 | G78: 44946 | H78: 45310 | I78: 08809347 | J78: Mr. Saghir Ahmed Khan Afridi CNIC# 42201-0763320-3 CELL# 03332229000 - 03332200000 | L78: TOYOTA FORTUNER 4X4 AT LE | M78: BT-1011 | N78: 1GD5220168 | O78: GUN156R-1102553 | P78: 2023 | Q78: 42201-0763320-3 | S78: D | T78: 09000221-Muhammad Irfan | U78: 11600000 | V78: 1 | W78: 0 | X78: 0 | Y78: 0 | Z78: 1 | AA78: 0 | AB78: 0 | AC78: 1 | AD78: 0 | AE78: 1 | AJ78: 0.18 | AK78: 0.18 | AL78: adeebafridi@gmail.com
A79: 127 | B79: KHI/HO/D/MO/PD COMP/P/66982/01/2023 | C79: KHI/HO/D/MO/PD COMP/E/35349/12/2023 | D79: - | E79: MOTOR | F79: 45281 | G79: 44946 | H79: 45310 | I79: 08809347 | J79: Mr. Saghir Ahmed Khan Afridi CNIC# 42201-0763320-3 CELL# 03332229000 - 03332200000 | L79: TOYOTA FORTUNER 4X4 AT LE | M79: BT-1011 | N79: 1GD5220168 | O79: GUN156R-1102553 | P79: 2023 | Q79: 42201-0763320-3 | S79: D | T79: 09000221-Muhammad Irfan | U79: 11600000 | V79: 6172 | W79: 62 | X79: 803 | Y79: 0 | Z79: 7037 | AA79: 0 | AB79: 0 | AC79: 7037 | AD79: 0 | AE79: 7037 | AJ79: 453.71 | AK79: 442.75
A80: 128 | B80: KHI/HO/D/MO/PD COMP/P/66982/01/2023 | C80: KHI/HO/D/MO/PD COMP/E/48714/10/2024 | D80: - | E80: MOTOR | F80: 45596 | G80: 44946 | H80: 45310 | I80: 08809347 | J80: Mr. Saghir Ahmed Khan Afridi CNIC# 42201-0763320-3 CELL# 03332229000 - 03332200000 | K80: . | L80: TOYOTA FORTUNER 4X4 AT LE | M80: BT-1011 | N80: 1GD5220168 | O80: GUN156R-1102553 | P80: 2023 | Q80: 42201-0763320-3 | S80: D | T80: 09000221-Muhammad Irfan | U80: -1 | V80: -6968 | W80: -70 | X80: 0 | Y80: 0 | Z80: -7038 | AA80: 0 | AB80: 0 | AC80: -7038 | AD80: 0 | AE80: -7038
A81: 129 | B81: KHI/HO/D/MO/PD COMP/P/66983/01/2023 | D81: - | E81: MOTOR | F81: 44949 | G81: 44945 | H81: 45309 | I81: 08809349 | J81: Mr. Imdad Ali Jokhio CNIC# 4130638713667 CELL# 03333888456 | L81: TOYOTA YARIS ATIV X 1.5 A | M81: BAY-980 | N81: 2A02389 | O81: NSP151R-9501524 | P81: 2020 | Q81: 41306-3871366-7 | S81: D | T81: 09000221-Muhammad Irfan | U81: 3500000 | V81: 4343 | W81: 43 | X81: 564 | Y81: 50 | Z81: 5000 | AA81: 5099 | AB81: 0 | AC81: -99 | AD81: 0 | AE81: -99 | AL81: faisalmadni33@gmail.com
A82: 130 | B82: KHI/HO/D/MO/PD COMP/P/66983/01/2023 | C82: KHI/HO/D/MO/PD COMP/E/24941/04/2023 | D82: - | E82: MOTOR | F82: 45036 | G82: 44945 | H82: 45309 | I82: 08809349 | J82: Mr. Imdad Ali Jokhio CNIC# 4130638713667 CELL# 03333888456 | L82: TOYOTA YARIS ATIV X 1.5 A | M82: BAY-980 | N82: 2A02389 | O82: NSP151R-9501524 | P82: 2020 | Q82: 41306-3871366-7 | S82: D | T82: 09000221-Muhammad Irfan | U82: 3500000 | V82: 2480 | W82: 25 | X82: 322 | Y82: 0 | Z82: 2827 | AA82: 2728 | AB82: 0 | AC82: 99 | AD82: 0 | AE82: 99 | AJ82: 2657.5543 | AK82: 551.89942 | AL82: faisalmadni33@gmail.com
A83: 131 | B83: KHI/HO/D/MO/PD COMP/P/66986/01/2023 | D83: - | E83: MOTOR | F83: 44949 | G83: 44945 | H83: 45309 | I83: 08801473 | J83: Mr. Muhammad Arqam CNIC# 42101-3130615-7 CELL# +92 334 2011555 | L83: TOYOTA COROLLA ALTIS GRAN | M83: BXF-554 | N83: Q362270 | O83: ZRE172R-7061440 | P83: 2022 | Q83: 42101-3130615-7 | S83: D | T83: 09000249-Amna Khurram | U83: 6000000 | V83: 4343 | W83: 43 | X83: 564 | Y83: 50 | Z83: 5000 | AA83: 5002 | AB83: 0 | AC83: -2 | AD83: 0 | AE83: -2 | AL83: muhammad.arqam@bbraun.com
A84: 132 | B84: KHI/HO/D/MO/PD COMP/P/66986/01/2023 | C84: KHI/HO/D/MO/PD COMP/E/37109/02/2024 | D84: - | E84: MOTOR | F84: 45337 | G84: 44945 | H84: 45309 | I84: 08801473 | J84: Mr. Muhammad Arqam CNIC# 42101-3130615-7 CELL# +92 334 2011555 | L84: TOYOTA COROLLA ALTIS GRAN | M84: BXF-554 | N84: Q362270 | O84: ZRE172R-7061440 | P84: 2022 | Q84: 42101-3130615-7 | S84: D | T84: 09000249-Amna Khurram | U84: 6000000 | V84: 5998 | W84: 60 | X84: 780 | Y84: 0 | Z84: 6838 | AA84: 6836 | AB84: 0 | AC84: 2 | AD84: 0 | AE84: 2 | AJ84: 954.33 | AK84: 852.02
A85: 133 | B85: KHI/HO/D/MO/PD COMP/P/67223/01/2023 | D85: - | E85: MOTOR | F85: 44957 | G85: 44957 | H85: 45321 | I85: 08804475 | J85: Mr. Iqbal CNIC# 42201-0780194-9 Cell No. 0300-9209292 | L85: TOYOTA COROLLA | M85: BPQ-904 | N85: Z551750 | O85: 4177609 | P85: 2019 | S85: D | T85: 09000221-Muhammad Irfan | V85: 23412 | W85: 234 | X85: 3044 | Y85: 50 | Z85: 26740 | AA85: 27110 | AB85: 0 | AC85: -370 | AD85: 0 | AE85: -370 | AI85: SEERAT AZMAT | AL85: iqbalkodwavi@hotmail.com
A86: 134 | B86: KHI/HO/D/MO/PD COMP/P/67223/01/2023 | C86: KHI/HO/D/MO/PD COMP/E/45017/08/2024 | D86: - | E86: MOTOR | F86: 45527 | G86: 44957 | H86: 45321 | I86: 08804475 | J86: Mr. Iqbal CNIC# 42201-0780194-9 Cell No. 0300-9209292 | L86: TOYOTA COROLLA | M86: BPQ-904 | N86: Z551750 | O86: 4177609 | P86: 2019 | S86: D | T86: 09000221-Muhammad Irfan | U86: 2701000 | V86: 319 | W86: 3 | X86: 48 | Y86: 0 | Z86: 370 | AA86: 0 | AB86: 0 | AC86: 370 | AD86: 0 | AE86: 370 | AI86: SEERAT AZMAT | AJ86: 221.3 | AK86: 197.71
A87: 161 | B87: KHI/HO/D/MO/PD COMP/P/67402/02/2023 | C87: KHI/HO/D/MO/PD COMP/E/34876/12/2023 | D87: - | E87: MOTOR | F87: 45264 | G87: 44959 | H87: 45323 | I87: 08809598 | J87: Syed Hammad Karim CNIC# 42101-9980056-1 CELL# 03463330066 | L87: TOYOTA AQUA | M87: BQL-996 | N87: 1NZ-7748413 | O87: NHP10-2489038 | P87: 2015 | Q87: 42101-9980056-1 | S87: D | T87: 09000221-Muhammad Irfan | U87: 4000000 | V87: 4712 | W87: 47 | X87: 613 | Y87: 0 | Z87: 5372 | AA87: 0 | AB87: 0 | AC87: 5372 | AD87: 0 | AE87: 5372 | AI87: Muzammil Sabir | AJ87: 1553.97 | AK87: 979.32
A88: 162 | B88: KHI/HO/D/MO/PD COMP/P/67402/02/2023 | C88: KHI/HO/D/MO/PD COMP/E/34877/12/2023 | D88: - | E88: MOTOR | F88: 45264 | G88: 44959 | H88: 45323 | I88: 08809598 | J88: Syed Hammad Karim CNIC# 42101-9980056-1 CELL# 03463330066 | L88: TOYOTA AQUA | M88: BQL-996 | N88: 1NZ-7748413 | O88: NHP10-2489038 | P88: 2015 | Q88: 42101-9980056-1 | S88: D | T88: 09000221-Muhammad Irfan | U88: 4000000 | V88: 4382 | W88: 44 | X88: 570 | Y88: 0 | Z88: 4996 | AA88: 0 | AB88: 0 | AC88: 4996 | AD88: 0 | AE88: 4996 | AI88: Muzammil Sabir | AJ88: 1376.34 | AK88: 910.1
A89: 163 | B89: KHI/HO/D/MO/PD COMP/P/67402/02/2023 | C89: KHI/HO/D/MO/PD COMP/E/34878/12/2023 | D89: - | E89: MOTOR | F89: 45264 | G89: 44959 | H89: 45323 | I89: 08809598 | J89: Syed Hammad Karim CNIC# 42101-9980056-1 CELL# 03463330066 | L89: TOYOTA AQUA | M89: BQL-996 | N89: 1NZ-7748413 | O89: NHP10-2489038 | P89: 2015 | Q89: 42101-9980056-1 | S89: D | T89: 09000221-Muhammad Irfan | U89: 4000000 | V89: 4502 | W89: 45 | X89: 585 | Y89: 0 | Z89: 5132 | AA89: 0 | AB89: 0 | AC89: 5132 | AD89: 0 | AE89: 5132 | AI89: Muzammil Sabir | AJ89: 1401.63 | AK89: 935
A90: 164 | B90: KHI/HO/D/MO/PD COMP/P/67402/02/2023 | C90: KHI/HO/D/MO/PD COMP/E/34879/12/2023 | D90: - | E90: MOTOR | F90: 45264 | G90: 44959 | H90: 45323 | I90: 08809598 | J90: Syed Hammad Karim CNIC# 42101-9980056-1 CELL# 03463330066 | L90: TOYOTA AQUA | M90: BQL-996 | N90: 1NZ-7748413 | O90: NHP10-2489038 | P90: 2015 | Q90: 42101-9980056-1 | S90: D | T90: 09000221-Muhammad Irfan | U90: 4000000 | V90: 5139 | W90: 51 | X90: 668 | Y90: 0 | Z90: 5858 | AA90: 0 | AB90: 0 | AC90: 5858 | AD90: 0 | AE90: 5858 | AI90: Muzammil Sabir | AJ90: 1552.87 | AK90: 1067.46
A91: 165 | B91: KHI/HO/D/MO/PD COMP/P/67402/02/2023 | C91: KHI/HO/D/MO/PD COMP/E/34880/12/2023 | D91: - | E91: MOTOR | F91: 45264 | G91: 44959 | H91: 45323 | I91: 08809598 | J91: Syed Hammad Karim CNIC# 42101-9980056-1 CELL# 03463330066 | L91: TOYOTA AQUA | M91: BQL-996 | N91: 1NZ-7748413 | O91: NHP10-2489038 | P91: 2015 | Q91: 42101-9980056-1 | S91: D | T91: 09000221-Muhammad Irfan | U91: 4000000 | V91: 4424 | W91: 44 | X91: 575 | Y91: 0 | Z91: 5043 | AA91: 0 | AB91: 0 | AC91: 5043 | AD91: 0 | AE91: 5043 | AI91: Muzammil Sabir | AJ91: 1335.08 | AK91: 918.88
A92: 166 | B92: KHI/HO/D/MO/PD COMP/P/67402/02/2023 | C92: KHI/HO/D/MO/PD COMP/E/35888/01/2024 | D92: - | E92: MOTOR | F92: 45294 | G92: 44959 | H92: 45323 | I92: 08809598 | J92: Syed Hammad Karim CNIC# 42101-9980056-1 CELL# 03463330066 | L92: TOYOTA AQUA | M92: BQL-996 | N92: 1NZ-7748413 | O92: NHP10-2489038 | P92: 2015 | Q92: 42101-9980056-1 | S92: D | T92: 09000221-Muhammad Irfan | U92: 4000000 | V92: 3932 | W92: 40 | X92: 511 | Y92: 0 | Z92: 4483 | AA92: 0 | AB92: 0 | AC92: 4483 | AD92: 0 | AE92: 4483 | AI92: Muzammil Sabir | AJ92: 1172.74 | AK92: 817.07
A93: 167 | B93: KHI/HO/D/MO/PD COMP/P/67402/02/2023 | C93: KHI/HO/D/MO/PD COMP/E/50453/12/2024 | D93: - | E93: MOTOR | F93: 45655 | G93: 44959 | H93: 45323 | I93: 08809598 | J93: Syed Hammad Karim CNIC# 42101-9980056-1 CELL# 03463330066 | L93: TOYOTA AQUA | M93: BQL-996 | N93: 1NZ-7748413 | O93: NHP10-2489038 | P93: 2015 | Q93: 42101-9980056-1 | S93: D | T93: 09000221-Muhammad Irfan | U93: -1 | V93: -30578 | W93: -306 | X93: 0 | Y93: 0 | Z93: -30884 | AA93: 0 | AB93: 0 | AC93: -30884 | AD93: 0 | AE93: -30884 | AI93: Muzammil Sabir
A94: 168 | B94: KHI/HO/D/MO/PD COMP/P/67508/02/2023 | D94: - | E94: MOTOR | F94: 44964 | G94: 44957 | H94: 45321 | I94: 08809642 | J94: Mr. Zain Rauf CNIC# 33100-4776237-3 CELL# 0333-6566173 | L94: SUZUKI WAGON R VXL | M94: AGR 781 | N94: PK10B226863 | O94: A1J310PK10126866 | P94: 2021 | Q94: 33100-4776237-3 | S94: D | T94: 09000221-Muhammad Irfan | U94: 2300000 | V94: 4343 | W94: 43 | X94: 564 | Y94: 50 | Z94: 5000 | AA94: 5002 | AB94: 0 | AC94: -2 | AD94: 0 | AE94: -2 | AI94: Abdullah Khan | AL94: zainrauf71@gmail.com
A95: 169 | B95: KHI/HO/D/MO/PD COMP/P/67508/02/2023 | C95: KHI/HO/D/MO/PD COMP/E/35874/01/2024 | D95: - | E95: MOTOR | F95: 45293 | G95: 45291 | H95: 45656 | I95: 08809642 | J95: Mr. Zain Rauf CNIC# 33100-4776237-3 CELL# 0333-6566173 | L95: SUZUKI WAGON R VXL | M95: AGR 781 | N95: PK10B226863 | O95: A1J310PK10126866 | P95: 2021 | Q95: 33100-4776237-3 | S95: D | T95: 09000221-Muhammad Irfan | U95: 2300000 | V95: 4211 | W95: 43 | X95: 0 | Y95: 0 | Z95: 4254 | AA95: 4252 | AB95: 0 | AC95: 2 | AD95: 0 | AE95: 2 | AI95: Abdullah Khan | AL95: zainrauf71@gmail.com
A96: 175 | B96: KHI/HO/D/MO/PD COMP/P/67739/02/2023 | D96: - | E96: MOTOR | F96: 44971 | G96: 44971 | H96: 45335 | I96: 08809746 | J96: Mr. Shahid Aftab Ahmad CNIC # 33102-1756863-7 CELL # 0300-6685993 | L96: KIA PICANTO 1.0L M/T | N96: G3LANP030857 | O96: NNATA52AXKP504060 | P96: 2023 | S96: D | T96: 09000305-Jawaria Kaleem | U96: 3200000 | V96: 4343 | W96: 43 | X96: 564 | Y96: 50 | Z96: 5000 | AA96: 4943 | AB96: 0 | AC96: 57 | AD96: 0 | AE96: 57 | AL96: shahidaftab550@gmail.com
A97: 176 | B97: KHI/HO/D/MO/PD COMP/P/67739/02/2023 | C97: KHI/HO/D/MO/PD COMP/E/24822/04/2023 | D97: - | E97: MOTOR | F97: 45030 | G97: 44971 | H97: 45335 | I97: 08809746 | J97: Mr. Shahid Aftab Ahmad CNIC # 33102-1756863-7 CELL # 0300-6685993 | K97: . | L97: KIA PICANTO 1.0L M/T | N97: G3LANP030857 | O97: NNATA52AXKP504060 | P97: 2023 | S97: D | T97: 09000305-Jawaria Kaleem | U97: 3200000 | V97: -1755 | W97: -17 | X97: -228 | Y97: 0 | Z97: -2000 | AA97: -1943 | AB97: 0 | AC97: -57 | AD97: 0 | AE97: -57
A98: 177 | B98: KHI/HO/D/MO/PD COMP/P/67752/02/2023 | C98: KHI/HO/D/MO/PD COMP/E/34284/11/2023 | D98: - | E98: MOTOR | F98: 45246 | G98: 44970 | H98: 45334 | I98: 08809739 | J98: Mr. Asad Ali Nazeer CNIC# 35202-3066538-1 CELL# 03001815220 | L98: TOYOTA COROLLA GLI | M98: APC-835 | N98: Z567619 | O98: NZE170R-4193409 | P98: 2019 | Q98: 35202-3066538-1 | S98: D | T98: 09000221-Muhammad Irfan | U98: 4000000 | V98: 3955 | W98: 40 | X98: 514 | Y98: 0 | Z98: 4509 | AA98: 0 | AB98: 0 | AC98: 4509 | AD98: 0 | AE98: 4509 | AI98: Abdullah Khan | AJ98: 1006.12 | AK98: 821.85
A99: 178 | B99: KHI/HO/D/MO/PD COMP/P/67752/02/2023 | C99: KHI/HO/D/MO/PD COMP/E/35156/12/2023 | D99: - | E99: MOTOR | F99: 45274 | G99: 44970 | H99: 45334 | I99: 08809739 | J99: Mr. Asad Ali Nazeer CNIC# 35202-3066538-1 CELL# 03001815220 | L99: TOYOTA COROLLA GLI | M99: APC-835 | N99: Z567619 | O99: NZE170R-4193409 | P99: 2019 | Q99: 35202-3066538-1 | S99: D | T99: 09000221-Muhammad Irfan | U99: 4000000 | V99: 3792 | W99: 38 | X99: 493 | Y99: 0 | Z99: 4323 | AA99: 0 | AB99: 0 | AC99: 4323 | AD99: 0 | AE99: 4323 | AI99: Abdullah Khan | AJ99: 1035.39 | AK99: 788.4
A100: 179 | B100: KHI/HO/D/MO/PD COMP/P/67752/02/2023 | C100: KHI/HO/D/MO/PD COMP/E/36259/01/2024 | D100: - | E100: MOTOR | F100: 45306 | G100: 44970 | H100: 45334 | I100: 08809739 | J100: Mr. Asad Ali Nazeer CNIC# 35202-3066538-1 CELL# 03001815220 | L100: TOYOTA COROLLA GLI | M100: APC-835 | N100: Z567619 | O100: NZE170R-4193409 | P100: 2019 | Q100: 35202-3066538-1 | S100: D | T100: 09000221-Muhammad Irfan | U100: 4000000 | V100: 5034 | W100: 50 | X100: 655 | Y100: 0 | Z100: 5739 | AA100: 0 | AB100: 0 | AC100: 5739 | AD100: 0 | AE100: 5739 | AI100: Abdullah Khan | AJ100: 1447.18 | AK100: 1046.33
...

Sheet Sheet3
A3: Row Labels | B3: Sum of Outstanding
A4: KHI/HO/D/MO/PD COMP/P/100636/10/2024 | B4: 0
A5: KHI/HO/D/MO/PD COMP/E/49352/11/2024 | B5: 886
A6: KHI/HO/D/MO/PD COMP/E/50422/12/2024 | B6: 14614
A7: KHI/HO/D/MO/PD COMP/E/51897/01/2025 | B7: 7860
A8: KHI/HO/D/MO/PD COMP/E/52749/02/2025 | B8: 14467
A9: KHI/HO/D/MO/PD COMP/E/58983/03/2025 | B9: 2291
A10: KHI/HO/D/MO/PD COMP/E/59235/03/2025 | B10: -40118
A11: KHI/HO/D/MO/PD COMP/P/55880/09/2021 | B11: 0
A12: KHI/HO/D/MO/PD COMP/E/18327/12/2021 | B12: 2231
A13: KHI/HO/D/MO/PD COMP/E/48693/10/2024 | B13: -2231
A14: KHI/HO/D/MO/PD COMP/P/56730/11/2021 | B14: 0
A15: KHI/HO/D/MO/PD COMP/E/18537/01/2022 | B15: 1964
... A2088: Grand Total | B2088: 0

Sheet Sheet1
A1: Row Labels | B1: Sum of Outstanding
A2: (blank) | B2: -557 | D2: PLEASE SHARE POLICY/ENDORSEMENT AGAINST THESE BLANKS
A3: (blank) | B3: -537
A4: (blank) | B4: -454
A5: (blank) | B5: -428
A6: (blank) | B6: -404
A7: (blank) | B7: -400
A8: (blank) | B8: -374
A9: (blank) | B9: -370
A10: (blank) | B10: -362
A11: (blank) | B11: -165
A12: (blank) | B12: -102
A13: (blank) | B13: -99
A14: (blank) | B14: -99
... A2085: LHR/LHR/D/MO/PD COMP/P/72469/06/2023 | B2085: 0

Sheet FINAL LIST
A1: POLICY NO | B1: AMOUNT
A2: KHI/HO/D/MO/PD COMP/P/58234/01/2022 | B2: 1302
A3: KHI/HO/D/MO/PD COMP/P/60538/05/2022 | B3: -1
A4: KHI/HO/D/MO/PD COMP/P/61418/06/2022 | B4: -404
A5: KHI/HO/D/MO/PD COMP/P/63305/09/2022 | B5: -374
A6: KHI/HO/D/MO/PD COMP/P/66017/12/2022 | B6: -1
A7: KHI/HO/D/MO/PD COMP/P/66188/12/2022 | B7: -3
A8: KHI/HO/D/MO/PD COMP/P/66820/01/2023 | B8: -5
A9: KHI/HO/D/MO/PD COMP/P/66962/01/2023 | B9: -8
A10: KHI/HO/D/MO/PD COMP/P/66983/01/2023 | B10: -99
A11: KHI/HO/D/MO/PD COMP/P/66986/01/2023 | B11: -2
A12: KHI/HO/D/MO/PD COMP/P/67223/01/2023 | B12: -370
A13: KHI/HO/D/MO/PD COMP/P/67508/02/2023 | B13: -2
... A1751: LHR/LHR/D/MO/CV/E/59625/04/2025 | B1751: -8572
B1752: =SUM(B2:B1751) -> 0

Sheet working
A1: POLICY NO. | B1: Assorted_code | D1: Premium | E1: 29Apr250042
A2: KHI/HO/D/MO/PD COMP/P/58234/01/2022 | B2: =VLOOKUP(A2,Sheet5!B:C,2,0) -> 040000111554 | C2: 1302 | D2: =ROUND(C2,0) -> 1302 | E2: 29Apr250042 | F2: ="insert into ins_premium_det (premium_rcv_code,assorted_code, rec_amount,premium_rcv_detail_code,remaining_amt, payrec, mode_code,coinsurance_code,class_cd,it_remarks) values" -> insert into ins_premium_det (premium_rcv_code,assorted_code, rec_amount,premium_rcv_detail_code,remaining_amt, payrec, mode_code,coinsurance_code,class_cd,it_remarks) values | G2: ="('"&E2&"','"&B2&"','"&D2&"',(select max(to_number(i.premium_rcv_detail_code))+1 from ins_premium_det i),'"&D2&"','"&D2&"','02', '11000003','00','Request by Mr. Omair Ali 30-Apr-2025');" -> ('29Apr250042','040000111554','1302',(select max(to_number(i.premium_rcv_detail_code))+1 from ins_premium_det i),'1302','1302','02', '11000003','00','Request by Mr. Omair Ali 30-Apr-2025'); | H2: =F2&G2 -> insert into ins_premium_det (premium_rcv_code,assorted_code, rec_amount,premium_rcv_detail_code,remaining_amt, payrec, mode_code,coinsurance_code,class_cd,it_remarks) values('29Apr250042','040000111554','1302',(select max(to_number(i.premium_rcv_detail_code))+1 from ins_premium_det i),'1302','1302','02', '11000003','00','Request by Mr. Omair Ali 30-Apr-2025');
A3: KHI/HO/D/MO/PD COMP/P/60538/05/2022 | B3: =VLOOKUP(A3,Sheet5!B:C,2,0) -> 040000115951 | C3: -1 | D3: =ROUND(C3,0) -> -1 | E3: 29Apr250042 | F3: ="insert into ins_premium_det (premium_rcv_code,assorted_code, rec_amount,premium_rcv_detail_code,remaining_amt, payrec, mode_code,coinsurance_code,class_cd,it_remarks) values" -> insert into ins_premium_det (premium_rcv_code,assorted_code, rec_amount,premium_rcv_detail_code,remaining_amt, payrec, mode_code,coinsurance_code,class_cd,it_remarks) values | G3: ="('"&E3&"','"&B3&"','"&D3&"',(select max(to_number(i.premium_rcv_detail_code))+1 from ins_premium_det i),'"&D3&"','"&D3&"','02', '11000003','00','Request by Mr. Omair Ali 30-Apr-2025');" -> ('29Apr250042','040000115951','-1',(select max(to_number(i.premium_rcv_detail_code))+1 from ins_premium_det i),'-1','-1','02', '11000003','00','Request by Mr. Omair Ali 30-Apr-2025'); | H3: =F3&G3 -> insert into ins_premium_det (premium_rcv_code,assorted_code, rec_amount,premium_rcv_detail_code,remaining_amt, payrec, mode_code,coinsurance_code,class_cd,it_remarks) values('29Apr250042','040000115951','-1',(select max(to_number(i.premium_rcv_detail_code))+1 from ins_premium_det i),'-1','-1','02', '11000003','00','Request by Mr. Omair Ali 30-Apr-2025');
A4: KHI/HO/D/MO/PD COMP/P/61418/06/2022 | B4: =VLOOKUP(A4,Sheet5!B:C,2,0) -> 040000118340 | C4: -404 | D4: =ROUND(C4,0) -> -404 | E4: 29Apr250042 | F4: ="insert into ins_premium_det (premium_rcv_code,assorted_code, rec_amount,premium_rcv_detail_code,remaining_amt, payrec, mode_code,coinsurance_code,class_cd,it_remarks) values" -> insert into ins_premium_det (premium_rcv_code,assorted_code, rec_amount,premium_rcv_detail_code,remaining_amt, payrec, mode_code,coinsurance_code,class_cd,it_remarks) values | G4: ="('"&E4&"','"&B4&"','"&D4&"',(select max(to_number(i.premium_rcv_detail_code))+1 from ins_premium_det i),'"&D4&"','"&D4&"','02', '11000003','00','Request by Mr. Omair Ali 30-Apr-2025');" -> ('29Apr250042','040000118340','-404',(select max(to_number(i.premium_rcv_detail_code))+1 from ins_premium_det i),'-404','-404','02', '11000003','00','Request by Mr. Omair Ali 30-Apr-2025'); | H4: =F4&G4 -> insert into ins_premium_det (premium_rcv_code,assorted_code, rec_amount,premium_rcv_detail_code,remaining_amt, payrec, mode_code,coinsurance_code,class_cd,it_remarks) values('29Apr250042','040000118340','-404',(select max(to_number(i.premium_rcv_detail_code))+1 from ins_premium_det i),'-404','-404','02', '11000003','00','Request by Mr. Omair Ali 30-Apr-2025');
A5: KHI/HO/D/MO/PD COMP/P/63305/09/2022 | B5: =VLOOKUP(A5,Sheet5!B:C,2,0) -> 040000125277 | C5: -374 | D5: =ROUND(C5,0) -> -374 | E5: 29Apr250042 | F5: ="insert into ins_premium_det (premium_rcv_code,assorted_code, rec_amount,premium_rcv_detail_code,remaining_amt, payrec, mode_code,coinsurance_code,class_cd,it_remarks) values" -> insert into ins_premium_det (premium_rcv_code,assorted_code, rec_amount,premium_rcv_detail_code,remaining_amt, payrec, mode_code,coinsurance_code,class_cd,it_remarks) values | G5: ="('"&E5&"','"&B5&"','"&D5&"',(select max(to_number(i.premium_rcv_detail_code))+1 from ins_premium_det i),'"&D5&"','"&D5&"','02', '11000003','00','Request by Mr. Omair Ali 30-Apr-2025');" -> ('29Apr250042','040000125277','-374',(select max(to_number(i.premium_rcv_detail_code))+1 from ins_premium_det i),'-374','-374','02', '11000003','00','Request by Mr. Omair Ali 30-Apr-2025'); | H5: =F5&G5 -> insert into ins_premium_det (premium_rcv_code,assorted_code, rec_amount,premium_rcv_detail_code,remaining_amt, payrec, mode_code,coinsurance_code,class_cd,it_remarks) values('29Apr250042','040000125277','-374',(select max(to_number(i.premium_rcv_detail_code))+1 from ins_premium_det i),'-374','-374','02', '11000003','00','Request by Mr. Omair Ali 30-Apr-2025');
A6: KHI/HO/D/MO/PD COMP/P/66017/12/2022 | B6: =VLOOKUP(A6,Sheet5!B:C,2,0) -> 040000134619 | C6: -1 | D6: =ROUND(C6,0) -> -1 | E6: 29Apr250042 | F6: ="insert into ins_premium_det (premium_rcv_code,assorted_code, rec_amount,premium_rcv_detail_code,remaining_amt, payrec, mode_code,coinsurance_code,class_cd,it_remarks) values" -> insert into ins_premium_det (premium_rcv_code,assorted_code, rec_amount,premium_rcv_detail_code,remaining_amt, payrec, mode_code,coinsurance_code,class_cd,it_remarks) values | G6: ="('"&E6&"','"&B6&"','"&D6&"',(select max(to_number(i.premium_rcv_detail_code))+1 from ins_premium_det i),'"&D6&"','"&D6&"','02', '11000003','00','Request by Mr. Omair Ali 30-Apr-2025');" -> ('29Apr250042','040000134619','-1',(select max(to_number(i.premium_rcv_detail_code))+1 from ins_premium_det i),'-1','-1','02', '11000003','00','Request by Mr. Omair Ali 30-Apr-2025'); | H6: =F6&G6 -> insert into ins_premium_det (premium_rcv_code,assorted_code, rec_amount,premium_rcv_detail_code,remaining_amt, payrec, mode_code,coinsurance_code,class_cd,it_remarks) values('29Apr250042','040000134619','-1',(select max(to_number(i.premium_rcv_detail_code))+1 from ins_premium_det i),'-1','-1','02', '11000003','00','Request by Mr. Omair Ali 30-Apr-2025');
A7: KHI/HO/D/MO/PD COMP/P/66188/12/2022 | B7: =VLOOKUP(A7,Sheet5!B:C,2,0) -> 040000135023 | C7: -3 | D7: =ROUND(C7,0) -> -3 | E7: 29Apr250042 | F7: ="insert into ins_premium_det (premium_rcv_code,assorted_code, rec_amount,premium_rcv_detail_code,remaining_amt, payrec, mode_code,coinsurance_code,class_cd,it_remarks) values" -> insert into ins_premium_det (premium_rcv_code,assorted_code, rec_amount,premium_rcv_detail_code,remaining_amt, payrec, mode_code,coinsurance_code,class_cd,it_remarks) values | G7: ="('"&E7&"','"&B7&"','"&D7&"',(select max(to_number(i.premium_rcv_detail_code))+1 from ins_premium_det i),'"&D7&"','"&D7&"','02', '11000003','00','Request by Mr. Omair Ali 30-Apr-2025');" -> ('29Apr250042','040000135023','-3',(select max(to_number(i.premium_rcv_detail_code))+1 from ins_premium_det i),'-3','-3','02', '11000003','00','Request by Mr. Omair Ali 30-Apr-2025'); | H7: =F7&G7 -> insert into ins_premium_det (premium_rcv_code,assorted_code, rec_amount,premium_rcv_detail_code,remaining_amt, payrec, mode_code,coinsurance_code,class_cd,it_remarks) values('29Apr250042','040000135023','-3',(select max(to_number(i.premium_rcv_detail_code))+1 from ins_premium_det i),'-3','-3','02', '11000003','00','Request by Mr. Omair Ali 30-Apr-2025');
A8: KHI/HO/D/MO/PD COMP/P/66820/01/2023 | B8: =VLOOKUP(A8,Sheet5!B:C,2,0) -> 040000136812 | C8: -5 | D8: =ROUND(C8,0) -> -5 | E8: 29Apr250042 | F8: ="insert into ins_premium_det (premium_rcv_code,assorted_code, rec_amount,premium_rcv_detail_code,remaining_amt, payrec, mode_code,coinsurance_code,class_cd,it_remarks) values" -> insert into ins_premium_det (premium_rcv_code,assorted_code, rec_amount,premium_rcv_detail_code,remaining_amt, payrec, mode_code,coinsurance_code,class_cd,it_remarks) values | G8: ="('"&E8&"','"&B8&"','"&D8&"',(select max(to_number(i.premium_rcv_detail_code))+1 from ins_premium_det i),'"&D8&"','"&D8&"','02', '11000003','00','Request by Mr. Omair Ali 30-Apr-2025');" -> ('29Apr250042','040000136812','-5',(select max(to_number(i.premium_rcv_detail_code))+1 from ins_premium_det i),'-5','-5','02', '11000003','00','Request by Mr. Omair Ali 30-Apr-2025'); | H8: =F8&G8 -> insert into ins_premium_det (premium_rcv_code,assorted_code, rec_amount,premium_rcv_detail_code,remaining_amt, payrec, mode_code,coinsurance_code,class_cd,it_remarks) values('29Apr250042','040000136812','-5',(select max(to_number(i.premium_rcv_detail_code))+1 from ins_premium_det i),'-5','-5','02', '11000003','00','Request by Mr. Omair Ali 30-Apr-2025');
A9: KHI/HO/D/MO/PD COMP/P/66962/01/2023 | B9: =VLOOKUP(A9,Sheet5!B:C,2,0) -> 040000137224 | C9: -8 | D9: =ROUND(C9,0) -> -8 | E9: 29Apr250042 | F9: ="insert into ins_premium_det (premium_rcv_code,assorted_code, rec_amount,premium_rcv_detail_code,remaining_amt, payrec, mode_code,coinsurance_code,class_cd,it_remarks) values" -> insert into ins_premium_det (premium_rcv_code,assorted_code, rec_amount,premium_rcv_detail_code,remaining_amt, payrec, mode_code,coinsurance_code,class_cd,it_remarks) values | G9: ="('"&E9&"','"&B9&"','"&D9&"',(select max(to_number(i.premium_rcv_detail_code))+1 from ins_premium_det i),'"&D9&"','"&D9&"','02', '11000003','00','Request by Mr. Omair Ali 30-Apr-2025');" -> ('29Apr250042','040000137224','-8',(select max(to_number(i.premium_rcv_detail_code))+1 from ins_premium_det i),'-8','-8','02', '11000003','00','Request by Mr. Omair Ali 30-Apr-2025'); | H9: =F9&G9 -> insert into ins_premium_det (premium_rcv_code,assorted_code, rec_amount,premium_rcv_detail_code,remaining_amt, payrec, mode_code,coinsurance_code,class_cd,it_remarks) values('29Apr250042','040000137224','-8',(select max(to_number(i.premium_rcv_detail_code))+1 from ins_premium_det i),'-8','-8','02', '11000003','00','Request by Mr. Omair Ali 30-Apr-2025');
A10: KHI/HO/D/MO/PD COMP/P/66983/01/2023 | B10: =VLOOKUP(A10,Sheet5!B:C,2,0) -> 040000137319 | C10: -99 | D10: =ROUND(C10,0) -> -99 | E10: 29Apr250042 | F10: ="insert into ins_premium_det (premium_rcv_code,assorted_code, rec_amount,premium_rcv_detail_code,remaining_amt, payrec, mode_code,coinsurance_code,class_cd,it_remarks) values" -> insert into ins_premium_det (premium_rcv_code,assorted_code, rec_amount,premium_rcv_detail_code,remaining_amt, payrec, mode_code,coinsurance_code,class_cd,it_remarks) values | G10: ="('"&E10&"','"&B10&"','"&D10&"',(select max(to_number(i.premium_rcv_detail_code))+1 from ins_premium_det i),'"&D10&"','"&D10&"','02', '11000003','00','Request by Mr. Omair Ali 30-Apr-2025');" -> ('29Apr250042','040000137319','-99',(select max(to_number(i.premium_rcv_detail_code))+1 from ins_premium_det i),'-99','-99','02', '11000003','00','Request by Mr. Omair Ali 30-Apr-2025'); | H10: =F10&G10 -> insert into ins_premium_det (premium_rcv_code,assorted_code, rec_amount,premium_rcv_detail_code,remaining_amt, payrec, mode_code,coinsurance_code,class_cd,it_remarks) values('29Apr250042','040000137319','-99',(select max(to_number(i.premium_rcv_detail_code))+1 from ins_premium_det i),'-99','-99','02', '11000003','00','Request by Mr. Omair Ali 30-Apr-2025');
A11: KHI/HO/D/MO/PD COMP/P/66986/01/2023 | B11: =VLOOKUP(A11,Sheet5!B:C,2,0) -> 040000137323 | C11: -2 | D11: =ROUND(C11,0) -> -2 | E11: 29Apr250042 | F11: ="insert into ins_premium_det (premium_rcv_code,assorted_code, rec_amount,premium_rcv_detail_code,remaining_amt, payrec, mode_code,coinsurance_code,class_cd,it_remarks) values" -> insert into ins_premium_det (premium_rcv_code,assorted_code, rec_amount,premium_rcv_detail_code,remaining_amt, payrec, mode_code,coinsurance_code,class_cd,it_remarks) values | G11: ="('"&E11&"','"&B11&"','"&D11&"',(select max(to_number(i.premium_rcv_detail_code))+1 from ins_premium_det i),'"&D11&"','"&D11&"','02', '11000003','00','Request by Mr. Omair Ali 30-Apr-2025');" -> ('29Apr250042','040000137323','-2',(select max(to_number(i.premium_rcv_detail_code))+1 from ins_premium_det i),'-2','-2','02', '11000003','00','Request by Mr. Omair Ali 30-Apr-2025'); | H11: =F11&G11 -> insert into ins_premium_det (premium_rcv_code,assorted_code, rec_amount,premium_rcv_detail_code,remaining_amt, payrec, mode_code,coinsurance_code,class_cd,it_remarks) values('29Apr250042','040000137323','-2',(select max(to_number(i.premium_rcv_detail_code))+1 from ins_premium_det i),'-2','-2','02', '11000003','00','Request by Mr. Omair Ali 30-Apr-2025');
A12: KHI/HO/D/MO/PD COMP/P/67223/01/2023 | B12: =VLOOKUP(A12,Sheet5!B:C,2,0) -> 040000138322 | C12: -370 | D12: =ROUND(C12,0) -> -370 | E12: 29Apr250042 | F12: ="insert into ins_premium_det (premium_rcv_code,assorted_code, rec_amount,premium_rcv_detail_code,remaining_amt, payrec, mode_code,coinsurance_code,class_cd,it_remarks) values" -> insert into ins_premium_det (premium_rcv_code,assorted_code, rec_amount,premium_rcv_detail_code,remaining_amt, payrec, mode_code,coinsurance_code,class_cd,it_remarks) values | G12: ="('"&E12&"','"&B12&"','"&D12&"',(select max(to_number(i.premium_rcv_detail_code))+1 from ins_premium_det i),'"&D12&"','"&D12&"','02', '11000003','00','Request by Mr. Omair Ali 30-Apr-2025');" -> ('29Apr250042','040000138322','-370',(select max(to_number(i.premium_rcv_detail_code))+1 from ins_premium_det i),'-370','-370','02', '11000003','00','Request by Mr. Omair Ali 30-Apr-2025'); | H12: =F12&G12 -> insert into ins_premium_det (premium_rcv_code,assorted_code, rec_amount,premium_rcv_detail_code,remaining_amt, payrec, mode_code,coinsurance_code,class_cd,it_remarks) values('29Apr250042','040000138322','-370',(select max(to_number(i.premium_rcv_detail_code))+1 from ins_premium_det i),'-370','-370','02', '11000003','00','Request by Mr. Omair Ali 30-Apr-2025');
A13: KHI/HO/D/MO/PD COMP/P/67508/02/2023 | B13: =VLOOKUP(A13,Sheet5!B:C,2,0) -> 040000139024 | C13: -2 | D13: =ROUND(C13,0) -> -2 | E13: 29Apr250042 | F13: ="insert into ins_premium_det (premium_rcv_code,assorted_code, rec_amount,premium_rcv_detail_code,remaining_amt, payrec, mode_code,coinsurance_code,class_cd,it_remarks) values" -> insert into ins_premium_det (premium_rcv_code,assorted_code, rec_amount,premium_rcv_detail_code,remaining_amt, payrec, mode_code,coinsurance_code,class_cd,it_remarks) values | G13: ="('"&E13&"','"&B13&"','"&D13&"',(select max(to_number(i.premium_rcv_detail_code))+1 from ins_premium_det i),'"&D13&"','"&D13&"','02', '11000003','00','Request by Mr. Omair Ali 30-Apr-2025');" -> ('29Apr250042','040000139024','-2',(select max(to_number(i.premium_rcv_detail_code))+1 from ins_premium_det i),'-2','-2','02', '11000003','00','Request by Mr. Omair Ali 30-Apr-2025'); | H13: =F13&G13 -> insert into ins_premium_det (premium_rcv_code,assorted_code, rec_amount,premium_rcv_detail_code,remaining_amt, payrec, mode_code,coinsurance_code,class_cd,it_remarks) values('29Apr250042','040000139024','-2',(select max(to_number(i.premium_rcv_detail_code))+1 from ins_premium_det i),'-2','-2','02', '11000003','00','Request by Mr. Omair Ali 30-Apr-2025');
... A1751: LHR/LHR/D/MO/CV/E/59625/04/2025 | B1751: =VLOOKUP(A1751,Sheet5!B:C,2,0) -> 050000879114 | C1751: -8572 | D1751: =ROUND(C1751,0) -> -8572 | E1751: 29Apr250042 | F1751: ="insert into ins_premium_det (premium_rcv_code,assorted_code, rec_amount,premium_rcv_detail_code,remaining_amt, payrec, mode_code,coinsurance_code,class_cd,it_remarks) values" -> insert into ins_premium_det (premium_rcv_code,assorted_code, rec_amount,premium_rcv_detail_code,remaining_amt, payrec, mode_code,coinsurance_code,class_cd,it_remarks) values | G1751: ="('"&E1751&"','"&B1751&"','"&D1751&"',(select max(to_number(i.premium_rcv_detail_code))+1 from ins_premium_det i),'"&D1751&"','"&D1751&"','02', '11000003','00','Request by Mr. Omair Ali 30-Apr-2025');" -> ('29Apr250042','050000879114','-8572',(select max(to_number(i.premium_rcv_detail_code))+1 from ins_premium_det i),'-8572','-8572','02', '11000003','00','Request by Mr. Omair Ali 30-Apr-2025'); | H1751: =F1751&G1751 -> insert into ins_premium_det (premium_rcv_code,assorted_code, rec_amount,premium_rcv_detail_code,remaining_amt, payrec, mode_code,coinsurance_code,class_cd,it_remarks) values('29Apr250042','050000879114','-8572',(select max(to_number(i.premium_rcv_detail_code))+1 from ins_premium_det i),'-8572','-8572','02', '11000003','00','Request by Mr. Omair Ali 30-Apr-2025');
D1752: =SUM(D2:D1751) -> 0

Sheet Sheet5
B1: FUNC_ASSORTED_STRING(IA.ASSORTED_CODE) | C1: ASSORTED_CODE
A2: 1 | B2: KHI/HO/D/MO/PD COMP/E/18327/12/2021 | C2: 050000430288
A3: 2 | B3: KHI/HO/D/MO/PD COMP/E/18671/02/2022 | C3: 050000443235
A4: 3 | B4: KHI/HO/D/MO/PD COMP/E/18537/01/2022 | C4: 050000440437
A5: 4 | B5: KHI/HO/D/MR/IMPORTS/C/18762/02/2022 | C5: 020000023825
A6: 5 | B6: KHI/HO/D/MO/PD COMP/P/67739/02/2023 | C6: 040000139494
A7: 6 | B7: KHI/HO/D/MO/PD COMP/E/22227/11/2022 | C7: 050000529874
A8: 7 | B8: KHI/HO/D/MO/PD COMP/E/18762/02/2022 | C8: 050000445441
A9: 8 | B9: KHI/HO/D/MO/PD COMP/E/22778/01/2023 | C9: 050000548195
A10: 9 | B10: KHI/HO/D/MO/PD COMP/E/22399/12/2022 | C10: 050000534339
A11: 10 | B11: KHI/HO/D/MO/PD COMP/E/44627/08/2024 | C11: 050000777712
A12: 11 | B12: KHI/HO/D/MO/PD COMP/E/44630/08/2024 | C12: 050000777715
A13: 12 | B13: KHI/HO/D/MO/PD COMP/P/66188/12/2022 | C13: 040000135023
... A1816: 1815 | B1816: LHR/LHR/D/MO/CV/E/59621/04/2025 | C1816: 050000878855

Sheet policy
A1: KHI/HO/D/MO/PD COMP/P/58234/01/2022 | B1: -01-2022 | D1: 58234 | E1: ="ia.assorted_string like '%"&D1&B1&"%' or" -> ia.assorted_string like '%58234-01-2022%' or
A2: KHI/HO/D/MO/PD COMP/P/60538/05/2022 | B2: -05-2022 | D2: 60538 | E2: ="ia.assorted_string like '%"&D2&B2&"%' or" -> ia.assorted_string like '%60538-05-2022%' or
A3: KHI/HO/D/MO/PD COMP/P/61418/06/2022 | B3: -06-2022 | D3: 61418 | E3: ="ia.assorted_string like '%"&D3&B3&"%' or" -> ia.assorted_string like '%61418-06-2022%' or
A4: KHI/HO/D/MO/PD COMP/P/63305/09/2022 | B4: -09-2022 | D4: 63305 | E4: ="ia.assorted_string like '%"&D4&B4&"%' or" -> ia.assorted_string like '%63305-09-2022%' or
A5: KHI/HO/D/MO/PD COMP/P/66017/12/2022 | B5: -12-2022 | D5: 66017 | E5: ="ia.assorted_string like '%"&D5&B5&"%' or" -> ia.assorted_string like '%66017-12-2022%' or
A6: KHI/HO/D/MO/PD COMP/P/66188/12/2022 | B6: -12-2022 | D6: 66188 | E6: ="ia.assorted_string like '%"&D6&B6&"%' or" -> ia.assorted_string like '%66188-12-2022%' or
A7: KHI/HO/D/MO/PD COMP/P/66820/01/2023 | B7: -01-2023 | D7: 66820 | E7: ="ia.assorted_string like '%"&D7&B7&"%' or" -> ia.assorted_string like '%66820-01-2023%' or
A8: KHI/HO/D/MO/PD COMP/P/66962/01/2023 | B8: -01-2023 | D8: 66962 | E8: ="ia.assorted_string like '%"&D8&B8&"%' or" -> ia.assorted_string like '%66962-01-2023%' or
A9: KHI/HO/D/MO/PD COMP/P/66983/01/2023 | B9: -01-2023 | D9: 66983 | E9: ="ia.assorted_string like '%"&D9&B9&"%' or" -> ia.assorted_string like '%66983-01-2023%' or
A10: KHI/HO/D/MO/PD COMP/P/66986/01/2023 | B10: -01-2023 | D10: 66986 | E10: ="ia.assorted_string like '%"&D10&B10&"%' or" -> ia.assorted_string like '%66986-01-2023%' or
A11: KHI/HO/D/MO/PD COMP/P/67223/01/2023 | B11: -01-2023 | D11: 67223 | E11: ="ia.assorted_string like '%"&D11&B11&"%' or" -> ia.assorted_string like '%67223-01-2023%' or
A12: KHI/HO/D/MO/PD COMP/P/67508/02/2023 | B12: -02-2023 | D12: 67508 | E12: ="ia.assorted_string like '%"&D12&B12&"%' or" -> ia.assorted_string like '%67508-02-2023%' or
... A1750: LHR/LHR/D/MO/CV/E/59625/04/2025 | B1750: -04-2025 | D1750: 59625 | E1750: ="ia.assorted_string like '%"&D1750&B1750&"%' or" -> ia.assorted_string like '%59625-04-2025%' or
