Workbook

Sheet Sheet1
A1: S.NO. | B1: POLICY | C1: ENDORSEMENT | D1: BRANCH COVERNOTE NO. | E1: CLASS | F1: ISSUE DATE | G1: PERIOD FROM | H1: PERIOD TO | I1: CLIENT CODE | J1: CLIENT NAME | K1: TYPE | L1: AGENCY CODE | M1: SUM COVERED | N1: GROSS CONTRIBUTION | O1: NET CONTRIBUTION | P1: PAID | Q1: CO PAID | R1: OUTSTANDING CONTRIBUTION
A2: 1 | B2: KHI/HO/D/HLGRP HEALTH/P/2775/11/2023 | C2: KHI/HO/D/HLGRP HEALTH/E/22529/11/2023 | D2: - | E2: HEALTH | F2: 45243 | G2: 45231 | H2: 45596 | I2: 08814016 | J2: IMTIAZ GROUP (SMC-PRIVATE) LIMITED | K2: D | L2: 09000221-Muhammad Irfan | M2: 0 | N2: 9104 | O2: 9195 | P2: 0 | Q2: 0 | R2: 9195
A3: 2 | B3: KHI/HO/D/HLGRP HEALTH/P/2775/11/2023 | C3: KHI/HO/D/HLGRP HEALTH/E/22580/11/2023 | D3: - | E3: HEALTH | F3: 45245 | G3: 45231 | H3: 45596 | I3: 08814016 | J3: IMTIAZ GROUP (SMC-PRIVATE) LIMITED | K3: D | L3: 09000221-Muhammad Irfan | M3: 0 | N3: 173265 | O3: 174998 | P3: 0 | Q3: 0 | R3: 174998
A4: 3 | B4: KHI/HO/D/HLGRP HEALTH/P/2775/11/2023 | C4: KHI/HO/D/HLGRP HEALTH/E/22744/11/2023 | D4: - | E4: HEALTH | F4: 45253 | G4: 45231 | H4: 45596 | I4: 08814016 | J4: IMTIAZ GROUP (SMC-PRIVATE) LIMITED | K4: D | L4: 09000221-Muhammad Irfan | M4: 0 | N4: -1314982 | O4: -1328132 | P4: 0 | Q4: 0 | R4: -1328132
A5: 4 | B5: KHI/HO/D/HLGRP HEALTH/P/2775/11/2023 | C5: KHI/HO/D/HLGRP HEALTH/E/22751/11/2023 | D5: - | E5: HEALTH | F5: 45254 | G5: 45231 | H5: 45596 | I5: 08814016 | J5: IMTIAZ GROUP (SMC-PRIVATE) LIMITED | K5: D | L5: 09000221-Muhammad Irfan | M5: 0 | N5: 439115 | O5: 443506 | P5: 0 | Q5: 0 | R5: 443506
A6: 5 | B6: KHI/HO/D/HLGRP HEALTH/P/2775/11/2023 | C6: KHI/HO/D/HLGRP HEALTH/E/22828/11/2023 | D6: - | E6: HEALTH | F6: 45259 | G6: 45231 | H6: 45596 | I6: 08814016 | J6: IMTIAZ GROUP (SMC-PRIVATE) LIMITED | K6: D | L6: 09000221-Muhammad Irfan | M6: 0 | N6: 14483 | O6: 14628 | P6: 0 | Q6: 0 | R6: 14628
A7: 6 | B7: KHI/HO/D/HLGRP HEALTH/P/2775/11/2023 | C7: KHI/HO/D/HLGRP HEALTH/E/22877/12/2023 | D7: - | E7: HEALTH | F7: 45261 | G7: 45231 | H7: 45596 | I7: 08814016 | J7: IMTIAZ GROUP (SMC-PRIVATE) LIMITED | K7: D | L7: 09000221-Muhammad Irfan | M7: 0 | N7: 359781 | O7: 363379 | P7: 0 | Q7: 0 | R7: 363379
A8: 7 | B8: KHI/HO/D/HLGRP HEALTH/P/2775/11/2023 | C8: KHI/HO/D/HLGRP HEALTH/E/22895/12/2023 | D8: - | E8: HEALTH | F8: 45264 | G8: 45231 | H8: 45596 | I8: 08814016 | J8: IMTIAZ GROUP (SMC-PRIVATE) LIMITED | K8: D | L8: 09000221-Muhammad Irfan | M8: 0 | N8: -365055 | O8: -368706 | P8: 0 | Q8: 0 | R8: -368706
A9: 8 | B9: KHI/HO/D/HLGRP HEALTH/P/2775/11/2023 | C9: KHI/HO/D/HLGRP HEALTH/E/22921/12/2023 | D9: - | E9: HEALTH | F9: 45265 | G9: 45231 | H9: 45596 | I9: 08814016 | J9: IMTIAZ GROUP (SMC-PRIVATE) LIMITED | K9: D | L9: 09000221-Muhammad Irfan | M9: 0 | N9: 228754 | O9: 231042 | P9: 0 | Q9: 0 | R9: 231042
A10: 9 | B10: KHI/HO/D/HLGRP HEALTH/P/2775/11/2023 | C10: KHI/HO/D/HLGRP HEALTH/E/22974/12/2023 | D10: - | E10: HEALTH | F10: 45267 | G10: 45231 | H10: 45596 | I10: 08814016 | J10: IMTIAZ GROUP (SMC-PRIVATE) LIMITED | K10: D | L10: 09000221-Muhammad Irfan | M10: 0 | N10: 15907 | O10: 16066 | P10: 0 | Q10: 0 | R10: 16066
A11: 10 | B11: KHI/HO/D/HLGRP HEALTH/P/2775/11/2023 | C11: KHI/HO/D/HLGRP HEALTH/E/23025/12/2023 | D11: - | E11: HEALTH | F11: 45272 | G11: 45231 | H11: 45596 | I11: 08814016 | J11: IMTIAZ GROUP (SMC-PRIVATE) LIMITED | K11: D | L11: 09000221-Muhammad Irfan | M11: 0 | N11: 789035 | O11: 796925 | P11: 0 | Q11: 0 | R11: 796925
A12: 11 | B12: KHI/HO/D/HLGRP HEALTH/P/2775/11/2023 | C12: KHI/HO/D/HLGRP HEALTH/E/23043/12/2023 | D12: - | E12: HEALTH | F12: 45273 | G12: 45231 | H12: 45596 | I12: 08814016 | J12: IMTIAZ GROUP (SMC-PRIVATE) LIMITED | K12: D | L12: 09000221-Muhammad Irfan | M12: 0 | N12: -23438 | O12: -23672 | P12: 0 | Q12: 0 | R12: -23672
A13: 12 | B13: KHI/HO/D/HLGRP HEALTH/P/2775/11/2023 | C13: KHI/HO/D/HLGRP HEALTH/E/23074/12/2023 | D13: - | E13: HEALTH | F13: 45275 | G13: 45231 | H13: 45596 | I13: 08814016 | J13: IMTIAZ GROUP (SMC-PRIVATE) LIMITED | K13: D | L13: 09000221-Muhammad Irfan | M13: 0 | N13: 8204 | O13: 8286 | P13: 0 | Q13: 0 | R13: 8286
... A138: 137 | B138: KHI/HO/D/HLGRP HEALTH/P/2775/11/2023 | C138: KHI/HO/D/HLGRP HEALTH/E/30885/05/2025 | D138: - | E138: HEALTH | F138: 45807 | G138: 45231 | H138: 45596 | I138: 08814016 | J138: IMTIAZ GROUP (SMC-PRIVATE) LIMITED | K138: D | L138: 09000221-Muhammad Irfan | M138: 0 | N138: -11354 | O138: -11468 | P138: 0 | Q138: 0 | R138: -11468
A139: 138 | B139: KHI/HO/D/HLGRP HEALTH/P/3354/11/2024 | D139: - | E139: HEALTH | F139: 45611 | G139: 45597 | H139: 45961 | I139: 08814016 | J139: IMTIAZ GROUP (SMC-PRIVATE) LIMITED | K139: D | L139: 09000221-Muhammad Irfan | M139: 0 | N139: 124584684 | O139: 125831031 | P139: 31458133 | Q139: 0 | R139: 94372898
A140: 139 | B140: KHI/HO/D/HLGRP HEALTH/P/3354/11/2024 | C140: KHI/HO/D/HLGRP HEALTH/E/28862/11/2024 | D140: - | E140: HEALTH | F140: 45625 | G140: 45597 | H140: 45961 | I140: 08814016 | J140: IMTIAZ GROUP (SMC-PRIVATE) LIMITED | K140: D | L140: 09000221-Muhammad Irfan | M140: 0 | N140: 21489 | O140: 21704 | P140: 0 | Q140: 0 | R140: 21704
A141: 140 | B141: KHI/HO/D/HLGRP HEALTH/P/3354/11/2024 | C141: KHI/HO/D/HLGRP HEALTH/E/28896/12/2024 | D141: - | E141: HEALTH | F141: 45628 | G141: 45597 | H141: 45961 | I141: 08814016 | J141: IMTIAZ GROUP (SMC-PRIVATE) LIMITED | K141: D | L141: 09000221-Muhammad Irfan | M141: 0 | N141: -1349011 | O141: -1362501 | P141: 0 | Q141: 0 | R141: -1362501
A142: 141 | B142: KHI/HO/D/HLGRP HEALTH/P/3354/11/2024 | C142: KHI/HO/D/HLGRP HEALTH/E/28910/12/2024 | D142: - | E142: HEALTH | F142: 45628 | G142: 45597 | H142: 45961 | I142: 08814016 | J142: IMTIAZ GROUP (SMC-PRIVATE) LIMITED | K142: D | L142: 09000221-Muhammad Irfan | M142: 0 | N142: 29452 | O142: 29747 | P142: 0 | Q142: 0 | R142: 29747
A143: 142 | B143: KHI/HO/D/HLGRP HEALTH/P/3354/11/2024 | C143: KHI/HO/D/HLGRP HEALTH/E/28931/12/2024 | D143: - | E143: HEALTH | F143: 45629 | G143: 45597 | H143: 45961 | I143: 08814016 | J143: IMTIAZ GROUP (SMC-PRIVATE) LIMITED | K143: D | L143: 09000221-Muhammad Irfan | M143: 0 | N143: 896781 | O143: 905749 | P143: 0 | Q143: 0 | R143: 905749
A144: 143 | B144: KHI/HO/D/HLGRP HEALTH/P/3354/11/2024 | C144: KHI/HO/D/HLGRP HEALTH/E/28961/12/2024 | D144: - | E144: HEALTH | F144: 45630 | G144: 45597 | H144: 45961 | I144: 08814016 | J144: IMTIAZ GROUP (SMC-PRIVATE) LIMITED | K144: D | L144: 09000221-Muhammad Irfan | M144: 0 | N144: -13616 | O144: -13752 | P144: 0 | Q144: 0 | R144: -13752
A145: 144 | B145: KHI/HO/D/HLGRP HEALTH/P/3354/11/2024 | C145: KHI/HO/D/HLGRP HEALTH/E/28968/12/2024 | D145: - | E145: HEALTH | F145: 45630 | G145: 45597 | H145: 45961 | I145: 08814016 | J145: IMTIAZ GROUP (SMC-PRIVATE) LIMITED | K145: D | L145: 09000221-Muhammad Irfan | M145: 0 | N145: 599241 | O145: 605233 | P145: 0 | Q145: 0 | R145: 605233
A146: 145 | B146: KHI/HO/D/HLGRP HEALTH/P/3354/11/2024 | C146: KHI/HO/D/HLGRP HEALTH/E/28998/12/2024 | D146: - | E146: HEALTH | F146: 45631 | G146: 45597 | H146: 45961 | I146: 08814016 | J146: IMTIAZ GROUP (SMC-PRIVATE) LIMITED | K146: D | L146: 09000221-Muhammad Irfan | M146: 0 | N146: 5295 | O146: 5348 | P146: 0 | Q146: 0 | R146: 5348
A147: 146 | B147: KHI/HO/D/HLGRP HEALTH/P/3354/11/2024 | C147: KHI/HO/D/HLGRP HEALTH/E/29043/12/2024 | D147: - | E147: HEALTH | F147: 45635 | G147: 45597 | H147: 45961 | I147: 08814016 | J147: IMTIAZ GROUP (SMC-PRIVATE) LIMITED | K147: D | L147: 09000221-Muhammad Irfan | M147: 0 | N147: 4158 | O147: 4200 | P147: 0 | Q147: 0 | R147: 4200
A148: 147 | B148: KHI/HO/D/HLGRP HEALTH/P/3354/11/2024 | C148: KHI/HO/D/HLGRP HEALTH/E/29133/12/2024 | D148: - | E148: HEALTH | F148: 45638 | G148: 45597 | H148: 45961 | I148: 08814016 | J148: IMTIAZ GROUP (SMC-PRIVATE) LIMITED | K148: D | L148: 09000221-Muhammad Irfan | M148: 0 | N148: 2099 | O148: 2120 | P148: 0 | Q148: 0 | R148: 2120
A149: 148 | B149: KHI/HO/D/HLGRP HEALTH/P/3354/11/2024 | C149: KHI/HO/D/HLGRP HEALTH/E/29146/12/2024 | D149: - | E149: HEALTH | F149: 45638 | G149: 45597 | H149: 45961 | I149: 08814016 | J149: IMTIAZ GROUP (SMC-PRIVATE) LIMITED | K149: D | L149: 09000221-Muhammad Irfan | M149: 0 | N149: 1783386 | O149: 1801220 | P149: 0 | Q149: 0 | R149: 1801220
A150: 149 | B150: KHI/HO/D/HLGRP HEALTH/P/3354/11/2024 | C150: KHI/HO/D/HLGRP HEALTH/E/29149/12/2024 | D150: - | E150: HEALTH | F150: 45639 | G150: 45597 | H150: 45961 | I150: 08814016 | J150: IMTIAZ GROUP (SMC-PRIVATE) LIMITED | K150: D | L150: 09000221-Muhammad Irfan | M150: 0 | N150: 5870 | O150: 5929 | P150: 0 | Q150: 0 | R150: 5929
A151: 150 | B151: KHI/HO/D/HLGRP HEALTH/P/3354/11/2024 | C151: KHI/HO/D/HLGRP HEALTH/E/29322/12/2024 | D151: - | E151: HEALTH | F151: 45650 | G151: 45597 | H151: 45961 | I151: 08814016 | J151: IMTIAZ GROUP (SMC-PRIVATE) LIMITED | K151: D | L151: 09000221-Muhammad Irfan | M151: 0 | N151: 929366 | O151: 938660 | P151: 0 | Q151: 0 | R151: 938660
... A160: 159 | B160: KHI/HO/D/HLGRP HEALTH/P/3354/11/2024 | C160: KHI/HO/D/HLGRP HEALTH/E/30884/05/2025 | D160: - | E160: HEALTH | F160: 45807 | G160: 45597 | H160: 45961 | I160: 08814016 | J160: IMTIAZ GROUP (SMC-PRIVATE) LIMITED | K160: D | L160: 09000221-Muhammad Irfan | M160: 0 | N160: -16772256 | O160: -16939979 | P160: 0 | Q160: 0 | R160: -16939979
L161: OS Fluctuations: | N161: =+SUBTOTAL(9,N2:N160) -> 43870747 | O161: =+SUBTOTAL(9,O2:O160) -> 44309956 | P161: =+SUBTOTAL(9,P2:P160) -> 31458133 | Q161: =+SUBTOTAL(9,Q2:Q160) -> 0 | R161: =+SUBTOTAL(9,R2:R160) -> 12851823
L162: Add: Recovery Claim Amount: | R162: 1018468
L163: Total Receivable Amount: | R163: =+SUM(R161:R162) -> 13870291
L164: Less: Payable Claims; | R164: -9703583
L165: Received Cheque Amount: | R165: =+SUM(R163:R164) -> 4166708

Sheet Sheet2
A1: ENDORSEMENT | B1: CLIENT NAME | C1: OS
A2: KHI/HO/D/HLGRP HEALTH/E/22529/11/2023 | B2: IMTIAZ GROUP (SMC-PRIVATE) LIMITED | C2: 9195
A3: KHI/HO/D/HLGRP HEALTH/E/22580/11/2023 | B3: IMTIAZ GROUP (SMC-PRIVATE) LIMITED | C3: 174998
A4: KHI/HO/D/HLGRP HEALTH/E/22744/11/2023 | B4: IMTIAZ GROUP (SMC-PRIVATE) LIMITED | C4: -1328132
A5: KHI/HO/D/HLGRP HEALTH/E/22751/11/2023 | B5: IMTIAZ GROUP (SMC-PRIVATE) LIMITED | C5: 443506
A6: KHI/HO/D/HLGRP HEALTH/E/22828/11/2023 | B6: IMTIAZ GROUP (SMC-PRIVATE) LIMITED | C6: 14628
A7: KHI/HO/D/HLGRP HEALTH/E/22877/12/2023 | B7: IMTIAZ GROUP (SMC-PRIVATE) LIMITED | C7: 363379
A8: KHI/HO/D/HLGRP HEALTH/E/22895/12/2023 | B8: IMTIAZ GROUP (SMC-PRIVATE) LIMITED | C8: -368706
A9: KHI/HO/D/HLGRP HEALTH/E/22921/12/2023 | B9: IMTIAZ GROUP (SMC-PRIVATE) LIMITED | C9: 231042
A10: KHI/HO/D/HLGRP HEALTH/E/22974/12/2023 | B10: IMTIAZ GROUP (SMC-PRIVATE) LIMITED | C10: 16066
A11: KHI/HO/D/HLGRP HEALTH/E/23025/12/2023 | B11: IMTIAZ GROUP (SMC-PRIVATE) LIMITED | C11: 796925
A12: KHI/HO/D/HLGRP HEALTH/E/23043/12/2023 | B12: IMTIAZ GROUP (SMC-PRIVATE) LIMITED | C12: -23672
A13: KHI/HO/D/HLGRP HEALTH/E/23074/12/2023 | B13: IMTIAZ GROUP (SMC-PRIVATE) LIMITED | C13: 8286
... A139: KHI/HO/D/HLGRP HEALTH/E/28862/11/2024 | B139: IMTIAZ GROUP (SMC-PRIVATE) LIMITED | C139: 21704
A140: KHI/HO/D/HLGRP HEALTH/E/28896/12/2024 | B140: IMTIAZ GROUP (SMC-PRIVATE) LIMITED | C140: -344033 | E140: -1362501 | F140: 1018468 | G140: =E140+F140 -> -344033
A141: KHI/HO/D/HLGRP HEALTH/E/28910/12/2024 | B141: IMTIAZ GROUP (SMC-PRIVATE) LIMITED | C141: 29747
A142: KHI/HO/D/HLGRP HEALTH/E/28931/12/2024 | B142: IMTIAZ GROUP (SMC-PRIVATE) LIMITED | C142: 905749
A143: KHI/HO/D/HLGRP HEALTH/E/28961/12/2024 | B143: IMTIAZ GROUP (SMC-PRIVATE) LIMITED | C143: -13752
A144: KHI/HO/D/HLGRP HEALTH/E/28968/12/2024 | B144: IMTIAZ GROUP (SMC-PRIVATE) LIMITED | C144: 605233
A145: KHI/HO/D/HLGRP HEALTH/E/28998/12/2024 | B145: IMTIAZ GROUP (SMC-PRIVATE) LIMITED | C145: 5348
A146: KHI/HO/D/HLGRP HEALTH/E/29043/12/2024 | B146: IMTIAZ GROUP (SMC-PRIVATE) LIMITED | C146: 4200
A147: KHI/HO/D/HLGRP HEALTH/E/29133/12/2024 | B147: IMTIAZ GROUP (SMC-PRIVATE) LIMITED | C147: 2120
A148: KHI/HO/D/HLGRP HEALTH/E/29146/12/2024 | B148: IMTIAZ GROUP (SMC-PRIVATE) LIMITED | C148: 1801220
A149: KHI/HO/D/HLGRP HEALTH/E/29149/12/2024 | B149: IMTIAZ GROUP (SMC-PRIVATE) LIMITED | C149: 5929
A150: KHI/HO/D/HLGRP HEALTH/E/29322/12/2024 | B150: IMTIAZ GROUP (SMC-PRIVATE) LIMITED | C150: 938660
A151: KHI/HO/D/HLGRP HEALTH/E/29361/12/2024 | B151: IMTIAZ GROUP (SMC-PRIVATE) LIMITED | C151: 4541
A152: KHI/HO/D/HLGRP HEALTH/E/29460/01/2025 | B152: IMTIAZ GROUP (SMC-PRIVATE) LIMITED | C152: -2199864
... A159: KHI/HO/D/HLGRP HEALTH/E/30884/05/2025 | B159: IMTIAZ GROUP (SMC-PRIVATE) LIMITED | C159: -16939979
C160: =SUM(C2:C159) -> -80502607

Sheet working
A1: POLICY NO. | B1: Assorted_code | D1: Premium | E1: 29May250204
A2: KHI/HO/D/HLGRP HEALTH/E/22529/11/2023 | B2: =VLOOKUP(A2,policy!B:C,2,0) -> 050000678854 | C2: 9195 | D2: =ROUND(C2,0) -> 9195 | E2: 29May250204 | F2: ="insert into ins_premium_det (premium_rcv_code,assorted_code, rec_amount,premium_rcv_detail_code,remaining_amt, payrec, mode_code,coinsurance_code,class_cd,it_remarks) values" -> insert into ins_premium_det (premium_rcv_code,assorted_code, rec_amount,premium_rcv_detail_code,remaining_amt, payrec, mode_code,coinsurance_code,class_cd,it_remarks) values | G2: ="('"&E2&"','"&B2&"','"&D2&"',(select max(to_number(i.premium_rcv_detail_code))+1 from ins_premium_det i),'"&D2&"','"&D2&"','02', '11000003','00','Request by Mr. Omair Ali 30-May-2025');" -> ('29May250204','050000678854','9195',(select max(to_number(i.premium_rcv_detail_code))+1 from ins_premium_det i),'9195','9195','02', '11000003','00','Request by Mr. Omair Ali 30-May-2025'); | H2: =F2&G2 -> insert into ins_premium_det (premium_rcv_code,assorted_code, rec_amount,premium_rcv_detail_code,remaining_amt, payrec, mode_code,coinsurance_code,class_cd,it_remarks) values('29May250204','050000678854','9195',(select max(to_number(i.premium_rcv_detail_code))+1 from ins_premium_det i),'9195','9195','02', '11000003','00','Request by Mr. Omair Ali 30-May-2025');
A3: KHI/HO/D/HLGRP HEALTH/E/22580/11/2023 | B3: =VLOOKUP(A3,policy!B:C,2,0) -> 050000679072 | C3: 174998 | D3: =ROUND(C3,0) -> 174998 | E3: 29May250204 | F3: ="insert into ins_premium_det (premium_rcv_code,assorted_code, rec_amount,premium_rcv_detail_code,remaining_amt, payrec, mode_code,coinsurance_code,class_cd,it_remarks) values" -> insert into ins_premium_det (premium_rcv_code,assorted_code, rec_amount,premium_rcv_detail_code,remaining_amt, payrec, mode_code,coinsurance_code,class_cd,it_remarks) values | G3: ="('"&E3&"','"&B3&"','"&D3&"',(select max(to_number(i.premium_rcv_detail_code))+1 from ins_premium_det i),'"&D3&"','"&D3&"','02', '11000003','00','Request by Mr. Omair Ali 30-May-2025');" -> ('29May250204','050000679072','174998',(select max(to_number(i.premium_rcv_detail_code))+1 from ins_premium_det i),'174998','174998','02', '11000003','00','Request by Mr. Omair Ali 30-May-2025'); | H3: =F3&G3 -> insert into ins_premium_det (premium_rcv_code,assorted_code, rec_amount,premium_rcv_detail_code,remaining_amt, payrec, mode_code,coinsurance_code,class_cd,it_remarks) values('29May250204','050000679072','174998',(select max(to_number(i.premium_rcv_detail_code))+1 from ins_premium_det i),'174998','174998','02', '11000003','00','Request by Mr. Omair Ali 30-May-2025');
A4: KHI/HO/D/HLGRP HEALTH/E/22744/11/2023 | B4: =VLOOKUP(A4,policy!B:C,2,0) -> 050000681167 | C4: -1328132 | D4: =ROUND(C4,0) -> -1328132 | E4: 29May250204 | F4: ="insert into ins_premium_det (premium_rcv_code,assorted_code, rec_amount,premium_rcv_detail_code,remaining_amt, payrec, mode_code,coinsurance_code,class_cd,it_remarks) values" -> insert into ins_premium_det (premium_rcv_code,assorted_code, rec_amount,premium_rcv_detail_code,remaining_amt, payrec, mode_code,coinsurance_code,class_cd,it_remarks) values | G4: ="('"&E4&"','"&B4&"','"&D4&"',(select max(to_number(i.premium_rcv_detail_code))+1 from ins_premium_det i),'"&D4&"','"&D4&"','02', '11000003','00','Request by Mr. Omair Ali 30-May-2025');" -> ('29May250204','050000681167','-1328132',(select max(to_number(i.premium_rcv_detail_code))+1 from ins_premium_det i),'-1328132','-1328132','02', '11000003','00','Request by Mr. Omair Ali 30-May-2025'); | H4: =F4&G4 -> insert into ins_premium_det (premium_rcv_code,assorted_code, rec_amount,premium_rcv_detail_code,remaining_amt, payrec, mode_code,coinsurance_code,class_cd,it_remarks) values('29May250204','050000681167','-1328132',(select max(to_number(i.premium_rcv_detail_code))+1 from ins_premium_det i),'-1328132','-1328132','02', '11000003','00','Request by Mr. Omair Ali 30-May-2025');
A5: KHI/HO/D/HLGRP HEALTH/E/22751/11/2023 | B5: =VLOOKUP(A5,policy!B:C,2,0) -> 050000681384 | C5: 443506 | D5: =ROUND(C5,0) -> 443506 | E5: 29May250204 | F5: ="insert into ins_premium_det (premium_rcv_code,assorted_code, rec_amount,premium_rcv_detail_code,remaining_amt, payrec, mode_code,coinsurance_code,class_cd,it_remarks) values" -> insert into ins_premium_det (premium_rcv_code,assorted_code, rec_amount,premium_rcv_detail_code,remaining_amt, payrec, mode_code,coinsurance_code,class_cd,it_remarks) values | G5: ="('"&E5&"','"&B5&"','"&D5&"',(select max(to_number(i.premium_rcv_detail_code))+1 from ins_premium_det i),'"&D5&"','"&D5&"','02', '11000003','00','Request by Mr. Omair Ali 30-May-2025');" -> ('29May250204','050000681384','443506',(select max(to_number(i.premium_rcv_detail_code))+1 from ins_premium_det i),'443506','443506','02', '11000003','00','Request by Mr. Omair Ali 30-May-2025'); | H5: =F5&G5 -> insert into ins_premium_det (premium_rcv_code,assorted_code, rec_amount,premium_rcv_detail_code,remaining_amt, payrec, mode_code,coinsurance_code,class_cd,it_remarks) values('29May250204','050000681384','443506',(select max(to_number(i.premium_rcv_detail_code))+1 from ins_premium_det i),'443506','443506','02', '11000003','00','Request by Mr. Omair Ali 30-May-2025');
A6: KHI/HO/D/HLGRP HEALTH/E/22828/11/2023 | B6: =VLOOKUP(A6,policy!B:C,2,0) -> 050000681751 | C6: 14628 | D6: =ROUND(C6,0) -> 14628 | E6: 29May250204 | F6: ="insert into ins_premium_det (premium_rcv_code,assorted_code, rec_amount,premium_rcv_detail_code,remaining_amt, payrec, mode_code,coinsurance_code,class_cd,it_remarks) values" -> insert into ins_premium_det (premium_rcv_code,assorted_code, rec_amount,premium_rcv_detail_code,remaining_amt, payrec, mode_code,coinsurance_code,class_cd,it_remarks) values | G6: ="('"&E6&"','"&B6&"','"&D6&"',(select max(to_number(i.premium_rcv_detail_code))+1 from ins_premium_det i),'"&D6&"','"&D6&"','02', '11000003','00','Request by Mr. Omair Ali 30-May-2025');" -> ('29May250204','050000681751','14628',(select max(to_number(i.premium_rcv_detail_code))+1 from ins_premium_det i),'14628','14628','02', '11000003','00','Request by Mr. Omair Ali 30-May-2025'); | H6: =F6&G6 -> insert into ins_premium_det (premium_rcv_code,assorted_code, rec_amount,premium_rcv_detail_code,remaining_amt, payrec, mode_code,coinsurance_code,class_cd,it_remarks) values('29May250204','050000681751','14628',(select max(to_number(i.premium_rcv_detail_code))+1 from ins_premium_det i),'14628','14628','02', '11000003','00','Request by Mr. Omair Ali 30-May-2025');
A7: KHI/HO/D/HLGRP HEALTH/E/22877/12/2023 | B7: =VLOOKUP(A7,policy!B:C,2,0) -> 050000683578 | C7: 363379 | D7: =ROUND(C7,0) -> 363379 | E7: 29May250204 | F7: ="insert into ins_premium_det (premium_rcv_code,assorted_code, rec_amount,premium_rcv_detail_code,remaining_amt, payrec, mode_code,coinsurance_code,class_cd,it_remarks) values" -> insert into ins_premium_det (premium_rcv_code,assorted_code, rec_amount,premium_rcv_detail_code,remaining_amt, payrec, mode_code,coinsurance_code,class_cd,it_remarks) values | G7: ="('"&E7&"','"&B7&"','"&D7&"',(select max(to_number(i.premium_rcv_detail_code))+1 from ins_premium_det i),'"&D7&"','"&D7&"','02', '11000003','00','Request by Mr. Omair Ali 30-May-2025');" -> ('29May250204','050000683578','363379',(select max(to_number(i.premium_rcv_detail_code))+1 from ins_premium_det i),'363379','363379','02', '11000003','00','Request by Mr. Omair Ali 30-May-2025'); | H7: =F7&G7 -> insert into ins_premium_det (premium_rcv_code,assorted_code, rec_amount,premium_rcv_detail_code,remaining_amt, payrec, mode_code,coinsurance_code,class_cd,it_remarks) values('29May250204','050000683578','363379',(select max(to_number(i.premium_rcv_detail_code))+1 from ins_premium_det i),'363379','363379','02', '11000003','00','Request by Mr. Omair Ali 30-May-2025');
A8: KHI/HO/D/HLGRP HEALTH/E/22895/12/2023 | B8: =VLOOKUP(A8,policy!B:C,2,0) -> 050000684243 | C8: -368706 | D8: =ROUND(C8,0) -> -368706 | E8: 29May250204 | F8: ="insert into ins_premium_det (premium_rcv_code,assorted_code, rec_amount,premium_rcv_detail_code,remaining_amt, payrec, mode_code,coinsurance_code,class_cd,it_remarks) values" -> insert into ins_premium_det (premium_rcv_code,assorted_code, rec_amount,premium_rcv_detail_code,remaining_amt, payrec, mode_code,coinsurance_code,class_cd,it_remarks) values | G8: ="('"&E8&"','"&B8&"','"&D8&"',(select max(to_number(i.premium_rcv_detail_code))+1 from ins_premium_det i),'"&D8&"','"&D8&"','02', '11000003','00','Request by Mr. Omair Ali 30-May-2025');" -> ('29May250204','050000684243','-368706',(select max(to_number(i.premium_rcv_detail_code))+1 from ins_premium_det i),'-368706','-368706','02', '11000003','00','Request by Mr. Omair Ali 30-May-2025'); | H8: =F8&G8 -> insert into ins_premium_det (premium_rcv_code,assorted_code, rec_amount,premium_rcv_detail_code,remaining_amt, payrec, mode_code,coinsurance_code,class_cd,it_remarks) values('29May250204','050000684243','-368706',(select max(to_number(i.premium_rcv_detail_code))+1 from ins_premium_det i),'-368706','-368706','02', '11000003','00','Request by Mr. Omair Ali 30-May-2025');
A9: KHI/HO/D/HLGRP HEALTH/E/22921/12/2023 | B9: =VLOOKUP(A9,policy!B:C,2,0) -> 050000685755 | C9: 231042 | D9: =ROUND(C9,0) -> 231042 | E9: 29May250204 | F9: ="insert into ins_premium_det (premium_rcv_code,assorted_code, rec_amount,premium_rcv_detail_code,remaining_amt, payrec, mode_code,coinsurance_code,class_cd,it_remarks) values" -> insert into ins_premium_det (premium_rcv_code,assorted_code, rec_amount,premium_rcv_detail_code,remaining_amt, payrec, mode_code,coinsurance_code,class_cd,it_remarks) values | G9: ="('"&E9&"','"&B9&"','"&D9&"',(select max(to_number(i.premium_rcv_detail_code))+1 from ins_premium_det i),'"&D9&"','"&D9&"','02', '11000003','00','Request by Mr. Omair Ali 30-May-2025');" -> ('29May250204','050000685755','231042',(select max(to_number(i.premium_rcv_detail_code))+1 from ins_premium_det i),'231042','231042','02', '11000003','00','Request by Mr. Omair Ali 30-May-2025'); | H9: =F9&G9 -> insert into ins_premium_det (premium_rcv_code,assorted_code, rec_amount,premium_rcv_detail_code,remaining_amt, payrec, mode_code,coinsurance_code,class_cd,it_remarks) values('29May250204','050000685755','231042',(select max(to_number(i.premium_rcv_detail_code))+1 from ins_premium_det i),'231042','231042','02', '11000003','00','Request by Mr. Omair Ali 30-May-2025');
A10: KHI/HO/D/HLGRP HEALTH/E/22974/12/2023 | B10: =VLOOKUP(A10,policy!B:C,2,0) -> 050000687304 | C10: 16066 | D10: =ROUND(C10,0) -> 16066 | E10: 29May250204 | F10: ="insert into ins_premium_det (premium_rcv_code,assorted_code, rec_amount,premium_rcv_detail_code,remaining_amt, payrec, mode_code,coinsurance_code,class_cd,it_remarks) values" -> insert into ins_premium_det (premium_rcv_code,assorted_code, rec_amount,premium_rcv_detail_code,remaining_amt, payrec, mode_code,coinsurance_code,class_cd,it_remarks) values | G10: ="('"&E10&"','"&B10&"','"&D10&"',(select max(to_number(i.premium_rcv_detail_code))+1 from ins_premium_det i),'"&D10&"','"&D10&"','02', '11000003','00','Request by Mr. Omair Ali 30-May-2025');" -> ('29May250204','050000687304','16066',(select max(to_number(i.premium_rcv_detail_code))+1 from ins_premium_det i),'16066','16066','02', '11000003','00','Request by Mr. Omair Ali 30-May-2025'); | H10: =F10&G10 -> insert into ins_premium_det (premium_rcv_code,assorted_code, rec_amount,premium_rcv_detail_code,remaining_amt, payrec, mode_code,coinsurance_code,class_cd,it_remarks) values('29May250204','050000687304','16066',(select max(to_number(i.premium_rcv_detail_code))+1 from ins_premium_det i),'16066','16066','02', '11000003','00','Request by Mr. Omair Ali 30-May-2025');
A11: KHI/HO/D/HLGRP HEALTH/E/23025/12/2023 | B11: =VLOOKUP(A11,policy!B:C,2,0) -> 050000688402 | C11: 796925 | D11: =ROUND(C11,0) -> 796925 | E11: 29May250204 | F11: ="insert into ins_premium_det (premium_rcv_code,assorted_code, rec_amount,premium_rcv_detail_code,remaining_amt, payrec, mode_code,coinsurance_code,class_cd,it_remarks) values" -> insert into ins_premium_det (premium_rcv_code,assorted_code, rec_amount,premium_rcv_detail_code,remaining_amt, payrec, mode_code,coinsurance_code,class_cd,it_remarks) values | G11: ="('"&E11&"','"&B11&"','"&D11&"',(select max(to_number(i.premium_rcv_detail_code))+1 from ins_premium_det i),'"&D11&"','"&D11&"','02', '11000003','00','Request by Mr. Omair Ali 30-May-2025');" -> ('29May250204','050000688402','796925',(select max(to_number(i.premium_rcv_detail_code))+1 from ins_premium_det i),'796925','796925','02', '11000003','00','Request by Mr. Omair Ali 30-May-2025'); | H11: =F11&G11 -> insert into ins_premium_det (premium_rcv_code,assorted_code, rec_amount,premium_rcv_detail_code,remaining_amt, payrec, mode_code,coinsurance_code,class_cd,it_remarks) values('29May250204','050000688402','796925',(select max(to_number(i.premium_rcv_detail_code))+1 from ins_premium_det i),'796925','796925','02', '11000003','00','Request by Mr. Omair Ali 30-May-2025');
A12: KHI/HO/D/HLGRP HEALTH/E/23043/12/2023 | B12: =VLOOKUP(A12,policy!B:C,2,0) -> 050000688864 | C12: -23672 | D12: =ROUND(C12,0) -> -23672 | E12: 29May250204 | F12: ="insert into ins_premium_det (premium_rcv_code,assorted_code, rec_amount,premium_rcv_detail_code,remaining_amt, payrec, mode_code,coinsurance_code,class_cd,it_remarks) values" -> insert into ins_premium_det (premium_rcv_code,assorted_code, rec_amount,premium_rcv_detail_code,remaining_amt, payrec, mode_code,coinsurance_code,class_cd,it_remarks) values | G12: ="('"&E12&"','"&B12&"','"&D12&"',(select max(to_number(i.premium_rcv_detail_code))+1 from ins_premium_det i),'"&D12&"','"&D12&"','02', '11000003','00','Request by Mr. Omair Ali 30-May-2025');" -> ('29May250204','050000688864','-23672',(select max(to_number(i.premium_rcv_detail_code))+1 from ins_premium_det i),'-23672','-23672','02', '11000003','00','Request by Mr. Omair Ali 30-May-2025'); | H12: =F12&G12 -> insert into ins_premium_det (premium_rcv_code,assorted_code, rec_amount,premium_rcv_detail_code,remaining_amt, payrec, mode_code,coinsurance_code,class_cd,it_remarks) values('29May250204','050000688864','-23672',(select max(to_number(i.premium_rcv_detail_code))+1 from ins_premium_det i),'-23672','-23672','02', '11000003','00','Request by Mr. Omair Ali 30-May-2025');
A13: KHI/HO/D/HLGRP HEALTH/E/23074/12/2023 | B13: =VLOOKUP(A13,policy!B:C,2,0) -> 050000689315 | C13: 8286 | D13: =ROUND(C13,0) -> 8286 | E13: 29May250204 | F13: ="insert into ins_premium_det (premium_rcv_code,assorted_code, rec_amount,premium_rcv_detail_code,remaining_amt, payrec, mode_code,coinsurance_code,class_cd,it_remarks) values" -> insert into ins_premium_det (premium_rcv_code,assorted_code, rec_amount,premium_rcv_detail_code,remaining_amt, payrec, mode_code,coinsurance_code,class_cd,it_remarks) values | G13: ="('"&E13&"','"&B13&"','"&D13&"',(select max(to_number(i.premium_rcv_detail_code))+1 from ins_premium_det i),'"&D13&"','"&D13&"','02', '11000003','00','Request by Mr. Omair Ali 30-May-2025');" -> ('29May250204','050000689315','8286',(select max(to_number(i.premium_rcv_detail_code))+1 from ins_premium_det i),'8286','8286','02', '11000003','00','Request by Mr. Omair Ali 30-May-2025'); | H13: =F13&G13 -> insert into ins_premium_det (premium_rcv_code,assorted_code, rec_amount,premium_rcv_detail_code,remaining_amt, payrec, mode_code,coinsurance_code,class_cd,it_remarks) values('29May250204','050000689315','8286',(select max(to_number(i.premium_rcv_detail_code))+1 from ins_premium_det i),'8286','8286','02', '11000003','00','Request by Mr. Omair Ali 30-May-2025');
... A159: KHI/HO/D/HLGRP HEALTH/E/30884/05/2025 | B159: =VLOOKUP(A159,policy!B:C,2,0) -> 050000890436 | C159: -16939979 | D159: =ROUND(C159,0) -> -16939979 | E159: 29May250204 | F159: ="insert into ins_premium_det (premium_rcv_code,assorted_code, rec_amount,premium_rcv_detail_code,remaining_amt, payrec, mode_code,coinsurance_code,class_cd,it_remarks) values" -> insert into ins_premium_det (premium_rcv_code,assorted_code, rec_amount,premium_rcv_detail_code,remaining_amt, payrec, mode_code,coinsurance_code,class_cd,it_remarks) values | G159: ="('"&E159&"','"&B159&"','"&D159&"',(select max(to_number(i.premium_rcv_detail_code))+1 from ins_premium_det i),'"&D159&"','"&D159&"','02', '11000003','00','Request by Mr. Omair Ali 30-May-2025');" -> ('29May250204','050000890436','-16939979',(select max(to_number(i.premium_rcv_detail_code))+1 from ins_premium_det i),'-16939979','-16939979','02', '11000003','00','Request by Mr. Omair Ali 30-May-2025'); | H159: =F159&G159 -> insert into ins_premium_det (premium_rcv_code,assorted_code, rec_amount,premium_rcv_detail_code,remaining_amt, payrec, mode_code,coinsurance_code,class_cd,it_remarks) values('29May250204','050000890436','-16939979',(select max(to_number(i.premium_rcv_detail_code))+1 from ins_premium_det i),'-16939979','-16939979','02', '11000003','00','Request by Mr. Omair Ali 30-May-2025');
C160: =SUM(C2:C159) -> -80502607

Sheet Sheet5
A1: KHI/HO/D/HLGRP HEALTH/E/22529/11/2023 | B1: -11-2023 | D1: 22529 | E1: ="ia.assorted_string like '%"&D1&B1&"%' or" -> ia.assorted_string like '%22529-11-2023%' or
A2: KHI/HO/D/HLGRP HEALTH/E/22580/11/2023 | B2: -11-2023 | D2: 22580 | E2: ="ia.assorted_string like '%"&D2&B2&"%' or" -> ia.assorted_string like '%22580-11-2023%' or
A3: KHI/HO/D/HLGRP HEALTH/E/22744/11/2023 | B3: -11-2023 | D3: 22744 | E3: ="ia.assorted_string like '%"&D3&B3&"%' or" -> ia.assorted_string like '%22744-11-2023%' or
A4: KHI/HO/D/HLGRP HEALTH/E/22751/11/2023 | B4: -11-2023 | D4: 22751 | E4: ="ia.assorted_string like '%"&D4&B4&"%' or" -> ia.assorted_string like '%22751-11-2023%' or
A5: KHI/HO/D/HLGRP HEALTH/E/22828/11/2023 | B5: -11-2023 | D5: 22828 | E5: ="ia.assorted_string like '%"&D5&B5&"%' or" -> ia.assorted_string like '%22828-11-2023%' or
A6: KHI/HO/D/HLGRP HEALTH/E/22877/12/2023 | B6: -12-2023 | D6: 22877 | E6: ="ia.assorted_string like '%"&D6&B6&"%' or" -> ia.assorted_string like '%22877-12-2023%' or
A7: KHI/HO/D/HLGRP HEALTH/E/22895/12/2023 | B7: -12-2023 | D7: 22895 | E7: ="ia.assorted_string like '%"&D7&B7&"%' or" -> ia.assorted_string like '%22895-12-2023%' or
A8: KHI/HO/D/HLGRP HEALTH/E/22921/12/2023 | B8: -12-2023 | D8: 22921 | E8: ="ia.assorted_string like '%"&D8&B8&"%' or" -> ia.assorted_string like '%22921-12-2023%' or
A9: KHI/HO/D/HLGRP HEALTH/E/22974/12/2023 | B9: -12-2023 | D9: 22974 | E9: ="ia.assorted_string like '%"&D9&B9&"%' or" -> ia.assorted_string like '%22974-12-2023%' or
A10: KHI/HO/D/HLGRP HEALTH/E/23025/12/2023 | B10: -12-2023 | D10: 23025 | E10: ="ia.assorted_string like '%"&D10&B10&"%' or" -> ia.assorted_string like '%23025-12-2023%' or
A11: KHI/HO/D/HLGRP HEALTH/E/23043/12/2023 | B11: -12-2023 | D11: 23043 | E11: ="ia.assorted_string like '%"&D11&B11&"%' or" -> ia.assorted_string like '%23043-12-2023%' or
A12: KHI/HO/D/HLGRP HEALTH/E/23074/12/2023 | B12: -12-2023 | D12: 23074 | E12: ="ia.assorted_string like '%"&D12&B12&"%' or" -> ia.assorted_string like '%23074-12-2023%' or
... A158: KHI/HO/D/HLGRP HEALTH/E/30884/05/2025 | B158: -05-2025 | D158: 30884 | E158: ="ia.assorted_string like '%"&D158&B158&"%' or" -> ia.assorted_string like '%30884-05-2025%' or

Sheet policy
B1: FUNC_ASSORTED_STRING(IA.ASSORTED_CODE) | C1: ASSORTED_CODE
A2: 1 | B2: KHI/HO/D/HLGRP HEALTH/E/26562/08/2024 | C2: 050000777819
A3: 2 | B3: KHI/HO/D/HLGRP HEALTH/E/22877/12/2023 | C3: 050000683578
A4: 3 | B4: KHI/HO/D/HLGRP HEALTH/E/23519/01/2024 | C4: 050000700695
A5: 4 | B5: KHI/HO/D/HLGRP HEALTH/E/24467/03/2024 | C5: 050000726599
A6: 5 | B6: KHI/HO/D/HLGRP HEALTH/E/22580/11/2023 | C6: 050000679072
A7: 6 | B7: KHI/HO/D/HLGRP HEALTH/E/23322/01/2024 | C7: 050000693940
A8: 7 | B8: KHI/HO/D/HLGRP HEALTH/E/23897/02/2024 | C8: 050000710158
A9: 8 | B9: KHI/HO/D/HLGRP HEALTH/E/23242/12/2023 | C9: 050000692044
A10: 9 | B10: KHI/HO/D/HLGRP HEALTH/E/22828/11/2023 | C10: 050000681751
A11: 10 | B11: KHI/HO/D/HLGRP HEALTH/E/23584/01/2024 | C11: 050000701416
A12: 11 | B12: KHI/HO/D/HLGRP HEALTH/E/22974/12/2023 | C12: 050000687304
A13: 12 | B13: KHI/HO/D/HLGRP HEALTH/E/24153/02/2024 | C13: 050000718164
... A159: 158 | B159: KHI/HO/D/HLGRP HEALTH/E/30885/05/2025 | C159: 050000890468

Sheet Sheet3
A1: IMTIAZ GROUP (SMC-PRIVATE) LIMITED
A2: HEALTH POLICY | B2: KHI/HO/D/HLGRP HEALTH/P/3354/11/2024 | C2: 9703583
A3: CLAIM PAYABLES | C3: -9703583
A5: HEALTH SALVAGE CLAIM RECEIVALBLE NO | B5: 141317 | C5: 417888
A6: HEALTH SALVAGE CLAIM RECEIVALBLE NO | B6: 144653 | C6: 9451
A7: HEALTH SALVAGE CLAIM RECEIVALBLE NO | B7: 145412 | C7: 591129
A8: HEALTH ENDORSEMENT | B8: KHI/HO/D/HLGRP HEALTH/E/28896/12/2024 | C8: 1018468
