Workbook

Sheet Fresh
A1: Fresh / Renewal | B1: Proposal No. | C1: Billing Month | D1: Takaful Company | E1: PMD / Cert | F1: Takaful Start Date | G1: Takaful End Date | H1: Customer Name | I1: CNIC | J1: Vehicle Make | K1: Reg. No | L1: Engine No | M1: Chassis No | N1: Proposal No. | O1: Region | P1: Unit ID | Q1: BR # | R1: Financing Date | S1: Maturity Date | T1: Asset Value | U1: Dep. % | V1: Dep. Amount | W1: Sum Cover Amount | X1: Takaful Rate | Y1: Premium Amount | Z1: For Takaful Company Rectifications | AA1: For COD Status | AB1: PO No. | AC1: PO Dates | AD1: Proposal Status | AE1: Default Case (Overdue Days) | AF1: Policy # 2024 | AG1: Tms Prem | AH1: Difference
A2: Fresh | B2: 75893/1 | C2: 45566 | D2: SALAAM TAKAFUL LTD | E2: KHI/HO/D/MO/PC COMP/C/98823/51/10/2024 | F2: 45596 | G2: 45960 | H2: KHURRAM MUSADDIQ | I2: 1350332678601 | J2: TOYOTA COROLLA ALTIS (MANUAL) | K2: BAA-759 | L2: 97221 | M2: 6074725 | N2: 75893/1 | O2: North | P2: 0804 | Q2: 242368 | R2: 45597 | S2: 46696 | T2: 5000000 | W2: 5000000 | X2: 1.5 | Y2: 75000 | AA2: paid | AB2: 1141071545 | AC2: 45622 | AD2: DISBURSED | AE2: 0 | AF2: KHI/HO/D/MO/PC COMP/C/98823/51/10/2024 | AG2: 75000 | AH2: =Y2-AG2 -> 0
A3: Fresh | B3: 76157/1 | C3: 45566 | D3: SALAAM TAKAFUL LTD | E3: KHI/HO/D/MO/PC COMP/C/98823/50/10/2024 | F3: 45596 | G3: 45960 | H3: MUHAMMAD SHAHBAZ | I3: 4220174438973 | J3: DAYZ | K3: BTH-458 | L3: 3B20LK5102 | M3: W0484257 | N3: 76157/1 | O3: South | P3: 0144 | Q3: 343045 | R3: 45597 | S3: 47063 | T3: 2700000 | W3: 2700000 | X3: 2 | Y3: 54000 | AA3: paid | AB3: 1141071545 | AC3: 45622 | AD3: DISBURSED | AE3: 0 | AF3: KHI/HO/D/MO/PC COMP/C/98823/50/10/2024 | AG3: 54000 | AH3: =Y3-AG3 -> 0
A4: Fresh | B4: 76158/1 | C4: 45566 | D4: SALAAM TAKAFUL LTD | E4: KHI/HO/D/MO/PC COMP/C/98823/49/10/2024 | F4: 45596 | G4: 45960 | H4: SHAKEEL AHMAD | I4: 3520211099861 | J4: TOYOTA COROLLA GLI | K4: AAL-595 | L4: Z574209 | M4: R-4200501 | N4: 76158/1 | O4: Central | P4: 0329 | Q4: 497100 | R4: 45597 | S4: 47063 | T4: 4400000 | W4: 4400000 | X4: 1.5 | Y4: 66000 | AA4: paid | AB4: 1141071545 | AC4: 45622 | AD4: DISBURSED | AE4: 0 | AF4: KHI/HO/D/MO/PC COMP/C/98823/49/10/2024 | AG4: 66000 | AH4: =Y4-AG4 -> 0
A5: Fresh | B5: 75915/1 | C5: 45566 | D5: SALAAM TAKAFUL LTD | E5: KHI/HO/D/MO/PC COMP/C/98823/48/10/2024 | F5: 45596 | G5: 45960 | H5: MUHAMMAD ASIM | I5: 1350333830439 | J5: ALSVIN 1.5 L LUMIERE | K5: AZT-636 | L5: 531660 | M5: 1009870 | N5: 75915/1 | O5: North | P5: 0804 | Q5: 164222 | R5: 45597 | S5: 46696 | T5: 3900000 | W5: 3900000 | X5: 1.5 | Y5: 58500 | AA5: paid | AB5: 1141071545 | AC5: 45622 | AD5: DISBURSED | AE5: 0 | AF5: KHI/HO/D/MO/PC COMP/C/98823/48/10/2024 | AG5: 58500 | AH5: =Y5-AG5 -> 0
A6: Fresh | B6: 76079/1 | C6: 45566 | D6: SALAAM TAKAFUL LTD | E6: KHI/HO/D/MO/PC COMP/C/98823/47/10/2024 | F6: 45596 | G6: 45960 | H6: ALI HUSSNAIN | I6: 3660309485047 | J6: ALSVIN 1.3 | K6: - | L6: 503322 | M6: 1002216 | N6: 76079/1 | O6: Central | P6: 0555 | Q6: 657557 | R6: 45597 | S6: 46696 | T6: 3799000 | W6: 3799000 | X6: 1.5 | Y6: 56985 | AA6: paid | AB6: 1141071545 | AC6: 45622 | AD6: DISBURSED | AE6: 0 | AF6: KHI/HO/D/MO/PC COMP/C/98823/47/10/2024 | AG6: 56985 | AH6: =Y6-AG6 -> 0
A7: Fresh | B7: 75688/1 | C7: 45566 | D7: SALAAM TAKAFUL LTD | E7: KHI/HO/D/MO/PC COMP/C/98823/46/10/2024 | F7: 45596 | G7: 45960 | H7: RAJA RIZWAN LATIF | I7: 3520220667145 | J7: MEHRAN VXR (METALLIC) | K7: LEB-17A-5788 | L7: PKB708422 | M7: PK01246990 | N7: 75688/1 | O7: Central | P7: 0329 | Q7: 659875 | R7: 45597 | S7: 47063 | T7: 1030000 | W7: 1030000 | X7: 2 | Y7: 20600 | AA7: paid | AB7: 1141071545 | AC7: 45622 | AD7: DISBURSED | AE7: 0 | AF7: KHI/HO/D/MO/PC COMP/C/98823/46/10/2024 | AG7: 20600 | AH7: =Y7-AG7 -> 0
A8: Fresh | B8: 75570/1 | C8: 45566 | D8: SALAAM TAKAFUL LTD | E8: KHI/HO/D/MO/PC COMP/C/98823/45/10/2024 | F8: 45596 | G8: 45960 | H8: NABEEL AHMED | I8: 3520230934073 | J8: ALSVIN 1.5 L LUMIERE | K8: AHA-376 | L8: 529309 | M8: 1006094 | N8: 75570/1 | O8: Central | P8: 0329 | Q8: 659581 | R8: 45597 | S8: 46696 | T8: 4000000 | W8: 4000000 | X8: 1.5 | Y8: 60000 | AA8: paid | AB8: 1141071545 | AC8: 45622 | AD8: DISBURSED | AE8: 0 | AF8: KHI/HO/D/MO/PC COMP/C/98823/45/10/2024 | AG8: 60000 | AH8: =Y8-AG8 -> 0
A9: Fresh | B9: 74166/1 | C9: 45566 | D9: SALAAM TAKAFUL LTD | E9: KHI/HO/D/MO/PC COMP/C/98823/44/10/2024 | F9: 45596 | G9: 45960 | H9: MUHAMMAD ASGHAR | I9: 3520185477583 | J9: ALTO VXR (METALLIC) | K9: AAK-969 | L9: 6R138903 | M9: H1038896 | N9: 74166/1 | O9: Central | P9: 0329 | Q9: 296002 | R9: 45597 | S9: 47427 | T9: 2150000 | W9: 2150000 | X9: 2 | Y9: 43000 | AA9: paid | AB9: 1141071545 | AC9: 45622 | AD9: DISBURSED | AE9: 0 | AF9: KHI/HO/D/MO/PC COMP/C/98823/44/10/2024 | AG9: 43000 | AH9: =Y9-AG9 -> 0
A10: Fresh | B10: 75618/1 | C10: 45566 | D10: SALAAM TAKAFUL LTD | E10: KHI/HO/D/MO/PC COMP/C/98823/43/10/2024 | F10: 45596 | G10: 45960 | H10: SALMAN UL HASAN FAROOQUI | I10: 4220137933467 | J10: YARIS | K10: BTJ-559 | L10: 23589 | M10: 7014189 | N10: 75618/1 | O10: South | P10: 0150 | Q10: 660005 | R10: 45602 | S10: 46696 | T10: 3800000 | W10: 3800000 | X10: 1.5 | Y10: 57000 | AA10: paid | AB10: 1141071545 | AC10: 45622 | AD10: DISBURSED | AE10: 0 | AF10: KHI/HO/D/MO/PC COMP/C/98823/43/10/2024 | AG10: 57000 | AH10: =Y10-AG10 -> 0
A11: Fresh | B11: 75942/1 | C11: 45566 | D11: SALAAM TAKAFUL LTD | E11: KHI/HO/D/MO/PC COMP/C/98823/42/10/2024 | F11: 45595 | G11: 45959 | H11: HAIDER ALI | I11: 9030901099687 | J11: CIVIC (MANUAL) | K11: LEA-18-903 | L11: 12926921 | M11: R030285 | N11: 75942/1 | O11: Central | P11: 0431 | Q11: 661080 | R11: 45597 | S11: 46696 | T11: 4850000 | W11: 4850000 | X11: 1.5 | Y11: 72750 | AA11: paid | AB11: 1141071545 | AC11: 45622 | AD11: DISBURSED | AE11: 0 | AF11: KHI/HO/D/MO/PC COMP/C/98823/42/10/2024 | AG11: 72750 | AH11: =Y11-AG11 -> 0
A12: Fresh | B12: 75891/1 | C12: 45566 | D12: SALAAM TAKAFUL LTD | E12: KHI/HO/D/MO/PC COMP/C/98823/41/10/2024 | F12: 45595 | G12: 45959 | H12: QAMAR UZ ZAMAN | I12: 3520243032339 | J12: ALTO VXR (NON-METALLIC) | K12: - | L12: 6R323153 | M12: H1223088 | N12: 75891/1 | O12: Central | P12: 0329 | Q12: 626392 | R12: 45597 | S12: 46331 | T12: 2707000 | W12: 2707000 | X12: 2 | Y12: 54140 | AA12: paid | AB12: 1141071545 | AC12: 45622 | AD12: DISBURSED | AE12: 0 | AF12: KHI/HO/D/MO/PC COMP/C/98823/41/10/2024 | AG12: 54140 | AH12: =Y12-AG12 -> 0
A13: Fresh | B13: 75543/1 | C13: 45566 | D13: SALAAM TAKAFUL LTD | E13: KHI/HO/D/MO/PC COMP/C/98823/40/10/2024 | F13: 45595 | G13: 45959 | H13: MUHAMMAD MUZAFFAR ALI KHAN | I13: 3660151263187 | J13: CULTUS VXR (METALIC) | K13: ABV-425 | L13: 634550 | M13: 541421 | N13: 75543/1 | O13: North | P13: 0804 | Q13: 659612 | R13: 45596 | S13: 47063 | T13: 2120000 | W13: 2120000 | X13: 2 | Y13: 42400 | AA13: paid | AB13: 1141071545 | AC13: 45622 | AD13: DISBURSED | AE13: 0 | AF13: KHI/HO/D/MO/PC COMP/C/98823/40/10/2024 | AG13: 42400 | AH13: =Y13-AG13 -> 0
A14: Fresh | B14: 76121/1 | C14: 45566 | D14: SALAAM TAKAFUL LTD | E14: KHI/HO/D/MO/PC COMP/C/98823/39/10/2024 | F14: 45595 | G14: 45959 | H14: REHAN NAZIR | I14: 3610168395965 | J14: TOYOTA COROLLA ALTIS (AUTOMATIC) | K14: BRP-676 | L14: Q062300 | M14: 6039799 | N14: 76121/1 | O14: Central | P14: 0431 | Q14: 436812 | R14: 45597 | S14: 46696 | T14: 4700000 | W14: 4700000 | X14: 1.5 | Y14: 70500 | AA14: paid | AB14: 1141071545 | AC14: 45622 | AD14: DISBURSED | AE14: 0 | AF14: KHI/HO/D/MO/PC COMP/C/98823/39/10/2024 | AG14: 70500 | AH14: =Y14-AG14 -> 0
A15: Fresh | B15: 75678/1 | C15: 45566 | D15: SALAAM TAKAFUL LTD | E15: KHI/HO/D/MO/PC COMP/C/98823/38/10/2024 | F15: 45595 | G15: 45959 | H15: WASEEM AHMED | I15: 3520273878127 | J15: ALTO VXR (NON-METALLIC) | K15: AJB-244 | L15: R197948 | M15: 1097956 | N15: 75678/1 | O15: Central | P15: 0329 | Q15: 660574 | R15: 45597 | S15: 47427 | T15: 2400000 | W15: 2400000 | X15: 2 | Y15: 48000 | AA15: paid | AB15: 1141071545 | AC15: 45622 | AD15: DISBURSED | AE15: 0 | AF15: KHI/HO/D/MO/PC COMP/C/98823/38/10/2024 | AG15: 48000 | AH15: =Y15-AG15 -> 0
A16: Fresh | B16: 75529/1 | C16: 45566 | D16: SALAAM TAKAFUL LTD | E16: KHI/HO/D/MO/PC COMP/C/98823/37/10/2024 | F16: 45595 | G16: 45959 | H16: KASHIF FAZAL HUSSAIN | I16: 3410126964351 | J16: CITY (AUTOMATIC) | K16: - | L16: 1028092 | M16: RR044847 | N16: 75529/1 | O16: Central | P16: 0329 | Q16: 340359 | R16: 45597 | S16: 46696 | T16: 4749000 | W16: 4749000 | X16: 1.5 | Y16: 71235 | AA16: paid | AB16: 1141071545 | AC16: 45622 | AD16: DISBURSED | AE16: 0 | AF16: KHI/HO/D/MO/PC COMP/C/98823/37/10/2024 | AG16: 71235 | AH16: =Y16-AG16 -> 0
A17: Fresh | B17: 76128/1 | C17: 45566 | D17: SALAAM TAKAFUL LTD | E17: KHI/HO/D/MO/PC COMP/C/98823/36/10/2024 | F17: 45595 | G17: 45959 | H17: AWAIS ZAHID | I17: 3520108366339 | J17: REVO | K17: KW-8800 | L17: 963667 | M17: 0963412 | N17: 76128/1 | O17: Central | P17: 0329 | Q17: 592294 | R17: 45601 | S17: 47063 | T17: 8500000 | W17: 8500000 | X17: 1.5 | Y17: 127500 | AA17: paid | AB17: 1141071545 | AC17: 45622 | AD17: DISBURSED | AE17: 0 | AF17: KHI/HO/D/MO/PC COMP/C/98823/36/10/2024 | AG17: 127500 | AH17: =Y17-AG17 -> 0
A18: Fresh | B18: 75659/1 | C18: 45566 | D18: SALAAM TAKAFUL LTD | E18: KHI/HO/D/MO/PC COMP/C/98823/35/10/2024 | F18: 45595 | G18: 45959 | H18: ABDUL RAZZAK VOHRA | I18: 4210160978429 | J18: ALTO VXL | K18: BZD-477 | L18: 6R284803 | M18: H1185221 | N18: 75659/1 | O18: South | P18: 0144 | Q18: 659794 | R18: 45597 | S18: 47427 | T18: 2950000 | W18: 2950000 | X18: 2 | Y18: 59000 | AA18: paid | AB18: 1141071545 | AC18: 45622 | AD18: DISBURSED | AE18: 0 | AF18: KHI/HO/D/MO/PC COMP/C/98823/35/10/2024 | AG18: 59000 | AH18: =Y18-AG18 -> 0
A19: Fresh | B19: 75276/1 | C19: 45566 | D19: SALAAM TAKAFUL LTD | E19: KHI/HO/D/MO/PC COMP/C/98823/34/10/2024 | F19: 45595 | G19: 45959 | H19: HARIS ZAHID BUTT | I19: 3520260172681 | J19: SWIFT GL CVT | K19: LED-19-2722 | L19: PKS13045075 | M19: PK100450 | N19: 75276/1 | O19: Central | P19: 0329 | Q19: 430990 | R19: 45597 | S19: 46331 | T19: 2300000 | W19: 2300000 | X19: 2 | Y19: 46000 | AA19: paid | AB19: 1141071545 | AC19: 45622 | AD19: DISBURSED | AE19: 0 | AF19: KHI/HO/D/MO/PC COMP/C/98823/34/10/2024 | AG19: 46000 | AH19: =Y19-AG19 -> 0
A20: Fresh | B20: 75419/1 | C20: 45566 | D20: SALAAM TAKAFUL LTD | E20: KHI/HO/D/MO/PC COMP/C/98823/33/10/2024 | F20: 45594 | G20: 45958 | H20: HASSAN RAZA | I20: 3520161498951 | J20: GRANDE AT | K20: LEF-16-163 | L20: Q317215 | M20: R7016267 | N20: 75419/1 | O20: Central | P20: 0329 | Q20: 635955 | R20: 45595 | S20: 46331 | T20: 3800000 | W20: 3800000 | X20: 1.5 | Y20: 57000 | AA20: paid | AB20: 1141071545 | AC20: 45622 | AD20: DISBURSED | AE20: 0 | AF20: KHI/HO/D/MO/PC COMP/C/98823/33/10/2024 | AG20: 57000 | AH20: =Y20-AG20 -> 0
A21: Fresh | B21: 75744/1 | C21: 45566 | D21: SALAAM TAKAFUL LTD | E21: KHI/HO/D/MO/PC COMP/C/98823/32/10/2024 | F21: 45594 | G21: 45958 | H21: MUHAMMAD NAZEEM | I21: 4220105169215 | J21: ALTO VXL AGS | K21: BZL-889 | L21: 6R294906 | M21: 1194752 | N21: 75744/1 | O21: South | P21: 0155 | Q21: 575700 | R21: 45595 | S21: 46696 | T21: 3045000 | W21: 3045000 | X21: 2 | Y21: 60900 | AA21: paid | AB21: 1141071545 | AC21: 45622 | AD21: DISBURSED | AE21: 0 | AF21: KHI/HO/D/MO/PC COMP/C/98823/32/10/2024 | AG21: 60900 | AH21: =Y21-AG21 -> 0
A22: Fresh | B22: 75404/1 | C22: 45566 | D22: SALAAM TAKAFUL LTD | E22: KHI/HO/D/MO/PC COMP/C/98823/31/10/2024 | F22: 45593 | G22: 45957 | H22: NASEEB ULLAH | I22: 4230136322853 | J22: GRANDE AT | K22: BWV-034 | L22: Q350356 | M22: 7049517 | N22: 75404/1 | O22: South | P22: 0144 | Q22: 658879 | R22: 45595 | S22: 46696 | T22: 5950000 | W22: 5950000 | X22: 1.5 | Y22: 89250 | AA22: paid | AB22: 1141071545 | AC22: 45622 | AD22: DISBURSED | AE22: 0 | AF22: KHI/HO/D/MO/PC COMP/C/98823/31/10/2024 | AG22: 89250 | AH22: =Y22-AG22 -> 0
A23: Fresh | B23: 75532/1 | C23: 45566 | D23: SALAAM TAKAFUL LTD | E23: KHI/HO/D/MO/PC COMP/C/98823/30/10/2024 | F23: 45590 | G23: 45590 | H23: KAMRAN KHAN | I23: 3710480453647 | J23: ALTO VXL AGS | K23: - | L23: R323698 | M23: 1223645 | N23: 75532/1 | O23: North | P23: 0804 | Q23: 658220 | R23: 45596 | S23: 47427 | T23: 3045000 | W23: 3045000 | X23: 2 | Y23: 60900 | AA23: paid | AB23: 1141071545 | AC23: 45622 | AD23: DISBURSED | AE23: 0 | AF23: KHI/HO/D/MO/PC COMP/C/98823/30/10/2024 | AG23: 60900 | AH23: =Y23-AG23 -> 0
A24: Fresh | B24: 75064/1 | C24: 45566 | D24: SALAAM TAKAFUL LTD | E24: KHI/HO/D/MO/PC COMP/C/98823/29/10/2024 | F24: 45590 | G24: 45590 | H24: MUHAMMAD ATIF MAQSOOD | I24: 3520230152945 | J24: TOYOTA COROLLA ALTIS (AUTOMATIC) | K24: LEB-19-1822 | L24: Q048527 | M24: 6026008 | N24: 75064/1 | O24: Central | P24: 0329 | Q24: 557830 | R24: 45596 | S24: 46696 | T24: 4200000 | W24: 4200000 | X24: 1.5 | Y24: 63000 | AA24: paid | AB24: 1141071545 | AC24: 45622 | AD24: DISBURSED | AE24: 0 | AF24: KHI/HO/D/MO/PC COMP/C/98823/29/10/2024 | AG24: 63000 | AH24: =Y24-AG24 -> 0
A25: Fresh | B25: 75560/1 | C25: 45566 | D25: SALAAM TAKAFUL LTD | E25: KHI/HO/D/MO/PC COMP/C/98823/28/10/2024 | F25: 45590 | G25: 45590 | H25: GHULAM MUJTABA | I25: 3310015879093 | J25: CITY (AUTOMATIC) | K25: LEA-17A-2349 | L25: L13Z17500856 | M25: NFBGM1640HR210005 | N25: 75560/1 | O25: Central | P25: 0423 | Q25: 15130 | R25: 45594 | S25: 46696 | T25: 3500000 | W25: 3500000 | X25: 1.5 | Y25: 52500 | AA25: paid | AB25: 1141071545 | AC25: 45622 | AD25: DISBURSED | AE25: 0 | AF25: KHI/HO/D/MO/PC COMP/C/98823/28/10/2024 | AG25: 52500 | AH25: =Y25-AG25 -> 0
A26: Fresh | B26: 75540/1 | C26: 45566 | D26: SALAAM TAKAFUL LTD | E26: KHI/HO/D/MO/PC COMP/C/98823/27/10/2024 | F26: 45590 | G26: 45590 | H26: MUHAMMAD MUZAFFAR ALI KHAN | I26: 3660151263187 | J26: CULTUS VXR (METALIC) | K26: ADU-892 | L26: 637570 | M26: 544430 | N26: 75540/1 | O26: North | P26: 0804 | Q26: 659612 | R26: 45596 | S26: 47063 | T26: 2150000 | W26: 2150000 | X26: 2 | Y26: 43000 | AA26: paid | AB26: 1141071545 | AC26: 45622 | AD26: DISBURSED | AE26: 0 | AF26: KHI/HO/D/MO/PC COMP/C/98823/27/10/2024 | AG26: 43000 | AH26: =Y26-AG26 -> 0
A27: Fresh | B27: 75189/1 | C27: 45566 | D27: SALAAM TAKAFUL LTD | E27: KHI/HO/D/MO/PC COMP/C/98823/26/10/2024 | F27: 45590 | G27: 45590 | H27: SHAHBAZ ALI | I27: 3310418487213 | J27: GRANDE AT | K27: ACF-477 | L27: Q319940 | M27: NRE172R-7018991 | N27: 75189/1 | O27: Central | P27: 0423 | Q27: 658243 | R27: 45594 | S27: 46696 | T27: 4500000 | W27: 4500000 | X27: 1.5 | Y27: 67500 | AA27: paid | AB27: 1141071545 | AC27: 45622 | AD27: DISBURSED | AE27: 0 | AF27: KHI/HO/D/MO/PC COMP/C/98823/26/10/2024 | AG27: 67500 | AH27: =Y27-AG27 -> 0
A28: Fresh | B28: 75030/1 | C28: 45566 | D28: SALAAM TAKAFUL LTD | E28: KHI/HO/D/MO/PC COMP/C/98823/25/10/2024 | F28: 45588 | G28: 45588 | H28: EJAZ MASIH | I28: 6110141122185 | J28: MEHRAN VX (NON-METALLIC) | K28: ALG-208 | L28: 756098 | M28: 1294616 | N28: 75030/1 | O28: North | P28: 0804 | Q28: 660018 | R28: 45594 | S28: 47063 | T28: 1400000 | W28: 1400000 | X28: 2 | Y28: 28000 | AA28: paid | AB28: 1141071545 | AC28: 45622 | AD28: DISBURSED | AE28: 0 | AF28: KHI/HO/D/MO/PC COMP/C/98823/25/10/2024 | AG28: 28000 | AH28: =Y28-AG28 -> 0
A29: Fresh | B29: 75522/1 | C29: 45566 | D29: SALAAM TAKAFUL LTD | E29: KHI/HO/D/MO/PC COMP/C/98823/24/10/2024 | F29: 45587 | G29: 45587 | H29: REHMAN ALI KHAN | I29: 3310242736081 | J29: SWIFT GL M/T | K29: BDW-794 | L29: K12MR1019201 | M29: NF1SZC63S00201884 | N29: 75522/1 | O29: Central | P29: 0423 | Q29: 659341 | R29: 45593 | S29: 46696 | T29: 4400000 | W29: 4400000 | X29: 1.5 | Y29: 66000 | AA29: paid | AB29: 1141071545 | AC29: 45622 | AD29: DISBURSED | AE29: 0 | AF29: KHI/HO/D/MO/PC COMP/C/98823/24/10/2024 | AG29: 66000 | AH29: =Y29-AG29 -> 0
A30: Fresh | B30: 76083/1 | C30: 45566 | D30: SALAAM TAKAFUL LTD | E30: KHI/HO/D/MO/PC COMP/C/98823/22/10/2024 | F30: 45587 | G30: 45587 | H30: ABDUL QAYOUM | I30: 3520198743205 | J30: ALTO VXR (NON-METALLIC) | K30: - | L30: 324746 | M30: 1224757 | N30: 76083/1 | O30: Central | P30: 0341 | Q30: 610578 | R30: 45597 | S30: 47427 | T30: 2707000 | W30: 2707000 | X30: 2 | Y30: 54140 | AA30: paid | AB30: 1141071545 | AC30: 45622 | AD30: DISBURSED | AE30: 0 | AF30: KHI/HO/D/MO/PC COMP/C/98823/22/10/2024 | AG30: 54140 | AH30: =Y30-AG30 -> 0
A31: Fresh | B31: 75945/1 | C31: 45566 | D31: SALAAM TAKAFUL LTD | E31: KHI/HO/D/MO/PC COMP/C/98823/21/10/2024 | F31: 45587 | G31: 45587 | H31: IZHAR ALI | I31: 3310049923115 | J31: FORTUNER | K31: APS-777 | L31: 1 GD0768522 | M31: GUN156R-1093247 | N31: 75945/1 | O31: Central | P31: 0423 | Q31: 658761 | R31: 45589 | S31: 47063 | T31: 10500000 | W31: 10500000 | X31: 1.5 | Y31: 157500 | AA31: paid | AB31: 1141071545 | AC31: 45622 | AD31: DISBURSED | AE31: 0 | AF31: KHI/HO/D/MO/PC COMP/C/98823/21/10/2024 | AG31: 157500 | AH31: =Y31-AG31 -> 0
A32: Fresh | B32: 74929/1 | C32: 45566 | D32: SALAAM TAKAFUL LTD | E32: KHI/HO/D/MO/CV/C/100145/1/10/2024 | F32: 45587 | G32: 45587 | H32: MUHAMMAD AMIR | I32: 3520109166531 | J32: RAVI | K32: - | L32: 393412 | M32: 498041 | N32: 74929/1 | O32: North | P32: 0804 | Q32: 656990 | R32: 45589 | S32: 46696 | T32: 1856000 | W32: 1856000 | X32: 2 | Y32: 37120 | AA32: paid | AB32: 1141071545 | AC32: 45622 | AD32: DISBURSED | AE32: 0 | AF32: KHI/HO/D/MO/CV/C/100145/1/10/2024 | AG32: 37120 | AH32: =Y32-AG32 -> 0
A33: Fresh | B33: 74284/1 | C33: 45566 | D33: SALAAM TAKAFUL LTD | E33: KHI/HO/D/MO/PC COMP/C/98823/20/10/2024 | F33: 45586 | G33: 45586 | H33: SAMAD KHAN | I33: 3310019683673 | J33: MEHRAN VX (METALLIC) | K33: LEC-19-7620 | L33: PKB723603 | M33: SB308PK01262094 | N33: 74284/1 | O33: Central | P33: 0423 | Q33: 654335 | R33: 45588 | S33: 46696 | T33: 1400000 | W33: 1400000 | X33: 2 | Y33: 28000 | AA33: paid | AB33: 1141071545 | AC33: 45622 | AD33: DISBURSED | AE33: 0 | AF33: KHI/HO/D/MO/PC COMP/C/98823/20/10/2024 | AG33: 28000 | AH33: =Y33-AG33 -> 0
A34: Fresh | B34: 75605/1 | C34: 45566 | D34: SALAAM TAKAFUL LTD | E34: KHI/HO/D/MO/PC COMP/C/98823/19/10/2024 | F34: 45583 | G34: 45583 | H34: MASOOD AKHTAR | I34: 3520290536175 | J34: ALTO VXR (NON-METALLIC) | K34: AMT 813 | L34: 6R265885 | M34: H1165789 | N34: 75605/1 | O34: Central | P34: 0329 | Q34: 659689 | R34: 45587 | S34: 47427 | T34: 2450000 | W34: 2450000 | X34: 2 | Y34: 49000 | AA34: paid | AB34: 1141071545 | AC34: 45622 | AD34: DISBURSED | AE34: 0 | AF34: KHI/HO/D/MO/PC COMP/C/98823/19/10/2024 | AG34: 49000 | AH34: =Y34-AG34 -> 0
A35: Fresh | B35: 75858/1 | C35: 45566 | D35: SALAAM TAKAFUL LTD | E35: KHI/HO/D/MO/PC COMP/C/98823/18/10/2024 | F35: 45583 | G35: 45583 | H35: ABRAR AHMED | I35: 4230121989345 | J35: CITY (AUTOMATIC) | K35: LEF-19-3080 | L35: 7531875 | M35: 250853 | N35: 75858/1 | O35: Central | P35: 0329 | Q35: 648575 | R35: 45588 | S35: 46696 | T35: 3600000 | W35: 3600000 | X35: 1.5 | Y35: 54000 | AA35: paid | AB35: 1141071545 | AC35: 45622 | AD35: DISBURSED | AE35: 0 | AF35: KHI/HO/D/MO/PC COMP/C/98823/18/10/2024 | AG35: 54000 | AH35: =Y35-AG35 -> 0
A36: Fresh | B36: 75454/1 | C36: 45566 | D36: SALAAM TAKAFUL LTD | E36: KHI/HO/D/MO/PC COMP/C/98823/17/10/2024 | F36: 45583 | G36: 45583 | H36: SUMBLE RIAZ | I36: 3520291735858 | J36: SUZUKI CULTUS AGS | K36: LE-19A-9305 | L36: 153457 | M36: 10053471 | N36: 75454/1 | O36: Central | P36: 0329 | Q36: 658995 | R36: 45588 | S36: 47427 | T36: 2600000 | W36: 2600000 | X36: 2 | Y36: 52000 | AA36: paid | AB36: 1141071545 | AC36: 45622 | AD36: DISBURSED | AE36: 0 | AF36: KHI/HO/D/MO/PC COMP/C/98823/17/10/2024 | AG36: 52000 | AH36: =Y36-AG36 -> 0
A37: Fresh | B37: 75067/1 | C37: 45566 | D37: SALAAM TAKAFUL LTD | E37: KHI/HO/D/MO/PC COMP/C/98823/16/10/2024 | F37: 45583 | G37: 45583 | H37: MUHAMMAD IMRAN NAWAZ | I37: 3520155712061 | J37: WAGON R VXL | K37: LEB-18A-6817 | L37: PK10B173696 | M37: A1J310PK10073695 | N37: 75067/1 | O37: Central | P37: 0329 | Q37: 393963 | R37: 45587 | S37: 47427 | T37: 2200000 | W37: 2200000 | X37: 2 | Y37: 44000 | AA37: paid | AB37: 1141071545 | AC37: 45622 | AD37: DISBURSED | AE37: 0 | AF37: KHI/HO/D/MO/PC COMP/C/98823/16/10/2024 | AG37: 44000 | AH37: =Y37-AG37 -> 0
A38: Fresh | B38: 74356/1 | C38: 45566 | D38: SALAAM TAKAFUL LTD | E38: KHI/HO/D/MO/PC COMP/C/98823/15/10/2024 | F38: 45581 | G38: 45581 | H38: SALMAN RASHEED | I38: 3410195731381 | J38: KIA SPORTAGE AWD | K38: LEA-20-8936 | L38: H301680 | M38: P300770 | N38: 74356/1 | O38: Central | P38: 0329 | Q38: 544238 | R38: 45586 | S38: 46696 | T38: 6000000 | W38: 6000000 | X38: 1.5 | Y38: 90000 | AA38: paid | AB38: 1141071545 | AC38: 45622 | AD38: DISBURSED | AE38: 0 | AF38: KHI/HO/D/MO/PC COMP/C/98823/15/10/2024 | AG38: 90000 | AH38: =Y38-AG38 -> 0
A39: Fresh | B39: 75409/1 | C39: 45566 | D39: SALAAM TAKAFUL LTD | E39: KHI/HO/D/MO/PC COMP/C/98823/14/10/2024 | F39: 45581 | G39: 45581 | H39: BILAL ASLAM | I39: 3520230627787 | J39: CITY ASPIRE PT | K39: - | L39: 1027377 | M39: RR044063 | N39: 75409/1 | O39: Central | P39: 0329 | Q39: 658874 | R39: 45587 | S39: 46696 | T39: 4719000 | W39: 4719000 | X39: 1.5 | Y39: 70785 | AA39: paid | AB39: 1141071545 | AC39: 45622 | AD39: DISBURSED | AE39: 0 | AF39: KHI/HO/D/MO/PC COMP/C/98823/14/10/2024 | AG39: 70785 | AH39: =Y39-AG39 -> 0
A40: Fresh | B40: 75459/1 | C40: 45566 | D40: SALAAM TAKAFUL LTD | E40: KHI/HO/D/MO/PC COMP/C/98823/13/10/2024 | F40: 45579 | G40: 45579 | H40: MOHSIN ALI | I40: 3410166298665 | J40: CHANGAN KARVAAN | K40: AGE-578 | L40: 500489 | M40: 1002268 | N40: 75459/1 | O40: Central | P40: 0401 | Q40: 658987 | R40: 45580 | S40: 47396 | T40: 2200000 | W40: 2200000 | X40: 2 | Y40: 44000 | AA40: paid | AB40: 1141071545 | AC40: 45622 | AD40: DISBURSED | AE40: 10 | AF40: KHI/HO/D/MO/PC COMP/C/98823/13/10/2024 | AG40: 44000 | AH40: =Y40-AG40 -> 0
A41: Fresh | B41: 75195/1 | C41: 45566 | D41: SALAAM TAKAFUL LTD | E41: KHI/HO/D/MO/PC COMP/C/98823/12/10/2024 | F41: 45579 | G41: 45579 | H41: IMRAN SANA ULLAH | I41: 3310069338349 | J41: ALSVIN 1.3 | K41: - | L41: JL473QFR3CAD517793 | M41: NKMA2ASE5R1011817 | N41: 75195/1 | O41: Central | P41: 0423 | Q41: 658240 | R41: 45587 | S41: 46696 | T41: 4549000 | W41: 4549000 | X41: 1.5 | Y41: 68235 | AA41: paid | AB41: 1141071545 | AC41: 45622 | AD41: DISBURSED | AE41: 0 | AF41: KHI/HO/D/MO/PC COMP/C/98823/12/10/2024 | AG41: 68235 | AH41: =Y41-AG41 -> 0
A42: Fresh | B42: 74945/1 | C42: 45566 | D42: SALAAM TAKAFUL LTD | E42: KHI/HO/D/MO/PC COMP/C/98823/11/10/2024 | F42: 45579 | G42: 45579 | H42: GHULAM ABBAS | I42: 3640173840977 | J42: SWIFT GLX CVT | K42: APU-290 | L42: 1010504 | M42: S00110453 | N42: 74945/1 | O42: Central | P42: 0329 | Q42: 652219 | R42: 45581 | S42: 46696 | T42: 4450000 | W42: 4450000 | X42: 1.5 | Y42: 66750 | AA42: paid | AB42: 1141071545 | AC42: 45622 | AD42: DISBURSED | AE42: 0 | AF42: KHI/HO/D/MO/PC COMP/C/98823/11/10/2024 | AG42: 66750 | AH42: =Y42-AG42 -> 0
A43: Fresh | B43: 74873/1 | C43: 45566 | D43: SALAAM TAKAFUL LTD | E43: KHI/HO/D/MO/PC COMP/C/98823/10/10/2024 | F43: 45579 | G43: 45579 | H43: GULZAR AHMAD NASIR | I43: 3310035648261 | J43: OSHAN X7 | K43: - | L43: JL473ZQ7RN8AT248857 | M43: NKMASE2E9R1000692 | N43: 74873/1 | O43: Central | P43: 0423 | Q43: 453224 | R43: 45582 | S43: 46696 | T43: 8899000 | W43: 8899000 | X43: 1.5 | Y43: 133485 | AA43: paid | AB43: 1141071545 | AC43: 45622 | AD43: DISBURSED | AE43: 0 | AF43: KHI/HO/D/MO/PC COMP/C/98823/10/10/2024 | AG43: 133485 | AH43: =Y43-AG43 -> 0
A44: Fresh | B44: 75418/1 | C44: 45566 | D44: SALAAM TAKAFUL LTD | E44: KHI/HO/D/MO/PC COMP/C/98823/9/10/2024 | F44: 45576 | G44: 45576 | H44: ASAD NAZIR | I44: 3520273429771 | J44: CIVIC (AUTOMATIC) UPGRADED PTSR | K44: LEA-17A-8105 | L44: 12922308 | M44: HR025663 | N44: 75418/1 | O44: Central | P44: 0329 | Q44: 658718 | R44: 45579 | S44: 46665 | T44: 4700000 | W44: 4700000 | X44: 1.5 | Y44: 70500 | AA44: paid | AB44: 1141071545 | AC44: 45622 | AD44: DISBURSED | AE44: 0 | AF44: KHI/HO/D/MO/PC COMP/C/98823/9/10/2024 | AG44: 70500 | AH44: =Y44-AG44 -> 0
A45: Fresh | B45: 74915/1 | C45: 45566 | D45: SALAAM TAKAFUL LTD | E45: KHI/HO/D/MO/PC COMP/C/98823/8/10/2024 | F45: 45574 | G45: 45573 | H45: MUHAMMAD RAZA GHOURI | I45: 4250186755687 | J45: YARIS ATIV CVT 1.5 | K45: BUL-072 | L45: 35484 | M45: 9513364 | N45: 74915/1 | O45: South | P45: 0150 | Q45: 657259 | R45: 45581 | S45: 46696 | T45: 4275000 | W45: 4275000 | X45: 1.5 | Y45: 64125 | AA45: paid | AB45: 1141071545 | AC45: 45622 | AD45: DISBURSED | AE45: 0 | AF45: KHI/HO/D/MO/PC COMP/C/98823/8/10/2024 | AG45: 64125 | AH45: =Y45-AG45 -> 0
A46: Fresh | B46: 73425/1 | C46: 45566 | D46: SALAAM TAKAFUL LTD | E46: KHI/HO/D/MO/PC COMP/C/98823/7/10/2024 | F46: 45573 | G46: 45573 | H46: HASSAN SHABBIR | I46: 3520282667891 | J46: ALTO VXL AGS | K46: - | L46: 6R319986 | M46: H1219926 | N46: 73425/1 | O46: Central | P46: 0329 | Q46: 545258 | R46: 45580 | S46: 46665 | T46: 3045000 | W46: 3045000 | X46: 2 | Y46: 60900 | AA46: paid | AB46: 1141071545 | AC46: 45622 | AD46: DISBURSED | AE46: 0 | AF46: KHI/HO/D/MO/PC COMP/C/98823/7/10/2024 | AG46: 60900 | AH46: =Y46-AG46 -> 0
A47: Fresh | B47: 74672/1 | C47: 45566 | D47: SALAAM TAKAFUL LTD | E47: KHI/HO/D/MO/PC COMP/C/98823/6/10/2024 | F47: 45572 | G47: 45572 | H47: FAWAD BUTT | I47: 3520269041399 | J47: ALTO VXR (METALLIC) | K47: AGQ-519 | L47: 195205 | M47: 1095231 | N47: 74672/1 | O47: Central | P47: 0329 | Q47: 655887 | R47: 45575 | S47: 47396 | T47: 2250000 | W47: 2250000 | X47: 2 | Y47: 45000 | AA47: paid | AB47: 1141071545 | AC47: 45622 | AD47: DISBURSED | AE47: 0 | AF47: KHI/HO/D/MO/PC COMP/C/98823/6/10/2024 | AG47: 45000 | AH47: =Y47-AG47 -> 0
A48: Fresh | B48: 72804/1 | C48: 45566 | D48: SALAAM TAKAFUL LTD | E48: KHI/HO/D/MO/PC COMP/C/98823/5/10/2024 | F48: 45569 | G48: 45569 | H48: JAVAID AHMAD | I48: 3650155855683 | J48: SWIFT | K48: - | L48: 1022683 | M48: 205354 | N48: 72804/1 | O48: Central | P48: 0329 | Q48: 649254 | R48: 45569 | S48: 46300 | T48: 4719000 | W48: 4719000 | X48: 1.5 | Y48: 70785 | AA48: paid | AB48: 1141071545 | AC48: 45622 | AD48: DISBURSED | AE48: 10 | AF48: KHI/HO/D/MO/PC COMP/C/98823/5/10/2024 | AG48: 70785 | AH48: =Y48-AG48 -> 0
A49: Fresh | B49: 73706/1 | C49: 45566 | D49: SALAAM TAKAFUL LTD | E49: KHI/HO/D/MO/PC COMP/C/98823/4/10/2024 | F49: 45568 | G49: 45568 | H49: MUHAMMAD USMAN | I49: 3520101349499 | J49: GRANDE AT | K49: ATH-585 | L49: Q370853 | M49: 7070042 | N49: 73706/1 | O49: Central | P49: 0329 | Q49: 652326 | R49: 45569 | S49: 46665 | T49: 7631000 | W49: 7631000 | X49: 1.5 | Y49: 114465 | AA49: paid | AB49: 1141071545 | AC49: 45622 | AD49: DISBURSED | AE49: 0 | AF49: KHI/HO/D/MO/PC COMP/C/98823/4/10/2024 | AG49: 114465 | AH49: =Y49-AG49 -> 0
A50: Fresh | B50: 74299/1 | C50: 45566 | D50: SALAAM TAKAFUL LTD | E50: KHI/HO/D/MO/PC COMP/C/98823/3/10/2024 | F50: 45567 | G50: 45567 | H50: KHAWAR GUL | I50: 4230158395487 | J50: ALTO VXL AGS | K50: CAK-237 | L50: 6R321275 | M50: 1221317 | N50: 74299/1 | O50: South | P50: 0144 | Q50: 485575 | R50: 45568 | S50: 47031 | T50: 3045000 | W50: 3045000 | X50: 2 | Y50: 60900 | AA50: paid | AB50: 1141071545 | AC50: 45622 | AD50: DISBURSED | AE50: 0 | AF50: KHI/HO/D/MO/PC COMP/C/98823/3/10/2024 | AG50: 60900 | AH50: =Y50-AG50 -> 0
A51: Fresh | B51: 75156/1 | C51: 45566 | D51: SALAAM TAKAFUL LTD | E51: KHI/HO/D/MO/PC COMP/C/98823/2/10/2024 | F51: 45567 | G51: 45567 | H51: MUHAMMAD ARIF | I51: 3410127302069 | J51: WAGON R VXL | K51: LEC-18A-4889 | L51: B172029 | M51: 10072061 | N51: 75156/1 | O51: Central | P51: 0401 | Q51: 375777 | R51: 45568 | S51: 46665 | T51: 2000000 | W51: 2000000 | X51: 2 | Y51: 40000 | AA51: paid | AB51: 1141071545 | AC51: 45622 | AD51: DISBURSED | AE51: 0 | AF51: KHI/HO/D/MO/PC COMP/C/98823/2/10/2024 | AG51: 40000 | AH51: =Y51-AG51 -> 0
A52: Fresh | B52: 75357/1 | C52: 45566 | D52: SALAAM TAKAFUL LTD | E52: KHI/HO/D/MO/PC COMP/C/98823/1/10/2024 | F52: 45567 | G52: 45567 | H52: AMIR ESBHANI | I52: 4230187398889 | J52: SWIFT | K52: BEE-755 | L52: 13029141 | M52: 10029139 | N52: 75357/1 | O52: South | P52: 0144 | Q52: 412025 | R52: 45573 | S52: 47031 | T52: 1700000 | W52: 1700000 | X52: 2 | Y52: 34000 | AA52: paid | AB52: 1141071545 | AC52: 45622 | AD52: DISBURSED | AE52: 0 | AF52: KHI/HO/D/MO/PC COMP/C/98823/1/10/2024 | AG52: 34000 | AH52: =Y52-AG52 -> 0
A53: Fresh | B53: 75993/1 | C53: 45566 | D53: SALAAM TAKAFUL LTD | E53: KHI/HO/D/MO/PC COMP/C/100245/1/10/2024 | F53: 45588 | G53: 45952 | H53: Mr Syed Sajid Ali Shah Hpa M/S. Al Baraka Bank (Pakistan) Limited | I53: 3520167437365 | J53: SUZUKI CULTUS VXR EURO-II | K53: LEH-17-9557 | L53: 104380 | M53: 10004378 | N53: 75993/1 | O53: Central | P53: 0329 | Q53: 463247 | R53: 45590 | S53: 47063 | T53: 2550000 | W53: 2550000 | X53: 2 | Y53: 51000 | AA53: paid | AB53: 1141071545 | AC53: 45622 | AD53: DISBURSED | AE53: 0 | AF53: KHI/HO/D/MO/PC COMP/C/100245/1/10/2024 | AG53: 51000 | AH53: =Y53-AG53 -> 0
Y55: =SUBTOTAL(9,Y2:Y53) -> 3231350 | AG55: =SUBTOTAL(9,AG2:AG53) -> 3231350

Sheet working
A1: POLICY NO. | B1: Assorted_code | D1: Premium | E1: 28Nov240018
A2: KHI/HO/D/MO/PC COMP/C/98823/51/10/2024 | B2: =VLOOKUP(A2,policy!B:C,2,0) -> 070000169427 | C2: =VLOOKUP(A2,Fresh!AF:AG,2,0) -> 75000 | D2: =ROUND(C2,0) -> 75000 | E2: 28Nov240018 | F2: ="insert into ins_premium_det (premium_rcv_code,assorted_code, rec_amount,premium_rcv_detail_code,remaining_amt, payrec, mode_code,coinsurance_code,class_cd,it_remarks) values" -> insert into ins_premium_det (premium_rcv_code,assorted_code, rec_amount,premium_rcv_detail_code,remaining_amt, payrec, mode_code,coinsurance_code,class_cd,it_remarks) values | G2: ="('"&E2&"','"&B2&"','"&D2&"',(select max(to_number(i.premium_rcv_detail_code))+1 from ins_premium_det i),'"&D2&"','"&D2&"','02', '11000003','00','Request by Mr.Reheel Malik Fresh 02-Dec-2024');" -> ('28Nov240018','070000169427','75000',(select max(to_number(i.premium_rcv_detail_code))+1 from ins_premium_det i),'75000','75000','02', '11000003','00','Request by Mr.Reheel Malik Fresh 02-Dec-2024'); | H2: =F2&G2 -> insert into ins_premium_det (premium_rcv_code,assorted_code, rec_amount,premium_rcv_detail_code,remaining_amt, payrec, mode_code,coinsurance_code,class_cd,it_remarks) values('28Nov240018','070000169427','75000',(select max(to_number(i.premium_rcv_detail_code))+1 from ins_premium_det i),'75000','75000','02', '11000003','00','Request by Mr.Reheel Malik Fresh 02-Dec-2024');
A3: KHI/HO/D/MO/PC COMP/C/98823/50/10/2024 | B3: =VLOOKUP(A3,policy!B:C,2,0) -> 070000169426 | C3: =VLOOKUP(A3,Fresh!AF:AG,2,0) -> 54000 | D3: =ROUND(C3,0) -> 54000 | E3: 28Nov240018 | F3: ="insert into ins_premium_det (premium_rcv_code,assorted_code, rec_amount,premium_rcv_detail_code,remaining_amt, payrec, mode_code,coinsurance_code,class_cd,it_remarks) values" -> insert into ins_premium_det (premium_rcv_code,assorted_code, rec_amount,premium_rcv_detail_code,remaining_amt, payrec, mode_code,coinsurance_code,class_cd,it_remarks) values | G3: ="('"&E3&"','"&B3&"','"&D3&"',(select max(to_number(i.premium_rcv_detail_code))+1 from ins_premium_det i),'"&D3&"','"&D3&"','02', '11000003','00','Request by Mr.Reheel Malik Fresh 02-Dec-2024');" -> ('28Nov240018','070000169426','54000',(select max(to_number(i.premium_rcv_detail_code))+1 from ins_premium_det i),'54000','54000','02', '11000003','00','Request by Mr.Reheel Malik Fresh 02-Dec-2024'); | H3: =F3&G3 -> insert into ins_premium_det (premium_rcv_code,assorted_code, rec_amount,premium_rcv_detail_code,remaining_amt, payrec, mode_code,coinsurance_code,class_cd,it_remarks) values('28Nov240018','070000169426','54000',(select max(to_number(i.premium_rcv_detail_code))+1 from ins_premium_det i),'54000','54000','02', '11000003','00','Request by Mr.Reheel Malik Fresh 02-Dec-2024');
A4: KHI/HO/D/MO/PC COMP/C/98823/49/10/2024 | B4: =VLOOKUP(A4,policy!B:C,2,0) -> 070000169425 | C4: =VLOOKUP(A4,Fresh!AF:AG,2,0) -> 66000 | D4: =ROUND(C4,0) -> 66000 | E4: 28Nov240018 | F4: ="insert into ins_premium_det (premium_rcv_code,assorted_code, rec_amount,premium_rcv_detail_code,remaining_amt, payrec, mode_code,coinsurance_code,class_cd,it_remarks) values" -> insert into ins_premium_det (premium_rcv_code,assorted_code, rec_amount,premium_rcv_detail_code,remaining_amt, payrec, mode_code,coinsurance_code,class_cd,it_remarks) values | G4: ="('"&E4&"','"&B4&"','"&D4&"',(select max(to_number(i.premium_rcv_detail_code))+1 from ins_premium_det i),'"&D4&"','"&D4&"','02', '11000003','00','Request by Mr.Reheel Malik Fresh 02-Dec-2024');" -> ('28Nov240018','070000169425','66000',(select max(to_number(i.premium_rcv_detail_code))+1 from ins_premium_det i),'66000','66000','02', '11000003','00','Request by Mr.Reheel Malik Fresh 02-Dec-2024'); | H4: =F4&G4 -> insert into ins_premium_det (premium_rcv_code,assorted_code, rec_amount,premium_rcv_detail_code,remaining_amt, payrec, mode_code,coinsurance_code,class_cd,it_remarks) values('28Nov240018','070000169425','66000',(select max(to_number(i.premium_rcv_detail_code))+1 from ins_premium_det i),'66000','66000','02', '11000003','00','Request by Mr.Reheel Malik Fresh 02-Dec-2024');
A5: KHI/HO/D/MO/PC COMP/C/98823/48/10/2024 | B5: =VLOOKUP(A5,policy!B:C,2,0) -> 070000169424 | C5: =VLOOKUP(A5,Fresh!AF:AG,2,0) -> 58500 | D5: =ROUND(C5,0) -> 58500 | E5: 28Nov240018 | F5: ="insert into ins_premium_det (premium_rcv_code,assorted_code, rec_amount,premium_rcv_detail_code,remaining_amt, payrec, mode_code,coinsurance_code,class_cd,it_remarks) values" -> insert into ins_premium_det (premium_rcv_code,assorted_code, rec_amount,premium_rcv_detail_code,remaining_amt, payrec, mode_code,coinsurance_code,class_cd,it_remarks) values | G5: ="('"&E5&"','"&B5&"','"&D5&"',(select max(to_number(i.premium_rcv_detail_code))+1 from ins_premium_det i),'"&D5&"','"&D5&"','02', '11000003','00','Request by Mr.Reheel Malik Fresh 02-Dec-2024');" -> ('28Nov240018','070000169424','58500',(select max(to_number(i.premium_rcv_detail_code))+1 from ins_premium_det i),'58500','58500','02', '11000003','00','Request by Mr.Reheel Malik Fresh 02-Dec-2024'); | H5: =F5&G5 -> insert into ins_premium_det (premium_rcv_code,assorted_code, rec_amount,premium_rcv_detail_code,remaining_amt, payrec, mode_code,coinsurance_code,class_cd,it_remarks) values('28Nov240018','070000169424','58500',(select max(to_number(i.premium_rcv_detail_code))+1 from ins_premium_det i),'58500','58500','02', '11000003','00','Request by Mr.Reheel Malik Fresh 02-Dec-2024');
A6: KHI/HO/D/MO/PC COMP/C/98823/47/10/2024 | B6: =VLOOKUP(A6,policy!B:C,2,0) -> 070000169423 | C6: =VLOOKUP(A6,Fresh!AF:AG,2,0) -> 56985 | D6: =ROUND(C6,0) -> 56985 | E6: 28Nov240018 | F6: ="insert into ins_premium_det (premium_rcv_code,assorted_code, rec_amount,premium_rcv_detail_code,remaining_amt, payrec, mode_code,coinsurance_code,class_cd,it_remarks) values" -> insert into ins_premium_det (premium_rcv_code,assorted_code, rec_amount,premium_rcv_detail_code,remaining_amt, payrec, mode_code,coinsurance_code,class_cd,it_remarks) values | G6: ="('"&E6&"','"&B6&"','"&D6&"',(select max(to_number(i.premium_rcv_detail_code))+1 from ins_premium_det i),'"&D6&"','"&D6&"','02', '11000003','00','Request by Mr.Reheel Malik Fresh 02-Dec-2024');" -> ('28Nov240018','070000169423','56985',(select max(to_number(i.premium_rcv_detail_code))+1 from ins_premium_det i),'56985','56985','02', '11000003','00','Request by Mr.Reheel Malik Fresh 02-Dec-2024'); | H6: =F6&G6 -> insert into ins_premium_det (premium_rcv_code,assorted_code, rec_amount,premium_rcv_detail_code,remaining_amt, payrec, mode_code,coinsurance_code,class_cd,it_remarks) values('28Nov240018','070000169423','56985',(select max(to_number(i.premium_rcv_detail_code))+1 from ins_premium_det i),'56985','56985','02', '11000003','00','Request by Mr.Reheel Malik Fresh 02-Dec-2024');
A7: KHI/HO/D/MO/PC COMP/C/98823/46/10/2024 | B7: =VLOOKUP(A7,policy!B:C,2,0) -> 070000169419 | C7: =VLOOKUP(A7,Fresh!AF:AG,2,0) -> 20600 | D7: =ROUND(C7,0) -> 20600 | E7: 28Nov240018 | F7: ="insert into ins_premium_det (premium_rcv_code,assorted_code, rec_amount,premium_rcv_detail_code,remaining_amt, payrec, mode_code,coinsurance_code,class_cd,it_remarks) values" -> insert into ins_premium_det (premium_rcv_code,assorted_code, rec_amount,premium_rcv_detail_code,remaining_amt, payrec, mode_code,coinsurance_code,class_cd,it_remarks) values | G7: ="('"&E7&"','"&B7&"','"&D7&"',(select max(to_number(i.premium_rcv_detail_code))+1 from ins_premium_det i),'"&D7&"','"&D7&"','02', '11000003','00','Request by Mr.Reheel Malik Fresh 02-Dec-2024');" -> ('28Nov240018','070000169419','20600',(select max(to_number(i.premium_rcv_detail_code))+1 from ins_premium_det i),'20600','20600','02', '11000003','00','Request by Mr.Reheel Malik Fresh 02-Dec-2024'); | H7: =F7&G7 -> insert into ins_premium_det (premium_rcv_code,assorted_code, rec_amount,premium_rcv_detail_code,remaining_amt, payrec, mode_code,coinsurance_code,class_cd,it_remarks) values('28Nov240018','070000169419','20600',(select max(to_number(i.premium_rcv_detail_code))+1 from ins_premium_det i),'20600','20600','02', '11000003','00','Request by Mr.Reheel Malik Fresh 02-Dec-2024');
A8: KHI/HO/D/MO/PC COMP/C/98823/45/10/2024 | B8: =VLOOKUP(A8,policy!B:C,2,0) -> 070000169410 | C8: =VLOOKUP(A8,Fresh!AF:AG,2,0) -> 60000 | D8: =ROUND(C8,0) -> 60000 | E8: 28Nov240018 | F8: ="insert into ins_premium_det (premium_rcv_code,assorted_code, rec_amount,premium_rcv_detail_code,remaining_amt, payrec, mode_code,coinsurance_code,class_cd,it_remarks) values" -> insert into ins_premium_det (premium_rcv_code,assorted_code, rec_amount,premium_rcv_detail_code,remaining_amt, payrec, mode_code,coinsurance_code,class_cd,it_remarks) values | G8: ="('"&E8&"','"&B8&"','"&D8&"',(select max(to_number(i.premium_rcv_detail_code))+1 from ins_premium_det i),'"&D8&"','"&D8&"','02', '11000003','00','Request by Mr.Reheel Malik Fresh 02-Dec-2024');" -> ('28Nov240018','070000169410','60000',(select max(to_number(i.premium_rcv_detail_code))+1 from ins_premium_det i),'60000','60000','02', '11000003','00','Request by Mr.Reheel Malik Fresh 02-Dec-2024'); | H8: =F8&G8 -> insert into ins_premium_det (premium_rcv_code,assorted_code, rec_amount,premium_rcv_detail_code,remaining_amt, payrec, mode_code,coinsurance_code,class_cd,it_remarks) values('28Nov240018','070000169410','60000',(select max(to_number(i.premium_rcv_detail_code))+1 from ins_premium_det i),'60000','60000','02', '11000003','00','Request by Mr.Reheel Malik Fresh 02-Dec-2024');
A9: KHI/HO/D/MO/PC COMP/C/98823/44/10/2024 | B9: =VLOOKUP(A9,policy!B:C,2,0) -> 070000169395 | C9: =VLOOKUP(A9,Fresh!AF:AG,2,0) -> 43000 | D9: =ROUND(C9,0) -> 43000 | E9: 28Nov240018 | F9: ="insert into ins_premium_det (premium_rcv_code,assorted_code, rec_amount,premium_rcv_detail_code,remaining_amt, payrec, mode_code,coinsurance_code,class_cd,it_remarks) values" -> insert into ins_premium_det (premium_rcv_code,assorted_code, rec_amount,premium_rcv_detail_code,remaining_amt, payrec, mode_code,coinsurance_code,class_cd,it_remarks) values | G9: ="('"&E9&"','"&B9&"','"&D9&"',(select max(to_number(i.premium_rcv_detail_code))+1 from ins_premium_det i),'"&D9&"','"&D9&"','02', '11000003','00','Request by Mr.Reheel Malik Fresh 02-Dec-2024');" -> ('28Nov240018','070000169395','43000',(select max(to_number(i.premium_rcv_detail_code))+1 from ins_premium_det i),'43000','43000','02', '11000003','00','Request by Mr.Reheel Malik Fresh 02-Dec-2024'); | H9: =F9&G9 -> insert into ins_premium_det (premium_rcv_code,assorted_code, rec_amount,premium_rcv_detail_code,remaining_amt, payrec, mode_code,coinsurance_code,class_cd,it_remarks) values('28Nov240018','070000169395','43000',(select max(to_number(i.premium_rcv_detail_code))+1 from ins_premium_det i),'43000','43000','02', '11000003','00','Request by Mr.Reheel Malik Fresh 02-Dec-2024');
A10: KHI/HO/D/MO/PC COMP/C/98823/43/10/2024 | B10: =VLOOKUP(A10,policy!B:C,2,0) -> 070000169385 | C10: =VLOOKUP(A10,Fresh!AF:AG,2,0) -> 57000 | D10: =ROUND(C10,0) -> 57000 | E10: 28Nov240018 | F10: ="insert into ins_premium_det (premium_rcv_code,assorted_code, rec_amount,premium_rcv_detail_code,remaining_amt, payrec, mode_code,coinsurance_code,class_cd,it_remarks) values" -> insert into ins_premium_det (premium_rcv_code,assorted_code, rec_amount,premium_rcv_detail_code,remaining_amt, payrec, mode_code,coinsurance_code,class_cd,it_remarks) values | G10: ="('"&E10&"','"&B10&"','"&D10&"',(select max(to_number(i.premium_rcv_detail_code))+1 from ins_premium_det i),'"&D10&"','"&D10&"','02', '11000003','00','Request by Mr.Reheel Malik Fresh 02-Dec-2024');" -> ('28Nov240018','070000169385','57000',(select max(to_number(i.premium_rcv_detail_code))+1 from ins_premium_det i),'57000','57000','02', '11000003','00','Request by Mr.Reheel Malik Fresh 02-Dec-2024'); | H10: =F10&G10 -> insert into ins_premium_det (premium_rcv_code,assorted_code, rec_amount,premium_rcv_detail_code,remaining_amt, payrec, mode_code,coinsurance_code,class_cd,it_remarks) values('28Nov240018','070000169385','57000',(select max(to_number(i.premium_rcv_detail_code))+1 from ins_premium_det i),'57000','57000','02', '11000003','00','Request by Mr.Reheel Malik Fresh 02-Dec-2024');
A11: KHI/HO/D/MO/PC COMP/C/98823/42/10/2024 | B11: =VLOOKUP(A11,policy!B:C,2,0) -> 070000169382 | C11: =VLOOKUP(A11,Fresh!AF:AG,2,0) -> 72750 | D11: =ROUND(C11,0) -> 72750 | E11: 28Nov240018 | F11: ="insert into ins_premium_det (premium_rcv_code,assorted_code, rec_amount,premium_rcv_detail_code,remaining_amt, payrec, mode_code,coinsurance_code,class_cd,it_remarks) values" -> insert into ins_premium_det (premium_rcv_code,assorted_code, rec_amount,premium_rcv_detail_code,remaining_amt, payrec, mode_code,coinsurance_code,class_cd,it_remarks) values | G11: ="('"&E11&"','"&B11&"','"&D11&"',(select max(to_number(i.premium_rcv_detail_code))+1 from ins_premium_det i),'"&D11&"','"&D11&"','02', '11000003','00','Request by Mr.Reheel Malik Fresh 02-Dec-2024');" -> ('28Nov240018','070000169382','72750',(select max(to_number(i.premium_rcv_detail_code))+1 from ins_premium_det i),'72750','72750','02', '11000003','00','Request by Mr.Reheel Malik Fresh 02-Dec-2024'); | H11: =F11&G11 -> insert into ins_premium_det (premium_rcv_code,assorted_code, rec_amount,premium_rcv_detail_code,remaining_amt, payrec, mode_code,coinsurance_code,class_cd,it_remarks) values('28Nov240018','070000169382','72750',(select max(to_number(i.premium_rcv_detail_code))+1 from ins_premium_det i),'72750','72750','02', '11000003','00','Request by Mr.Reheel Malik Fresh 02-Dec-2024');
A12: KHI/HO/D/MO/PC COMP/C/98823/41/10/2024 | B12: =VLOOKUP(A12,policy!B:C,2,0) -> 070000169381 | C12: =VLOOKUP(A12,Fresh!AF:AG,2,0) -> 54140 | D12: =ROUND(C12,0) -> 54140 | E12: 28Nov240018 | F12: ="insert into ins_premium_det (premium_rcv_code,assorted_code, rec_amount,premium_rcv_detail_code,remaining_amt, payrec, mode_code,coinsurance_code,class_cd,it_remarks) values" -> insert into ins_premium_det (premium_rcv_code,assorted_code, rec_amount,premium_rcv_detail_code,remaining_amt, payrec, mode_code,coinsurance_code,class_cd,it_remarks) values | G12: ="('"&E12&"','"&B12&"','"&D12&"',(select max(to_number(i.premium_rcv_detail_code))+1 from ins_premium_det i),'"&D12&"','"&D12&"','02', '11000003','00','Request by Mr.Reheel Malik Fresh 02-Dec-2024');" -> ('28Nov240018','070000169381','54140',(select max(to_number(i.premium_rcv_detail_code))+1 from ins_premium_det i),'54140','54140','02', '11000003','00','Request by Mr.Reheel Malik Fresh 02-Dec-2024'); | H12: =F12&G12 -> insert into ins_premium_det (premium_rcv_code,assorted_code, rec_amount,premium_rcv_detail_code,remaining_amt, payrec, mode_code,coinsurance_code,class_cd,it_remarks) values('28Nov240018','070000169381','54140',(select max(to_number(i.premium_rcv_detail_code))+1 from ins_premium_det i),'54140','54140','02', '11000003','00','Request by Mr.Reheel Malik Fresh 02-Dec-2024');
A13: KHI/HO/D/MO/PC COMP/C/98823/40/10/2024 | B13: =VLOOKUP(A13,policy!B:C,2,0) -> 070000169379 | C13: =VLOOKUP(A13,Fresh!AF:AG,2,0) -> 42400 | D13: =ROUND(C13,0) -> 42400 | E13: 28Nov240018 | F13: ="insert into ins_premium_det (premium_rcv_code,assorted_code, rec_amount,premium_rcv_detail_code,remaining_amt, payrec, mode_code,coinsurance_code,class_cd,it_remarks) values" -> insert into ins_premium_det (premium_rcv_code,assorted_code, rec_amount,premium_rcv_detail_code,remaining_amt, payrec, mode_code,coinsurance_code,class_cd,it_remarks) values | G13: ="('"&E13&"','"&B13&"','"&D13&"',(select max(to_number(i.premium_rcv_detail_code))+1 from ins_premium_det i),'"&D13&"','"&D13&"','02', '11000003','00','Request by Mr.Reheel Malik Fresh 02-Dec-2024');" -> ('28Nov240018','070000169379','42400',(select max(to_number(i.premium_rcv_detail_code))+1 from ins_premium_det i),'42400','42400','02', '11000003','00','Request by Mr.Reheel Malik Fresh 02-Dec-2024'); | H13: =F13&G13 -> insert into ins_premium_det (premium_rcv_code,assorted_code, rec_amount,premium_rcv_detail_code,remaining_amt, payrec, mode_code,coinsurance_code,class_cd,it_remarks) values('28Nov240018','070000169379','42400',(select max(to_number(i.premium_rcv_detail_code))+1 from ins_premium_det i),'42400','42400','02', '11000003','00','Request by Mr.Reheel Malik Fresh 02-Dec-2024');
... A53: KHI/HO/D/MO/PC COMP/C/100245/1/10/2024 | B53: =VLOOKUP(A53,policy!B:C,2,0) -> 070000167949 | C53: =VLOOKUP(A53,Fresh!AF:AG,2,0) -> 51000 | D53: =ROUND(C53,0) -> 51000 | E53: 28Nov240018 | F53: ="insert into ins_premium_det (premium_rcv_code,assorted_code, rec_amount,premium_rcv_detail_code,remaining_amt, payrec, mode_code,coinsurance_code,class_cd,it_remarks) values" -> insert into ins_premium_det (premium_rcv_code,assorted_code, rec_amount,premium_rcv_detail_code,remaining_amt, payrec, mode_code,coinsurance_code,class_cd,it_remarks) values | G53: ="('"&E53&"','"&B53&"','"&D53&"',(select max(to_number(i.premium_rcv_detail_code))+1 from ins_premium_det i),'"&D53&"','"&D53&"','02', '11000003','00','Request by Mr.Reheel Malik Fresh 02-Dec-2024');" -> ('28Nov240018','070000167949','51000',(select max(to_number(i.premium_rcv_detail_code))+1 from ins_premium_det i),'51000','51000','02', '11000003','00','Request by Mr.Reheel Malik Fresh 02-Dec-2024'); | H53: =F53&G53 -> insert into ins_premium_det (premium_rcv_code,assorted_code, rec_amount,premium_rcv_detail_code,remaining_amt, payrec, mode_code,coinsurance_code,class_cd,it_remarks) values('28Nov240018','070000167949','51000',(select max(to_number(i.premium_rcv_detail_code))+1 from ins_premium_det i),'51000','51000','02', '11000003','00','Request by Mr.Reheel Malik Fresh 02-Dec-2024');
C54: =SUM(C2:C53) -> 3231350 | D54: =SUM(D2:D53) -> 3231350

Sheet Sheet2
A2: KHI/HO/D/MO/PC COMP/C/98823/51/10/2024 | B2: -10-2024 | H2: 98823 | I2: 00051 | J2: ="ia.assorted_string like '%"&H2&"-"&I2&B2&"%' or" -> ia.assorted_string like '%98823-00051-10-2024%' or
A3: KHI/HO/D/MO/PC COMP/C/98823/50/10/2024 | B3: -10-2024 | H3: 98823 | I3: 00050 | J3: ="ia.assorted_string like '%"&H3&"-"&I3&B3&"%' or" -> ia.assorted_string like '%98823-00050-10-2024%' or
A4: KHI/HO/D/MO/PC COMP/C/98823/49/10/2024 | B4: -10-2024 | H4: 98823 | I4: 00049 | J4: ="ia.assorted_string like '%"&H4&"-"&I4&B4&"%' or" -> ia.assorted_string like '%98823-00049-10-2024%' or
A5: KHI/HO/D/MO/PC COMP/C/98823/48/10/2024 | B5: -10-2024 | H5: 98823 | I5: 00048 | J5: ="ia.assorted_string like '%"&H5&"-"&I5&B5&"%' or" -> ia.assorted_string like '%98823-00048-10-2024%' or
A6: KHI/HO/D/MO/PC COMP/C/98823/47/10/2024 | B6: -10-2024 | H6: 98823 | I6: 00047 | J6: ="ia.assorted_string like '%"&H6&"-"&I6&B6&"%' or" -> ia.assorted_string like '%98823-00047-10-2024%' or
A7: KHI/HO/D/MO/PC COMP/C/98823/46/10/2024 | B7: -10-2024 | H7: 98823 | I7: 00046 | J7: ="ia.assorted_string like '%"&H7&"-"&I7&B7&"%' or" -> ia.assorted_string like '%98823-00046-10-2024%' or
A8: KHI/HO/D/MO/PC COMP/C/98823/45/10/2024 | B8: -10-2024 | H8: 98823 | I8: 00045 | J8: ="ia.assorted_string like '%"&H8&"-"&I8&B8&"%' or" -> ia.assorted_string like '%98823-00045-10-2024%' or
A9: KHI/HO/D/MO/PC COMP/C/98823/44/10/2024 | B9: -10-2024 | H9: 98823 | I9: 00044 | J9: ="ia.assorted_string like '%"&H9&"-"&I9&B9&"%' or" -> ia.assorted_string like '%98823-00044-10-2024%' or
A10: KHI/HO/D/MO/PC COMP/C/98823/43/10/2024 | B10: -10-2024 | H10: 98823 | I10: 00043 | J10: ="ia.assorted_string like '%"&H10&"-"&I10&B10&"%' or" -> ia.assorted_string like '%98823-00043-10-2024%' or
A11: KHI/HO/D/MO/PC COMP/C/98823/42/10/2024 | B11: -10-2024 | H11: 98823 | I11: 00042 | J11: ="ia.assorted_string like '%"&H11&"-"&I11&B11&"%' or" -> ia.assorted_string like '%98823-00042-10-2024%' or
A12: KHI/HO/D/MO/PC COMP/C/98823/41/10/2024 | B12: -10-2024 | H12: 98823 | I12: 00041 | J12: ="ia.assorted_string like '%"&H12&"-"&I12&B12&"%' or" -> ia.assorted_string like '%98823-00041-10-2024%' or
A13: KHI/HO/D/MO/PC COMP/C/98823/40/10/2024 | B13: -10-2024 | H13: 98823 | I13: 00040 | J13: ="ia.assorted_string like '%"&H13&"-"&I13&B13&"%' or" -> ia.assorted_string like '%98823-00040-10-2024%' or
... A53: KHI/HO/D/MO/PC COMP/C/100245/1/10/2024 | B53: -10-2024 | H53: 100245 | I53: 00001 | J53: ="ia.assorted_string like '%"&H53&"-"&I53&B53&"%' or" -> ia.assorted_string like '%100245-00001-10-2024%' or

Sheet policy
B1: FUNC_ASSORTED_STRING(IA.ASSORTED_CODE) | C1: ASSORTED_CODE
A2: 1 | B2: KHI/HO/D/MO/PC COMP/C/98823/8/10/2024 | C2: 070000167273
A3: 2 | B3: KHI/HO/D/MO/PC COMP/C/98823/18/10/2024 | C3: 070000167626
A4: 3 | B4: KHI/HO/D/MO/PC COMP/C/98823/19/10/2024 | C4: 070000167628
A5: 4 | B5: KHI/HO/D/MO/PC COMP/C/98823/3/10/2024 | C5: 070000166962
A6: 5 | B6: KHI/HO/D/MO/PC COMP/C/98823/15/10/2024 | C6: 070000167548
A7: 6 | B7: KHI/HO/D/MO/PC COMP/C/98823/16/10/2024 | C7: 070000167614
A8: 7 | B8: KHI/HO/D/MO/PC COMP/C/98823/41/10/2024 | C8: 070000169381
A9: 8 | B9: KHI/HO/D/MO/PC COMP/C/98823/35/10/2024 | C9: 070000169368
A10: 9 | B10: KHI/HO/D/MO/PC COMP/C/98823/36/10/2024 | C10: 070000169374
A11: 10 | B11: KHI/HO/D/MO/PC COMP/C/98823/37/10/2024 | C11: 070000169375
A12: 11 | B12: KHI/HO/D/MO/PC COMP/C/98823/38/10/2024 | C12: 070000169377
A13: 12 | B13: KHI/HO/D/MO/PC COMP/C/98823/31/10/2024 | C13: 070000169290
... A53: 52 | B53: KHI/HO/D/MO/PC COMP/C/98823/1/10/2024 | C53: 070000166939

Sheet Renewal
A1: Fresh / Renewal | B1: Proposal No. | C1: Billing Month | D1: Takaful Company | E1: PMD / Cert | F1: Takaful Start Date | G1: Takaful End Date | H1: Customer Name | I1: CNIC | J1: Vehicle Make | K1: Reg. No | L1: Engine No | M1: Chassis No | N1: Proposal No. | O1: Region | P1: Unit ID | Q1: BR # | R1: Financing Date | S1: Maturity Date | T1: Asset Value | U1: Dep. % | V1: Dep. Amount | W1: Sum Cover Amount | X1: Takaful Rate | Y1: Premium Amount | Z1: For Takaful Company Rectifications | AA1: For COD Status | AB1: PO No. | AC1: PO Dates | AD1: Proposal Status | AE1: Default Case (Overdue Days) | AF1: Policy # 2024 | AG1: Tms Prem | AH1: Difference
A2: Renewal | B2: 66295/1 | C2: 45566 | D2: SALAAM TAKAFUL LTD | E2: KHI/HO/D/MO/PC COMP/C/100245/58/10/2024 | F2: 45567 | G2: 45931 | H2: SHAHBAZ QADEER | I2: 3520296702827 | J2: SUZUKI BOLAN VX EURO II | K2: LET-16-2248 | L2: PKT932090 | M2: PK01048577 | N2: 66295/1 | O2: Central | P2: 0329 | Q2: 622993 | R2: 45203 | S2: 46300 | T2: 990000 | U2: 10 | V2: 99000 | W2: 891000 | X2: 2 | Y2: 17820 | AA2: paid | AB2: 1141071585 | AC2: 45624 | AD2: DISBURSED | AE2: 0 | AF2: KHI/HO/D/MO/PC COMP/C/100245/58/10/2024 | AG2: 17820 | AH2: =Y2-AG2 -> 0
A3: Renewal | B3: 54142/1 | C3: 45566 | D3: SALAAM TAKAFUL LTD | E3: KHI/HO/D/MO/PC COMP/C/100245/145/10/2024 | F3: 45568 | G3: 45932 | H3: ZEESHAN ALI | I3: 3330313904909 | J3: TOYOTA COROLLA ALTIS VVT- | K3: NA-295 | L3: Q100687 | M3: 6078161 | N3: 54142/1 | O3: Central | P3: 0454 | Q3: 492664 | R3: 44841 | S3: 46665 | T3: 4000920 | U3: 15 | V3: 600138 | W3: 3400782 | X3: 1.5 | Y3: 51011.73 | AA3: paid | AB3: 1141071585 | AC3: 45624 | AD3: DISBURSED | AE3: 10 | AF3: KHI/HO/D/MO/PC COMP/C/100245/145/10/2024 | AG3: 51012 | AH3: =Y3-AG3 -> -0.27
A4: Renewal | B4: 67392/1 | C4: 45566 | D4: SALAAM TAKAFUL LTD | E4: KHI/HO/D/MO/PC COMP/C/100245/64/10/2024 | F4: 45568 | G4: 45932 | H4: MEHWISH FAREED | I4: 3460391725170 | J4: SUZUKI ALTO AGS A/T | K4: AKN-394 | L4: 6R225831 | M4: 6H1125988 | N4: 67392/1 | O4: Central | P4: 0329 | Q4: 582757 | R4: 45209 | S4: 47031 | T4: 2800000 | U4: 10 | V4: 280000 | W4: 2520000 | X4: 2 | Y4: 50400 | AA4: paid | AB4: 1141071585 | AC4: 45624 | AD4: DISBURSED | AE4: 10 | AF4: KHI/HO/D/MO/PC COMP/C/100245/64/10/2024 | AG4: 50400 | AH4: =Y4-AG4 -> 0
A5: Renewal | B5: 51399/1 | C5: 45566 | D5: SALAAM TAKAFUL LTD | E5: KHI/HO/D/MO/PC COMP/C/100245/29/10/2024 | F5: 45569 | G5: 45933 | H5: MANSOOR ELAHI | I5: 3520251957221 | J5: TOYOTA COROLLA GLI M/T 1. | K5: LEA-17A-9517 | L5: Z505322 | M5: 4131361 | N5: 51399/1 | O5: Central | P5: 0329 | Q5: 545670 | R5: 44476 | S5: 46300 | T5: 2900000 | U5: 20 | V5: 580000 | W5: 2320000 | X5: 2.5 | Y5: 58000 | AA5: paid | AB5: 1141071585 | AC5: 45624 | AD5: DISBURSED | AE5: 0 | AF5: KHI/HO/D/MO/PC COMP/C/100245/29/10/2024 | AG5: 58000 | AH5: =Y5-AG5 -> 0
A6: Renewal | B6: 60332/3 | C6: 45566 | D6: SALAAM TAKAFUL LTD | E6: KHI/HO/D/MO/PC COMP/C/100245/152/10/2024 | F6: 45570 | G6: 45934 | H6: RAO AZHAR HUSSAIN | I6: 4220103914415 | J6: SUZUKI ALTO | K6: BVB-980 | L6: R-173845 | M6: 1073867 | N6: 60332/3 | O6: South | P6: 0136 | Q6: 566743 | R6: 44845 | S6: 46665 | T6: 1699000 | U6: 15 | V6: 254850 | W6: 1444150 | X6: 1.5 | Y6: 21662.25 | AA6: paid | AB6: 1141071585 | AC6: 45624 | AD6: DISBURSED | AE6: 0 | AF6: KHI/HO/D/MO/PC COMP/C/100245/152/10/2024 | AG6: 21662 | AH6: =Y6-AG6 -> 0.25
A7: Renewal | B7: 58841/3 | C7: 45566 | D7: SALAAM TAKAFUL LTD | E7: KHI/HO/D/MO/PC COMP/C/100245/149/10/2024 | F7: 45570 | G7: 45934 | H7: MUHAMMAD ALI | I7: 4230101503407 | J7: CHANGAN KARVAAN PLUS | K7: SA-0960 | L7: 503797 | M7: 1016773 | N7: 58841/3 | O7: South | P7: 0144 | Q7: 334871 | R7: 44851 | S7: 46696 | T7: 2569000 | U7: 15 | V7: 385350 | W7: 2183650 | X7: 1.5 | Y7: 32754.75 | AA7: paid | AB7: 1141071585 | AC7: 45624 | AD7: DISBURSED | AE7: 0 | AF7: KHI/HO/D/MO/PC COMP/C/100245/149/10/2024 | AG7: 32755 | AH7: =Y7-AG7 -> -0.25
A8: Renewal | B8: 56084/1 | C8: 45566 | D8: SALAAM TAKAFUL LTD | E8: KHI/HO/D/MO/PC COMP/C/100245/130/10/2024 | F8: 45570 | G8: 45934 | H8: MARYAM FAHEEM | I8: 3740682376118 | J8: TOYOTA YARIS ATIV X CVT | K8: AMG-993 | L8: 2A57141 | M8: 7036144 | N8: 56084/1 | O8: Central | P8: 0329 | Q8: 257363 | R8: 44848 | S8: 46665 | T8: 3331290 | U8: 15 | V8: 499693.5 | W8: 2831596.5 | X8: 1.5 | Y8: 42473.948 | AA8: paid | AB8: 1141071585 | AC8: 45624 | AD8: DISBURSED | AE8: 0 | AF8: KHI/HO/D/MO/PC COMP/C/100245/130/10/2024 | AG8: 42474 | AH8: =Y8-AG8 -> -0.0525
A9: Renewal | B9: 44005/1 | C9: 45566 | D9: SALAAM TAKAFUL LTD | E9: KHI/HO/D/MO/PC COMP/C/100245/55/10/2024 | F9: 45570 | G9: 45934 | H9: MUHAMMAD RIAZ | I9: 3310421179559 | J9: SUZUKI HUSTLER | K9: LEF-18-9188 | L9: R06AF623590 | M9: MR31S257835 | N9: 44005/1 | O9: Central | P9: 0556 | Q9: 225506 | R9: 44120 | S9: 45966 | T9: 1600000 | U9: 25 | V9: 400000 | W9: 1200000 | X9: 2.5 | Y9: 30000 | AA9: paid | AB9: 1141071585 | AC9: 45624 | AD9: DISBURSED | AE9: 0 | AF9: KHI/HO/D/MO/PC COMP/C/100245/55/10/2024 | AG9: 30000 | AH9: =Y9-AG9 -> 0
A10: Renewal | B10: 43873/1 | C10: 45566 | D10: SALAAM TAKAFUL LTD | E10: KHI/HO/D/MO/PC COMP/C/100245/53/10/2024 | F10: 45570 | G10: 45934 | H10: MUHAMMAD DANISH | I10: 3740575939467 | J10: SUZUKI WAGON-R VXL E2 | K10: ART-569 | L10: 206357 | M10: 10106359 | N10: 43873/1 | O10: North | P10: 0804 | Q10: 503851 | R10: 44112 | S10: 45936 | T10: 1695000 | U10: 25 | V10: 423750 | W10: 1271250 | X10: 2.5 | Y10: 31781.25 | AA10: paid | AB10: 1141071585 | AC10: 45624 | AD10: DISBURSED | AE10: 0 | AF10: KHI/HO/D/MO/PC COMP/C/100245/53/10/2024 | AG10: 31781 | AH10: =Y10-AG10 -> 0.25
A11: Renewal | B11: 43867/1 | C11: 45566 | D11: SALAAM TAKAFUL LTD | E11: KHI/HO/D/MO/PC COMP/C/100245/44/10/2024 | F11: 45570 | G11: 45934 | H11: MEHMOOD RAZA | I11: 3640119159919 | J11: SUZUKI ALTO VXL AGS E-2 | K11: AAR-518 | L11: 130521 | M11: 1030881 | N11: 43867/1 | O11: Central | P11: 0555 | Q11: 503036 | R11: 44111 | S11: 45936 | T11: 1598000 | U11: 25 | V11: 399500 | W11: 1198500 | X11: 2.5 | Y11: 29962.5 | AA11: paid | AB11: 1141071585 | AC11: 45624 | AD11: DISBURSED | AE11: 10 | AF11: KHI/HO/D/MO/PC COMP/C/100245/44/10/2024 | AG11: 29963 | AH11: =Y11-AG11 -> -0.5
A12: Renewal | B12: 56146/1 | C12: 45566 | D12: SALAAM TAKAFUL LTD | E12: KHI/HO/D/MO/PC COMP/C/100245/20/10/2024 | F12: 45570 | G12: 45934 | H12: MALIK MUHAMMAD ABID SARWAR | I12: 3520290433639 | J12: SUZUKI ALTO | K12: ALZ-845 | L12: R250930 | M12: H1150937 | N12: 56146/1 | O12: Central | P12: 0329 | Q12: 568203 | R12: 44841 | S12: 46665 | T12: 1675000 | U12: 15 | V12: 251250 | W12: 1423750 | X12: 2.5 | Y12: 35593.75 | AA12: paid | AB12: 1141071585 | AC12: 45624 | AD12: DISBURSED | AE12: 10 | AF12: KHI/HO/D/MO/PC COMP/C/100245/20/10/2024 | AG12: 35594 | AH12: =Y12-AG12 -> -0.25
A13: Renewal | B13: 53963/1 | C13: 45566 | D13: SALAAM TAKAFUL LTD | E13: KHI/HO/D/MO/PC COMP/C/100245/155/10/2024 | F13: 45571 | G13: 45935 | H13: SHAFIQ UR REHMAN | I13: 3520146667101 | J13: TOYOTA COROLLA ALTIS | K13: ALY-767 | L13: Q100675 | M13: 6078158 | N13: 53963/1 | O13: Central | P13: 0329 | Q13: 421089 | R13: 44844 | S13: 46300 | T13: 3639340 | U13: 15 | V13: 545901 | W13: 3093439 | X13: 1.5 | Y13: 46401.585 | AA13: paid | AB13: 1141071585 | AC13: 45624 | AD13: DISBURSED | AE13: 10 | AF13: KHI/HO/D/MO/PC COMP/C/100245/155/10/2024 | AG13: 46402 | AH13: =Y13-AG13 -> -0.415
A14: Renewal | B14: 53438/1 | C14: 45566 | D14: SALAAM TAKAFUL LTD | E14: KHI/HO/D/MO/PC COMP/C/100245/131/10/2024 | F14: 45571 | G14: 45935 | H14: SHAZIA SHEIKH | I14: 3740540534006 | J14: TOYOTA COROLLA ALTIS A/T | K14: BAS-44 | L14: 100619 | M14: 6078124 | N14: 53438/1 | O14: North | P14: 0804 | Q14: 555744 | R14: 44844 | S14: 46665 | T14: 4215005 | U14: 15 | V14: 632250.75 | W14: 3582754.2 | X14: 1.5 | Y14: 53741.314 | AA14: paid | AB14: 1141071585 | AC14: 45624 | AD14: DISBURSED | AE14: 10 | AF14: KHI/HO/D/MO/PC COMP/C/100245/131/10/2024 | AG14: 53741 | AH14: =Y14-AG14 -> 0.31375
A15: Renewal | B15: 60376/1 | C15: 45566 | D15: SALAAM TAKAFUL LTD | E15: KHI/HO/D/MO/PC COMP/C/100245/110/10/2024 | F15: 45571 | G15: 45935 | H15: SHABBIR ALI | I15: 3530290311197 | J15: SUZUKI WAGON-R VXL E2 | K15: LEC-18-2015 | L15: B152238 | M15: K10052199 | N15: 60376/1 | O15: Central | P15: 0329 | Q15: 587906 | R15: 44844 | S15: 46665 | T15: 1750000 | U15: 15 | V15: 262500 | W15: 1487500 | X15: 2 | Y15: 29750 | AA15: paid | AB15: 1141071585 | AC15: 45624 | AD15: DISBURSED | AE15: 10 | AF15: KHI/HO/D/MO/PC COMP/C/100245/110/10/2024 | AG15: 29750 | AH15: =Y15-AG15 -> 0
A16: Renewal | B16: 55589/1 | C16: 45566 | D16: SALAAM TAKAFUL LTD | E16: KHI/HO/D/MO/PC COMP/C/100245/25/10/2024 | F16: 45571 | G16: 45935 | H16: KASHIF SARWAR | I16: 3520296205209 | J16: SUZUKI ALTO VX | K16: ALZ-871 | L16: 6R250670 | M16: 1150672 | N16: 55589/1 | O16: Central | P16: 0329 | Q16: 566286 | R16: 44841 | S16: 45936 | T16: 1306000 | U16: 15 | V16: 195900 | W16: 1110100 | X16: 2.5 | Y16: 27752.5 | AA16: paid | AB16: 1141071585 | AC16: 45624 | AD16: DISBURSED | AE16: 0 | AF16: KHI/HO/D/MO/PC COMP/C/100245/25/10/2024 | AG16: 27753 | AH16: =Y16-AG16 -> -0.5
A17: Renewal | B17: 60342/1 | C17: 45566 | D17: SALAAM TAKAFUL LTD | E17: KHI/HO/D/MO/PC COMP/C/100245/165/10/2024 | F17: 45572 | G17: 45936 | H17: SULEMAN AHMED | I17: 3740581806851 | J17: SUZUKI ALTO VXR E-2 | K17: APG-782 | L17: 111397 | M17: 1011332 | N17: 60342/1 | O17: North | P17: 0804 | Q17: 579263 | R17: 44840 | S17: 46665 | T17: 1900000 | U17: 15 | V17: 285000 | W17: 1615000 | X17: 1.5 | Y17: 24225 | AA17: paid | AB17: 1141071585 | AC17: 45624 | AD17: DISBURSED | AE17: 10 | AF17: KHI/HO/D/MO/PC COMP/C/100245/165/10/2024 | AG17: 24225 | AH17: =Y17-AG17 -> 0
A18: Renewal | B18: 60426/1 | C18: 45566 | D18: SALAAM TAKAFUL LTD | E18: KHI/HO/D/MO/PC COMP/C/100245/87/10/2024 | F18: 45572 | G18: 45936 | H18: BASHARAT HUSSAIN AWAN | I18: 3740579404039 | J18: SUZUKI SWIFT DLX A/T NAV. | K18: APY-145 | L18: 13047835 | M18: 10047826 | N18: 60426/1 | O18: North | P18: 0804 | Q18: 586649 | R18: 44851 | S18: 45966 | T18: 2500000 | U18: 15 | V18: 375000 | W18: 2125000 | X18: 2 | Y18: 42500 | AA18: paid | AB18: 1141071585 | AC18: 45624 | AD18: DISBURSED | AE18: 10 | AF18: KHI/HO/D/MO/PC COMP/C/100245/87/10/2024 | AG18: 42500 | AH18: =Y18-AG18 -> 0
A19: Renewal | B19: 60393/1 | C19: 45566 | D19: SALAAM TAKAFUL LTD | E19: KHI/HO/D/MO/PC COMP/C/100245/86/10/2024 | F19: 45572 | G19: 45936 | H19: WAQAR ZULFIQAR | I19: 3520239789593 | J19: SUZUKI WAGON-R VXL E2 | K19: AML-960 | L19: B241216 | M19: K10141215 | N19: 60393/1 | O19: Central | P19: 0329 | Q19: 585391 | R19: 44848 | S19: 46665 | T19: 2421000 | U19: 15 | V19: 363150 | W19: 2057850 | X19: 2 | Y19: 41157 | AA19: paid | AB19: 1141071585 | AC19: 45624 | AD19: DISBURSED | AE19: 10 | AF19: KHI/HO/D/MO/PC COMP/C/100245/86/10/2024 | AG19: 41157 | AH19: =Y19-AG19 -> 0
A20: Renewal | B20: 60379/1 | C20: 45566 | D20: SALAAM TAKAFUL LTD | E20: KHI/HO/D/MO/PC COMP/C/100245/85/10/2024 | F20: 45572 | G20: 45936 | H20: MASOOD AHMED | I20: 4210111858317 | J20: SUZUKI ALTO VXR E-2 | K20: BQP-342 | L20: 6R100907 | M20: 1000912 | N20: 60379/1 | O20: South | P20: 0150 | Q20: 587460 | R20: 44844 | S20: 46665 | T20: 1800000 | U20: 15 | V20: 270000 | W20: 1530000 | X20: 2 | Y20: 30600 | AA20: paid | AB20: 1141071585 | AC20: 45624 | AD20: DISBURSED | AE20: 10 | AF20: KHI/HO/D/MO/PC COMP/C/100245/85/10/2024 | AG20: 30600 | AH20: =Y20-AG20 -> 0
A21: Renewal | B21: 55108/1 | C21: 45566 | D21: SALAAM TAKAFUL LTD | E21: KHI/HO/D/MO/PC COMP/C/100245/84/10/2024 | F21: 45572 | G21: 45936 | H21: MUHAMMAD ZAHID AWAN | I21: 3520154692391 | J21: SUZUKI ALTO | K21: alz-189 | L21: 6R250564 | M21: 6H1150569 | N21: 55108/1 | O21: Central | P21: 0314 | Q21: 568886 | R21: 44845 | S21: 46665 | T21: 1306000 | U21: 15 | V21: 195900 | W21: 1110100 | X21: 2 | Y21: 22202 | AA21: paid | AB21: 1141071585 | AC21: 45624 | AD21: DISBURSED | AE21: 0 | AF21: KHI/HO/D/MO/PC COMP/C/100245/84/10/2024 | AG21: 22202 | AH21: =Y21-AG21 -> 0
A22: Renewal | B22: 43907/1 | C22: 45566 | D22: SALAAM TAKAFUL LTD | E22: KHI/HO/D/MO/PC COMP/C/100245/56/10/2024 | F22: 45572 | G22: 45936 | H22: TAHIR MAHMOOD | I22: 3520182730219 | J22: HONDA CITY I-VTEC A/T PT | K22: AAS-317 | L22: 7541214 | M22: 264152 | N22: 43907/1 | O22: Central | P22: 0329 | Q22: 191712 | R22: 44116 | S22: 45936 | T22: 2645000 | U22: 25 | V22: 661250 | W22: 1983750 | X22: 2.5 | Y22: 49593.75 | AA22: paid | AB22: 1141071585 | AC22: 45624 | AD22: DISBURSED | AE22: 10 | AF22: KHI/HO/D/MO/PC COMP/C/100245/56/10/2024 | AG22: 49594 | AH22: =Y22-AG22 -> -0.25
A23: Renewal | B23: 51486/1 | C23: 45566 | D23: SALAAM TAKAFUL LTD | E23: KHI/HO/D/MO/PC COMP/C/100245/32/10/2024 | F23: 45573 | G23: 45937 | H23: JAVED IQBAL | I23: 3520198788985 | J23: SUZUKI WAGON R VXL AGS | K23: AGQ-752 | L23: 214320 | M23: 10114327 | N23: 51486/1 | O23: Central | P23: 0322 | Q23: 545272 | R23: 44491 | S23: 47063 | T23: 1890000 | U23: 20 | V23: 378000 | W23: 1512000 | X23: 2.5 | Y23: 37800 | AA23: paid | AB23: 1141071585 | AC23: 45624 | AD23: DISBURSED | AE23: 0 | AF23: KHI/HO/D/MO/PC COMP/C/100245/32/10/2024 | AG23: 37800 | AH23: =Y23-AG23 -> 0
A24: Renewal | B24: 60412/1 | C24: 45566 | D24: SALAAM TAKAFUL LTD | E24: KHI/HO/D/MO/PC COMP/C/100245/89/10/2024 | F24: 45575 | G24: 45939 | H24: MUHAMMAD BABAR | I24: 3520233874473 | J24: HONDA CITY I-VTEC (M/T) | K24: LEE-18-3628 | L24: 17507002 | M24: 219022 | N24: 60412/1 | O24: Central | P24: 0329 | Q24: 584800 | R24: 44846 | S24: 45936 | T24: 2450000 | U24: 15 | V24: 367500 | W24: 2082500 | X24: 2 | Y24: 41650 | AA24: paid | AB24: 1141071585 | AC24: 45624 | AD24: DISBURSED | AE24: 0 | AF24: KHI/HO/D/MO/PC COMP/C/100245/89/10/2024 | AG24: 41650 | AH24: =Y24-AG24 -> 0
A25: Renewal | B25: 60447/1 | C25: 45566 | D25: SALAAM TAKAFUL LTD | E25: KHI/HO/D/MO/PC COMP/C/100245/88/10/2024 | F25: 45575 | G25: 45939 | H25: GHULAM MUSTAFA | I25: 3210171174349 | J25: SUZUKI Swift GL CVT | K25: AMF-561 | L25: 1007562 | M25: 107572 | N25: 60447/1 | O25: Central | P25: 0567 | Q25: 587184 | R25: 44851 | S25: 45966 | T25: 3420000 | U25: 15 | V25: 513000 | W25: 2907000 | X25: 2 | Y25: 58140 | AA25: paid | AB25: 1141071585 | AC25: 45624 | AD25: DISBURSED | AE25: 0 | AF25: KHI/HO/D/MO/PC COMP/C/100245/88/10/2024 | AG25: 58140 | AH25: =Y25-AG25 -> 0
A26: Renewal | B26: 66433/1 | C26: 45566 | D26: SALAAM TAKAFUL LTD | E26: KHI/HO/D/MO/PC COMP/C/100245/77/10/2024 | F26: 45575 | G26: 45939 | H26: MUHAMMAD ALEEM KHAN | I26: 3520215315397 | J26: SUZUKI WAGON R VXL | K26: LEB-17A-9781 | L26: 142686 | M26: 10042672 | N26: 66433/1 | O26: Central | P26: 0329 | Q26: 623608 | R26: 45212 | S26: 47031 | T26: 1650000 | U26: 10 | V26: 165000 | W26: 1485000 | X26: 2 | Y26: 29700 | AA26: paid | AB26: 1141071585 | AC26: 45624 | AD26: DISBURSED | AE26: 41 | AF26: KHI/HO/D/MO/PC COMP/C/100245/77/10/2024 | AG26: 29700 | AH26: =Y26-AG26 -> 0
A27: Renewal | B27: 48688/1 | C27: 45566 | D27: SALAAM TAKAFUL LTD | E27: KHI/HO/D/MO/PC COMP/C/100245/34/10/2024 | F27: 45576 | G27: 45940 | H27: NAZMA MANZOOR | I27: 8220393528592 | J27: SUZUKI ALTO VXR EURO II A | K27: AVJ-134 | L27: 186398 | M27: 1086458 | N27: 48688/1 | O27: North | P27: 0482 | Q27: 533714 | R27: 44495 | S27: 47063 | T27: 1335000 | U27: 20 | V27: 267000 | W27: 1068000 | X27: 2.5 | Y27: 26700 | AA27: paid | AB27: 1141071585 | AC27: 45624 | AD27: DISBURSED | AE27: 10 | AF27: KHI/HO/D/MO/PC COMP/C/100245/34/10/2024 | AG27: 26700 | AH27: =Y27-AG27 -> 0
A28: Renewal | B28: 48864/2 | C28: 45566 | D28: SALAAM TAKAFUL LTD | E28: KHI/HO/D/MO/PC COMP/C/100245/33/10/2024 | F28: 45576 | G28: 45940 | H28: SHAHEEN KHALIL | I28: 3520227462346 | J28: SUZUKI ALTO VXR EURO II A | K28: AFD-307 | L28: 186434 | M28: 1086432 | N28: 48864/2 | O28: Central | P28: 0336 | Q28: 537654 | R28: 44482 | S28: 45936 | T28: 1335000 | U28: 20 | V28: 267000 | W28: 1068000 | X28: 2.5 | Y28: 26700 | AA28: paid | AB28: 1141071585 | AC28: 45624 | AD28: DISBURSED | AE28: 10 | AF28: KHI/HO/D/MO/PC COMP/C/100245/33/10/2024 | AG28: 26700 | AH28: =Y28-AG28 -> 0
A29: Renewal | B29: 56107/2 | C29: 45566 | D29: SALAAM TAKAFUL LTD | E29: KHI/HO/D/MO/PC COMP/C/100245/14/10/2024 | F29: 45576 | G29: 45940 | H29: MUHAMMAD ISRAR UL HAQ | I29: 3740581548867 | J29: SUZUKI ALTO VXR | K29: BAK-594 | L29: 251750 | M29: 1151776 | N29: 56107/2 | O29: North | P29: 0566 | Q29: 571646 | R29: 44851 | S29: 46696 | T29: 1675000 | U29: 15 | V29: 251250 | W29: 1423750 | X29: 2.5 | Y29: 35593.75 | AA29: paid | AB29: 1141071585 | AC29: 45624 | AD29: DISBURSED | AE29: 0 | AF29: KHI/HO/D/MO/PC COMP/C/100245/14/10/2024 | AG29: 35594 | AH29: =Y29-AG29 -> -0.25
A30: Renewal | B30: 51592/1 | C30: 45566 | D30: SALAAM TAKAFUL LTD | E30: KHI/HO/D/MO/PC COMP/C/100245/115/10/2024 | F30: 45577 | G30: 45941 | H30: HAFIZ MUHAMMAD AWAIS MINHAS | I30: 3520111007395 | J30: SUZUKI WAGON-R VXL E2 | K30: AFP-268 | L30: 220361 | M30: 10120362 | N30: 51592/1 | O30: Central | P30: 0329 | Q30: 303653 | R30: 44489 | S30: 46331 | T30: 1610000 | U30: 20 | V30: 322000 | W30: 1288000 | X30: 1.75 | Y30: 22540 | AA30: paid | AB30: 1141071585 | AC30: 45624 | AD30: DISBURSED | AE30: 0 | AF30: KHI/HO/D/MO/PC COMP/C/100245/115/10/2024 | AG30: 22540 | AH30: =Y30-AG30 -> 0
A31: Renewal | B31: 60441/1 | C31: 45566 | D31: SALAAM TAKAFUL LTD | E31: KHI/HO/D/MO/PC COMP/C/100245/90/10/2024 | F31: 45577 | G31: 45941 | H31: NAZAM ALI | I31: 3530153829015 | J31: TOYOTA COROLLA XLI M/T 1. | K31: LEA-19-2982 | L31: 544661 | M31: 4170156 | N31: 60441/1 | O31: Central | P31: 0336 | Q31: 469913 | R31: 44847 | S31: 45936 | T31: 2750000 | U31: 15 | V31: 412500 | W31: 2337500 | X31: 2 | Y31: 46750 | AA31: paid | AB31: 1141071585 | AC31: 45624 | AD31: DISBURSED | AE31: 10 | AF31: KHI/HO/D/MO/PC COMP/C/100245/90/10/2024 | AG31: 46750 | AH31: =Y31-AG31 -> 0
A32: Renewal | B32: 51559/1 | C32: 45566 | D32: SALAAM TAKAFUL LTD | E32: KHI/HO/D/MO/PC COMP/C/100245/116/10/2024 | F32: 45578 | G32: 45942 | H32: MALIK SAEED AHMED | I32: 3720117383927 | J32: SUZUKI CULTUS VXL EURO II | K32: AJG-586 | L32: 122866 | M32: 10022847 | N32: 51559/1 | O32: North | P32: 0414 | Q32: 550645 | R32: 44487 | S32: 46696 | T32: 1800000 | U32: 20 | V32: 360000 | W32: 1440000 | X32: 1.75 | Y32: 25200 | AA32: paid | AB32: 1141071585 | AC32: 45624 | AD32: DISBURSED | AE32: 0 | AF32: KHI/HO/D/MO/PC COMP/C/100245/116/10/2024 | AG32: 25200 | AH32: =Y32-AG32 -> 0
A33: Renewal | B33: 60496/1 | C33: 45566 | D33: SALAAM TAKAFUL LTD | E33: KHI/HO/D/MO/PC COMP/C/100245/146/10/2024 | F33: 45579 | G33: 45943 | H33: MUHAMMAD ALTAF | I33: 3520224816611 | J33: SUZUKI WAGON R VXL AGS | K33: AMD-552 | L33: 241684 | M33: 10141686 | N33: 60496/1 | O33: Central | P33: 0329 | Q33: 580892 | R33: 44852 | S33: 45966 | T33: 2802000 | U33: 15 | V33: 420300 | W33: 2381700 | X33: 1.5 | Y33: 35725.5 | AA33: paid | AB33: 1141071585 | AC33: 45624 | AD33: DISBURSED | AE33: 0 | AF33: KHI/HO/D/MO/PC COMP/C/100245/146/10/2024 | AG33: 35726 | AH33: =Y33-AG33 -> -0.5
A34: Renewal | B34: 60587/1 | C34: 45566 | D34: SALAAM TAKAFUL LTD | E34: KHI/HO/D/MO/PC COMP/C/100245/93/10/2024 | F34: 45579 | G34: 45943 | H34: NAVEED AHMAD | I34: 3410438657695 | J34: SUZUKI ALTO VXR EURO II A | K34: AMB-755 | L34: 199749 | M34: 10099750 | N34: 60587/1 | O34: Central | P34: 0401 | Q34: 588729 | R34: 44855 | S34: 46696 | T34: 2474000 | U34: 15 | V34: 371100 | W34: 2102900 | X34: 2 | Y34: 42058 | AA34: paid | AB34: 1141071585 | AC34: 45624 | AD34: DISBURSED | AE34: 10 | AF34: KHI/HO/D/MO/PC COMP/C/100245/93/10/2024 | AG34: 42058 | AH34: =Y34-AG34 -> 0
A35: Renewal | B35: 60521/1 | C35: 45566 | D35: SALAAM TAKAFUL LTD | E35: KHI/HO/D/MO/PC COMP/C/100245/92/10/2024 | F35: 45579 | G35: 45943 | H35: ATIF PERVAIZ | I35: 3520090645731 | J35: TOYOTA COROLLA GLI M/T 1. | K35: LED-17-5064 | L35: Z488878 | M35: 4115019 | N35: 60521/1 | O35: Central | P35: 0329 | Q35: 584165 | R35: 44853 | S35: 45966 | T35: 2750000 | U35: 15 | V35: 412500 | W35: 2337500 | X35: 2 | Y35: 46750 | AA35: paid | AB35: 1141071585 | AC35: 45624 | AD35: DISBURSED | AE35: 10 | AF35: KHI/HO/D/MO/PC COMP/C/100245/92/10/2024 | AG35: 46750 | AH35: =Y35-AG35 -> 0
A36: Renewal | B36: 60489/1 | C36: 45566 | D36: SALAAM TAKAFUL LTD | E36: KHI/HO/D/MO/PC COMP/C/100245/91/10/2024 | F36: 45579 | G36: 45943 | H36: GHULAM MOHIUDIN AKRAM | I36: 3520205547117 | J36: SUZUKI WAGON-R VXR | K36: AMX-122 | L36: 239284 | M36: 10139277 | N36: 60489/1 | O36: Central | P36: 0329 | Q36: 445576 | R36: 44851 | S36: 45966 | T36: 2421000 | U36: 15 | V36: 363150 | W36: 2057850 | X36: 2 | Y36: 41157 | AA36: paid | AB36: 1141071585 | AC36: 45624 | AD36: DISBURSED | AE36: 10 | AF36: KHI/HO/D/MO/PC COMP/C/100245/91/10/2024 | AG36: 41157 | AH36: =Y36-AG36 -> 0
A37: Renewal | B37: 43981/1 | C37: 45566 | D37: SALAAM TAKAFUL LTD | E37: KHI/HO/D/MO/PC COMP/C/100245/35/10/2024 | F37: 45580 | G37: 45944 | H37: SYED SAJJAD ALAM | I37: 4220140055805 | J37: SUZUKI WAGON-R VXL E2 | K37: BFL-705 | L37: PK10B113731 | M37: PK10013738 | N37: 43981/1 | O37: South | P37: 0144 | Q37: 505452 | R37: 44125 | S37: 45966 | T37: 1200000 | U37: 25 | V37: 300000 | W37: 900000 | X37: 2.5 | Y37: 22500 | AA37: paid | AB37: 1141071585 | AC37: 45624 | AD37: DISBURSED | AE37: 10 | AF37: KHI/HO/D/MO/PC COMP/C/100245/35/10/2024 | AG37: 22500 | AH37: =Y37-AG37 -> 0
A38: Renewal | B38: 50547/1 | C38: 45566 | D38: SALAAM TAKAFUL LTD | E38: KHI/HO/D/MO/PC COMP/C/100245/27/10/2024 | F38: 45580 | G38: 45944 | H38: ZAIN UL ABIDEEN | I38: 3520229898629 | J38: TOYOTA YARIS ATIV AT | K38: AFK-622 | L38: 2A38540 | M38: 7024157 | N38: 50547/1 | O38: Central | P38: 0329 | Q38: 417895 | R38: 44489 | S38: 46331 | T38: 2703000 | U38: 20 | V38: 540600 | W38: 2162400 | X38: 2.5 | Y38: 54060 | AA38: paid | AB38: 1141071585 | AC38: 45624 | AD38: DISBURSED | AE38: 0 | AF38: KHI/HO/D/MO/PC COMP/C/100245/27/10/2024 | AG38: 54060 | AH38: =Y38-AG38 -> 0
A39: Renewal | B39: 44039/1 | C39: 45566 | D39: SALAAM TAKAFUL LTD | E39: KHI/HO/D/MO/PC COMP/C/100245/157/10/2024 | F39: 45581 | G39: 45945 | H39: SAJID ALI | I39: 3530119827983 | J39: HONDA CIVIC VTI ORIEL PT | K39: ACJ-107 | L39: R18Z12927750 | M39: JR031095 | N39: 44039/1 | O39: Central | P39: 0329 | Q39: 503273 | R39: 44123 | S39: 45966 | T39: 3300000 | U39: 25 | V39: 825000 | W39: 2475000 | X39: 1.5 | Y39: 37125 | AA39: paid | AB39: 1141071585 | AC39: 45624 | AD39: DISBURSED | AE39: 0 | AF39: KHI/HO/D/MO/PC COMP/C/100245/157/10/2024 | AG39: 37125 | AH39: =Y39-AG39 -> 0
A40: Renewal | B40: 67359/1 | C40: 45566 | D40: SALAAM TAKAFUL LTD | E40: KHI/HO/D/MO/PC COMP/C/100245/82/10/2024 | F40: 45581 | G40: 45945 | H40: AMMAD UL HAQ ABBASI | I40: 6110112010251 | J40: SUZUKI MEHRAN VXR EURO-II | K40: ANF-701 | L40: 768924 | M40: 01307444 | N40: 67359/1 | O40: North | P40: 0804 | Q40: 592795 | R40: 45218 | S40: 45966 | T40: 1450000 | U40: 10 | V40: 145000 | W40: 1305000 | X40: 2 | Y40: 26100 | AA40: paid | AB40: 1141071585 | AC40: 45624 | AD40: DISBURSED | AE40: 10 | AF40: KHI/HO/D/MO/PC COMP/C/100245/82/10/2024 | AG40: 26100 | AH40: =Y40-AG40 -> 0
A41: Renewal | B41: 67318/1 | C41: 45566 | D41: SALAAM TAKAFUL LTD | E41: KHI/HO/D/MO/PC COMP/C/100245/81/10/2024 | F41: 45581 | G41: 45945 | H41: SADIA RAFIQUE | I41: 3520239412044 | J41: SUZUKI MEHRAN | K41: LEE-18-7907 | L41: 723793 | M41: 1267306 | N41: 67318/1 | O41: Central | P41: 0329 | Q41: 627538 | R41: 45218 | S41: 47063 | T41: 1300000 | U41: 10 | V41: 130000 | W41: 1170000 | X41: 2 | Y41: 23400 | AA41: paid | AB41: 1141071585 | AC41: 45624 | AD41: DISBURSED | AE41: 10 | AF41: KHI/HO/D/MO/PC COMP/C/100245/81/10/2024 | AG41: 23400 | AH41: =Y41-AG41 -> 0
A42: Renewal | B42: 44060/1 | C42: 45566 | D42: SALAAM TAKAFUL LTD | E42: KHI/HO/D/MO/PC COMP/C/100245/36/10/2024 | F42: 45581 | G42: 45945 | H42: HAFIZ AMMAR KAUSAR | I42: 3530113691841 | J42: SUZUKI CULTUS VXR EURO-II | K42: ABC-537 | L42: 162955 | M42: 10062955 | N42: 44060/1 | O42: Central | P42: 0559 | Q42: 174778 | R42: 44125 | S42: 45966 | T42: 1780000 | U42: 25 | V42: 445000 | W42: 1335000 | X42: 2.5 | Y42: 33375 | AA42: paid | AB42: 1141071585 | AC42: 45624 | AD42: DISBURSED | AE42: 10 | AF42: KHI/HO/D/MO/PC COMP/C/100245/36/10/2024 | AG42: 33375 | AH42: =Y42-AG42 -> 0
A43: Renewal | B43: 42044/1 | C43: 45566 | D43: SALAAM TAKAFUL LTD | E43: KHI/HO/D/MO/PC COMP/C/100245/2/10/2024 | F43: 45581 | G43: 45945 | H43: REHMAN ALAM | I43: 3520281912247 | J43: TOYOTA YARIS GLI MT | K43: ABL-870 | L43: 2A09078 | M43: 7005085 | N43: 42044/1 | O43: Central | P43: 0329 | Q43: 354966 | R43: 44123 | S43: 45966 | T43: 2608000 | U43: 25 | V43: 652000 | W43: 1956000 | X43: 3.75 | Y43: 73350 | AA43: paid | AB43: 1141071585 | AC43: 45624 | AD43: DISBURSED | AE43: 0 | AF43: KHI/HO/D/MO/PC COMP/C/100245/2/10/2024 | AG43: 73350 | AH43: =Y43-AG43 -> 0
A44: Renewal | B44: 38948/2 | C44: 45566 | D44: SALAAM TAKAFUL LTD | E44: KHI/HO/D/MO/PC COMP/C/100245/164/10/2024 | F44: 45582 | G44: 45946 | H44: WASEEM ASGHARI | I44: 4230175313155 | J44: HONDA CIVIC | K44: BRA-664 | L44: 2954726 | M44: 058444 | N44: 38948/2 | O44: South | P44: 0155 | Q44: 461707 | R44: 43756 | S44: 46331 | T44: 3909000 | U44: 30 | V44: 1172700 | W44: 2736300 | X44: 1.5 | Y44: 41044.5 | AA44: paid | AB44: 1141071585 | AC44: 45624 | AD44: DISBURSED | AE44: 41 | AF44: KHI/HO/D/MO/PC COMP/C/100245/164/10/2024 | AG44: 41045 | AH44: =Y44-AG44 -> -0.5
A45: Renewal | B45: 39031/1 | C45: 45566 | D45: SALAAM TAKAFUL LTD | E45: KHI/HO/D/MO/PC COMP/C/100245/12/10/2024 | F45: 45582 | G45: 45946 | H45: ZAHOOR AHMAD | I45: 3110132179777 | J45: HONDA BRV MTI I-VTEC 1.5L | K45: LE-19a-5015 | L45: 14800194 | M45: KR016887 | N45: 39031/1 | O45: Central | P45: 0563 | Q45: 464016 | R45: 43759 | S45: 45966 | T45: 3255000 | U45: 30 | V45: 976500 | W45: 2278500 | X45: 3 | Y45: 68355 | AA45: paid | AB45: 1141071585 | AC45: 45624 | AD45: DISBURSED | AE45: 0 | AF45: KHI/HO/D/MO/PC COMP/C/100245/12/10/2024 | AG45: 68355 | AH45: =Y45-AG45 -> 0
A46: Renewal | B46: 60542/2 | C46: 45566 | D46: SALAAM TAKAFUL LTD | E46: KHI/HO/D/MO/PC COMP/C/100245/147/10/2024 | F46: 45583 | G46: 45947 | H46: FAISAL MUSHAQ | I46: 3740549368543 | J46: HONDA CIVIC VTI ORIEL PT | K46: AFY-333 | L46: 12911004 | M46: 014181 | N46: 60542/2 | O46: North | P46: 0804 | Q46: 588004 | R46: 44854 | S46: 45966 | T46: 3900000 | U46: 15 | V46: 585000 | W46: 3315000 | X46: 1.5 | Y46: 49725 | AA46: paid | AB46: 1141071585 | AC46: 45624 | AD46: DISBURSED | AE46: 41 | AF46: KHI/HO/D/MO/PC COMP/C/100245/147/10/2024 | AG46: 49725 | AH46: =Y46-AG46 -> 0
A47: Renewal | B47: 60216/4 | C47: 45566 | D47: SALAAM TAKAFUL LTD | E47: KHI/HO/D/MO/PC COMP/C/100245/94/10/2024 | F47: 45583 | G47: 45947 | H47: ZOHAIB AZIZ | I47: 4220167102031 | J47: PRINCE PEARL | K47: BYB-152 | L47: N04603104W | M47: RAILPPM22H04258 | N47: 60216/4 | O47: South | P47: 0144 | Q47: 272601 | R47: 44858 | S47: 46696 | T47: 1766450 | U47: 15 | V47: 264967.5 | W47: 1501482.5 | X47: 2 | Y47: 30029.65 | AA47: paid | AB47: 1141071585 | AC47: 45624 | AD47: DISBURSED | AE47: 0 | AF47: KHI/HO/D/MO/PC COMP/C/100245/94/10/2024 | AG47: 30030 | AH47: =Y47-AG47 -> -0.35
A48: Renewal | B48: 67611/1 | C48: 45566 | D48: SALAAM TAKAFUL LTD | E48: KHI/HO/D/MO/PC COMP/C/100245/83/10/2024 | F48: 45583 | G48: 45947 | H48: USAMA - | I48: 3520232780061 | J48: PRINCE PEARL | K48: AAH-655 | L48: LO5604902W | M48: PM20H00874 | N48: 67611/1 | O48: Central | P48: 0329 | Q48: 628396 | R48: 45222 | S48: 47063 | T48: 1200000 | U48: 10 | V48: 120000 | W48: 1080000 | X48: 2 | Y48: 21600 | AA48: paid | AB48: 1141071585 | AC48: 45624 | AD48: DISBURSED | AE48: 10 | AF48: KHI/HO/D/MO/PC COMP/C/100245/83/10/2024 | AG48: 21600 | AH48: =Y48-AG48 -> 0
A49: Renewal | B49: 67190/1 | C49: 45566 | D49: SALAAM TAKAFUL LTD | E49: KHI/HO/D/MO/PC COMP/C/100245/59/10/2024 | F49: 45583 | G49: 45947 | H49: HAMZA NAVEED | I49: 6110127817107 | J49: SUZUKI CULTUS VXL | K49: AJK-889 | L49: 122477 | M49: 10023788 | N49: 67190/1 | O49: North | P49: 0804 | Q49: 535583 | R49: 45219 | S49: 47063 | T49: 2700000 | U49: 10 | V49: 270000 | W49: 2430000 | X49: 2 | Y49: 48600 | AA49: paid | AB49: 1141071585 | AC49: 45624 | AD49: DISBURSED | AE49: 10 | AF49: KHI/HO/D/MO/PC COMP/C/100245/59/10/2024 | AG49: 48600 | AH49: =Y49-AG49 -> 0
A50: Renewal | B50: 68039/1 | C50: 45566 | D50: SALAAM TAKAFUL LTD | E50: KHI/HO/D/MO/PC COMP/C/100245/133/10/2024 | F50: 45584 | G50: 45948 | H50: RIZWAN MEHMOOD | I50: 3310211821623 | J50: TOYOTA YARIS 1.3 H CVT | K50: AAS-898 | L50: 2A 09966 | M50: NSP150R7005708 | N50: 68039/1 | O50: Central | P50: 0423 | Q50: 617234 | R50: 45223 | S50: 46331 | T50: 4000000 | U50: 10 | V50: 400000 | W50: 3600000 | X50: 1.5 | Y50: 54000 | AA50: paid | AB50: 1141071585 | AC50: 45624 | AD50: DISBURSED | AE50: 0 | AF50: KHI/HO/D/MO/PC COMP/C/100245/133/10/2024 | AG50: 54000 | AH50: =Y50-AG50 -> 0
A51: Renewal | B51: 67532/1 | C51: 45566 | D51: SALAAM TAKAFUL LTD | E51: KHI/HO/D/MO/PC COMP/C/100245/132/10/2024 | F51: 45584 | G51: 45948 | H51: ABDUL SALAM | I51: 3660312621647 | J51: HONDA CITY ASPIRE CVT PT | K51: ATE-423 | L51: L15A79801190 | M51: MR269798 | N51: 67532/1 | O51: Central | P51: 0329 | Q51: 628010 | R51: 45222 | S51: 46331 | T51: 4000000 | U51: 10 | V51: 400000 | W51: 3600000 | X51: 1.5 | Y51: 54000 | AA51: paid | AB51: 1141071585 | AC51: 45624 | AD51: DISBURSED | AE51: 0 | AF51: KHI/HO/D/MO/PC COMP/C/100245/132/10/2024 | AG51: 54000 | AH51: =Y51-AG51 -> 0
A52: Renewal | B52: 67399/1 | C52: 45566 | D52: SALAAM TAKAFUL LTD | E52: KHI/HO/D/MO/PC COMP/C/100245/60/10/2024 | F52: 45584 | G52: 45948 | H52: MAJID IQBAL BUTT | I52: 3520227186499 | J52: SUZUKI ALTO VXL AGS E-2 | K52: AQE-421 | L52: R283541 | M52: H1183511 | N52: 67399/1 | O52: Central | P52: 0329 | Q52: 627482 | R52: 45222 | S52: 46331 | T52: 2935000 | U52: 10 | V52: 293500 | W52: 2641500 | X52: 2 | Y52: 52830 | AA52: paid | AB52: 1141071585 | AC52: 45624 | AD52: DISBURSED | AE52: 0 | AF52: KHI/HO/D/MO/PC COMP/C/100245/60/10/2024 | AG52: 52830 | AH52: =Y52-AG52 -> 0
A53: Renewal | B53: 44128/1 | C53: 45566 | D53: SALAAM TAKAFUL LTD | E53: KHI/HO/D/MO/PC COMP/C/100245/37/10/2024 | F53: 45584 | G53: 45948 | H53: MASOOMA AZHAR | I53: 3820292687384 | J53: SUZUKI ALTO VXR E-2 | K53: AAV-058 | L53: 142712 | M53: 1042669 | N53: 44128/1 | O53: Central | P53: 0413 | Q53: 504665 | R53: 44127 | S53: 45966 | T53: 1433000 | U53: 25 | V53: 358250 | W53: 1074750 | X53: 2.5 | Y53: 26868.75 | AA53: paid | AB53: 1141071585 | AC53: 45624 | AD53: DISBURSED | AE53: 10 | AF53: KHI/HO/D/MO/PC COMP/C/100245/37/10/2024 | AG53: 26869 | AH53: =Y53-AG53 -> -0.25
A54: Renewal | B54: 44168/1 | C54: 45566 | D54: SALAAM TAKAFUL LTD | E54: KHI/HO/D/MO/PC COMP/C/100245/158/10/2024 | F54: 45585 | G54: 45949 | H54: ABDUL REHMAN | I54: 3310603587765 | J54: HONDA CIVIC VTI ORIEL PT | K54: ARX-542 | L54: 16914106 | M54: LR065900 | N54: 44168/1 | O54: Central | P54: 0426 | Q54: 504424 | R54: 44130 | S54: 45966 | T54: 4132500 | U54: 25 | V54: 1033125 | W54: 3099375 | X54: 1.5 | Y54: 46490.625 | AA54: paid | AB54: 1141071585 | AC54: 45624 | AD54: DISBURSED | AE54: 0 | AF54: KHI/HO/D/MO/PC COMP/C/100245/158/10/2024 | AG54: 46491 | AH54: =Y54-AG54 -> -0.375
A55: Renewal | B55: 67521/1 | C55: 45566 | D55: SALAAM TAKAFUL LTD | E55: KHI/HO/D/MO/PC COMP/C/100245/134/10/2024 | F55: 45585 | G55: 45949 | H55: SHER ALI | I55: 3520229866143 | J55: SUZUKI CULTUS AGS | K55: ACX-293 | L55: PK10K171613 | M55: H10071608 | N55: 67521/1 | O55: Central | P55: 0329 | Q55: 476480 | R55: 45223 | S55: 47063 | T55: 3550000 | U55: 10 | V55: 355000 | W55: 3195000 | X55: 1.5 | Y55: 47925 | AA55: paid | AB55: 1141071585 | AC55: 45624 | AD55: DISBURSED | AE55: 10 | AF55: KHI/HO/D/MO/PC COMP/C/100245/134/10/2024 | AG55: 47925 | AH55: =Y55-AG55 -> 0
A56: Renewal | B56: 66982/1 | C56: 45566 | D56: SALAAM TAKAFUL LTD | E56: KHI/HO/D/MO/PC COMP/C/100245/61/10/2024 | F56: 45585 | G56: 45949 | H56: MUHAMMAD FAYYAZ | I56: 6110106116701 | J56: SUZUKI ALTO VXR | K56: BCW-180 | L56: 266126 | M56: 1186076 | N56: 66982/1 | O56: North | P56: 0804 | Q56: 625891 | R56: 45223 | S56: 47063 | T56: 2612000 | U56: 10 | V56: 261200 | W56: 2350800 | X56: 2 | Y56: 47016 | AA56: paid | AB56: 1141071585 | AC56: 45624 | AD56: DISBURSED | AE56: 10 | AF56: KHI/HO/D/MO/PC COMP/C/100245/61/10/2024 | AG56: 47016 | AH56: =Y56-AG56 -> 0
A57: Renewal | B57: 44170/1 | C57: 45566 | D57: SALAAM TAKAFUL LTD | E57: KHI/HO/D/MO/PC COMP/C/100245/38/10/2024 | F57: 45585 | G57: 45949 | H57: MUHAMMAD FURQAN | I57: 3840322239127 | J57: SUZUKI CULTUS VXR | K57: AAV-351 | L57: 162556 | M57: 10062532 | N57: 44170/1 | O57: Central | P57: 0451 | Q57: 504478 | R57: 44130 | S57: 45966 | T57: 1780000 | U57: 25 | V57: 445000 | W57: 1335000 | X57: 2.5 | Y57: 33375 | AA57: paid | AB57: 1141071585 | AC57: 45624 | AD57: DISBURSED | AE57: 10 | AF57: KHI/HO/D/MO/PC COMP/C/100245/38/10/2024 | AG57: 33375 | AH57: =Y57-AG57 -> 0
A58: Renewal | B58: 56888/1 | C58: 45566 | D58: SALAAM TAKAFUL LTD | E58: KHI/HO/D/MO/PC COMP/C/100245/19/10/2024 | F58: 45585 | G58: 45949 | H58: MIRZA MUHAMMAD YOUSAF | I58: 3630278418057 | J58: SUZUKI ALTO VXR E-2 | K58: AMD-763 | L58: 6R252938 | M58: 1152931 | N58: 56888/1 | O58: Central | P58: 0431 | Q58: 575120 | R58: 44861 | S58: 47063 | T58: 1675000 | U58: 15 | V58: 251250 | W58: 1423750 | X58: 2.5 | Y58: 35593.75 | AA58: paid | AB58: 1141071585 | AC58: 45624 | AD58: DISBURSED | AE58: 0 | AF58: KHI/HO/D/MO/PC COMP/C/100245/19/10/2024 | AG58: 35594 | AH58: =Y58-AG58 -> -0.25
A59: Renewal | B59: 56520/1 | C59: 45566 | D59: SALAAM TAKAFUL LTD | E59: KHI/HO/D/MO/PC COMP/C/100245/18/10/2024 | F59: 45585 | G59: 45949 | H59: ALI RAZA | I59: 3420131097449 | J59: SUZUKI ALTO VXR E-2 | K59: AMC-627 | L59: 6R251065 | M59: 6H1151048 | N59: 56520/1 | O59: Central | P59: 0411 | Q59: 573392 | R59: 44861 | S59: 46696 | T59: 1675000 | U59: 15 | V59: 251250 | W59: 1423750 | X59: 2.5 | Y59: 35593.75 | AA59: paid | AB59: 1141071585 | AC59: 45624 | AD59: DISBURSED | AE59: 0 | AF59: KHI/HO/D/MO/PC COMP/C/100245/18/10/2024 | AG59: 35594 | AH59: =Y59-AG59 -> -0.25
A60: Renewal | B60: 56006/1 | C60: 45566 | D60: SALAAM TAKAFUL LTD | E60: KHI/HO/D/MO/PC COMP/C/100245/114/10/2024 | F60: 45586 | G60: 45950 | H60: JAMEEL AHMED | I60: 4220155423633 | J60: SUZUKI ALTO VXL AGS E-2 | K60: BXT-236 | L60: 6R252563 | M60: 1152573 | N60: 56006/1 | O60: South | P60: 0144 | Q60: 561327 | R60: 44860 | S60: 45966 | T60: 1886000 | U60: 15 | V60: 282900 | W60: 1603100 | X60: 1.75 | Y60: 28054.25 | AA60: paid | AB60: 1141071585 | AC60: 45624 | AD60: DISBURSED | AE60: 0 | AF60: KHI/HO/D/MO/PC COMP/C/100245/114/10/2024 | AG60: 28054 | AH60: =Y60-AG60 -> 0.25
A61: Renewal | B61: 60604/1 | C61: 45566 | D61: SALAAM TAKAFUL LTD | E61: KHI/HO/D/MO/PC COMP/C/100245/96/10/2024 | F61: 45586 | G61: 45950 | H61: MUHAMMAD SUFYAN | I61: 6110116250121 | J61: SUZUKI WAGON-R VXL E2 | K61: BAK-510 | L61: 239937 | M61: 10139628 | N61: 60604/1 | O61: North | P61: 0804 | Q61: 588057 | R61: 44859 | S61: 46696 | T61: 2564000 | U61: 15 | V61: 384600 | W61: 2179400 | X61: 2 | Y61: 43588 | AA61: paid | AB61: 1141071585 | AC61: 45624 | AD61: DISBURSED | AE61: 10 | AF61: KHI/HO/D/MO/PC COMP/C/100245/96/10/2024 | AG61: 43588 | AH61: =Y61-AG61 -> 0
A62: Renewal | B62: 60611/1 | C62: 45566 | D62: SALAAM TAKAFUL LTD | E62: KHI/HO/D/MO/PC COMP/C/100245/95/10/2024 | F62: 45586 | G62: 45950 | H62: USMAN NAZIR | I62: 3610118588365 | J62: SUZUKI WAGON-R VXL E2 | K62: ANG-210 | L62: 241600 | M62: 10141603 | N62: 60611/1 | O62: Central | P62: 0431 | Q62: 588180 | R62: 44860 | S62: 46696 | T62: 2802000 | U62: 15 | V62: 420300 | W62: 2381700 | X62: 2 | Y62: 47634 | AA62: paid | AB62: 1141071585 | AC62: 45624 | AD62: DISBURSED | AE62: 10 | AF62: KHI/HO/D/MO/PC COMP/C/100245/95/10/2024 | AG62: 47634 | AH62: =Y62-AG62 -> 0
A63: Renewal | B63: 56561/1 | C63: 45566 | D63: SALAAM TAKAFUL LTD | E63: KHI/HO/D/MO/PC COMP/C/100245/21/10/2024 | F63: 45586 | G63: 45950 | H63: ASGHAR ALI | I63: 3660379568349 | J63: SUZUKI ALTO VXR E-2 | K63: AMB-474 | L63: 6R251770 | M63: 6H1151774 | N63: 56561/1 | O63: Central | P63: 0553 | Q63: 46907 | R63: 44861 | S63: 46696 | T63: 1675000 | U63: 15 | V63: 251250 | W63: 1423750 | X63: 2.5 | Y63: 35593.75 | AA63: paid | AB63: 1141071585 | AC63: 45624 | AD63: DISBURSED | AE63: 0 | AF63: KHI/HO/D/MO/PC COMP/C/100245/21/10/2024 | AG63: 35594 | AH63: =Y63-AG63 -> -0.25
A64: Renewal | B64: 44231/1 | C64: 45566 | D64: SALAAM TAKAFUL LTD | E64: KHI/HO/D/MO/PC COMP/C/100245/39/10/2024 | F64: 45587 | G64: 45951 | H64: SHAHZAD AKRAM | I64: 4250115549435 | J64: TOYOTA COROLLA GLI M/T 1. | K64: BQX-810 | L64: 562940 | M64: 4188571 | N64: 44231/1 | O64: South | P64: 0150 | Q64: 429594 | R64: 44132 | S64: 46696 | T64: 3160000 | U64: 25 | V64: 790000 | W64: 2370000 | X64: 2.5 | Y64: 59250 | AA64: paid | AB64: 1141071585 | AC64: 45624 | AD64: DISBURSED | AE64: 0 | AF64: KHI/HO/D/MO/PC COMP/C/100245/39/10/2024 | AG64: 59250 | AH64: =Y64-AG64 -> 0
A65: Renewal | B65: 44210/1 | C65: 45566 | D65: SALAAM TAKAFUL LTD | E65: KHI/HO/D/MO/PC COMP/C/100245/41/10/2024 | F65: 45588 | G65: 45952 | H65: GHALIB AHMAD | I65: 3520291816449 | J65: TOYOTA YARIS ATIV X CVT | K65: ABM-085 | L65: 2A08517 | M65: 9503593 | N65: 44210/1 | O65: Central | P65: 0329 | Q65: 9400 | R65: 44132 | S65: 45966 | T65: 2993000 | U65: 25 | V65: 748250 | W65: 2244750 | X65: 2.5 | Y65: 56118.75 | AA65: paid | AB65: 1141071585 | AC65: 45624 | AD65: DISBURSED | AE65: 0 | AF65: KHI/HO/D/MO/PC COMP/C/100245/41/10/2024 | AG65: 56119 | AH65: =Y65-AG65 -> -0.25
A66: Renewal | B66: 41708/1 | C66: 45566 | D66: SALAAM TAKAFUL LTD | E66: KHI/HO/D/MO/PC COMP/C/100245/3/10/2024 | F66: 45588 | G66: 45952 | H66: SHOAIB HUSSAIN | I66: 3220362537621 | J66: TOYOTA YARIS ATIV X CVT | K66: ABN-545 | L66: 2A10345 | M66: 7005969 | N66: 41708/1 | O66: Central | P66: 0431 | Q66: 412880 | R66: 44132 | S66: 45966 | T66: 2494000 | U66: 25 | V66: 623500 | W66: 1870500 | X66: 3.75 | Y66: 70143.75 | AA66: paid | AB66: 1141071585 | AC66: 45624 | AD66: DISBURSED | AE66: 41 | AF66: KHI/HO/D/MO/PC COMP/C/100245/3/10/2024 | AG66: 70144 | AH66: =Y66-AG66 -> -0.25
A67: Renewal | B67: 42494/1 | C67: 45566 | D67: SALAAM TAKAFUL LTD | E67: KHI/HO/D/MO/PC COMP/C/100245/159/10/2024 | F67: 45589 | G67: 45953 | H67: KHALIL MUNAWAR | I67: 3130322214775 | J67: TOYOTA COROLLA ALTIS GRAN | K67: ANG-400 | L67: Q345514 | M67: 7044694 | N67: 42494/1 | O67: Central | P67: 0461 | Q67: 493210 | R67: 44137 | S67: 45966 | T67: 3922000 | U67: 25 | V67: 980500 | W67: 2941500 | X67: 1.5 | Y67: 44122.5 | AA67: paid | AB67: 1141071585 | AC67: 45624 | AD67: DISBURSED | AE67: 0 | AF67: KHI/HO/D/MO/PC COMP/C/100245/159/10/2024 | AG67: 44123 | AH67: =Y67-AG67 -> -0.5
A68: Renewal | B68: 60670/1 | C68: 45566 | D68: SALAAM TAKAFUL LTD | E68: KHI/HO/D/MO/PC COMP/C/100245/97/10/2024 | F68: 45589 | G68: 45953 | H68: FAISAL ZAMIR | I68: 3410129782703 | J68: SUZUKI WAGON R VXL | K68: LEC-19-8085 | L68: 187778 | M68: PK10087778 | N68: 60670/1 | O68: Central | P68: 0401 | Q68: 588769 | R68: 44861 | S68: 46696 | T68: 1950000 | U68: 15 | V68: 292500 | W68: 1657500 | X68: 2 | Y68: 33150 | AA68: paid | AB68: 1141071585 | AC68: 45624 | AD68: DISBURSED | AE68: 10 | AF68: KHI/HO/D/MO/PC COMP/C/100245/97/10/2024 | AG68: 33150 | AH68: =Y68-AG68 -> 0
A69: Renewal | B69: 67700/1 | C69: 45566 | D69: SALAAM TAKAFUL LTD | E69: KHI/HO/D/MO/PC COMP/C/100245/65/10/2024 | F69: 45589 | G69: 45953 | H69: SAMEENA WASEEM | I69: 3310056657324 | J69: SUZUKI ALTO | K69: AQG-071 | L69: 286150 | M69: 1186122 | N69: 67700/1 | O69: Central | P69: 0423 | Q69: 628694 | R69: 45225 | S69: 47063 | T69: 2612000 | U69: 10 | V69: 261200 | W69: 2350800 | X69: 2 | Y69: 47016 | AA69: paid | AB69: 1141071585 | AC69: 45624 | AD69: DISBURSED | AE69: 0 | AF69: KHI/HO/D/MO/PC COMP/C/100245/65/10/2024 | AG69: 47016 | AH69: =Y69-AG69 -> 0
A70: Renewal | B70: 66145/1 | C70: 45566 | D70: SALAAM TAKAFUL LTD | E70: KHI/HO/D/MO/PC COMP/C/100245/63/10/2024 | F70: 45589 | G70: 45953 | H70: AYAZ MAHMOOD | I70: 3120256143727 | J70: SUZUKI WAGON-R VXL E2 | K70: LED-18-4225 | L70: 154996 | M70: 10054981 | N70: 66145/1 | O70: Central | P70: 0431 | Q70: 622675 | R70: 45226 | S70: 47063 | T70: 2050000 | U70: 10 | V70: 205000 | W70: 1845000 | X70: 2 | Y70: 36900 | AA70: paid | AB70: 1141071585 | AC70: 45624 | AD70: DISBURSED | AE70: 10 | AF70: KHI/HO/D/MO/PC COMP/C/100245/63/10/2024 | AG70: 36900 | AH70: =Y70-AG70 -> 0
A71: Renewal | B71: 68009/1 | C71: 45566 | D71: SALAAM TAKAFUL LTD | E71: KHI/HO/D/MO/CV/C/100348/4/10/2024 | F71: 45589 | G71: 45953 | H71: MUHAMMAD AHSAN MUNIR | I71: 3540220035277 | J71: SUZUKI RAVI VX EURO II | K71: CAQ-8414 | L71: 390552 | M71: 495211 | N71: 68009/1 | O71: Central | P71: 0329 | Q71: 391539 | R71: 45232 | S71: 47063 | T71: 1856000 | U71: 10 | V71: 185600 | W71: 1670400 | X71: 2 | Y71: 33408 | AA71: paid | AB71: 1141071585 | AC71: 45624 | AD71: DISBURSED | AE71: 0 | AF71: KHI/HO/D/MO/CV/C/100348/4/10/2024 | AG71: 33408 | AH71: =Y71-AG71 -> 0
A72: Renewal | B72: 51773/1 | C72: 45566 | D72: SALAAM TAKAFUL LTD | E72: KHI/HO/D/MO/PC COMP/C/100245/118/10/2024 | F72: 45590 | G72: 45954 | H72: MUHAMMAD ALI RAZA | I72: 3520270258163 | J72: SUZUKI WAGON-R VXL E2 | K72: AFW-570 | L72: 222371 | M72: 10122358 | N72: 51773/1 | O72: Central | P72: 0313 | Q72: 550524 | R72: 44498 | S72: 46331 | T72: 1610000 | U72: 20 | V72: 322000 | W72: 1288000 | X72: 1.75 | Y72: 22540 | AA72: paid | AB72: 1141071585 | AC72: 45624 | AD72: DISBURSED | AE72: 10 | AF72: KHI/HO/D/MO/PC COMP/C/100245/118/10/2024 | AG72: 22540 | AH72: =Y72-AG72 -> 0
A73: Renewal | B73: 51757/1 | C73: 45566 | D73: SALAAM TAKAFUL LTD | E73: KHI/HO/D/MO/PC COMP/C/100245/117/10/2024 | F73: 45590 | G73: 45954 | H73: ABID ALI | I73: 3520284772495 | J73: SUZUKI ALTO VXR E-2 | K73: AFS-763 | L73: 189004 | M73: 1089005 | N73: 51757/1 | O73: Central | P73: 0329 | Q73: 550291 | R73: 44498 | S73: 46331 | T73: 1335000 | U73: 20 | V73: 267000 | W73: 1068000 | X73: 1.75 | Y73: 18690 | AA73: paid | AB73: 1141071585 | AC73: 45624 | AD73: DISBURSED | AE73: 0 | AF73: KHI/HO/D/MO/PC COMP/C/100245/117/10/2024 | AG73: 18690 | AH73: =Y73-AG73 -> 0
A74: Renewal | B74: 60666/1 | C74: 45566 | D74: SALAAM TAKAFUL LTD | E74: KHI/HO/D/MO/PC COMP/C/100245/99/10/2024 | F74: 45590 | G74: 45954 | H74: MUHAMMAD UMAR | I74: 3310239559705 | J74: SUZUKI WAGON-R VXL E2 | K74: LEF-19-5852 | L74: B191766 | M74: K10091756 | N74: 60666/1 | O74: Central | P74: 0329 | Q74: 552079 | R74: 44861 | S74: 46696 | T74: 1600000 | U74: 15 | V74: 240000 | W74: 1360000 | X74: 2 | Y74: 27200 | AA74: paid | AB74: 1141071585 | AC74: 45624 | AD74: DISBURSED | AE74: 41 | AF74: KHI/HO/D/MO/PC COMP/C/100245/99/10/2024 | AG74: 27200 | AH74: =Y74-AG74 -> 0
A75: Renewal | B75: 60621/1 | C75: 45566 | D75: SALAAM TAKAFUL LTD | E75: KHI/HO/D/MO/PC COMP/C/100245/98/10/2024 | F75: 45590 | G75: 45954 | H75: MUHAMMAD RIAZ | I75: 4220171850031 | J75: SUZUKI SWIFT DLX A/T NAV. | K75: BQE-865 | L75: 13045866 | M75: 10045843 | N75: 60621/1 | O75: South | P75: 0144 | Q75: 589117 | R75: 44860 | S75: 45966 | T75: 2030000 | U75: 15 | V75: 304500 | W75: 1725500 | X75: 2 | Y75: 34510 | AA75: paid | AB75: 1141071585 | AC75: 45624 | AD75: DISBURSED | AE75: 0 | AF75: KHI/HO/D/MO/PC COMP/C/100245/98/10/2024 | AG75: 34510 | AH75: =Y75-AG75 -> 0
A76: Renewal | B76: 67696/1 | C76: 45566 | D76: SALAAM TAKAFUL LTD | E76: KHI/HO/D/MO/PC COMP/C/100245/68/10/2024 | F76: 45590 | G76: 45954 | H76: KAMRAN JAVED | I76: 3310260139401 | J76: SUZUKI ALTO VXR | K76: AQG-182 | L76: 285941 | M76: 1185886 | N76: 67696/1 | O76: Central | P76: 0423 | Q76: 629575 | R76: 45226 | S76: 47063 | T76: 2612000 | U76: 10 | V76: 261200 | W76: 2350800 | X76: 2 | Y76: 47016 | AA76: paid | AB76: 1141071585 | AC76: 45624 | AD76: DISBURSED | AE76: 10 | AF76: KHI/HO/D/MO/PC COMP/C/100245/68/10/2024 | AG76: 47016 | AH76: =Y76-AG76 -> 0
A77: Renewal | B77: 67771/1 | C77: 45566 | D77: SALAAM TAKAFUL LTD | E77: KHI/HO/D/MO/PC COMP/C/100245/67/10/2024 | F77: 45590 | G77: 45954 | H77: SAAD MAQSOOD | I77: 3520115048549 | J77: SUZUKI ALTO AGS A/T | K77: ABX-674 | L77: 145450 | M77: 1045435 | N77: 67771/1 | O77: Central | P77: 0329 | Q77: 628976 | R77: 45226 | S77: 47063 | T77: 2500000 | U77: 10 | V77: 250000 | W77: 2250000 | X77: 2 | Y77: 45000 | AA77: paid | AB77: 1141071585 | AC77: 45624 | AD77: DISBURSED | AE77: 0 | AF77: KHI/HO/D/MO/PC COMP/C/100245/67/10/2024 | AG77: 45000 | AH77: =Y77-AG77 -> 0
A78: Renewal | B78: 39107/1 | C78: 45566 | D78: SALAAM TAKAFUL LTD | E78: KHI/HO/D/MO/PC COMP/C/100245/9/10/2024 | F78: 45590 | G78: 45954 | H78: MEHR MUHAMMAD . | I78: 9030301132371 | J78: HONDA CITY ASPIRE 1.5 I- | K78: LEA-19A-1645 | L78: 79797264 | M78: KR255972 | N78: 39107/1 | O78: Central | P78: 0413 | Q78: 261634 | R78: 43767 | S78: 46331 | T78: 2545000 | U78: 30 | V78: 763500 | W78: 1781500 | X78: 3.3 | Y78: 58789.5 | AA78: paid | AB78: 1141071585 | AC78: 45624 | AD78: DISBURSED | AE78: 41 | AF78: KHI/HO/D/MO/PC COMP/C/100245/9/10/2024 | AG78: 58790 | AH78: =Y78-AG78 -> -0.5
A79: Renewal | B79: 67820/1 | C79: 45566 | D79: SALAAM TAKAFUL LTD | E79: KHI/HO/D/MO/CV/C/100348/1/10/2024 | F79: 45590 | G79: 45954 | H79: FARHAN RASHEED BUTT | I79: 3650295079917 | J79: SUZUKI RAVI PICK UP | K79: 0 | L79: 389083 | M79: 493486 | N79: 67820/1 | O79: Central | P79: 0561 | Q79: 521843 | R79: 45226 | S79: 46331 | T79: 1856000 | U79: 10 | V79: 185600 | W79: 1670400 | X79: 2 | Y79: 33408 | AA79: paid | AB79: 1141071585 | AC79: 45624 | AD79: DISBURSED | AE79: 0 | AF79: KHI/HO/D/MO/CV/C/100348/1/10/2024 | AG79: 33408 | AH79: =Y79-AG79 -> 0
A80: Renewal | B80: 60689/1 | C80: 45566 | D80: SALAAM TAKAFUL LTD | E80: KHI/HO/D/MO/PC COMP/C/100245/150/10/2024 | F80: 45591 | G80: 45955 | H80: ZAHID SALEEM | I80: 3520254542531 | J80: SUZUKI Swift GLX CVT | K80: AMB-824 | L80: 1008762 | M80: 108767 | N80: 60689/1 | O80: Central | P80: 0329 | Q80: 589520 | R80: 44862 | S80: 45966 | T80: 3755000 | U80: 15 | V80: 563250 | W80: 3191750 | X80: 1.5 | Y80: 47876.25 | AA80: paid | AB80: 1141071585 | AC80: 45624 | AD80: DISBURSED | AE80: 10 | AF80: KHI/HO/D/MO/PC COMP/C/100245/150/10/2024 | AG80: 47876 | AH80: =Y80-AG80 -> 0.25
A81: Renewal | B81: 51791/1 | C81: 45566 | D81: SALAAM TAKAFUL LTD | E81: KHI/HO/D/MO/PC COMP/C/100245/119/10/2024 | F81: 45591 | G81: 45955 | H81: TAUSEEF AHMAD | I81: 3520262886883 | J81: SUZUKI ALTO VXR E-2 | K81: AFR-644 | L81: 189126 | M81: 1089118 | N81: 51791/1 | O81: Central | P81: 0329 | Q81: 444147 | R81: 44498 | S81: 46331 | T81: 1335000 | U81: 20 | V81: 267000 | W81: 1068000 | X81: 1.75 | Y81: 18690 | AA81: paid | AB81: 1141071585 | AC81: 45624 | AD81: DISBURSED | AE81: 0 | AF81: KHI/HO/D/MO/PC COMP/C/100245/119/10/2024 | AG81: 18690 | AH81: =Y81-AG81 -> 0
A82: Renewal | B82: 67663/1 | C82: 45566 | D82: SALAAM TAKAFUL LTD | E82: KHI/HO/D/MO/PC COMP/C/100245/69/10/2024 | F82: 45591 | G82: 45955 | H82: FARMAN YOUSUF | I82: 3520176603941 | J82: SUZUKI ALTO VXR | K82: ALT-470 | L82: 6R242886 | M82: H1142901 | N82: 67663/1 | O82: Central | P82: 0329 | Q82: 628457 | R82: 45229 | S82: 47063 | T82: 2300000 | U82: 10 | V82: 230000 | W82: 2070000 | X82: 2 | Y82: 41400 | AA82: paid | AB82: 1141071585 | AC82: 45624 | AD82: DISBURSED | AE82: 10 | AF82: KHI/HO/D/MO/PC COMP/C/100245/69/10/2024 | AG82: 41400 | AH82: =Y82-AG82 -> 0
A83: Renewal | B83: 56648/1 | C83: 45566 | D83: SALAAM TAKAFUL LTD | E83: KHI/HO/D/MO/PC COMP/C/100245/22/10/2024 | F83: 45591 | G83: 45955 | H83: ZAHOOR KHAN | I83: 3320349828761 | J83: SUZUKI ALTO | K83: AMC-089 | L83: 6R252842 | M83: 6H1152841 | N83: 56648/1 | O83: Central | P83: 0455 | Q83: 573387 | R83: 44873 | S83: 46696 | T83: 1675000 | U83: 15 | V83: 251250 | W83: 1423750 | X83: 2.5 | Y83: 35593.75 | AA83: paid | AB83: 1141071585 | AC83: 45624 | AD83: DISBURSED | AE83: 10 | AF83: KHI/HO/D/MO/PC COMP/C/100245/22/10/2024 | AG83: 35594 | AH83: =Y83-AG83 -> -0.25
A84: Renewal | B84: 44409/1 | C84: 45566 | D84: SALAAM TAKAFUL LTD | E84: KHI/HO/D/MO/PC COMP/C/100245/162/10/2024 | F84: 45592 | G84: 45956 | H84: MUHAMMAD IQBAL | I84: 3510206871309 | J84: KIA SPORTAGE AWD-CW | K84: ABP-651 | L84: 323755 | M84: 505428 | N84: 44409/1 | O84: Central | P84: 0329 | Q84: 508078 | R84: 44141 | S84: 45966 | T84: 5430000 | U84: 25 | V84: 1357500 | W84: 4072500 | X84: 1.5 | Y84: 61087.5 | AA84: paid | AB84: 1141071585 | AC84: 45624 | AD84: DISBURSED | AE84: 10 | AF84: KHI/HO/D/MO/PC COMP/C/100245/162/10/2024 | AG84: 61088 | AH84: =Y84-AG84 -> -0.5
A85: Renewal | B85: 43922/2 | C85: 45566 | D85: SALAAM TAKAFUL LTD | E85: KHI/HO/D/MO/PC COMP/C/100245/161/10/2024 | F85: 45592 | G85: 45956 | H85: SHARIQ SAEED | I85: 4230177310463 | J85: HONDA BRV I-VTEC S STD | K85: BH-8548 | L85: 14802967 | M85: 019646 | N85: 43922/2 | O85: South | P85: 0144 | Q85: 279374 | R85: 44131 | S85: 46696 | T85: 3497000 | U85: 25 | V85: 874250 | W85: 2622750 | X85: 1.5 | Y85: 39341.25 | AA85: paid | AB85: 1141071585 | AC85: 45624 | AD85: DISBURSED | AE85: 10 | AF85: KHI/HO/D/MO/PC COMP/C/100245/161/10/2024 | AG85: 39341 | AH85: =Y85-AG85 -> 0.25
A86: Renewal | B86: 44272/1 | C86: 45566 | D86: SALAAM TAKAFUL LTD | E86: KHI/HO/D/MO/PC COMP/C/100245/160/10/2024 | F86: 45592 | G86: 45956 | H86: TARIQ MEHMOOD | I86: 3740502762485 | J86: SUZUKI ALTO VXR | K86: ARW-743 | L86: 143040 | M86: 1042990 | N86: 44272/1 | O86: North | P86: 0804 | Q86: 292628 | R86: 44137 | S86: 45966 | T86: 1433000 | U86: 25 | V86: 358250 | W86: 1074750 | X86: 1.5 | Y86: 16121.25 | AA86: paid | AB86: 1141071585 | AC86: 45624 | AD86: DISBURSED | AE86: 0 | AF86: KHI/HO/D/MO/PC COMP/C/100245/160/10/2024 | AG86: 16121 | AH86: =Y86-AG86 -> 0.25
A87: Renewal | B87: 67285/1 | C87: 45566 | D87: SALAAM TAKAFUL LTD | E87: KHI/HO/D/MO/PC COMP/C/100245/136/10/2024 | F87: 45592 | G87: 45956 | H87: MUHAMMAD KAMRAN SARFRAZ | I87: 3520204118905 | J87: HONDA BRV - S | K87: LEH-17-756 | L87: 13502119 | M87: HR002121 | N87: 67285/1 | O87: Central | P87: 0329 | Q87: 627312 | R87: 45229 | S87: 46331 | T87: 4200000 | U87: 10 | V87: 420000 | W87: 3780000 | X87: 1.5 | Y87: 56700 | AA87: paid | AB87: 1141071585 | AC87: 45624 | AD87: DISBURSED | AE87: 0 | AF87: KHI/HO/D/MO/PC COMP/C/100245/136/10/2024 | AG87: 56700 | AH87: =Y87-AG87 -> 0
A88: Renewal | B88: 67533/1 | C88: 45566 | D88: SALAAM TAKAFUL LTD | E88: KHI/HO/D/MO/PC COMP/C/100245/135/10/2024 | F88: 45592 | G88: 45956 | H88: MUHAMMAD SHOAIB | I88: 3840203188931 | J88: HONDA CITY | K88: LEF-19-7223 | L88: A79795697 | M88: KR2660745 | N88: 67533/1 | O88: Central | P88: 0329 | Q88: 628063 | R88: 45230 | S88: 46331 | T88: 4200000 | U88: 10 | V88: 420000 | W88: 3780000 | X88: 1.5 | Y88: 56700 | AA88: paid | AB88: 1141071585 | AC88: 45624 | AD88: DISBURSED | AE88: 10 | AF88: KHI/HO/D/MO/PC COMP/C/100245/135/10/2024 | AG88: 56700 | AH88: =Y88-AG88 -> 0
A89: Renewal | B89: 51803/1 | C89: 45566 | D89: SALAAM TAKAFUL LTD | E89: KHI/HO/D/MO/PC COMP/C/100245/120/10/2024 | F89: 45592 | G89: 45956 | H89: NASEER AHMED | I89: 3520202521899 | J89: SUZUKI WAGON-R VXL E2 | K89: AFS-428 | L89: 222168 | M89: 1012214 | N89: 51803/1 | O89: Central | P89: 0329 | Q89: 549316 | R89: 44498 | S89: 47063 | T89: 1610000 | U89: 20 | V89: 322000 | W89: 1288000 | X89: 1.75 | Y89: 22540 | AA89: paid | AB89: 1141071585 | AC89: 45624 | AD89: DISBURSED | AE89: 0 | AF89: KHI/HO/D/MO/PC COMP/C/100245/120/10/2024 | AG89: 22540 | AH89: =Y89-AG89 -> 0
A90: Renewal | B90: 60721/1 | C90: 45566 | D90: SALAAM TAKAFUL LTD | E90: KHI/HO/D/MO/PC COMP/C/100245/101/10/2024 | F90: 45592 | G90: 45956 | H90: MUHAMMAD ATIF BUTT | I90: 3520220380725 | J90: SUZUKI ALTO | K90: AJF-844 | L90: 204212 | M90: 1104042 | N90: 60721/1 | O90: Central | P90: 0329 | Q90: 589359 | R90: 44865 | S90: 46696 | T90: 1975000 | U90: 15 | V90: 296250 | W90: 1678750 | X90: 2 | Y90: 33575 | AA90: paid | AB90: 1141071585 | AC90: 45624 | AD90: DISBURSED | AE90: 0 | AF90: KHI/HO/D/MO/PC COMP/C/100245/101/10/2024 | AG90: 33575 | AH90: =Y90-AG90 -> 0
A91: Renewal | B91: 60705/1 | C91: 45566 | D91: SALAAM TAKAFUL LTD | E91: KHI/HO/D/MO/PC COMP/C/100245/100/10/2024 | F91: 45592 | G91: 45956 | H91: RANA MUHAMMAD USAMA | I91: 3520111364299 | J91: SUZUKI WAGON R VXL | K91: LEB-17A-7057 | L91: 142899 | M91: 10042906 | N91: 60705/1 | O91: Central | P91: 0329 | Q91: 589115 | R91: 44862 | S91: 45966 | T91: 1775000 | U91: 15 | V91: 266250 | W91: 1508750 | X91: 2 | Y91: 30175 | AA91: paid | AB91: 1141071585 | AC91: 45624 | AD91: DISBURSED | AE91: 0 | AF91: KHI/HO/D/MO/PC COMP/C/100245/100/10/2024 | AG91: 30175 | AH91: =Y91-AG91 -> 0
A92: Renewal | B92: 67882/1 | C92: 45566 | D92: SALAAM TAKAFUL LTD | E92: KHI/HO/D/MO/PC COMP/C/100245/72/10/2024 | F92: 45592 | G92: 45956 | H92: AKHTAR RASOOL | I92: 3310153724259 | J92: SUZUKI ALTO VXL AGS E-2 | K92: AMZ-387 | L92: 6R268574 | M92: NF1AET306H1168469 | N92: 67882/1 | O92: Central | P92: 0423 | Q92: 418729 | R92: 45230 | S92: 46696 | T92: 2850000 | U92: 10 | V92: 285000 | W92: 2565000 | X92: 2 | Y92: 51300 | AA92: paid | AB92: 1141071585 | AC92: 45624 | AD92: DISBURSED | AE92: 10 | AF92: KHI/HO/D/MO/PC COMP/C/100245/72/10/2024 | AG92: 51300 | AH92: =Y92-AG92 -> 0
A93: Renewal | B93: 67812/1 | C93: 45566 | D93: SALAAM TAKAFUL LTD | E93: KHI/HO/D/MO/PC COMP/C/100245/71/10/2024 | F93: 45592 | G93: 45956 | H93: ADNAN - | I93: 3520267323825 | J93: SUZUKI WAGON R VXL | K93: LEH-18-6965 | L93: B160178 | M93: PK10060240 | N93: 67812/1 | O93: Central | P93: 0329 | Q93: 629083 | R93: 45229 | S93: 47063 | T93: 2000000 | U93: 10 | V93: 200000 | W93: 1800000 | X93: 2 | Y93: 36000 | AA93: paid | AB93: 1141071585 | AC93: 45624 | AD93: DISBURSED | AE93: 10 | AF93: KHI/HO/D/MO/PC COMP/C/100245/71/10/2024 | AG93: 36000 | AH93: =Y93-AG93 -> 0
A94: Renewal | B94: 68090/1 | C94: 45566 | D94: SALAAM TAKAFUL LTD | E94: KHI/HO/D/MO/PC COMP/C/100245/70/10/2024 | F94: 45592 | G94: 45956 | H94: MUHAMMAD REHAN QURESHI | I94: 4120484751373 | J94: SUZUKI MEHRAN VXR EURO-II | K94: BKG-426 | L94: 696873 | M94: 01235487 | N94: 68090/1 | O94: South | P94: 0144 | Q94: 627506 | R94: 45236 | S94: 46696 | T94: 850000 | U94: 10 | V94: 85000 | W94: 765000 | X94: 2 | Y94: 15300 | AA94: paid | AB94: 1141071585 | AC94: 45624 | AD94: DISBURSED | AE94: 0 | AF94: KHI/HO/D/MO/PC COMP/C/100245/70/10/2024 | AG94: 15300 | AH94: =Y94-AG94 -> 0
A95: Renewal | B95: 68063/1 | C95: 45566 | D95: SALAAM TAKAFUL LTD | E95: KHI/HO/D/MO/PC COMP/C/100245/66/10/2024 | F95: 45592 | G95: 45956 | H95: ABDUL REHMAN | I95: 3520211216961 | J95: KIA PICANTO 1.0L A/T | K95: AFQ-951 | L95: MP107949 | M95: KP707710 | N95: 68063/1 | O95: Central | P95: 0329 | Q95: 629557 | R95: 45229 | S95: 46331 | T95: 2800000 | U95: 10 | V95: 280000 | W95: 2520000 | X95: 2 | Y95: 50400 | AA95: paid | AB95: 1141071585 | AC95: 45624 | AD95: DISBURSED | AE95: 10 | AF95: KHI/HO/D/MO/PC COMP/C/100245/66/10/2024 | AG95: 50400 | AH95: =Y95-AG95 -> 0
A96: Renewal | B96: 44317/1 | C96: 45566 | D96: SALAAM TAKAFUL LTD | E96: KHI/HO/D/MO/PC COMP/C/100245/42/10/2024 | F96: 45592 | G96: 45956 | H96: USMAN SARWAR | I96: 3410404071861 | J96: SUZUKI EVERY WAGON | K96: AAW-745 | L96: R06A-1723268 | M96: DA17V-127480 | N96: 44317/1 | O96: Central | P96: 0457 | Q96: 509495 | R96: 44133 | S96: 45966 | T96: 1425000 | U96: 25 | V96: 356250 | W96: 1068750 | X96: 2.5 | Y96: 26718.75 | AA96: paid | AB96: 1141071585 | AC96: 45624 | AD96: DISBURSED | AE96: 10 | AF96: KHI/HO/D/MO/PC COMP/C/100245/42/10/2024 | AG96: 26719 | AH96: =Y96-AG96 -> -0.25
A97: Renewal | B97: 56853/1 | C97: 45566 | D97: SALAAM TAKAFUL LTD | E97: KHI/HO/D/MO/PC COMP/C/100245/23/10/2024 | F97: 45592 | G97: 45956 | H97: HAFIZ MUHAMMAD AZEEM | I97: 6110119729833 | J97: SUZUKI ALTO VXR | K97: BAT-497 | L97: 253972 | M97: 1153982 | N97: 56853/1 | O97: North | P97: 0804 | Q97: 292743 | R97: 44865 | S97: 45966 | T97: 1733000 | U97: 15 | V97: 259950 | W97: 1473050 | X97: 2.5 | Y97: 36826.25 | AA97: paid | AB97: 1141071585 | AC97: 45624 | AD97: DISBURSED | AE97: 10 | AF97: KHI/HO/D/MO/PC COMP/C/100245/23/10/2024 | AG97: 36826 | AH97: =Y97-AG97 -> 0.25
A98: Renewal | B98: 41810/1 | C98: 45566 | D98: SALAAM TAKAFUL LTD | E98: KHI/HO/D/MO/PC COMP/C/100245/4/10/2024 | F98: 45592 | G98: 45956 | H98: MUMTAZ HUSSAIN | I98: 3630327209945 | J98: TOYOTA YARIS GLI MT | K98: AAU-762 | L98: 2A10391 | M98: 7005876 | N98: 41810/1 | O98: Central | P98: 0431 | Q98: 493358 | R98: 44132 | S98: 45966 | T98: 2604000 | U98: 25 | V98: 651000 | W98: 1953000 | X98: 3.75 | Y98: 73237.5 | AA98: paid | AB98: 1141071585 | AC98: 45624 | AD98: DISBURSED | AE98: 0 | AF98: KHI/HO/D/MO/PC COMP/C/100245/4/10/2024 | AG98: 73238 | AH98: =Y98-AG98 -> -0.5
A99: Renewal | B99: 52049/1 | C99: 45566 | D99: SALAAM TAKAFUL LTD | E99: KHI/HO/D/MO/PC COMP/C/100245/156/10/2024 | F99: 45593 | G99: 45957 | H99: AMMAR AKHTAR | I99: 3540431646889 | J99: PRINCE GLORY 580 PRO TURB | K99: AEC-395 | L99: 21732847 | M99: 21G1256 | N99: 52049/1 | O99: Central | P99: 0329 | Q99: 550432 | R99: 44502 | S99: 46331 | T99: 4500000 | U99: 20 | V99: 900000 | W99: 3600000 | X99: 1.5 | Y99: 54000 | AA99: paid | AB99: 1141071585 | AC99: 45624 | AD99: DISBURSED | AE99: 10 | AF99: KHI/HO/D/MO/PC COMP/C/100245/156/10/2024 | AG99: 54000 | AH99: =Y99-AG99 -> 0
A100: Renewal | B100: 60805/1 | C100: 45566 | D100: SALAAM TAKAFUL LTD | E100: KHI/HO/D/MO/PC COMP/C/100245/151/10/2024 | F100: 45593 | G100: 45957 | H100: MUHAMMAD TANVEER HUSSAIN | I100: 3310053248507 | J100: HONDA CIVIC VTI ORIEL PT | K100: APZ-882 | L100: R18Z12955221 | M100: NFBFC6664K058993 | N100: 60805/1 | O100: Central | P100: 0423 | Q100: 589814 | R100: 44866 | S100: 45966 | T100: 4275000 | U100: 15 | V100: 641250 | W100: 3633750 | X100: 1.5 | Y100: 54506.25 | AA100: paid | AB100: 1141071585 | AC100: 45624 | AD100: DISBURSED | AE100: 0 | AF100: KHI/HO/D/MO/PC COMP/C/100245/151/10/2024 | AG100: 54506 | AH100: =Y100-AG100 -> 0.25
...

Sheet working1
A1: POLICY NO. | B1: Assorted_code | D1: Premium | E1: 28Nov240018
A2: KHI/HO/D/MO/PC COMP/C/100245/58/10/2024 | B2: =VLOOKUP(A2,policy1!B:C,2,0) -> 070000169164 | C2: =VLOOKUP(A2,Renewal!AF:AG,2,0) -> 17820 | D2: =ROUND(C2,0) -> 17820 | E2: 28Nov240018 | F2: ="insert into ins_premium_det (premium_rcv_code,assorted_code, rec_amount,premium_rcv_detail_code,remaining_amt, payrec, mode_code,coinsurance_code,class_cd,it_remarks) values" -> insert into ins_premium_det (premium_rcv_code,assorted_code, rec_amount,premium_rcv_detail_code,remaining_amt, payrec, mode_code,coinsurance_code,class_cd,it_remarks) values | G2: ="('"&E2&"','"&B2&"','"&D2&"',(select max(to_number(i.premium_rcv_detail_code))+1 from ins_premium_det i),'"&D2&"','"&D2&"','02', '11000003','00','Request by Mr. Raheel Malik Premium 02-Dec-2024');" -> ('28Nov240018','070000169164','17820',(select max(to_number(i.premium_rcv_detail_code))+1 from ins_premium_det i),'17820','17820','02', '11000003','00','Request by Mr. Raheel Malik Premium 02-Dec-2024'); | H2: =F2&G2 -> insert into ins_premium_det (premium_rcv_code,assorted_code, rec_amount,premium_rcv_detail_code,remaining_amt, payrec, mode_code,coinsurance_code,class_cd,it_remarks) values('28Nov240018','070000169164','17820',(select max(to_number(i.premium_rcv_detail_code))+1 from ins_premium_det i),'17820','17820','02', '11000003','00','Request by Mr. Raheel Malik Premium 02-Dec-2024');
A3: KHI/HO/D/MO/PC COMP/C/100245/145/10/2024 | B3: =VLOOKUP(A3,policy1!B:C,2,0) -> 070000169261 | C3: =VLOOKUP(A3,Renewal!AF:AG,2,0) -> 51012 | D3: =ROUND(C3,0) -> 51012 | E3: 28Nov240018 | F3: ="insert into ins_premium_det (premium_rcv_code,assorted_code, rec_amount,premium_rcv_detail_code,remaining_amt, payrec, mode_code,coinsurance_code,class_cd,it_remarks) values" -> insert into ins_premium_det (premium_rcv_code,assorted_code, rec_amount,premium_rcv_detail_code,remaining_amt, payrec, mode_code,coinsurance_code,class_cd,it_remarks) values | G3: ="('"&E3&"','"&B3&"','"&D3&"',(select max(to_number(i.premium_rcv_detail_code))+1 from ins_premium_det i),'"&D3&"','"&D3&"','02', '11000003','00','Request by Mr. Raheel Malik Premium 02-Dec-2024');" -> ('28Nov240018','070000169261','51012',(select max(to_number(i.premium_rcv_detail_code))+1 from ins_premium_det i),'51012','51012','02', '11000003','00','Request by Mr. Raheel Malik Premium 02-Dec-2024'); | H3: =F3&G3 -> insert into ins_premium_det (premium_rcv_code,assorted_code, rec_amount,premium_rcv_detail_code,remaining_amt, payrec, mode_code,coinsurance_code,class_cd,it_remarks) values('28Nov240018','070000169261','51012',(select max(to_number(i.premium_rcv_detail_code))+1 from ins_premium_det i),'51012','51012','02', '11000003','00','Request by Mr. Raheel Malik Premium 02-Dec-2024');
A4: KHI/HO/D/MO/PC COMP/C/100245/64/10/2024 | B4: =VLOOKUP(A4,policy1!B:C,2,0) -> 070000169170 | C4: =VLOOKUP(A4,Renewal!AF:AG,2,0) -> 50400 | D4: =ROUND(C4,0) -> 50400 | E4: 28Nov240018 | F4: ="insert into ins_premium_det (premium_rcv_code,assorted_code, rec_amount,premium_rcv_detail_code,remaining_amt, payrec, mode_code,coinsurance_code,class_cd,it_remarks) values" -> insert into ins_premium_det (premium_rcv_code,assorted_code, rec_amount,premium_rcv_detail_code,remaining_amt, payrec, mode_code,coinsurance_code,class_cd,it_remarks) values | G4: ="('"&E4&"','"&B4&"','"&D4&"',(select max(to_number(i.premium_rcv_detail_code))+1 from ins_premium_det i),'"&D4&"','"&D4&"','02', '11000003','00','Request by Mr. Raheel Malik Premium 02-Dec-2024');" -> ('28Nov240018','070000169170','50400',(select max(to_number(i.premium_rcv_detail_code))+1 from ins_premium_det i),'50400','50400','02', '11000003','00','Request by Mr. Raheel Malik Premium 02-Dec-2024'); | H4: =F4&G4 -> insert into ins_premium_det (premium_rcv_code,assorted_code, rec_amount,premium_rcv_detail_code,remaining_amt, payrec, mode_code,coinsurance_code,class_cd,it_remarks) values('28Nov240018','070000169170','50400',(select max(to_number(i.premium_rcv_detail_code))+1 from ins_premium_det i),'50400','50400','02', '11000003','00','Request by Mr. Raheel Malik Premium 02-Dec-2024');
A5: KHI/HO/D/MO/PC COMP/C/100245/29/10/2024 | B5: =VLOOKUP(A5,policy1!B:C,2,0) -> 070000169127 | C5: =VLOOKUP(A5,Renewal!AF:AG,2,0) -> 58000 | D5: =ROUND(C5,0) -> 58000 | E5: 28Nov240018 | F5: ="insert into ins_premium_det (premium_rcv_code,assorted_code, rec_amount,premium_rcv_detail_code,remaining_amt, payrec, mode_code,coinsurance_code,class_cd,it_remarks) values" -> insert into ins_premium_det (premium_rcv_code,assorted_code, rec_amount,premium_rcv_detail_code,remaining_amt, payrec, mode_code,coinsurance_code,class_cd,it_remarks) values | G5: ="('"&E5&"','"&B5&"','"&D5&"',(select max(to_number(i.premium_rcv_detail_code))+1 from ins_premium_det i),'"&D5&"','"&D5&"','02', '11000003','00','Request by Mr. Raheel Malik Premium 02-Dec-2024');" -> ('28Nov240018','070000169127','58000',(select max(to_number(i.premium_rcv_detail_code))+1 from ins_premium_det i),'58000','58000','02', '11000003','00','Request by Mr. Raheel Malik Premium 02-Dec-2024'); | H5: =F5&G5 -> insert into ins_premium_det (premium_rcv_code,assorted_code, rec_amount,premium_rcv_detail_code,remaining_amt, payrec, mode_code,coinsurance_code,class_cd,it_remarks) values('28Nov240018','070000169127','58000',(select max(to_number(i.premium_rcv_detail_code))+1 from ins_premium_det i),'58000','58000','02', '11000003','00','Request by Mr. Raheel Malik Premium 02-Dec-2024');
A6: KHI/HO/D/MO/PC COMP/C/100245/152/10/2024 | B6: =VLOOKUP(A6,policy1!B:C,2,0) -> 070000169268 | C6: =VLOOKUP(A6,Renewal!AF:AG,2,0) -> 21662 | D6: =ROUND(C6,0) -> 21662 | E6: 28Nov240018 | F6: ="insert into ins_premium_det (premium_rcv_code,assorted_code, rec_amount,premium_rcv_detail_code,remaining_amt, payrec, mode_code,coinsurance_code,class_cd,it_remarks) values" -> insert into ins_premium_det (premium_rcv_code,assorted_code, rec_amount,premium_rcv_detail_code,remaining_amt, payrec, mode_code,coinsurance_code,class_cd,it_remarks) values | G6: ="('"&E6&"','"&B6&"','"&D6&"',(select max(to_number(i.premium_rcv_detail_code))+1 from ins_premium_det i),'"&D6&"','"&D6&"','02', '11000003','00','Request by Mr. Raheel Malik Premium 02-Dec-2024');" -> ('28Nov240018','070000169268','21662',(select max(to_number(i.premium_rcv_detail_code))+1 from ins_premium_det i),'21662','21662','02', '11000003','00','Request by Mr. Raheel Malik Premium 02-Dec-2024'); | H6: =F6&G6 -> insert into ins_premium_det (premium_rcv_code,assorted_code, rec_amount,premium_rcv_detail_code,remaining_amt, payrec, mode_code,coinsurance_code,class_cd,it_remarks) values('28Nov240018','070000169268','21662',(select max(to_number(i.premium_rcv_detail_code))+1 from ins_premium_det i),'21662','21662','02', '11000003','00','Request by Mr. Raheel Malik Premium 02-Dec-2024');
A7: KHI/HO/D/MO/PC COMP/C/100245/149/10/2024 | B7: =VLOOKUP(A7,policy1!B:C,2,0) -> 070000169265 | C7: =VLOOKUP(A7,Renewal!AF:AG,2,0) -> 32755 | D7: =ROUND(C7,0) -> 32755 | E7: 28Nov240018 | F7: ="insert into ins_premium_det (premium_rcv_code,assorted_code, rec_amount,premium_rcv_detail_code,remaining_amt, payrec, mode_code,coinsurance_code,class_cd,it_remarks) values" -> insert into ins_premium_det (premium_rcv_code,assorted_code, rec_amount,premium_rcv_detail_code,remaining_amt, payrec, mode_code,coinsurance_code,class_cd,it_remarks) values | G7: ="('"&E7&"','"&B7&"','"&D7&"',(select max(to_number(i.premium_rcv_detail_code))+1 from ins_premium_det i),'"&D7&"','"&D7&"','02', '11000003','00','Request by Mr. Raheel Malik Premium 02-Dec-2024');" -> ('28Nov240018','070000169265','32755',(select max(to_number(i.premium_rcv_detail_code))+1 from ins_premium_det i),'32755','32755','02', '11000003','00','Request by Mr. Raheel Malik Premium 02-Dec-2024'); | H7: =F7&G7 -> insert into ins_premium_det (premium_rcv_code,assorted_code, rec_amount,premium_rcv_detail_code,remaining_amt, payrec, mode_code,coinsurance_code,class_cd,it_remarks) values('28Nov240018','070000169265','32755',(select max(to_number(i.premium_rcv_detail_code))+1 from ins_premium_det i),'32755','32755','02', '11000003','00','Request by Mr. Raheel Malik Premium 02-Dec-2024');
A8: KHI/HO/D/MO/PC COMP/C/100245/130/10/2024 | B8: =VLOOKUP(A8,policy1!B:C,2,0) -> 070000169240 | C8: =VLOOKUP(A8,Renewal!AF:AG,2,0) -> 42474 | D8: =ROUND(C8,0) -> 42474 | E8: 28Nov240018 | F8: ="insert into ins_premium_det (premium_rcv_code,assorted_code, rec_amount,premium_rcv_detail_code,remaining_amt, payrec, mode_code,coinsurance_code,class_cd,it_remarks) values" -> insert into ins_premium_det (premium_rcv_code,assorted_code, rec_amount,premium_rcv_detail_code,remaining_amt, payrec, mode_code,coinsurance_code,class_cd,it_remarks) values | G8: ="('"&E8&"','"&B8&"','"&D8&"',(select max(to_number(i.premium_rcv_detail_code))+1 from ins_premium_det i),'"&D8&"','"&D8&"','02', '11000003','00','Request by Mr. Raheel Malik Premium 02-Dec-2024');" -> ('28Nov240018','070000169240','42474',(select max(to_number(i.premium_rcv_detail_code))+1 from ins_premium_det i),'42474','42474','02', '11000003','00','Request by Mr. Raheel Malik Premium 02-Dec-2024'); | H8: =F8&G8 -> insert into ins_premium_det (premium_rcv_code,assorted_code, rec_amount,premium_rcv_detail_code,remaining_amt, payrec, mode_code,coinsurance_code,class_cd,it_remarks) values('28Nov240018','070000169240','42474',(select max(to_number(i.premium_rcv_detail_code))+1 from ins_premium_det i),'42474','42474','02', '11000003','00','Request by Mr. Raheel Malik Premium 02-Dec-2024');
A9: KHI/HO/D/MO/PC COMP/C/100245/55/10/2024 | B9: =VLOOKUP(A9,policy1!B:C,2,0) -> 070000169153 | C9: =VLOOKUP(A9,Renewal!AF:AG,2,0) -> 30000 | D9: =ROUND(C9,0) -> 30000 | E9: 28Nov240018 | F9: ="insert into ins_premium_det (premium_rcv_code,assorted_code, rec_amount,premium_rcv_detail_code,remaining_amt, payrec, mode_code,coinsurance_code,class_cd,it_remarks) values" -> insert into ins_premium_det (premium_rcv_code,assorted_code, rec_amount,premium_rcv_detail_code,remaining_amt, payrec, mode_code,coinsurance_code,class_cd,it_remarks) values | G9: ="('"&E9&"','"&B9&"','"&D9&"',(select max(to_number(i.premium_rcv_detail_code))+1 from ins_premium_det i),'"&D9&"','"&D9&"','02', '11000003','00','Request by Mr. Raheel Malik Premium 02-Dec-2024');" -> ('28Nov240018','070000169153','30000',(select max(to_number(i.premium_rcv_detail_code))+1 from ins_premium_det i),'30000','30000','02', '11000003','00','Request by Mr. Raheel Malik Premium 02-Dec-2024'); | H9: =F9&G9 -> insert into ins_premium_det (premium_rcv_code,assorted_code, rec_amount,premium_rcv_detail_code,remaining_amt, payrec, mode_code,coinsurance_code,class_cd,it_remarks) values('28Nov240018','070000169153','30000',(select max(to_number(i.premium_rcv_detail_code))+1 from ins_premium_det i),'30000','30000','02', '11000003','00','Request by Mr. Raheel Malik Premium 02-Dec-2024');
A10: KHI/HO/D/MO/PC COMP/C/100245/53/10/2024 | B10: =VLOOKUP(A10,policy1!B:C,2,0) -> 070000169151 | C10: =VLOOKUP(A10,Renewal!AF:AG,2,0) -> 31781 | D10: =ROUND(C10,0) -> 31781 | E10: 28Nov240018 | F10: ="insert into ins_premium_det (premium_rcv_code,assorted_code, rec_amount,premium_rcv_detail_code,remaining_amt, payrec, mode_code,coinsurance_code,class_cd,it_remarks) values" -> insert into ins_premium_det (premium_rcv_code,assorted_code, rec_amount,premium_rcv_detail_code,remaining_amt, payrec, mode_code,coinsurance_code,class_cd,it_remarks) values | G10: ="('"&E10&"','"&B10&"','"&D10&"',(select max(to_number(i.premium_rcv_detail_code))+1 from ins_premium_det i),'"&D10&"','"&D10&"','02', '11000003','00','Request by Mr. Raheel Malik Premium 02-Dec-2024');" -> ('28Nov240018','070000169151','31781',(select max(to_number(i.premium_rcv_detail_code))+1 from ins_premium_det i),'31781','31781','02', '11000003','00','Request by Mr. Raheel Malik Premium 02-Dec-2024'); | H10: =F10&G10 -> insert into ins_premium_det (premium_rcv_code,assorted_code, rec_amount,premium_rcv_detail_code,remaining_amt, payrec, mode_code,coinsurance_code,class_cd,it_remarks) values('28Nov240018','070000169151','31781',(select max(to_number(i.premium_rcv_detail_code))+1 from ins_premium_det i),'31781','31781','02', '11000003','00','Request by Mr. Raheel Malik Premium 02-Dec-2024');
A11: KHI/HO/D/MO/PC COMP/C/100245/44/10/2024 | B11: =VLOOKUP(A11,policy1!B:C,2,0) -> 070000169142 | C11: =VLOOKUP(A11,Renewal!AF:AG,2,0) -> 29963 | D11: =ROUND(C11,0) -> 29963 | E11: 28Nov240018 | F11: ="insert into ins_premium_det (premium_rcv_code,assorted_code, rec_amount,premium_rcv_detail_code,remaining_amt, payrec, mode_code,coinsurance_code,class_cd,it_remarks) values" -> insert into ins_premium_det (premium_rcv_code,assorted_code, rec_amount,premium_rcv_detail_code,remaining_amt, payrec, mode_code,coinsurance_code,class_cd,it_remarks) values | G11: ="('"&E11&"','"&B11&"','"&D11&"',(select max(to_number(i.premium_rcv_detail_code))+1 from ins_premium_det i),'"&D11&"','"&D11&"','02', '11000003','00','Request by Mr. Raheel Malik Premium 02-Dec-2024');" -> ('28Nov240018','070000169142','29963',(select max(to_number(i.premium_rcv_detail_code))+1 from ins_premium_det i),'29963','29963','02', '11000003','00','Request by Mr. Raheel Malik Premium 02-Dec-2024'); | H11: =F11&G11 -> insert into ins_premium_det (premium_rcv_code,assorted_code, rec_amount,premium_rcv_detail_code,remaining_amt, payrec, mode_code,coinsurance_code,class_cd,it_remarks) values('28Nov240018','070000169142','29963',(select max(to_number(i.premium_rcv_detail_code))+1 from ins_premium_det i),'29963','29963','02', '11000003','00','Request by Mr. Raheel Malik Premium 02-Dec-2024');
A12: KHI/HO/D/MO/PC COMP/C/100245/20/10/2024 | B12: =VLOOKUP(A12,policy1!B:C,2,0) -> 070000169118 | C12: =VLOOKUP(A12,Renewal!AF:AG,2,0) -> 35594 | D12: =ROUND(C12,0) -> 35594 | E12: 28Nov240018 | F12: ="insert into ins_premium_det (premium_rcv_code,assorted_code, rec_amount,premium_rcv_detail_code,remaining_amt, payrec, mode_code,coinsurance_code,class_cd,it_remarks) values" -> insert into ins_premium_det (premium_rcv_code,assorted_code, rec_amount,premium_rcv_detail_code,remaining_amt, payrec, mode_code,coinsurance_code,class_cd,it_remarks) values | G12: ="('"&E12&"','"&B12&"','"&D12&"',(select max(to_number(i.premium_rcv_detail_code))+1 from ins_premium_det i),'"&D12&"','"&D12&"','02', '11000003','00','Request by Mr. Raheel Malik Premium 02-Dec-2024');" -> ('28Nov240018','070000169118','35594',(select max(to_number(i.premium_rcv_detail_code))+1 from ins_premium_det i),'35594','35594','02', '11000003','00','Request by Mr. Raheel Malik Premium 02-Dec-2024'); | H12: =F12&G12 -> insert into ins_premium_det (premium_rcv_code,assorted_code, rec_amount,premium_rcv_detail_code,remaining_amt, payrec, mode_code,coinsurance_code,class_cd,it_remarks) values('28Nov240018','070000169118','35594',(select max(to_number(i.premium_rcv_detail_code))+1 from ins_premium_det i),'35594','35594','02', '11000003','00','Request by Mr. Raheel Malik Premium 02-Dec-2024');
A13: KHI/HO/D/MO/PC COMP/C/100245/155/10/2024 | B13: =VLOOKUP(A13,policy1!B:C,2,0) -> 070000169271 | C13: =VLOOKUP(A13,Renewal!AF:AG,2,0) -> 46402 | D13: =ROUND(C13,0) -> 46402 | E13: 28Nov240018 | F13: ="insert into ins_premium_det (premium_rcv_code,assorted_code, rec_amount,premium_rcv_detail_code,remaining_amt, payrec, mode_code,coinsurance_code,class_cd,it_remarks) values" -> insert into ins_premium_det (premium_rcv_code,assorted_code, rec_amount,premium_rcv_detail_code,remaining_amt, payrec, mode_code,coinsurance_code,class_cd,it_remarks) values | G13: ="('"&E13&"','"&B13&"','"&D13&"',(select max(to_number(i.premium_rcv_detail_code))+1 from ins_premium_det i),'"&D13&"','"&D13&"','02', '11000003','00','Request by Mr. Raheel Malik Premium 02-Dec-2024');" -> ('28Nov240018','070000169271','46402',(select max(to_number(i.premium_rcv_detail_code))+1 from ins_premium_det i),'46402','46402','02', '11000003','00','Request by Mr. Raheel Malik Premium 02-Dec-2024'); | H13: =F13&G13 -> insert into ins_premium_det (premium_rcv_code,assorted_code, rec_amount,premium_rcv_detail_code,remaining_amt, payrec, mode_code,coinsurance_code,class_cd,it_remarks) values('28Nov240018','070000169271','46402',(select max(to_number(i.premium_rcv_detail_code))+1 from ins_premium_det i),'46402','46402','02', '11000003','00','Request by Mr. Raheel Malik Premium 02-Dec-2024');
... A172: KHI/HO/D/MO/PC COMP/C/90920/191/06/2024 | B172: =VLOOKUP(A172,policy1!B:C,2,0) -> 070000161485 | C172: =VLOOKUP(A172,Renewal!AF:AG,2,0) -> 54000 | D172: =ROUND(C172,0) -> 54000 | E172: 28Nov240018 | F172: ="insert into ins_premium_det (premium_rcv_code,assorted_code, rec_amount,premium_rcv_detail_code,remaining_amt, payrec, mode_code,coinsurance_code,class_cd,it_remarks) values" -> insert into ins_premium_det (premium_rcv_code,assorted_code, rec_amount,premium_rcv_detail_code,remaining_amt, payrec, mode_code,coinsurance_code,class_cd,it_remarks) values | G172: ="('"&E172&"','"&B172&"','"&D172&"',(select max(to_number(i.premium_rcv_detail_code))+1 from ins_premium_det i),'"&D172&"','"&D172&"','02', '11000003','00','Request by Mr. Raheel Malik Premium 02-Dec-2024');" -> ('28Nov240018','070000161485','54000',(select max(to_number(i.premium_rcv_detail_code))+1 from ins_premium_det i),'54000','54000','02', '11000003','00','Request by Mr. Raheel Malik Premium 02-Dec-2024'); | H172: =F172&G172 -> insert into ins_premium_det (premium_rcv_code,assorted_code, rec_amount,premium_rcv_detail_code,remaining_amt, payrec, mode_code,coinsurance_code,class_cd,it_remarks) values('28Nov240018','070000161485','54000',(select max(to_number(i.premium_rcv_detail_code))+1 from ins_premium_det i),'54000','54000','02', '11000003','00','Request by Mr. Raheel Malik Premium 02-Dec-2024');
C173: =SUM(C2:C172) -> 7031841 | D173: =SUM(D2:D172) -> 7031841

Sheet Sheet5
A2: KHI/HO/D/MO/PC COMP/C/100245/58/10/2024 | B2: -10-2024 | H2: 100245 | I2: 00058 | J2: ="ia.assorted_string like '%"&H2&"-"&I2&B2&"%' or" -> ia.assorted_string like '%100245-00058-10-2024%' or
A3: KHI/HO/D/MO/PC COMP/C/100245/145/10/2024 | B3: -10-2024 | H3: 100245 | I3: 00145 | J3: ="ia.assorted_string like '%"&H3&"-"&I3&B3&"%' or" -> ia.assorted_string like '%100245-00145-10-2024%' or
A4: KHI/HO/D/MO/PC COMP/C/100245/64/10/2024 | B4: -10-2024 | H4: 100245 | I4: 00064 | J4: ="ia.assorted_string like '%"&H4&"-"&I4&B4&"%' or" -> ia.assorted_string like '%100245-00064-10-2024%' or
A5: KHI/HO/D/MO/PC COMP/C/100245/29/10/2024 | B5: -10-2024 | H5: 100245 | I5: 00029 | J5: ="ia.assorted_string like '%"&H5&"-"&I5&B5&"%' or" -> ia.assorted_string like '%100245-00029-10-2024%' or
A6: KHI/HO/D/MO/PC COMP/C/100245/152/10/2024 | B6: -10-2024 | H6: 100245 | I6: 00152 | J6: ="ia.assorted_string like '%"&H6&"-"&I6&B6&"%' or" -> ia.assorted_string like '%100245-00152-10-2024%' or
A7: KHI/HO/D/MO/PC COMP/C/100245/149/10/2024 | B7: -10-2024 | H7: 100245 | I7: 00149 | J7: ="ia.assorted_string like '%"&H7&"-"&I7&B7&"%' or" -> ia.assorted_string like '%100245-00149-10-2024%' or
A8: KHI/HO/D/MO/PC COMP/C/100245/130/10/2024 | B8: -10-2024 | H8: 100245 | I8: 00130 | J8: ="ia.assorted_string like '%"&H8&"-"&I8&B8&"%' or" -> ia.assorted_string like '%100245-00130-10-2024%' or
A9: KHI/HO/D/MO/PC COMP/C/100245/55/10/2024 | B9: -10-2024 | H9: 100245 | I9: 00055 | J9: ="ia.assorted_string like '%"&H9&"-"&I9&B9&"%' or" -> ia.assorted_string like '%100245-00055-10-2024%' or
A10: KHI/HO/D/MO/PC COMP/C/100245/53/10/2024 | B10: -10-2024 | H10: 100245 | I10: 00053 | J10: ="ia.assorted_string like '%"&H10&"-"&I10&B10&"%' or" -> ia.assorted_string like '%100245-00053-10-2024%' or
A11: KHI/HO/D/MO/PC COMP/C/100245/44/10/2024 | B11: -10-2024 | H11: 100245 | I11: 00044 | J11: ="ia.assorted_string like '%"&H11&"-"&I11&B11&"%' or" -> ia.assorted_string like '%100245-00044-10-2024%' or
A12: KHI/HO/D/MO/PC COMP/C/100245/20/10/2024 | B12: -10-2024 | H12: 100245 | I12: 00020 | J12: ="ia.assorted_string like '%"&H12&"-"&I12&B12&"%' or" -> ia.assorted_string like '%100245-00020-10-2024%' or
A13: KHI/HO/D/MO/PC COMP/C/100245/155/10/2024 | B13: -10-2024 | H13: 100245 | I13: 00155 | J13: ="ia.assorted_string like '%"&H13&"-"&I13&B13&"%' or" -> ia.assorted_string like '%100245-00155-10-2024%' or
... A172: KHI/HO/D/MO/PC COMP/C/90920/191/06/2024 | B172: -06-2024 | H172: 90920 | I172: 00191 | J172: ="ia.assorted_string like '%"&H172&"-"&I172&B172&"%' or" -> ia.assorted_string like '%90920-00191-06-2024%' or

Sheet policy1
B1: FUNC_ASSORTED_STRING(IA.ASSORTED_CODE) | C1: ASSORTED_CODE
A2: 1 | B2: KHI/HO/D/MO/PC COMP/C/96731/4/09/2024 | C2: 070000165242
A3: 2 | B3: KHI/HO/D/MO/PC COMP/C/96721/7/09/2024 | C3: 070000165064
A4: 3 | B4: KHI/HO/D/MO/PC COMP/C/96721/26/09/2024 | C4: 070000165090
A5: 4 | B5: KHI/HO/D/MO/PC COMP/C/96721/38/09/2024 | C5: 070000165104
A6: 5 | B6: KHI/HO/D/MO/PC COMP/C/96729/1/09/2024 | C6: 070000165165
A7: 6 | B7: KHI/HO/D/MO/PC COMP/C/96729/3/09/2024 | C7: 070000165170
A8: 7 | B8: KHI/HO/D/MO/CV/C/100348/4/10/2024 | C8: 070000168728
A9: 8 | B9: KHI/HO/D/MO/CV/C/100347/1/10/2024 | C9: 070000168720
A10: 9 | B10: KHI/HO/D/MO/CV/C/100347/2/10/2024 | C10: 070000168721
A11: 10 | B11: KHI/HO/D/MO/PC COMP/C/93460/6/07/2024 | C11: 070000162604
A12: 11 | B12: KHI/HO/D/MO/PC COMP/C/90920/191/06/2024 | C12: 070000161485
A13: 12 | B13: KHI/HO/D/MO/PC COMP/C/100245/4/10/2024 | C13: 070000169089
... A172: 171 | B172: KHI/HO/D/MO/CV/C/100348/3/10/2024 | C172: 070000168724
