Workbook

Sheet Sheet1
A1: POLICY_STRING | B1: COMM | C1: Agency Codes
A2: LHR/LHR/D/MO/PC COMP/P/88176/04/2024 | B2: 17250 | C2: 9000748
A3: LHR/LHR/D/MO/PC COMP/P/90140/06/2024 | B3: 6500 | C3: 9000806
A4: LHR/LHR/D/MO/PC TPP/P/93455/07/2024 | B4: 14600 | C4: 9000210
A5: LHR/LHR/D/MO/PC COMP/P/105642/01/2025 | B5: 38564 | C5: 9000918
A6: LHR/LHR/D/MO/PC COMP/P/105885/01/2025 | B6: 42996 | C6: 9000905
A7: LHR/LHR/D/MO/PC COMP/P/106469/01/2025 | B7: 53564 | C7: 9000918
A8: LHR/LHR/D/MO/PC COMP/P/106777/01/2025 | B8: 19867 | C8: 9000952
A9: LHR/LHR/D/MO/PC COMP/P/106814/01/2025 | B9: 2500 | C9: 9000732
A10: LHR/LHR/D/MO/PC TPP/P/106853/01/2025 | B10: 8460 | C10: 9000795
A11: LHR/LHR/D/MO/PC TPP/P/106863/01/2025 | B11: 22573 | C11: 9000945
A12: LHR/LHR/D/MO/PC COMP/P/106912/01/2025 | B12: 12137 | C12: 9000949
A13: LHR/LHR/D/MO/PC COMP/P/106993/02/2025 | B13: 14500 | C13: 9000867
... A43: LHR/LHR/D/MO/PC COMP/P/108118/03/2025 | B43: 9725 | C43: 9000496
A44: LHR/LHR/D/MO/PC TPP/P/108173/03/2025 | B44: 98771 | C44: 09000836
A45: LHR/LHR/D/MO/PC COMP/P/99708/10/2024 | B45: -270 | C45: 9000518
B46: =SUM(B2:B45) -> 737452
A48: POLICY_STRING | B48: PREM
A49: LHR/LHR/D/MO/PC COMP/P/88176/04/2024 | B49: 17250
A50: LHR/LHR/D/MO/PC COMP/P/90140/06/2024 | B50: 6500
A51: LHR/LHR/D/MO/PC TPP/P/93455/07/2024 | B51: 14600
A52: LHR/LHR/D/MO/PC COMP/P/105642/01/2025 | B52: 38564
A53: LHR/LHR/D/MO/PC COMP/P/105885/01/2025 | B53: 42996
A54: LHR/LHR/D/MO/PC COMP/P/106469/01/2025 | B54: 53564
A55: LHR/LHR/D/MO/PC COMP/P/106777/01/2025 | B55: 19867
A56: LHR/LHR/D/MO/PC COMP/P/106814/01/2025 | B56: 2500
A57: LHR/LHR/D/MO/PC TPP/P/106853/01/2025 | B57: 8460
A58: LHR/LHR/D/MO/PC TPP/P/106863/01/2025 | B58: 22573
A59: LHR/LHR/D/MO/PC COMP/P/106912/01/2025 | B59: 12137
A60: LHR/LHR/D/MO/PC COMP/P/106993/02/2025 | B60: 14500
... A92: LHR/LHR/D/MO/PC COMP/P/99708/10/2024 | B92: -270
B93: =SUM(B49:B92) -> 737452

Sheet working
A1: POLICY NO. | B1: Assorted_code | D1: Premium | E1: 09Apr250030
A2: LHR/LHR/D/MO/PC COMP/P/88176/04/2024 | B2: =VLOOKUP(A2,policy!B:C,2,0) -> 040000172341 | C2: 17250 | D2: =ROUND(C2,0) -> 17250 | E2: 09Apr250030 | F2: ="insert into ins_premium_det (premium_rcv_code,assorted_code, rec_amount,premium_rcv_detail_code,remaining_amt, payrec, mode_code,coinsurance_code,class_cd,it_remarks) values" -> insert into ins_premium_det (premium_rcv_code,assorted_code, rec_amount,premium_rcv_detail_code,remaining_amt, payrec, mode_code,coinsurance_code,class_cd,it_remarks) values | G2: ="('"&E2&"','"&B2&"','"&D2&"',(select max(to_number(i.premium_rcv_detail_code))+1 from ins_premium_det i),'"&D2&"','"&D2&"','02', '11000003','00','Request by Mr. Omair Ali 10-Apr-2025');" -> ('09Apr250030','040000172341','17250',(select max(to_number(i.premium_rcv_detail_code))+1 from ins_premium_det i),'17250','17250','02', '11000003','00','Request by Mr. Omair Ali 10-Apr-2025'); | H2: =F2&G2 -> insert into ins_premium_det (premium_rcv_code,assorted_code, rec_amount,premium_rcv_detail_code,remaining_amt, payrec, mode_code,coinsurance_code,class_cd,it_remarks) values('09Apr250030','040000172341','17250',(select max(to_number(i.premium_rcv_detail_code))+1 from ins_premium_det i),'17250','17250','02', '11000003','00','Request by Mr. Omair Ali 10-Apr-2025');
A3: LHR/LHR/D/MO/PC COMP/P/90140/06/2024 | B3: =VLOOKUP(A3,policy!B:C,2,0) -> 040000174949 | C3: 6500 | D3: =ROUND(C3,0) -> 6500 | E3: 09Apr250030 | F3: ="insert into ins_premium_det (premium_rcv_code,assorted_code, rec_amount,premium_rcv_detail_code,remaining_amt, payrec, mode_code,coinsurance_code,class_cd,it_remarks) values" -> insert into ins_premium_det (premium_rcv_code,assorted_code, rec_amount,premium_rcv_detail_code,remaining_amt, payrec, mode_code,coinsurance_code,class_cd,it_remarks) values | G3: ="('"&E3&"','"&B3&"','"&D3&"',(select max(to_number(i.premium_rcv_detail_code))+1 from ins_premium_det i),'"&D3&"','"&D3&"','02', '11000003','00','Request by Mr. Omair Ali 10-Apr-2025');" -> ('09Apr250030','040000174949','6500',(select max(to_number(i.premium_rcv_detail_code))+1 from ins_premium_det i),'6500','6500','02', '11000003','00','Request by Mr. Omair Ali 10-Apr-2025'); | H3: =F3&G3 -> insert into ins_premium_det (premium_rcv_code,assorted_code, rec_amount,premium_rcv_detail_code,remaining_amt, payrec, mode_code,coinsurance_code,class_cd,it_remarks) values('09Apr250030','040000174949','6500',(select max(to_number(i.premium_rcv_detail_code))+1 from ins_premium_det i),'6500','6500','02', '11000003','00','Request by Mr. Omair Ali 10-Apr-2025');
A4: LHR/LHR/D/MO/PC TPP/P/93455/07/2024 | B4: =VLOOKUP(A4,policy!B:C,2,0) -> 040000179305 | C4: 14600 | D4: =ROUND(C4,0) -> 14600 | E4: 09Apr250030 | F4: ="insert into ins_premium_det (premium_rcv_code,assorted_code, rec_amount,premium_rcv_detail_code,remaining_amt, payrec, mode_code,coinsurance_code,class_cd,it_remarks) values" -> insert into ins_premium_det (premium_rcv_code,assorted_code, rec_amount,premium_rcv_detail_code,remaining_amt, payrec, mode_code,coinsurance_code,class_cd,it_remarks) values | G4: ="('"&E4&"','"&B4&"','"&D4&"',(select max(to_number(i.premium_rcv_detail_code))+1 from ins_premium_det i),'"&D4&"','"&D4&"','02', '11000003','00','Request by Mr. Omair Ali 10-Apr-2025');" -> ('09Apr250030','040000179305','14600',(select max(to_number(i.premium_rcv_detail_code))+1 from ins_premium_det i),'14600','14600','02', '11000003','00','Request by Mr. Omair Ali 10-Apr-2025'); | H4: =F4&G4 -> insert into ins_premium_det (premium_rcv_code,assorted_code, rec_amount,premium_rcv_detail_code,remaining_amt, payrec, mode_code,coinsurance_code,class_cd,it_remarks) values('09Apr250030','040000179305','14600',(select max(to_number(i.premium_rcv_detail_code))+1 from ins_premium_det i),'14600','14600','02', '11000003','00','Request by Mr. Omair Ali 10-Apr-2025');
A5: LHR/LHR/D/MO/PC COMP/P/105642/01/2025 | B5: =VLOOKUP(A5,policy!B:C,2,0) -> 040000193824 | C5: 38564 | D5: =ROUND(C5,0) -> 38564 | E5: 09Apr250030 | F5: ="insert into ins_premium_det (premium_rcv_code,assorted_code, rec_amount,premium_rcv_detail_code,remaining_amt, payrec, mode_code,coinsurance_code,class_cd,it_remarks) values" -> insert into ins_premium_det (premium_rcv_code,assorted_code, rec_amount,premium_rcv_detail_code,remaining_amt, payrec, mode_code,coinsurance_code,class_cd,it_remarks) values | G5: ="('"&E5&"','"&B5&"','"&D5&"',(select max(to_number(i.premium_rcv_detail_code))+1 from ins_premium_det i),'"&D5&"','"&D5&"','02', '11000003','00','Request by Mr. Omair Ali 10-Apr-2025');" -> ('09Apr250030','040000193824','38564',(select max(to_number(i.premium_rcv_detail_code))+1 from ins_premium_det i),'38564','38564','02', '11000003','00','Request by Mr. Omair Ali 10-Apr-2025'); | H5: =F5&G5 -> insert into ins_premium_det (premium_rcv_code,assorted_code, rec_amount,premium_rcv_detail_code,remaining_amt, payrec, mode_code,coinsurance_code,class_cd,it_remarks) values('09Apr250030','040000193824','38564',(select max(to_number(i.premium_rcv_detail_code))+1 from ins_premium_det i),'38564','38564','02', '11000003','00','Request by Mr. Omair Ali 10-Apr-2025');
A6: LHR/LHR/D/MO/PC COMP/P/105885/01/2025 | B6: =VLOOKUP(A6,policy!B:C,2,0) -> 040000194108 | C6: 42996 | D6: =ROUND(C6,0) -> 42996 | E6: 09Apr250030 | F6: ="insert into ins_premium_det (premium_rcv_code,assorted_code, rec_amount,premium_rcv_detail_code,remaining_amt, payrec, mode_code,coinsurance_code,class_cd,it_remarks) values" -> insert into ins_premium_det (premium_rcv_code,assorted_code, rec_amount,premium_rcv_detail_code,remaining_amt, payrec, mode_code,coinsurance_code,class_cd,it_remarks) values | G6: ="('"&E6&"','"&B6&"','"&D6&"',(select max(to_number(i.premium_rcv_detail_code))+1 from ins_premium_det i),'"&D6&"','"&D6&"','02', '11000003','00','Request by Mr. Omair Ali 10-Apr-2025');" -> ('09Apr250030','040000194108','42996',(select max(to_number(i.premium_rcv_detail_code))+1 from ins_premium_det i),'42996','42996','02', '11000003','00','Request by Mr. Omair Ali 10-Apr-2025'); | H6: =F6&G6 -> insert into ins_premium_det (premium_rcv_code,assorted_code, rec_amount,premium_rcv_detail_code,remaining_amt, payrec, mode_code,coinsurance_code,class_cd,it_remarks) values('09Apr250030','040000194108','42996',(select max(to_number(i.premium_rcv_detail_code))+1 from ins_premium_det i),'42996','42996','02', '11000003','00','Request by Mr. Omair Ali 10-Apr-2025');
A7: LHR/LHR/D/MO/PC COMP/P/106469/01/2025 | B7: =VLOOKUP(A7,policy!B:C,2,0) -> 040000194826 | C7: 53564 | D7: =ROUND(C7,0) -> 53564 | E7: 09Apr250030 | F7: ="insert into ins_premium_det (premium_rcv_code,assorted_code, rec_amount,premium_rcv_detail_code,remaining_amt, payrec, mode_code,coinsurance_code,class_cd,it_remarks) values" -> insert into ins_premium_det (premium_rcv_code,assorted_code, rec_amount,premium_rcv_detail_code,remaining_amt, payrec, mode_code,coinsurance_code,class_cd,it_remarks) values | G7: ="('"&E7&"','"&B7&"','"&D7&"',(select max(to_number(i.premium_rcv_detail_code))+1 from ins_premium_det i),'"&D7&"','"&D7&"','02', '11000003','00','Request by Mr. Omair Ali 10-Apr-2025');" -> ('09Apr250030','040000194826','53564',(select max(to_number(i.premium_rcv_detail_code))+1 from ins_premium_det i),'53564','53564','02', '11000003','00','Request by Mr. Omair Ali 10-Apr-2025'); | H7: =F7&G7 -> insert into ins_premium_det (premium_rcv_code,assorted_code, rec_amount,premium_rcv_detail_code,remaining_amt, payrec, mode_code,coinsurance_code,class_cd,it_remarks) values('09Apr250030','040000194826','53564',(select max(to_number(i.premium_rcv_detail_code))+1 from ins_premium_det i),'53564','53564','02', '11000003','00','Request by Mr. Omair Ali 10-Apr-2025');
A8: LHR/LHR/D/MO/PC COMP/P/106777/01/2025 | B8: =VLOOKUP(A8,policy!B:C,2,0) -> 040000195275 | C8: 19867 | D8: =ROUND(C8,0) -> 19867 | E8: 09Apr250030 | F8: ="insert into ins_premium_det (premium_rcv_code,assorted_code, rec_amount,premium_rcv_detail_code,remaining_amt, payrec, mode_code,coinsurance_code,class_cd,it_remarks) values" -> insert into ins_premium_det (premium_rcv_code,assorted_code, rec_amount,premium_rcv_detail_code,remaining_amt, payrec, mode_code,coinsurance_code,class_cd,it_remarks) values | G8: ="('"&E8&"','"&B8&"','"&D8&"',(select max(to_number(i.premium_rcv_detail_code))+1 from ins_premium_det i),'"&D8&"','"&D8&"','02', '11000003','00','Request by Mr. Omair Ali 10-Apr-2025');" -> ('09Apr250030','040000195275','19867',(select max(to_number(i.premium_rcv_detail_code))+1 from ins_premium_det i),'19867','19867','02', '11000003','00','Request by Mr. Omair Ali 10-Apr-2025'); | H8: =F8&G8 -> insert into ins_premium_det (premium_rcv_code,assorted_code, rec_amount,premium_rcv_detail_code,remaining_amt, payrec, mode_code,coinsurance_code,class_cd,it_remarks) values('09Apr250030','040000195275','19867',(select max(to_number(i.premium_rcv_detail_code))+1 from ins_premium_det i),'19867','19867','02', '11000003','00','Request by Mr. Omair Ali 10-Apr-2025');
A9: LHR/LHR/D/MO/PC COMP/P/106814/01/2025 | B9: =VLOOKUP(A9,policy!B:C,2,0) -> 040000195370 | C9: 2500 | D9: =ROUND(C9,0) -> 2500 | E9: 09Apr250030 | F9: ="insert into ins_premium_det (premium_rcv_code,assorted_code, rec_amount,premium_rcv_detail_code,remaining_amt, payrec, mode_code,coinsurance_code,class_cd,it_remarks) values" -> insert into ins_premium_det (premium_rcv_code,assorted_code, rec_amount,premium_rcv_detail_code,remaining_amt, payrec, mode_code,coinsurance_code,class_cd,it_remarks) values | G9: ="('"&E9&"','"&B9&"','"&D9&"',(select max(to_number(i.premium_rcv_detail_code))+1 from ins_premium_det i),'"&D9&"','"&D9&"','02', '11000003','00','Request by Mr. Omair Ali 10-Apr-2025');" -> ('09Apr250030','040000195370','2500',(select max(to_number(i.premium_rcv_detail_code))+1 from ins_premium_det i),'2500','2500','02', '11000003','00','Request by Mr. Omair Ali 10-Apr-2025'); | H9: =F9&G9 -> insert into ins_premium_det (premium_rcv_code,assorted_code, rec_amount,premium_rcv_detail_code,remaining_amt, payrec, mode_code,coinsurance_code,class_cd,it_remarks) values('09Apr250030','040000195370','2500',(select max(to_number(i.premium_rcv_detail_code))+1 from ins_premium_det i),'2500','2500','02', '11000003','00','Request by Mr. Omair Ali 10-Apr-2025');
A10: LHR/LHR/D/MO/PC TPP/P/106853/01/2025 | B10: =VLOOKUP(A10,policy!B:C,2,0) -> 040000195415 | C10: 8460 | D10: =ROUND(C10,0) -> 8460 | E10: 09Apr250030 | F10: ="insert into ins_premium_det (premium_rcv_code,assorted_code, rec_amount,premium_rcv_detail_code,remaining_amt, payrec, mode_code,coinsurance_code,class_cd,it_remarks) values" -> insert into ins_premium_det (premium_rcv_code,assorted_code, rec_amount,premium_rcv_detail_code,remaining_amt, payrec, mode_code,coinsurance_code,class_cd,it_remarks) values | G10: ="('"&E10&"','"&B10&"','"&D10&"',(select max(to_number(i.premium_rcv_detail_code))+1 from ins_premium_det i),'"&D10&"','"&D10&"','02', '11000003','00','Request by Mr. Omair Ali 10-Apr-2025');" -> ('09Apr250030','040000195415','8460',(select max(to_number(i.premium_rcv_detail_code))+1 from ins_premium_det i),'8460','8460','02', '11000003','00','Request by Mr. Omair Ali 10-Apr-2025'); | H10: =F10&G10 -> insert into ins_premium_det (premium_rcv_code,assorted_code, rec_amount,premium_rcv_detail_code,remaining_amt, payrec, mode_code,coinsurance_code,class_cd,it_remarks) values('09Apr250030','040000195415','8460',(select max(to_number(i.premium_rcv_detail_code))+1 from ins_premium_det i),'8460','8460','02', '11000003','00','Request by Mr. Omair Ali 10-Apr-2025');
A11: LHR/LHR/D/MO/PC TPP/P/106863/01/2025 | B11: =VLOOKUP(A11,policy!B:C,2,0) -> 040000195425 | C11: 22573 | D11: =ROUND(C11,0) -> 22573 | E11: 09Apr250030 | F11: ="insert into ins_premium_det (premium_rcv_code,assorted_code, rec_amount,premium_rcv_detail_code,remaining_amt, payrec, mode_code,coinsurance_code,class_cd,it_remarks) values" -> insert into ins_premium_det (premium_rcv_code,assorted_code, rec_amount,premium_rcv_detail_code,remaining_amt, payrec, mode_code,coinsurance_code,class_cd,it_remarks) values | G11: ="('"&E11&"','"&B11&"','"&D11&"',(select max(to_number(i.premium_rcv_detail_code))+1 from ins_premium_det i),'"&D11&"','"&D11&"','02', '11000003','00','Request by Mr. Omair Ali 10-Apr-2025');" -> ('09Apr250030','040000195425','22573',(select max(to_number(i.premium_rcv_detail_code))+1 from ins_premium_det i),'22573','22573','02', '11000003','00','Request by Mr. Omair Ali 10-Apr-2025'); | H11: =F11&G11 -> insert into ins_premium_det (premium_rcv_code,assorted_code, rec_amount,premium_rcv_detail_code,remaining_amt, payrec, mode_code,coinsurance_code,class_cd,it_remarks) values('09Apr250030','040000195425','22573',(select max(to_number(i.premium_rcv_detail_code))+1 from ins_premium_det i),'22573','22573','02', '11000003','00','Request by Mr. Omair Ali 10-Apr-2025');
A12: LHR/LHR/D/MO/PC COMP/P/106912/01/2025 | B12: =VLOOKUP(A12,policy!B:C,2,0) -> 040000195481 | C12: 12137 | D12: =ROUND(C12,0) -> 12137 | E12: 09Apr250030 | F12: ="insert into ins_premium_det (premium_rcv_code,assorted_code, rec_amount,premium_rcv_detail_code,remaining_amt, payrec, mode_code,coinsurance_code,class_cd,it_remarks) values" -> insert into ins_premium_det (premium_rcv_code,assorted_code, rec_amount,premium_rcv_detail_code,remaining_amt, payrec, mode_code,coinsurance_code,class_cd,it_remarks) values | G12: ="('"&E12&"','"&B12&"','"&D12&"',(select max(to_number(i.premium_rcv_detail_code))+1 from ins_premium_det i),'"&D12&"','"&D12&"','02', '11000003','00','Request by Mr. Omair Ali 10-Apr-2025');" -> ('09Apr250030','040000195481','12137',(select max(to_number(i.premium_rcv_detail_code))+1 from ins_premium_det i),'12137','12137','02', '11000003','00','Request by Mr. Omair Ali 10-Apr-2025'); | H12: =F12&G12 -> insert into ins_premium_det (premium_rcv_code,assorted_code, rec_amount,premium_rcv_detail_code,remaining_amt, payrec, mode_code,coinsurance_code,class_cd,it_remarks) values('09Apr250030','040000195481','12137',(select max(to_number(i.premium_rcv_detail_code))+1 from ins_premium_det i),'12137','12137','02', '11000003','00','Request by Mr. Omair Ali 10-Apr-2025');
A13: LHR/LHR/D/MO/PC COMP/P/106993/02/2025 | B13: =VLOOKUP(A13,policy!B:C,2,0) -> 040000195569 | C13: 14500 | D13: =ROUND(C13,0) -> 14500 | E13: 09Apr250030 | F13: ="insert into ins_premium_det (premium_rcv_code,assorted_code, rec_amount,premium_rcv_detail_code,remaining_amt, payrec, mode_code,coinsurance_code,class_cd,it_remarks) values" -> insert into ins_premium_det (premium_rcv_code,assorted_code, rec_amount,premium_rcv_detail_code,remaining_amt, payrec, mode_code,coinsurance_code,class_cd,it_remarks) values | G13: ="('"&E13&"','"&B13&"','"&D13&"',(select max(to_number(i.premium_rcv_detail_code))+1 from ins_premium_det i),'"&D13&"','"&D13&"','02', '11000003','00','Request by Mr. Omair Ali 10-Apr-2025');" -> ('09Apr250030','040000195569','14500',(select max(to_number(i.premium_rcv_detail_code))+1 from ins_premium_det i),'14500','14500','02', '11000003','00','Request by Mr. Omair Ali 10-Apr-2025'); | H13: =F13&G13 -> insert into ins_premium_det (premium_rcv_code,assorted_code, rec_amount,premium_rcv_detail_code,remaining_amt, payrec, mode_code,coinsurance_code,class_cd,it_remarks) values('09Apr250030','040000195569','14500',(select max(to_number(i.premium_rcv_detail_code))+1 from ins_premium_det i),'14500','14500','02', '11000003','00','Request by Mr. Omair Ali 10-Apr-2025');
... A45: LHR/LHR/D/MO/PC COMP/P/99708/10/2024 | B45: =VLOOKUP(A45,policy!B:C,2,0) -> 040000186754 | C45: -270 | D45: =ROUND(C45,0) -> -270 | E45: 09Apr250030 | F45: ="insert into ins_premium_det (premium_rcv_code,assorted_code, rec_amount,premium_rcv_detail_code,remaining_amt, payrec, mode_code,coinsurance_code,class_cd,it_remarks) values" -> insert into ins_premium_det (premium_rcv_code,assorted_code, rec_amount,premium_rcv_detail_code,remaining_amt, payrec, mode_code,coinsurance_code,class_cd,it_remarks) values | G45: ="('"&E45&"','"&B45&"','"&D45&"',(select max(to_number(i.premium_rcv_detail_code))+1 from ins_premium_det i),'"&D45&"','"&D45&"','02', '11000003','00','Request by Mr. Omair Ali 10-Apr-2025');" -> ('09Apr250030','040000186754','-270',(select max(to_number(i.premium_rcv_detail_code))+1 from ins_premium_det i),'-270','-270','02', '11000003','00','Request by Mr. Omair Ali 10-Apr-2025'); | H45: =F45&G45 -> insert into ins_premium_det (premium_rcv_code,assorted_code, rec_amount,premium_rcv_detail_code,remaining_amt, payrec, mode_code,coinsurance_code,class_cd,it_remarks) values('09Apr250030','040000186754','-270',(select max(to_number(i.premium_rcv_detail_code))+1 from ins_premium_det i),'-270','-270','02', '11000003','00','Request by Mr. Omair Ali 10-Apr-2025');
C47: =SUM(C2:C45) -> 737452 | D47: =SUM(D2:D45) -> 737452

Sheet Sheet3
A1: LHR/LHR/D/MO/PC COMP/P/88176/04/2024 | B1: -04-2024 | D1: 88176 | E1: ="ia.assorted_string like '%"&D1&B1&"%' or" -> ia.assorted_string like '%88176-04-2024%' or
A2: LHR/LHR/D/MO/PC COMP/P/90140/06/2024 | B2: -06-2024 | D2: 90140 | E2: ="ia.assorted_string like '%"&D2&B2&"%' or" -> ia.assorted_string like '%90140-06-2024%' or
A3: LHR/LHR/D/MO/PC TPP/P/93455/07/2024 | B3: -07-2024 | D3: 93455 | E3: ="ia.assorted_string like '%"&D3&B3&"%' or" -> ia.assorted_string like '%93455-07-2024%' or
A4: LHR/LHR/D/MO/PC COMP/P/105642/01/2025 | B4: -01-2025 | D4: 105642 | E4: ="ia.assorted_string like '%"&D4&B4&"%' or" -> ia.assorted_string like '%105642-01-2025%' or
A5: LHR/LHR/D/MO/PC COMP/P/105885/01/2025 | B5: -01-2025 | D5: 105885 | E5: ="ia.assorted_string like '%"&D5&B5&"%' or" -> ia.assorted_string like '%105885-01-2025%' or
A6: LHR/LHR/D/MO/PC COMP/P/106469/01/2025 | B6: -01-2025 | D6: 106469 | E6: ="ia.assorted_string like '%"&D6&B6&"%' or" -> ia.assorted_string like '%106469-01-2025%' or
A7: LHR/LHR/D/MO/PC COMP/P/106777/01/2025 | B7: -01-2025 | D7: 106777 | E7: ="ia.assorted_string like '%"&D7&B7&"%' or" -> ia.assorted_string like '%106777-01-2025%' or
A8: LHR/LHR/D/MO/PC COMP/P/106814/01/2025 | B8: -01-2025 | D8: 106814 | E8: ="ia.assorted_string like '%"&D8&B8&"%' or" -> ia.assorted_string like '%106814-01-2025%' or
A9: LHR/LHR/D/MO/PC TPP/P/106853/01/2025 | B9: -01-2025 | D9: 106853 | E9: ="ia.assorted_string like '%"&D9&B9&"%' or" -> ia.assorted_string like '%106853-01-2025%' or
A10: LHR/LHR/D/MO/PC TPP/P/106863/01/2025 | B10: -01-2025 | D10: 106863 | E10: ="ia.assorted_string like '%"&D10&B10&"%' or" -> ia.assorted_string like '%106863-01-2025%' or
A11: LHR/LHR/D/MO/PC COMP/P/106912/01/2025 | B11: -01-2025 | D11: 106912 | E11: ="ia.assorted_string like '%"&D11&B11&"%' or" -> ia.assorted_string like '%106912-01-2025%' or
A12: LHR/LHR/D/MO/PC COMP/P/106993/02/2025 | B12: -02-2025 | D12: 106993 | E12: ="ia.assorted_string like '%"&D12&B12&"%' or" -> ia.assorted_string like '%106993-02-2025%' or
... A44: LHR/LHR/D/MO/PC COMP/P/99708/10/2024 | B44: -10-2024 | D44: 99708 | E44: ="ia.assorted_string like '%"&D44&B44&"%' or" -> ia.assorted_string like '%99708-10-2024%' or

Sheet policy
B1: FUNC_ASSORTED_STRING(IA.ASSORTED_CODE) | C1: ASSORTED_CODE | D1: AGENCY_CODE
A2: 1 | B2: LHR/LHR/D/MO/PC COMP/P/88176/04/2024 | C2: 040000172341 | D2: 09000748
A3: 2 | B3: KHI/HO/D/MO/PC COMP/P/93455/07/2024 | C3: 040000179304 | D3: 09000221
A4: 3 | B4: LHR/LHR/D/MO/PC COMP/P/90140/06/2024 | C4: 040000174949 | D4: 09000806
A5: 4 | B5: LHR/LHR/D/MO/PC TPP/P/93455/07/2024 | C5: 040000179305 | D5: 09000210
A6: 5 | B6: LHR/LHR/D/MO/PC COMP/P/99708/10/2024 | C6: 040000186754 | D6: 09000518
A7: 6 | B7: LHR/LHR/D/MO/PC COMP/P/107058/02/2025 | C7: 040000195643 | D7: 09000463
A8: 7 | B8: LHR/LHR/D/MO/PC COMP/P/107059/02/2025 | C8: 040000195645 | D8: 09000463
A9: 8 | B9: LHR/LHR/D/MO/PC TPP/P/107274/02/2025 | C9: 040000195931 | D9: 09000440
A10: 9 | B10: LHR/LHR/D/MO/PC TPP/P/107275/02/2025 | C10: 040000195934 | D10: 09000440
A11: 10 | B11: LHR/LHR/D/MO/PC COMP/P/106469/01/2025 | C11: 040000194826 | D11: 09000918
A12: 11 | B12: LHR/LHR/D/MO/PC COMP/P/107111/02/2025 | C12: 040000195713 | D12: 09000748
A13: 12 | B13: LHR/LHR/D/MO/PC COMP/P/106777/01/2025 | C13: 040000195275 | D13: 09000952
... A46: 45 | B46: LHR/LHR/D/MO/PC COMP/P/107304/02/2025 | C46: 040000195963 | D46: 09000210

Sheet working-commission
A1: POLICY NO. | B1: Assorted_code | C1: Commission | D1: 09Apr250030
A2: LHR/LHR/D/MO/PC COMP/P/88176/04/2024 | B2: =VLOOKUP(A2,policycommission!B:C,2,0) -> 040000172341 | C2: 17250 | D2: 09Apr250030 | E2: =VLOOKUP(A2,policycommission!B:D,3,0) -> 09000748 | F2: ="insert into ins_premium_det (premium_rcv_code,assorted_code, rec_amount,premium_rcv_detail_code,remaining_amt, payrec, mode_code,paid_to_code,class_cd) values" -> insert into ins_premium_det (premium_rcv_code,assorted_code, rec_amount,premium_rcv_detail_code,remaining_amt, payrec, mode_code,paid_to_code,class_cd) values | G2: ="('"&D1&"','"&B2&"','"&C2&"',(select max(to_number(i.premium_rcv_detail_code))+1 from ins_premium_det i),'"&C2&"','"&C2&"','03', '"&E2&"','00');" -> ('09Apr250030','040000172341','17250',(select max(to_number(i.premium_rcv_detail_code))+1 from ins_premium_det i),'17250','17250','03', '09000748','00'); | H2: =F2&G2 -> insert into ins_premium_det (premium_rcv_code,assorted_code, rec_amount,premium_rcv_detail_code,remaining_amt, payrec, mode_code,paid_to_code,class_cd) values('09Apr250030','040000172341','17250',(select max(to_number(i.premium_rcv_detail_code))+1 from ins_premium_det i),'17250','17250','03', '09000748','00');
A3: LHR/LHR/D/MO/PC COMP/P/90140/06/2024 | B3: =VLOOKUP(A3,policycommission!B:C,2,0) -> 040000174949 | C3: 6500 | D3: 09Apr250030 | E3: =VLOOKUP(A3,policycommission!B:D,3,0) -> 09000806 | F3: ="insert into ins_premium_det (premium_rcv_code,assorted_code, rec_amount,premium_rcv_detail_code,remaining_amt, payrec, mode_code,paid_to_code,class_cd) values" -> insert into ins_premium_det (premium_rcv_code,assorted_code, rec_amount,premium_rcv_detail_code,remaining_amt, payrec, mode_code,paid_to_code,class_cd) values | G3: ="('"&D2&"','"&B3&"','"&C3&"',(select max(to_number(i.premium_rcv_detail_code))+1 from ins_premium_det i),'"&C3&"','"&C3&"','03', '"&E3&"','00');" -> ('09Apr250030','040000174949','6500',(select max(to_number(i.premium_rcv_detail_code))+1 from ins_premium_det i),'6500','6500','03', '09000806','00'); | H3: =F3&G3 -> insert into ins_premium_det (premium_rcv_code,assorted_code, rec_amount,premium_rcv_detail_code,remaining_amt, payrec, mode_code,paid_to_code,class_cd) values('09Apr250030','040000174949','6500',(select max(to_number(i.premium_rcv_detail_code))+1 from ins_premium_det i),'6500','6500','03', '09000806','00');
A4: LHR/LHR/D/MO/PC TPP/P/93455/07/2024 | B4: =VLOOKUP(A4,policycommission!B:C,2,0) -> 040000179305 | C4: 14600 | D4: 09Apr250030 | E4: =VLOOKUP(A4,policycommission!B:D,3,0) -> 09000210 | F4: ="insert into ins_premium_det (premium_rcv_code,assorted_code, rec_amount,premium_rcv_detail_code,remaining_amt, payrec, mode_code,paid_to_code,class_cd) values" -> insert into ins_premium_det (premium_rcv_code,assorted_code, rec_amount,premium_rcv_detail_code,remaining_amt, payrec, mode_code,paid_to_code,class_cd) values | G4: ="('"&D3&"','"&B4&"','"&C4&"',(select max(to_number(i.premium_rcv_detail_code))+1 from ins_premium_det i),'"&C4&"','"&C4&"','03', '"&E4&"','00');" -> ('09Apr250030','040000179305','14600',(select max(to_number(i.premium_rcv_detail_code))+1 from ins_premium_det i),'14600','14600','03', '09000210','00'); | H4: =F4&G4 -> insert into ins_premium_det (premium_rcv_code,assorted_code, rec_amount,premium_rcv_detail_code,remaining_amt, payrec, mode_code,paid_to_code,class_cd) values('09Apr250030','040000179305','14600',(select max(to_number(i.premium_rcv_detail_code))+1 from ins_premium_det i),'14600','14600','03', '09000210','00');
A5: LHR/LHR/D/MO/PC COMP/P/105642/01/2025 | B5: =VLOOKUP(A5,policycommission!B:C,2,0) -> 040000193824 | C5: 38564 | D5: 09Apr250030 | E5: =VLOOKUP(A5,policycommission!B:D,3,0) -> 09000918 | F5: ="insert into ins_premium_det (premium_rcv_code,assorted_code, rec_amount,premium_rcv_detail_code,remaining_amt, payrec, mode_code,paid_to_code,class_cd) values" -> insert into ins_premium_det (premium_rcv_code,assorted_code, rec_amount,premium_rcv_detail_code,remaining_amt, payrec, mode_code,paid_to_code,class_cd) values | G5: ="('"&D4&"','"&B5&"','"&C5&"',(select max(to_number(i.premium_rcv_detail_code))+1 from ins_premium_det i),'"&C5&"','"&C5&"','03', '"&E5&"','00');" -> ('09Apr250030','040000193824','38564',(select max(to_number(i.premium_rcv_detail_code))+1 from ins_premium_det i),'38564','38564','03', '09000918','00'); | H5: =F5&G5 -> insert into ins_premium_det (premium_rcv_code,assorted_code, rec_amount,premium_rcv_detail_code,remaining_amt, payrec, mode_code,paid_to_code,class_cd) values('09Apr250030','040000193824','38564',(select max(to_number(i.premium_rcv_detail_code))+1 from ins_premium_det i),'38564','38564','03', '09000918','00');
A6: LHR/LHR/D/MO/PC COMP/P/105885/01/2025 | B6: =VLOOKUP(A6,policycommission!B:C,2,0) -> 040000194108 | C6: 42996 | D6: 09Apr250030 | E6: =VLOOKUP(A6,policycommission!B:D,3,0) -> 09000905 | F6: ="insert into ins_premium_det (premium_rcv_code,assorted_code, rec_amount,premium_rcv_detail_code,remaining_amt, payrec, mode_code,paid_to_code,class_cd) values" -> insert into ins_premium_det (premium_rcv_code,assorted_code, rec_amount,premium_rcv_detail_code,remaining_amt, payrec, mode_code,paid_to_code,class_cd) values | G6: ="('"&D5&"','"&B6&"','"&C6&"',(select max(to_number(i.premium_rcv_detail_code))+1 from ins_premium_det i),'"&C6&"','"&C6&"','03', '"&E6&"','00');" -> ('09Apr250030','040000194108','42996',(select max(to_number(i.premium_rcv_detail_code))+1 from ins_premium_det i),'42996','42996','03', '09000905','00'); | H6: =F6&G6 -> insert into ins_premium_det (premium_rcv_code,assorted_code, rec_amount,premium_rcv_detail_code,remaining_amt, payrec, mode_code,paid_to_code,class_cd) values('09Apr250030','040000194108','42996',(select max(to_number(i.premium_rcv_detail_code))+1 from ins_premium_det i),'42996','42996','03', '09000905','00');
A7: LHR/LHR/D/MO/PC COMP/P/106469/01/2025 | B7: =VLOOKUP(A7,policycommission!B:C,2,0) -> 040000194826 | C7: 53564 | D7: 09Apr250030 | E7: =VLOOKUP(A7,policycommission!B:D,3,0) -> 09000918 | F7: ="insert into ins_premium_det (premium_rcv_code,assorted_code, rec_amount,premium_rcv_detail_code,remaining_amt, payrec, mode_code,paid_to_code,class_cd) values" -> insert into ins_premium_det (premium_rcv_code,assorted_code, rec_amount,premium_rcv_detail_code,remaining_amt, payrec, mode_code,paid_to_code,class_cd) values | G7: ="('"&D6&"','"&B7&"','"&C7&"',(select max(to_number(i.premium_rcv_detail_code))+1 from ins_premium_det i),'"&C7&"','"&C7&"','03', '"&E7&"','00');" -> ('09Apr250030','040000194826','53564',(select max(to_number(i.premium_rcv_detail_code))+1 from ins_premium_det i),'53564','53564','03', '09000918','00'); | H7: =F7&G7 -> insert into ins_premium_det (premium_rcv_code,assorted_code, rec_amount,premium_rcv_detail_code,remaining_amt, payrec, mode_code,paid_to_code,class_cd) values('09Apr250030','040000194826','53564',(select max(to_number(i.premium_rcv_detail_code))+1 from ins_premium_det i),'53564','53564','03', '09000918','00');
A8: LHR/LHR/D/MO/PC COMP/P/106777/01/2025 | B8: =VLOOKUP(A8,policycommission!B:C,2,0) -> 040000195275 | C8: 19867 | D8: 09Apr250030 | E8: =VLOOKUP(A8,policycommission!B:D,3,0) -> 09000952 | F8: ="insert into ins_premium_det (premium_rcv_code,assorted_code, rec_amount,premium_rcv_detail_code,remaining_amt, payrec, mode_code,paid_to_code,class_cd) values" -> insert into ins_premium_det (premium_rcv_code,assorted_code, rec_amount,premium_rcv_detail_code,remaining_amt, payrec, mode_code,paid_to_code,class_cd) values | G8: ="('"&D7&"','"&B8&"','"&C8&"',(select max(to_number(i.premium_rcv_detail_code))+1 from ins_premium_det i),'"&C8&"','"&C8&"','03', '"&E8&"','00');" -> ('09Apr250030','040000195275','19867',(select max(to_number(i.premium_rcv_detail_code))+1 from ins_premium_det i),'19867','19867','03', '09000952','00'); | H8: =F8&G8 -> insert into ins_premium_det (premium_rcv_code,assorted_code, rec_amount,premium_rcv_detail_code,remaining_amt, payrec, mode_code,paid_to_code,class_cd) values('09Apr250030','040000195275','19867',(select max(to_number(i.premium_rcv_detail_code))+1 from ins_premium_det i),'19867','19867','03', '09000952','00');
A9: LHR/LHR/D/MO/PC COMP/P/106814/01/2025 | B9: =VLOOKUP(A9,policycommission!B:C,2,0) -> 040000195370 | C9: 2500 | D9: 09Apr250030 | E9: =VLOOKUP(A9,policycommission!B:D,3,0) -> 09000732 | F9: ="insert into ins_premium_det (premium_rcv_code,assorted_code, rec_amount,premium_rcv_detail_code,remaining_amt, payrec, mode_code,paid_to_code,class_cd) values" -> insert into ins_premium_det (premium_rcv_code,assorted_code, rec_amount,premium_rcv_detail_code,remaining_amt, payrec, mode_code,paid_to_code,class_cd) values | G9: ="('"&D8&"','"&B9&"','"&C9&"',(select max(to_number(i.premium_rcv_detail_code))+1 from ins_premium_det i),'"&C9&"','"&C9&"','03', '"&E9&"','00');" -> ('09Apr250030','040000195370','2500',(select max(to_number(i.premium_rcv_detail_code))+1 from ins_premium_det i),'2500','2500','03', '09000732','00'); | H9: =F9&G9 -> insert into ins_premium_det (premium_rcv_code,assorted_code, rec_amount,premium_rcv_detail_code,remaining_amt, payrec, mode_code,paid_to_code,class_cd) values('09Apr250030','040000195370','2500',(select max(to_number(i.premium_rcv_detail_code))+1 from ins_premium_det i),'2500','2500','03', '09000732','00');
A10: LHR/LHR/D/MO/PC TPP/P/106853/01/2025 | B10: =VLOOKUP(A10,policycommission!B:C,2,0) -> 040000195415 | C10: 8460 | D10: 09Apr250030 | E10: =VLOOKUP(A10,policycommission!B:D,3,0) -> 09000795 | F10: ="insert into ins_premium_det (premium_rcv_code,assorted_code, rec_amount,premium_rcv_detail_code,remaining_amt, payrec, mode_code,paid_to_code,class_cd) values" -> insert into ins_premium_det (premium_rcv_code,assorted_code, rec_amount,premium_rcv_detail_code,remaining_amt, payrec, mode_code,paid_to_code,class_cd) values | G10: ="('"&D9&"','"&B10&"','"&C10&"',(select max(to_number(i.premium_rcv_detail_code))+1 from ins_premium_det i),'"&C10&"','"&C10&"','03', '"&E10&"','00');" -> ('09Apr250030','040000195415','8460',(select max(to_number(i.premium_rcv_detail_code))+1 from ins_premium_det i),'8460','8460','03', '09000795','00'); | H10: =F10&G10 -> insert into ins_premium_det (premium_rcv_code,assorted_code, rec_amount,premium_rcv_detail_code,remaining_amt, payrec, mode_code,paid_to_code,class_cd) values('09Apr250030','040000195415','8460',(select max(to_number(i.premium_rcv_detail_code))+1 from ins_premium_det i),'8460','8460','03', '09000795','00');
A11: LHR/LHR/D/MO/PC TPP/P/106863/01/2025 | B11: =VLOOKUP(A11,policycommission!B:C,2,0) -> 040000195425 | C11: 22573 | D11: 09Apr250030 | E11: =VLOOKUP(A11,policycommission!B:D,3,0) -> 09000945 | F11: ="insert into ins_premium_det (premium_rcv_code,assorted_code, rec_amount,premium_rcv_detail_code,remaining_amt, payrec, mode_code,paid_to_code,class_cd) values" -> insert into ins_premium_det (premium_rcv_code,assorted_code, rec_amount,premium_rcv_detail_code,remaining_amt, payrec, mode_code,paid_to_code,class_cd) values | G11: ="('"&D10&"','"&B11&"','"&C11&"',(select max(to_number(i.premium_rcv_detail_code))+1 from ins_premium_det i),'"&C11&"','"&C11&"','03', '"&E11&"','00');" -> ('09Apr250030','040000195425','22573',(select max(to_number(i.premium_rcv_detail_code))+1 from ins_premium_det i),'22573','22573','03', '09000945','00'); | H11: =F11&G11 -> insert into ins_premium_det (premium_rcv_code,assorted_code, rec_amount,premium_rcv_detail_code,remaining_amt, payrec, mode_code,paid_to_code,class_cd) values('09Apr250030','040000195425','22573',(select max(to_number(i.premium_rcv_detail_code))+1 from ins_premium_det i),'22573','22573','03', '09000945','00');
A12: LHR/LHR/D/MO/PC COMP/P/106912/01/2025 | B12: =VLOOKUP(A12,policycommission!B:C,2,0) -> 040000195481 | C12: 12137 | D12: 09Apr250030 | E12: =VLOOKUP(A12,policycommission!B:D,3,0) -> 09000949 | F12: ="insert into ins_premium_det (premium_rcv_code,assorted_code, rec_amount,premium_rcv_detail_code,remaining_amt, payrec, mode_code,paid_to_code,class_cd) values" -> insert into ins_premium_det (premium_rcv_code,assorted_code, rec_amount,premium_rcv_detail_code,remaining_amt, payrec, mode_code,paid_to_code,class_cd) values | G12: ="('"&D11&"','"&B12&"','"&C12&"',(select max(to_number(i.premium_rcv_detail_code))+1 from ins_premium_det i),'"&C12&"','"&C12&"','03', '"&E12&"','00');" -> ('09Apr250030','040000195481','12137',(select max(to_number(i.premium_rcv_detail_code))+1 from ins_premium_det i),'12137','12137','03', '09000949','00'); | H12: =F12&G12 -> insert into ins_premium_det (premium_rcv_code,assorted_code, rec_amount,premium_rcv_detail_code,remaining_amt, payrec, mode_code,paid_to_code,class_cd) values('09Apr250030','040000195481','12137',(select max(to_number(i.premium_rcv_detail_code))+1 from ins_premium_det i),'12137','12137','03', '09000949','00');
A13: LHR/LHR/D/MO/PC COMP/P/106993/02/2025 | B13: =VLOOKUP(A13,policycommission!B:C,2,0) -> 040000195569 | C13: 14500 | D13: 09Apr250030 | E13: =VLOOKUP(A13,policycommission!B:D,3,0) -> 09000867 | F13: ="insert into ins_premium_det (premium_rcv_code,assorted_code, rec_amount,premium_rcv_detail_code,remaining_amt, payrec, mode_code,paid_to_code,class_cd) values" -> insert into ins_premium_det (premium_rcv_code,assorted_code, rec_amount,premium_rcv_detail_code,remaining_amt, payrec, mode_code,paid_to_code,class_cd) values | G13: ="('"&D12&"','"&B13&"','"&C13&"',(select max(to_number(i.premium_rcv_detail_code))+1 from ins_premium_det i),'"&C13&"','"&C13&"','03', '"&E13&"','00');" -> ('09Apr250030','040000195569','14500',(select max(to_number(i.premium_rcv_detail_code))+1 from ins_premium_det i),'14500','14500','03', '09000867','00'); | H13: =F13&G13 -> insert into ins_premium_det (premium_rcv_code,assorted_code, rec_amount,premium_rcv_detail_code,remaining_amt, payrec, mode_code,paid_to_code,class_cd) values('09Apr250030','040000195569','14500',(select max(to_number(i.premium_rcv_detail_code))+1 from ins_premium_det i),'14500','14500','03', '09000867','00');
... A45: LHR/LHR/D/MO/PC COMP/P/99708/10/2024 | B45: =VLOOKUP(A45,policycommission!B:C,2,0) -> 040000186754 | C45: -270 | D45: 09Apr250030 | E45: =VLOOKUP(A45,policycommission!B:D,3,0) -> 09000518 | F45: ="insert into ins_premium_det (premium_rcv_code,assorted_code, rec_amount,premium_rcv_detail_code,remaining_amt, payrec, mode_code,paid_to_code,class_cd) values" -> insert into ins_premium_det (premium_rcv_code,assorted_code, rec_amount,premium_rcv_detail_code,remaining_amt, payrec, mode_code,paid_to_code,class_cd) values | G45: ="('"&D44&"','"&B45&"','"&C45&"',(select max(to_number(i.premium_rcv_detail_code))+1 from ins_premium_det i),'"&C45&"','"&C45&"','03', '"&E45&"','00');" -> ('09Apr250030','040000186754','-270',(select max(to_number(i.premium_rcv_detail_code))+1 from ins_premium_det i),'-270','-270','03', '09000518','00'); | H45: =F45&G45 -> insert into ins_premium_det (premium_rcv_code,assorted_code, rec_amount,premium_rcv_detail_code,remaining_amt, payrec, mode_code,paid_to_code,class_cd) values('09Apr250030','040000186754','-270',(select max(to_number(i.premium_rcv_detail_code))+1 from ins_premium_det i),'-270','-270','03', '09000518','00');

Sheet Sheet6
A1: LHR/LHR/D/MO/PC COMP/P/88176/04/2024 | B1: -04-2024 | D1: 88176 | E1: ="ia.assorted_string like '%"&D1&B1&"%' or" -> ia.assorted_string like '%88176-04-2024%' or
A2: LHR/LHR/D/MO/PC COMP/P/90140/06/2024 | B2: -06-2024 | D2: 90140 | E2: ="ia.assorted_string like '%"&D2&B2&"%' or" -> ia.assorted_string like '%90140-06-2024%' or
A3: LHR/LHR/D/MO/PC TPP/P/93455/07/2024 | B3: -07-2024 | D3: 93455 | E3: ="ia.assorted_string like '%"&D3&B3&"%' or" -> ia.assorted_string like '%93455-07-2024%' or
A4: LHR/LHR/D/MO/PC COMP/P/105642/01/2025 | B4: -01-2025 | D4: 105642 | E4: ="ia.assorted_string like '%"&D4&B4&"%' or" -> ia.assorted_string like '%105642-01-2025%' or
A5: LHR/LHR/D/MO/PC COMP/P/105885/01/2025 | B5: -01-2025 | D5: 105885 | E5: ="ia.assorted_string like '%"&D5&B5&"%' or" -> ia.assorted_string like '%105885-01-2025%' or
A6: LHR/LHR/D/MO/PC COMP/P/106469/01/2025 | B6: -01-2025 | D6: 106469 | E6: ="ia.assorted_string like '%"&D6&B6&"%' or" -> ia.assorted_string like '%106469-01-2025%' or
A7: LHR/LHR/D/MO/PC COMP/P/106777/01/2025 | B7: -01-2025 | D7: 106777 | E7: ="ia.assorted_string like '%"&D7&B7&"%' or" -> ia.assorted_string like '%106777-01-2025%' or
A8: LHR/LHR/D/MO/PC COMP/P/106814/01/2025 | B8: -01-2025 | D8: 106814 | E8: ="ia.assorted_string like '%"&D8&B8&"%' or" -> ia.assorted_string like '%106814-01-2025%' or
A9: LHR/LHR/D/MO/PC TPP/P/106853/01/2025 | B9: -01-2025 | D9: 106853 | E9: ="ia.assorted_string like '%"&D9&B9&"%' or" -> ia.assorted_string like '%106853-01-2025%' or
A10: LHR/LHR/D/MO/PC TPP/P/106863/01/2025 | B10: -01-2025 | D10: 106863 | E10: ="ia.assorted_string like '%"&D10&B10&"%' or" -> ia.assorted_string like '%106863-01-2025%' or
A11: LHR/LHR/D/MO/PC COMP/P/106912/01/2025 | B11: -01-2025 | D11: 106912 | E11: ="ia.assorted_string like '%"&D11&B11&"%' or" -> ia.assorted_string like '%106912-01-2025%' or
A12: LHR/LHR/D/MO/PC COMP/P/106993/02/2025 | B12: -02-2025 | D12: 106993 | E12: ="ia.assorted_string like '%"&D12&B12&"%' or" -> ia.assorted_string like '%106993-02-2025%' or
... A44: LHR/LHR/D/MO/PC COMP/P/99708/10/2024 | B44: -10-2024 | D44: 99708 | E44: ="ia.assorted_string like '%"&D44&B44&"%' or" -> ia.assorted_string like '%99708-10-2024%' or

Sheet policycommission
B1: FUNC_ASSORTED_STRING(IA.ASSORTED_CODE) | C1: ASSORTED_CODE | D1: AGENCY_CODE
A2: 1 | B2: LHR/LHR/D/MO/PC COMP/P/88176/04/2024 | C2: 040000172341 | D2: 09000748
A3: 2 | B3: KHI/HO/D/MO/PC COMP/P/93455/07/2024 | C3: 040000179304 | D3: 09000221
A4: 3 | B4: LHR/LHR/D/MO/PC COMP/P/90140/06/2024 | C4: 040000174949 | D4: 09000806
A5: 4 | B5: LHR/LHR/D/MO/PC TPP/P/93455/07/2024 | C5: 040000179305 | D5: 09000210
A6: 5 | B6: LHR/LHR/D/MO/PC COMP/P/99708/10/2024 | C6: 040000186754 | D6: 09000518
A7: 6 | B7: LHR/LHR/D/MO/PC COMP/P/107058/02/2025 | C7: 040000195643 | D7: 09000463
A8: 7 | B8: LHR/LHR/D/MO/PC COMP/P/107059/02/2025 | C8: 040000195645 | D8: 09000463
A9: 8 | B9: LHR/LHR/D/MO/PC TPP/P/107274/02/2025 | C9: 040000195931 | D9: 09000440
A10: 9 | B10: LHR/LHR/D/MO/PC TPP/P/107275/02/2025 | C10: 040000195934 | D10: 09000440
A11: 10 | B11: LHR/LHR/D/MO/PC COMP/P/106469/01/2025 | C11: 040000194826 | D11: 09000918
A12: 11 | B12: LHR/LHR/D/MO/PC COMP/P/107111/02/2025 | C12: 040000195713 | D12: 09000748
A13: 12 | B13: LHR/LHR/D/MO/PC COMP/P/106777/01/2025 | C13: 040000195275 | D13: 09000952
... A46: 45 | B46: LHR/LHR/D/MO/PC COMP/P/107304/02/2025 | C46: 040000195963 | D46: 09000210
