Workbook

Sheet 3034
A1: S. NO. | B1: POLICY NUMBER | C1: ENDORSEMENT NUMBER | D1: NAME | E1: OS
A2: 1 | B2: KHI/HO/D/HLGRP HEALTH/P/3034/01/2024 | C2: KHI/HO/D/HLGRP HEALTH/E/23929/02/2024 | D2: Al Baraka Bank Ltd | E2: -107679 | H2: SUMMARY:
A3: 2 | B3: KHI/HO/D/HLGRP HEALTH/P/3034/01/2024 | C3: KHI/HO/D/HLGRP HEALTH/E/23933/02/2024 | D3: Al Baraka Bank Ltd | E3: 1498951 | H3: 3034 - OS | I3: 3651317
A4: 3 | B4: KHI/HO/D/HLGRP HEALTH/P/3034/01/2024 | C4: KHI/HO/D/HLGRP HEALTH/E/23997/02/2024 | D4: Al Baraka Bank Ltd | E4: -77138 | H4: 3035 - OS | I4: 2161232
A5: 4 | B5: KHI/HO/D/HLGRP HEALTH/P/3034/01/2024 | C5: KHI/HO/D/HLGRP HEALTH/E/24045/02/2024 | D5: Al Baraka Bank Ltd | E5: -106930 | H5: TOTAL - OS | I5: =SUM(I3:I4) -> 5812549
A6: 5 | B6: KHI/HO/D/HLGRP HEALTH/P/3034/01/2024 | C6: KHI/HO/D/HLGRP HEALTH/E/24084/02/2024 | D6: Al Baraka Bank Ltd | E6: -3388 | H6: Less: Claims | I6: -115465
A7: 6 | B7: KHI/HO/D/HLGRP HEALTH/P/3034/01/2024 | C7: KHI/HO/D/HLGRP HEALTH/E/24097/02/2024 | D7: Al Baraka Bank Ltd | E7: 5332 | H7: Received Contributions: | I7: =+SUM(I5:I6) -> 5697084
A8: 7 | B8: KHI/HO/D/HLGRP HEALTH/P/3034/01/2024 | C8: KHI/HO/D/HLGRP HEALTH/E/24116/02/2024 | D8: Al Baraka Bank Ltd | E8: -109703
A9: 8 | B9: KHI/HO/D/HLGRP HEALTH/P/3034/01/2024 | C9: KHI/HO/D/HLGRP HEALTH/E/24212/02/2024 | D9: Al Baraka Bank Ltd | E9: -74726
A10: 9 | B10: KHI/HO/D/HLGRP HEALTH/P/3034/01/2024 | C10: KHI/HO/D/HLGRP HEALTH/E/24272/02/2024 | D10: Al Baraka Bank Ltd | E10: -72809
A11: 10 | B11: KHI/HO/D/HLGRP HEALTH/P/3034/01/2024 | C11: KHI/HO/D/HLGRP HEALTH/E/24339/03/2024 | D11: Al Baraka Bank Ltd | E11: 209758
A12: 11 | B12: KHI/HO/D/HLGRP HEALTH/P/3034/01/2024 | C12: KHI/HO/D/HLGRP HEALTH/E/24353/03/2024 | D12: Al Baraka Bank Ltd | E12: 139240
A13: 12 | B13: KHI/HO/D/HLGRP HEALTH/P/3034/01/2024 | C13: KHI/HO/D/HLGRP HEALTH/E/24397/03/2024 | D13: Al Baraka Bank Ltd | E13: 738204
A14: 13 | B14: KHI/HO/D/HLGRP HEALTH/P/3034/01/2024 | C14: KHI/HO/D/HLGRP HEALTH/E/24436/03/2024 | D14: Al Baraka Bank Ltd | E14: -31702
A15: 14 | B15: KHI/HO/D/HLGRP HEALTH/P/3034/01/2024 | C15: KHI/HO/D/HLGRP HEALTH/E/24460/03/2024 | D15: Al Baraka Bank Ltd | E15: -57825
A16: 15 | B16: KHI/HO/D/HLGRP HEALTH/P/3034/01/2024 | C16: KHI/HO/D/HLGRP HEALTH/E/24578/03/2024 | D16: Al Baraka Bank Ltd | E16: 29702
A17: 16 | B17: KHI/HO/D/HLGRP HEALTH/P/3034/01/2024 | C17: KHI/HO/D/HLGRP HEALTH/E/24614/03/2024 | D17: Al Baraka Bank Ltd | E17: -18572
A18: 17 | B18: KHI/HO/D/HLGRP HEALTH/P/3034/01/2024 | C18: KHI/HO/D/HLGRP HEALTH/E/24634/03/2024 | D18: Al Baraka Bank Ltd | E18: 101042
A19: 18 | B19: KHI/HO/D/HLGRP HEALTH/P/3034/01/2024 | C19: KHI/HO/D/HLGRP HEALTH/E/24681/04/2024 | D19: Al Baraka Bank Ltd | E19: -87420
... A175: 174 | B175: KHI/HO/D/HLGRP HEALTH/P/3034/01/2024 | C175: KHI/HO/D/HLGRP HEALTH/E/29414/12/2024 | D175: Al Baraka Bank Ltd | E175: -242
A176: 175 | B176: KHI/HO/D/HLGRP HEALTH/P/3034/01/2024 | C176: KHI/HO/D/HLGRP HEALTH/E/29426/12/2024 | D176: Al Baraka Bank Ltd | E176: -406 | F176: 3651317
A177: 1 | B177: KHI/HO/D/HLGRP HEALTH/P/3035/01/2024 | C177: KHI/HO/D/HLGRP HEALTH/E/23932/02/2024 | D177: Al Baraka Bank Ltd | E177: -110356
A178: 2 | B178: KHI/HO/D/HLGRP HEALTH/P/3035/01/2024 | C178: KHI/HO/D/HLGRP HEALTH/E/23934/02/2024 | D178: Al Baraka Bank Ltd | E178: 741377
A179: 3 | B179: KHI/HO/D/HLGRP HEALTH/P/3035/01/2024 | C179: KHI/HO/D/HLGRP HEALTH/E/23998/02/2024 | D179: Al Baraka Bank Ltd | E179: -59774
A180: 4 | B180: KHI/HO/D/HLGRP HEALTH/P/3035/01/2024 | C180: KHI/HO/D/HLGRP HEALTH/E/24046/02/2024 | D180: Al Baraka Bank Ltd | E180: -78622
A181: 5 | B181: KHI/HO/D/HLGRP HEALTH/P/3035/01/2024 | C181: KHI/HO/D/HLGRP HEALTH/E/24085/02/2024 | D181: Al Baraka Bank Ltd | E181: -11896
A182: 6 | B182: KHI/HO/D/HLGRP HEALTH/P/3035/01/2024 | C182: KHI/HO/D/HLGRP HEALTH/E/24117/02/2024 | D182: Al Baraka Bank Ltd | E182: -70546
A183: 7 | B183: KHI/HO/D/HLGRP HEALTH/P/3035/01/2024 | C183: KHI/HO/D/HLGRP HEALTH/E/24213/02/2024 | D183: Al Baraka Bank Ltd | E183: -58922
A184: 8 | B184: KHI/HO/D/HLGRP HEALTH/P/3035/01/2024 | C184: KHI/HO/D/HLGRP HEALTH/E/24273/02/2024 | D184: Al Baraka Bank Ltd | E184: -43279
A185: 9 | B185: KHI/HO/D/HLGRP HEALTH/P/3035/01/2024 | C185: KHI/HO/D/HLGRP HEALTH/E/24281/03/2024 | D185: Al Baraka Bank Ltd | E185: 30966
A186: 10 | B186: KHI/HO/D/HLGRP HEALTH/P/3035/01/2024 | C186: KHI/HO/D/HLGRP HEALTH/E/24340/03/2024 | D186: Al Baraka Bank Ltd | E186: 591289
A187: 11 | B187: KHI/HO/D/HLGRP HEALTH/P/3035/01/2024 | C187: KHI/HO/D/HLGRP HEALTH/E/24398/03/2024 | D187: Al Baraka Bank Ltd | E187: 26977
A188: 12 | B188: KHI/HO/D/HLGRP HEALTH/P/3035/01/2024 | C188: KHI/HO/D/HLGRP HEALTH/E/24437/03/2024 | D188: Al Baraka Bank Ltd | E188: -55254
... A316: 140 | B316: KHI/HO/D/HLGRP HEALTH/P/3035/01/2024 | C316: KHI/HO/D/HLGRP HEALTH/E/29447/12/2024 | D316: Al Baraka Bank Ltd | E316: 3375
A317: 141 | B317: KHI/HO/D/HLGRP HEALTH/P/3035/01/2024 | C317: KHI/HO/D/HLGRP HEALTH/E/30745/05/2025 | D317: Al Baraka Bank Ltd | E317: -596650 | F317: 2161232
E318: =SUM(E2:E317) -> 5812549

Sheet TOTAL
A1: ENDORSEMENT NUMBER | B1: OS
A2: KHI/HO/D/HLGRP HEALTH/E/23929/02/2024 | B2: -107679
A3: KHI/HO/D/HLGRP HEALTH/E/23933/02/2024 | B3: 1498951
A4: KHI/HO/D/HLGRP HEALTH/E/23997/02/2024 | B4: -77138
A5: KHI/HO/D/HLGRP HEALTH/E/24045/02/2024 | B5: -106930
A6: KHI/HO/D/HLGRP HEALTH/E/24084/02/2024 | B6: -3388
A7: KHI/HO/D/HLGRP HEALTH/E/24097/02/2024 | B7: 5332
A8: KHI/HO/D/HLGRP HEALTH/E/24116/02/2024 | B8: -109703
A9: KHI/HO/D/HLGRP HEALTH/E/24212/02/2024 | B9: -74726
A10: KHI/HO/D/HLGRP HEALTH/E/24272/02/2024 | B10: -72809
A11: KHI/HO/D/HLGRP HEALTH/E/24339/03/2024 | B11: 209758
A12: KHI/HO/D/HLGRP HEALTH/E/24353/03/2024 | B12: 139240
A13: KHI/HO/D/HLGRP HEALTH/E/24397/03/2024 | B13: 738204
... A317: KHI/HO/D/HLGRP HEALTH/E/30745/05/2025 | B317: -596650
B318: =SUM(B2:B317) -> 5697084

Sheet working
A1: POLICY NO. | B1: Assorted_code | D1: Premium | E1: 07May250079
A2: KHI/HO/D/HLGRP HEALTH/E/23929/02/2024 | B2: =VLOOKUP(A2,policy!B:C,2,0) -> 050000710500 | C2: -107679 | D2: =ROUND(C2,0) -> -107679 | E2: 07May250079 | F2: ="insert into ins_premium_det (premium_rcv_code,assorted_code, rec_amount,premium_rcv_detail_code,remaining_amt, payrec, mode_code,coinsurance_code,class_cd,it_remarks) values" -> insert into ins_premium_det (premium_rcv_code,assorted_code, rec_amount,premium_rcv_detail_code,remaining_amt, payrec, mode_code,coinsurance_code,class_cd,it_remarks) values | G2: ="('"&E2&"','"&B2&"','"&D2&"',(select max(to_number(i.premium_rcv_detail_code))+1 from ins_premium_det i),'"&D2&"','"&D2&"','02', '11000003','00','Request by Mr. Omair Ali 09-May-2025');" -> ('07May250079','050000710500','-107679',(select max(to_number(i.premium_rcv_detail_code))+1 from ins_premium_det i),'-107679','-107679','02', '11000003','00','Request by Mr. Omair Ali 09-May-2025'); | H2: =F2&G2 -> insert into ins_premium_det (premium_rcv_code,assorted_code, rec_amount,premium_rcv_detail_code,remaining_amt, payrec, mode_code,coinsurance_code,class_cd,it_remarks) values('07May250079','050000710500','-107679',(select max(to_number(i.premium_rcv_detail_code))+1 from ins_premium_det i),'-107679','-107679','02', '11000003','00','Request by Mr. Omair Ali 09-May-2025');
A3: KHI/HO/D/HLGRP HEALTH/E/23933/02/2024 | B3: =VLOOKUP(A3,policy!B:C,2,0) -> 050000711006 | C3: 1498951 | D3: =ROUND(C3,0) -> 1498951 | E3: 07May250079 | F3: ="insert into ins_premium_det (premium_rcv_code,assorted_code, rec_amount,premium_rcv_detail_code,remaining_amt, payrec, mode_code,coinsurance_code,class_cd,it_remarks) values" -> insert into ins_premium_det (premium_rcv_code,assorted_code, rec_amount,premium_rcv_detail_code,remaining_amt, payrec, mode_code,coinsurance_code,class_cd,it_remarks) values | G3: ="('"&E3&"','"&B3&"','"&D3&"',(select max(to_number(i.premium_rcv_detail_code))+1 from ins_premium_det i),'"&D3&"','"&D3&"','02', '11000003','00','Request by Mr. Omair Ali 09-May-2025');" -> ('07May250079','050000711006','1498951',(select max(to_number(i.premium_rcv_detail_code))+1 from ins_premium_det i),'1498951','1498951','02', '11000003','00','Request by Mr. Omair Ali 09-May-2025'); | H3: =F3&G3 -> insert into ins_premium_det (premium_rcv_code,assorted_code, rec_amount,premium_rcv_detail_code,remaining_amt, payrec, mode_code,coinsurance_code,class_cd,it_remarks) values('07May250079','050000711006','1498951',(select max(to_number(i.premium_rcv_detail_code))+1 from ins_premium_det i),'1498951','1498951','02', '11000003','00','Request by Mr. Omair Ali 09-May-2025');
A4: KHI/HO/D/HLGRP HEALTH/E/23997/02/2024 | B4: =VLOOKUP(A4,policy!B:C,2,0) -> 050000712449 | C4: -77138 | D4: =ROUND(C4,0) -> -77138 | E4: 07May250079 | F4: ="insert into ins_premium_det (premium_rcv_code,assorted_code, rec_amount,premium_rcv_detail_code,remaining_amt, payrec, mode_code,coinsurance_code,class_cd,it_remarks) values" -> insert into ins_premium_det (premium_rcv_code,assorted_code, rec_amount,premium_rcv_detail_code,remaining_amt, payrec, mode_code,coinsurance_code,class_cd,it_remarks) values | G4: ="('"&E4&"','"&B4&"','"&D4&"',(select max(to_number(i.premium_rcv_detail_code))+1 from ins_premium_det i),'"&D4&"','"&D4&"','02', '11000003','00','Request by Mr. Omair Ali 09-May-2025');" -> ('07May250079','050000712449','-77138',(select max(to_number(i.premium_rcv_detail_code))+1 from ins_premium_det i),'-77138','-77138','02', '11000003','00','Request by Mr. Omair Ali 09-May-2025'); | H4: =F4&G4 -> insert into ins_premium_det (premium_rcv_code,assorted_code, rec_amount,premium_rcv_detail_code,remaining_amt, payrec, mode_code,coinsurance_code,class_cd,it_remarks) values('07May250079','050000712449','-77138',(select max(to_number(i.premium_rcv_detail_code))+1 from ins_premium_det i),'-77138','-77138','02', '11000003','00','Request by Mr. Omair Ali 09-May-2025');
A5: KHI/HO/D/HLGRP HEALTH/E/24045/02/2024 | B5: =VLOOKUP(A5,policy!B:C,2,0) -> 050000714893 | C5: -106930 | D5: =ROUND(C5,0) -> -106930 | E5: 07May250079 | F5: ="insert into ins_premium_det (premium_rcv_code,assorted_code, rec_amount,premium_rcv_detail_code,remaining_amt, payrec, mode_code,coinsurance_code,class_cd,it_remarks) values" -> insert into ins_premium_det (premium_rcv_code,assorted_code, rec_amount,premium_rcv_detail_code,remaining_amt, payrec, mode_code,coinsurance_code,class_cd,it_remarks) values | G5: ="('"&E5&"','"&B5&"','"&D5&"',(select max(to_number(i.premium_rcv_detail_code))+1 from ins_premium_det i),'"&D5&"','"&D5&"','02', '11000003','00','Request by Mr. Omair Ali 09-May-2025');" -> ('07May250079','050000714893','-106930',(select max(to_number(i.premium_rcv_detail_code))+1 from ins_premium_det i),'-106930','-106930','02', '11000003','00','Request by Mr. Omair Ali 09-May-2025'); | H5: =F5&G5 -> insert into ins_premium_det (premium_rcv_code,assorted_code, rec_amount,premium_rcv_detail_code,remaining_amt, payrec, mode_code,coinsurance_code,class_cd,it_remarks) values('07May250079','050000714893','-106930',(select max(to_number(i.premium_rcv_detail_code))+1 from ins_premium_det i),'-106930','-106930','02', '11000003','00','Request by Mr. Omair Ali 09-May-2025');
A6: KHI/HO/D/HLGRP HEALTH/E/24084/02/2024 | B6: =VLOOKUP(A6,policy!B:C,2,0) -> 050000716622 | C6: -3388 | D6: =ROUND(C6,0) -> -3388 | E6: 07May250079 | F6: ="insert into ins_premium_det (premium_rcv_code,assorted_code, rec_amount,premium_rcv_detail_code,remaining_amt, payrec, mode_code,coinsurance_code,class_cd,it_remarks) values" -> insert into ins_premium_det (premium_rcv_code,assorted_code, rec_amount,premium_rcv_detail_code,remaining_amt, payrec, mode_code,coinsurance_code,class_cd,it_remarks) values | G6: ="('"&E6&"','"&B6&"','"&D6&"',(select max(to_number(i.premium_rcv_detail_code))+1 from ins_premium_det i),'"&D6&"','"&D6&"','02', '11000003','00','Request by Mr. Omair Ali 09-May-2025');" -> ('07May250079','050000716622','-3388',(select max(to_number(i.premium_rcv_detail_code))+1 from ins_premium_det i),'-3388','-3388','02', '11000003','00','Request by Mr. Omair Ali 09-May-2025'); | H6: =F6&G6 -> insert into ins_premium_det (premium_rcv_code,assorted_code, rec_amount,premium_rcv_detail_code,remaining_amt, payrec, mode_code,coinsurance_code,class_cd,it_remarks) values('07May250079','050000716622','-3388',(select max(to_number(i.premium_rcv_detail_code))+1 from ins_premium_det i),'-3388','-3388','02', '11000003','00','Request by Mr. Omair Ali 09-May-2025');
A7: KHI/HO/D/HLGRP HEALTH/E/24097/02/2024 | B7: =VLOOKUP(A7,policy!B:C,2,0) -> 050000716936 | C7: 5332 | D7: =ROUND(C7,0) -> 5332 | E7: 07May250079 | F7: ="insert into ins_premium_det (premium_rcv_code,assorted_code, rec_amount,premium_rcv_detail_code,remaining_amt, payrec, mode_code,coinsurance_code,class_cd,it_remarks) values" -> insert into ins_premium_det (premium_rcv_code,assorted_code, rec_amount,premium_rcv_detail_code,remaining_amt, payrec, mode_code,coinsurance_code,class_cd,it_remarks) values | G7: ="('"&E7&"','"&B7&"','"&D7&"',(select max(to_number(i.premium_rcv_detail_code))+1 from ins_premium_det i),'"&D7&"','"&D7&"','02', '11000003','00','Request by Mr. Omair Ali 09-May-2025');" -> ('07May250079','050000716936','5332',(select max(to_number(i.premium_rcv_detail_code))+1 from ins_premium_det i),'5332','5332','02', '11000003','00','Request by Mr. Omair Ali 09-May-2025'); | H7: =F7&G7 -> insert into ins_premium_det (premium_rcv_code,assorted_code, rec_amount,premium_rcv_detail_code,remaining_amt, payrec, mode_code,coinsurance_code,class_cd,it_remarks) values('07May250079','050000716936','5332',(select max(to_number(i.premium_rcv_detail_code))+1 from ins_premium_det i),'5332','5332','02', '11000003','00','Request by Mr. Omair Ali 09-May-2025');
A8: KHI/HO/D/HLGRP HEALTH/E/24116/02/2024 | B8: =VLOOKUP(A8,policy!B:C,2,0) -> 050000718023 | C8: -109703 | D8: =ROUND(C8,0) -> -109703 | E8: 07May250079 | F8: ="insert into ins_premium_det (premium_rcv_code,assorted_code, rec_amount,premium_rcv_detail_code,remaining_amt, payrec, mode_code,coinsurance_code,class_cd,it_remarks) values" -> insert into ins_premium_det (premium_rcv_code,assorted_code, rec_amount,premium_rcv_detail_code,remaining_amt, payrec, mode_code,coinsurance_code,class_cd,it_remarks) values | G8: ="('"&E8&"','"&B8&"','"&D8&"',(select max(to_number(i.premium_rcv_detail_code))+1 from ins_premium_det i),'"&D8&"','"&D8&"','02', '11000003','00','Request by Mr. Omair Ali 09-May-2025');" -> ('07May250079','050000718023','-109703',(select max(to_number(i.premium_rcv_detail_code))+1 from ins_premium_det i),'-109703','-109703','02', '11000003','00','Request by Mr. Omair Ali 09-May-2025'); | H8: =F8&G8 -> insert into ins_premium_det (premium_rcv_code,assorted_code, rec_amount,premium_rcv_detail_code,remaining_amt, payrec, mode_code,coinsurance_code,class_cd,it_remarks) values('07May250079','050000718023','-109703',(select max(to_number(i.premium_rcv_detail_code))+1 from ins_premium_det i),'-109703','-109703','02', '11000003','00','Request by Mr. Omair Ali 09-May-2025');
A9: KHI/HO/D/HLGRP HEALTH/E/24212/02/2024 | B9: =VLOOKUP(A9,policy!B:C,2,0) -> 050000718335 | C9: -74726 | D9: =ROUND(C9,0) -> -74726 | E9: 07May250079 | F9: ="insert into ins_premium_det (premium_rcv_code,assorted_code, rec_amount,premium_rcv_detail_code,remaining_amt, payrec, mode_code,coinsurance_code,class_cd,it_remarks) values" -> insert into ins_premium_det (premium_rcv_code,assorted_code, rec_amount,premium_rcv_detail_code,remaining_amt, payrec, mode_code,coinsurance_code,class_cd,it_remarks) values | G9: ="('"&E9&"','"&B9&"','"&D9&"',(select max(to_number(i.premium_rcv_detail_code))+1 from ins_premium_det i),'"&D9&"','"&D9&"','02', '11000003','00','Request by Mr. Omair Ali 09-May-2025');" -> ('07May250079','050000718335','-74726',(select max(to_number(i.premium_rcv_detail_code))+1 from ins_premium_det i),'-74726','-74726','02', '11000003','00','Request by Mr. Omair Ali 09-May-2025'); | H9: =F9&G9 -> insert into ins_premium_det (premium_rcv_code,assorted_code, rec_amount,premium_rcv_detail_code,remaining_amt, payrec, mode_code,coinsurance_code,class_cd,it_remarks) values('07May250079','050000718335','-74726',(select max(to_number(i.premium_rcv_detail_code))+1 from ins_premium_det i),'-74726','-74726','02', '11000003','00','Request by Mr. Omair Ali 09-May-2025');
A10: KHI/HO/D/HLGRP HEALTH/E/24272/02/2024 | B10: =VLOOKUP(A10,policy!B:C,2,0) -> 050000719709 | C10: -72809 | D10: =ROUND(C10,0) -> -72809 | E10: 07May250079 | F10: ="insert into ins_premium_det (premium_rcv_code,assorted_code, rec_amount,premium_rcv_detail_code,remaining_amt, payrec, mode_code,coinsurance_code,class_cd,it_remarks) values" -> insert into ins_premium_det (premium_rcv_code,assorted_code, rec_amount,premium_rcv_detail_code,remaining_amt, payrec, mode_code,coinsurance_code,class_cd,it_remarks) values | G10: ="('"&E10&"','"&B10&"','"&D10&"',(select max(to_number(i.premium_rcv_detail_code))+1 from ins_premium_det i),'"&D10&"','"&D10&"','02', '11000003','00','Request by Mr. Omair Ali 09-May-2025');" -> ('07May250079','050000719709','-72809',(select max(to_number(i.premium_rcv_detail_code))+1 from ins_premium_det i),'-72809','-72809','02', '11000003','00','Request by Mr. Omair Ali 09-May-2025'); | H10: =F10&G10 -> insert into ins_premium_det (premium_rcv_code,assorted_code, rec_amount,premium_rcv_detail_code,remaining_amt, payrec, mode_code,coinsurance_code,class_cd,it_remarks) values('07May250079','050000719709','-72809',(select max(to_number(i.premium_rcv_detail_code))+1 from ins_premium_det i),'-72809','-72809','02', '11000003','00','Request by Mr. Omair Ali 09-May-2025');
A11: KHI/HO/D/HLGRP HEALTH/E/24339/03/2024 | B11: =VLOOKUP(A11,policy!B:C,2,0) -> 050000723873 | C11: 209758 | D11: =ROUND(C11,0) -> 209758 | E11: 07May250079 | F11: ="insert into ins_premium_det (premium_rcv_code,assorted_code, rec_amount,premium_rcv_detail_code,remaining_amt, payrec, mode_code,coinsurance_code,class_cd,it_remarks) values" -> insert into ins_premium_det (premium_rcv_code,assorted_code, rec_amount,premium_rcv_detail_code,remaining_amt, payrec, mode_code,coinsurance_code,class_cd,it_remarks) values | G11: ="('"&E11&"','"&B11&"','"&D11&"',(select max(to_number(i.premium_rcv_detail_code))+1 from ins_premium_det i),'"&D11&"','"&D11&"','02', '11000003','00','Request by Mr. Omair Ali 09-May-2025');" -> ('07May250079','050000723873','209758',(select max(to_number(i.premium_rcv_detail_code))+1 from ins_premium_det i),'209758','209758','02', '11000003','00','Request by Mr. Omair Ali 09-May-2025'); | H11: =F11&G11 -> insert into ins_premium_det (premium_rcv_code,assorted_code, rec_amount,premium_rcv_detail_code,remaining_amt, payrec, mode_code,coinsurance_code,class_cd,it_remarks) values('07May250079','050000723873','209758',(select max(to_number(i.premium_rcv_detail_code))+1 from ins_premium_det i),'209758','209758','02', '11000003','00','Request by Mr. Omair Ali 09-May-2025');
A12: KHI/HO/D/HLGRP HEALTH/E/24353/03/2024 | B12: =VLOOKUP(A12,policy!B:C,2,0) -> 050000724471 | C12: 139240 | D12: =ROUND(C12,0) -> 139240 | E12: 07May250079 | F12: ="insert into ins_premium_det (premium_rcv_code,assorted_code, rec_amount,premium_rcv_detail_code,remaining_amt, payrec, mode_code,coinsurance_code,class_cd,it_remarks) values" -> insert into ins_premium_det (premium_rcv_code,assorted_code, rec_amount,premium_rcv_detail_code,remaining_amt, payrec, mode_code,coinsurance_code,class_cd,it_remarks) values | G12: ="('"&E12&"','"&B12&"','"&D12&"',(select max(to_number(i.premium_rcv_detail_code))+1 from ins_premium_det i),'"&D12&"','"&D12&"','02', '11000003','00','Request by Mr. Omair Ali 09-May-2025');" -> ('07May250079','050000724471','139240',(select max(to_number(i.premium_rcv_detail_code))+1 from ins_premium_det i),'139240','139240','02', '11000003','00','Request by Mr. Omair Ali 09-May-2025'); | H12: =F12&G12 -> insert into ins_premium_det (premium_rcv_code,assorted_code, rec_amount,premium_rcv_detail_code,remaining_amt, payrec, mode_code,coinsurance_code,class_cd,it_remarks) values('07May250079','050000724471','139240',(select max(to_number(i.premium_rcv_detail_code))+1 from ins_premium_det i),'139240','139240','02', '11000003','00','Request by Mr. Omair Ali 09-May-2025');
A13: KHI/HO/D/HLGRP HEALTH/E/24397/03/2024 | B13: =VLOOKUP(A13,policy!B:C,2,0) -> 050000724822 | C13: 738204 | D13: =ROUND(C13,0) -> 738204 | E13: 07May250079 | F13: ="insert into ins_premium_det (premium_rcv_code,assorted_code, rec_amount,premium_rcv_detail_code,remaining_amt, payrec, mode_code,coinsurance_code,class_cd,it_remarks) values" -> insert into ins_premium_det (premium_rcv_code,assorted_code, rec_amount,premium_rcv_detail_code,remaining_amt, payrec, mode_code,coinsurance_code,class_cd,it_remarks) values | G13: ="('"&E13&"','"&B13&"','"&D13&"',(select max(to_number(i.premium_rcv_detail_code))+1 from ins_premium_det i),'"&D13&"','"&D13&"','02', '11000003','00','Request by Mr. Omair Ali 09-May-2025');" -> ('07May250079','050000724822','738204',(select max(to_number(i.premium_rcv_detail_code))+1 from ins_premium_det i),'738204','738204','02', '11000003','00','Request by Mr. Omair Ali 09-May-2025'); | H13: =F13&G13 -> insert into ins_premium_det (premium_rcv_code,assorted_code, rec_amount,premium_rcv_detail_code,remaining_amt, payrec, mode_code,coinsurance_code,class_cd,it_remarks) values('07May250079','050000724822','738204',(select max(to_number(i.premium_rcv_detail_code))+1 from ins_premium_det i),'738204','738204','02', '11000003','00','Request by Mr. Omair Ali 09-May-2025');
... A317: KHI/HO/D/HLGRP HEALTH/E/30745/05/2025 | B317: =VLOOKUP(A317,policy!B:C,2,0) -> 050000884187 | C317: -596650 | D317: =ROUND(C317,0) -> -596650 | E317: 07May250079 | F317: ="insert into ins_premium_det (premium_rcv_code,assorted_code, rec_amount,premium_rcv_detail_code,remaining_amt, payrec, mode_code,coinsurance_code,class_cd,it_remarks) values" -> insert into ins_premium_det (premium_rcv_code,assorted_code, rec_amount,premium_rcv_detail_code,remaining_amt, payrec, mode_code,coinsurance_code,class_cd,it_remarks) values | G317: ="('"&E317&"','"&B317&"','"&D317&"',(select max(to_number(i.premium_rcv_detail_code))+1 from ins_premium_det i),'"&D317&"','"&D317&"','02', '11000003','00','Request by Mr. Omair Ali 09-May-2025');" -> ('07May250079','050000884187','-596650',(select max(to_number(i.premium_rcv_detail_code))+1 from ins_premium_det i),'-596650','-596650','02', '11000003','00','Request by Mr. Omair Ali 09-May-2025'); | H317: =F317&G317 -> insert into ins_premium_det (premium_rcv_code,assorted_code, rec_amount,premium_rcv_detail_code,remaining_amt, payrec, mode_code,coinsurance_code,class_cd,it_remarks) values('07May250079','050000884187','-596650',(select max(to_number(i.premium_rcv_detail_code))+1 from ins_premium_det i),'-596650','-596650','02', '11000003','00','Request by Mr. Omair Ali 09-May-2025');

Sheet Sheet3
A1: KHI/HO/D/HLGRP HEALTH/E/23929/02/2024 | B1: -02-2024 | D1: 23929 | E1: ="ia.assorted_string like '%"&D1&B1&"%' or" -> ia.assorted_string like '%23929-02-2024%' or
A2: KHI/HO/D/HLGRP HEALTH/E/23933/02/2024 | B2: -02-2024 | D2: 23933 | E2: ="ia.assorted_string like '%"&D2&B2&"%' or" -> ia.assorted_string like '%23933-02-2024%' or
A3: KHI/HO/D/HLGRP HEALTH/E/23997/02/2024 | B3: -02-2024 | D3: 23997 | E3: ="ia.assorted_string like '%"&D3&B3&"%' or" -> ia.assorted_string like '%23997-02-2024%' or
A4: KHI/HO/D/HLGRP HEALTH/E/24045/02/2024 | B4: -02-2024 | D4: 24045 | E4: ="ia.assorted_string like '%"&D4&B4&"%' or" -> ia.assorted_string like '%24045-02-2024%' or
A5: KHI/HO/D/HLGRP HEALTH/E/24084/02/2024 | B5: -02-2024 | D5: 24084 | E5: ="ia.assorted_string like '%"&D5&B5&"%' or" -> ia.assorted_string like '%24084-02-2024%' or
A6: KHI/HO/D/HLGRP HEALTH/E/24097/02/2024 | B6: -02-2024 | D6: 24097 | E6: ="ia.assorted_string like '%"&D6&B6&"%' or" -> ia.assorted_string like '%24097-02-2024%' or
A7: KHI/HO/D/HLGRP HEALTH/E/24116/02/2024 | B7: -02-2024 | D7: 24116 | E7: ="ia.assorted_string like '%"&D7&B7&"%' or" -> ia.assorted_string like '%24116-02-2024%' or
A8: KHI/HO/D/HLGRP HEALTH/E/24212/02/2024 | B8: -02-2024 | D8: 24212 | E8: ="ia.assorted_string like '%"&D8&B8&"%' or" -> ia.assorted_string like '%24212-02-2024%' or
A9: KHI/HO/D/HLGRP HEALTH/E/24272/02/2024 | B9: -02-2024 | D9: 24272 | E9: ="ia.assorted_string like '%"&D9&B9&"%' or" -> ia.assorted_string like '%24272-02-2024%' or
A10: KHI/HO/D/HLGRP HEALTH/E/24339/03/2024 | B10: -03-2024 | D10: 24339 | E10: ="ia.assorted_string like '%"&D10&B10&"%' or" -> ia.assorted_string like '%24339-03-2024%' or
A11: KHI/HO/D/HLGRP HEALTH/E/24353/03/2024 | B11: -03-2024 | D11: 24353 | E11: ="ia.assorted_string like '%"&D11&B11&"%' or" -> ia.assorted_string like '%24353-03-2024%' or
A12: KHI/HO/D/HLGRP HEALTH/E/24397/03/2024 | B12: -03-2024 | D12: 24397 | E12: ="ia.assorted_string like '%"&D12&B12&"%' or" -> ia.assorted_string like '%24397-03-2024%' or
... A316: KHI/HO/D/HLGRP HEALTH/E/30745/05/2025 | B316: -05-2025 | D316: 30745 | E316: ="ia.assorted_string like '%"&D316&B316&"%' or" -> ia.assorted_string like '%30745-05-2025%' or

Sheet policy
B1: FUNC_ASSORTED_STRING(IA.ASSORTED_CODE) | C1: ASSORTED_CODE
A2: 1 | B2: KHI/HO/D/HLGRP HEALTH/E/24084/02/2024 | C2: 050000716622
A3: 2 | B3: KHI/HO/D/HLGRP HEALTH/E/24453/03/2024 | C3: 050000726232
A4: 3 | B4: KHI/HO/D/HLGRP HEALTH/E/24716/04/2024 | C4: 050000729658
A5: 4 | B5: KHI/HO/D/HLGRP HEALTH/E/23998/02/2024 | C5: 050000712450
A6: 5 | B6: KHI/HO/D/HLGRP HEALTH/E/24085/02/2024 | C6: 050000716623
A7: 6 | B7: KHI/HO/D/HLGRP HEALTH/E/24116/02/2024 | C7: 050000718023
A8: 7 | B8: KHI/HO/D/HLGRP HEALTH/E/24046/02/2024 | C8: 050000714894
A9: 8 | B9: KHI/HO/D/HLGRP HEALTH/E/23933/02/2024 | C9: 050000711006
A10: 9 | B10: KHI/HO/D/HLGRP HEALTH/E/24045/02/2024 | C10: 050000714893
A11: 10 | B11: KHI/HO/D/HLGRP HEALTH/E/24614/03/2024 | C11: 050000729075
A12: 11 | B12: KHI/HO/D/HLGRP HEALTH/E/24437/03/2024 | C12: 050000726188
A13: 12 | B13: KHI/HO/D/HLGRP HEALTH/E/24682/04/2024 | C13: 050000729271
... A317: 316 | B317: KHI/HO/D/HLGRP HEALTH/E/30745/05/2025 | C317: 050000884187

Sheet 3035
A1: S. NO. | B1: POLICY NUMBER | C1: ENDORSEMENT NUMBER | D1: OUTSTANDNG CONTRIBUTION
A2: 1 | B2: KHI/HO/D/HLGRP HEALTH/P/3035/01/2024 | C2: KHI/HO/D/HLGRP HEALTH/E/23932/02/2024 | D2: -110356
A3: 2 | B3: KHI/HO/D/HLGRP HEALTH/P/3035/01/2024 | C3: KHI/HO/D/HLGRP HEALTH/E/23934/02/2024 | D3: 741377
A4: 3 | B4: KHI/HO/D/HLGRP HEALTH/P/3035/01/2024 | C4: KHI/HO/D/HLGRP HEALTH/E/23998/02/2024 | D4: -59774
A5: 4 | B5: KHI/HO/D/HLGRP HEALTH/P/3035/01/2024 | C5: KHI/HO/D/HLGRP HEALTH/E/24046/02/2024 | D5: -78622
A6: 5 | B6: KHI/HO/D/HLGRP HEALTH/P/3035/01/2024 | C6: KHI/HO/D/HLGRP HEALTH/E/24085/02/2024 | D6: -11896
A7: 6 | B7: KHI/HO/D/HLGRP HEALTH/P/3035/01/2024 | C7: KHI/HO/D/HLGRP HEALTH/E/24117/02/2024 | D7: -70546
A8: 7 | B8: KHI/HO/D/HLGRP HEALTH/P/3035/01/2024 | C8: KHI/HO/D/HLGRP HEALTH/E/24213/02/2024 | D8: -58922
A9: 8 | B9: KHI/HO/D/HLGRP HEALTH/P/3035/01/2024 | C9: KHI/HO/D/HLGRP HEALTH/E/24273/02/2024 | D9: -43279
A10: 9 | B10: KHI/HO/D/HLGRP HEALTH/P/3035/01/2024 | C10: KHI/HO/D/HLGRP HEALTH/E/24281/03/2024 | D10: 30966
A11: 10 | B11: KHI/HO/D/HLGRP HEALTH/P/3035/01/2024 | C11: KHI/HO/D/HLGRP HEALTH/E/24340/03/2024 | D11: 591289
A12: 11 | B12: KHI/HO/D/HLGRP HEALTH/P/3035/01/2024 | C12: KHI/HO/D/HLGRP HEALTH/E/24398/03/2024 | D12: 26977
A13: 12 | B13: KHI/HO/D/HLGRP HEALTH/P/3035/01/2024 | C13: KHI/HO/D/HLGRP HEALTH/E/24437/03/2024 | D13: -55254
... A142: 141 | B142: KHI/HO/D/HLGRP HEALTH/P/3035/01/2024 | C142: KHI/HO/D/HLGRP HEALTH/E/30745/05/2025 | D142: -596650
D143: =SUM(D2:D142) -> 2161232
