Workbook

Sheet Sheet2
A3: Row Labels | B3: Sum of OUTSTANDNG CONTRIBUTION
A4: KHI/HO/D/HLGRP HEALTH/P/1052/06/2021 | B4: 164863
A5: KHI/HO/D/HLGRP HEALTH/P/1656/06/2022 | B5: -217410
A6: KHI/HO/D/HLGRP HEALTH/P/2555/06/2023 | B6: 63412
A7: Grand Total | B7: 10865

Sheet Sheet1
A1: NOVARTIS PHARMA - OS REGISTER
A3: S. NO. | B3: POLICY NUMBER | C3: ENDORSEMENT NUMBER | D3: ISSUE DATE | E3: PERIOD FROM | F3: PERIOD TO | G3: GROSS CONTRIBUTION | H3: NET CONTRIBUTION | I3: OUTSTANDNG CONTRIBUTION | J3: RECEIVED CONTRIBUTION
A4: 1 | B4: KHI/HO/D/HLGRP HEALTH/P/1052/06/2021 | C4: KHI/HO/D/HLGRP HEALTH/E/9578/07/2021 | D4: 44382 | E4: 44378 | F4: 44742 | G4: -547152 | H4: -552624 | I4: -552624 | J4: =+I4 -> -552624 | K4: =+I4-J4 -> 0
A5: 2 | B5: KHI/HO/D/HLGRP HEALTH/P/1052/06/2021 | C5: KHI/HO/D/HLGRP HEALTH/E/9730/07/2021 | D5: 44391 | E5: 44378 | F5: 44742 | G5: 42498 | H5: 42923 | I5: 42923 | J5: =+I5 -> 42923 | K5: =+I5-J5 -> 0
A6: 3 | B6: KHI/HO/D/HLGRP HEALTH/P/1052/06/2021 | C6: KHI/HO/D/HLGRP HEALTH/E/9859/07/2021 | D6: 44401 | E6: 44378 | F6: 44742 | G6: 6926 | H6: 6995 | I6: 1423 | J6: =+I6 -> 1423 | K6: =+I6-J6 -> 0
A7: 4 | B7: KHI/HO/D/HLGRP HEALTH/P/1052/06/2021 | C7: KHI/HO/D/HLGRP HEALTH/E/9874/07/2021 | D7: 44403 | E7: 44378 | F7: 44742 | G7: 20700 | H7: 20907 | I7: 20907 | J7: =+I7 -> 20907 | K7: =+I7-J7 -> 0
A8: 5 | B8: KHI/HO/D/HLGRP HEALTH/P/1052/06/2021 | C8: KHI/HO/D/HLGRP HEALTH/E/9894/07/2021 | D8: 44404 | E8: 44378 | F8: 44742 | G8: 6866 | H8: 6935 | I8: 6935 | J8: =+I8 -> 6935 | K8: =+I8-J8 -> 0
A9: 6 | B9: KHI/HO/D/HLGRP HEALTH/P/1052/06/2021 | C9: KHI/HO/D/HLGRP HEALTH/E/10053/08/2021 | D9: 44413 | E9: 44378 | F9: 44742 | G9: 10350 | H9: 10454 | I9: 10454 | J9: =+I9 -> 10454 | K9: =+I9-J9 -> 0
A10: 7 | B10: KHI/HO/D/HLGRP HEALTH/P/1052/06/2021 | C10: KHI/HO/D/HLGRP HEALTH/E/10118/08/2021 | D10: 44417 | E10: 44378 | F10: 44742 | G10: 9358 | H10: 9452 | I10: 9452 | J10: =+I10 -> 9452 | K10: =+I10-J10 -> 0
A11: 8 | B11: KHI/HO/D/HLGRP HEALTH/P/1052/06/2021 | C11: KHI/HO/D/HLGRP HEALTH/E/10193/08/2021 | D11: 44420 | E11: 44378 | F11: 44742 | G11: 7370 | H11: 7444 | I11: 7444 | J11: =+I11 -> 7444 | K11: =+I11-J11 -> 0
A12: 9 | B12: KHI/HO/D/HLGRP HEALTH/P/1052/06/2021 | C12: KHI/HO/D/HLGRP HEALTH/E/10232/08/2021 | D12: 44424 | E12: 44378 | F12: 44742 | G12: 75338 | H12: 76091 | I12: 76091 | J12: =+I12 -> 76091 | K12: =+I12-J12 -> 0
A13: 10 | B13: KHI/HO/D/HLGRP HEALTH/P/1052/06/2021 | C13: KHI/HO/D/HLGRP HEALTH/E/10276/08/2021 | D13: 44428 | E13: 44378 | F13: 44742 | G13: 10350 | H13: 10454 | I13: 10454 | J13: =+I13 -> 10454 | K13: =+I13-J13 -> 0
A14: 11 | B14: KHI/HO/D/HLGRP HEALTH/P/1052/06/2021 | C14: KHI/HO/D/HLGRP HEALTH/E/10477/09/2021 | D14: 44440 | E14: 44378 | F14: 44742 | G14: 21122 | H14: 21333 | I14: 21333 | J14: =+I14 -> 21333 | K14: =+I14-J14 -> 0
A15: 12 | B15: KHI/HO/D/HLGRP HEALTH/P/1052/06/2021 | C15: KHI/HO/D/HLGRP HEALTH/E/10512/09/2021 | D15: 44441 | E15: 44378 | F15: 44742 | G15: 22111 | H15: 22332 | I15: 22332 | J15: =+I15 -> 22332 | K15: =+I15-J15 -> 0
... A162: 40 | B162: KHI/HO/D/HLGRP HEALTH/P/2555/06/2023 | C162: KHI/HO/D/HLGRP HEALTH/E/24349/03/2024 | D162: 45358 | E162: 45108 | F162: 45473 | G162: 40473 | H162: 40878 | I162: 40878 | J162: =+I162 -> 40878 | K162: =+I162-J162 -> 0
A163: 41 | B163: KHI/HO/D/HLGRP HEALTH/P/2555/06/2023 | C163: KHI/HO/D/HLGRP HEALTH/E/24636/03/2024 | D163: 45379 | E163: 45108 | F163: 45473 | G163: 10976 | H163: 11086 | I163: 11086 | J163: 11086 | K163: =+I163-J163 -> 0
A164: 42 | B164: KHI/HO/D/HLGRP HEALTH/P/2555/06/2023 | C164: KHI/HO/D/HLGRP HEALTH/E/24772/04/2024 | D164: 45387 | E164: 45108 | F164: 45473 | G164: 4348 | H164: 4391 | I164: 4391 | J164: =+I164 -> 4391 | K164: =+I164-J164 -> 0
A165: 43 | B165: KHI/HO/D/HLGRP HEALTH/P/2555/06/2023 | C165: KHI/HO/D/HLGRP HEALTH/E/24857/04/2024 | D165: 45400 | E165: 45108 | F165: 45473 | G165: 6143 | H165: 6204 | I165: 6204 | J165: =+I165 -> 6204 | K165: =+I165-J165 -> 0
A166: 44 | B166: KHI/HO/D/HLGRP HEALTH/P/2555/06/2023 | C166: KHI/HO/D/HLGRP HEALTH/E/24969/04/2024 | D166: 45405 | E166: 45108 | F166: 45473 | G166: 15451 | H166: 15606 | I166: 15606 | J166: =+I166 -> 15606 | K166: =+I166-J166 -> 0
A167: 45 | B167: KHI/HO/D/HLGRP HEALTH/P/2555/06/2023 | C167: KHI/HO/D/HLGRP HEALTH/E/25084/04/2024 | D167: 45412 | E167: 45108 | F167: 45473 | G167: 3666 | H167: 3703 | I167: 3703 | J167: =+I167 -> 3703 | K167: =+I167-J167 -> 0
A168: 46 | B168: KHI/HO/D/HLGRP HEALTH/P/2555/06/2023 | C168: KHI/HO/D/HLGRP HEALTH/E/25118/05/2024 | D168: 45414 | E168: 45108 | F168: 45473 | G168: 2448 | H168: 2472 | I168: 2472 | J168: =+I168 -> 2472 | K168: =+I168-J168 -> 0
A169: 47 | B169: KHI/HO/D/HLGRP HEALTH/P/2555/06/2023 | C169: KHI/HO/D/HLGRP HEALTH/E/25200/05/2024 | D169: 45421 | E169: 45108 | F169: 45473 | G169: -48328 | H169: -48811 | I169: -48811 | J169: =+I169 -> -48811 | K169: =+I169-J169 -> 0
A170: 48 | B170: KHI/HO/D/HLGRP HEALTH/P/2555/06/2023 | C170: KHI/HO/D/HLGRP HEALTH/E/25438/05/2024 | D170: 45435 | E170: 45108 | F170: 45473 | G170: 3152 | H170: 3184 | I170: 3184 | J170: =+I170 -> 3184 | K170: =+I170-J170 -> 0
A171: 49 | B171: KHI/HO/D/HLGRP HEALTH/P/2555/06/2023 | C171: KHI/HO/D/HLGRP HEALTH/E/25500/05/2024 | D171: 45439 | E171: 45108 | F171: 45473 | G171: 12913 | H171: 13042 | I171: 13042 | J171: =+I171 -> 13042 | K171: =+I171-J171 -> 0
A172: 50 | B172: KHI/HO/D/HLGRP HEALTH/P/2555/06/2023 | C172: KHI/HO/D/HLGRP HEALTH/E/25667/06/2024 | D172: 45450 | E172: 45108 | F172: 45473 | G172: -34337 | H172: -34680 | I172: -34680 | J172: =+I172 -> -34680 | K172: =+I172-J172 -> 0
A173: 51 | B173: KHI/HO/D/HLGRP HEALTH/P/2555/06/2023 | C173: KHI/HO/D/HLGRP HEALTH/E/25719/06/2024 | D173: 45454 | E173: 45108 | F173: 45473 | G173: 15057 | H173: 15208 | I173: 15208 | J173: 4343 | K173: =+I173-J173 -> 10865
A174: 52 | B174: KHI/HO/D/HLGRP HEALTH/P/2555/06/2023 | C174: KHI/HO/D/HLGRP HEALTH/E/25735/06/2024 | D174: 45455 | E174: 45108 | F174: 45473 | G174: -7313 | H174: -7386 | I174: -7386 | J174: =+I174 -> -7386 | K174: =+I174-J174 -> 0
A175: 53 | B175: KHI/HO/D/HLGRP HEALTH/P/2555/06/2023 | C175: KHI/HO/D/HLGRP HEALTH/E/25879/06/2024 | D175: 45468 | E175: 45108 | F175: 45473 | G175: 534 | H175: 539 | I175: 539 | J175: =+I175 -> 539 | K175: =+I175-J175 -> 0
A176: 54 | B176: KHI/HO/D/HLGRP HEALTH/P/2555/06/2023 | C176: KHI/HO/D/HLGRP HEALTH/E/25919/06/2024 | D176: 45470 | E176: 45108 | F176: 45473 | G176: 1013 | H176: 1023 | I176: 1023 | J176: =+I176 -> 1023 | K176: =+I176-J176 -> 0
I177: =SUM(I4:I176) -> 10865 | J177: =SUM(J4:J176) -> 0 | K177: =SUM(K4:K176) -> 10865

Sheet PREM NOVARTIS
A1: ENDORSEMENT NUMBER | B1: AMOUNT
A2: KHI/HO/D/HLGRP HEALTH/E/9578/07/2021 | B2: -552624
A3: KHI/HO/D/HLGRP HEALTH/E/9730/07/2021 | B3: 42923
A4: KHI/HO/D/HLGRP HEALTH/E/9859/07/2021 | B4: 1423
A5: KHI/HO/D/HLGRP HEALTH/E/9874/07/2021 | B5: 20907
A6: KHI/HO/D/HLGRP HEALTH/E/9894/07/2021 | B6: 6935
A7: KHI/HO/D/HLGRP HEALTH/E/10053/08/2021 | B7: 10454
A8: KHI/HO/D/HLGRP HEALTH/E/10118/08/2021 | B8: 9452
A9: KHI/HO/D/HLGRP HEALTH/E/10193/08/2021 | B9: 7444
A10: KHI/HO/D/HLGRP HEALTH/E/10232/08/2021 | B10: 76091
A11: KHI/HO/D/HLGRP HEALTH/E/10276/08/2021 | B11: 10454
A12: KHI/HO/D/HLGRP HEALTH/E/10477/09/2021 | B12: 21333
A13: KHI/HO/D/HLGRP HEALTH/E/10512/09/2021 | B13: 22332
... A174: KHI/HO/D/HLGRP HEALTH/E/25919/06/2024 | B174: 1023
B175: =SUM(B2:B174) -> 0

Sheet working
A1: POLICY NO. | B1: Assorted_code | D1: Premium | E1: 17Dec240043
A2: KHI/HO/D/HLGRP HEALTH/E/9578/07/2021 | B2: =VLOOKUP(A2,policy!B:C,2,0) -> 050000391341 | C2: -552624 | D2: =ROUND(C2,0) -> -552624 | E2: 17Dec240043 | F2: ="insert into ins_premium_det (premium_rcv_code,assorted_code, rec_amount,premium_rcv_detail_code,remaining_amt, payrec, mode_code,coinsurance_code,class_cd,it_remarks) values" -> insert into ins_premium_det (premium_rcv_code,assorted_code, rec_amount,premium_rcv_detail_code,remaining_amt, payrec, mode_code,coinsurance_code,class_cd,it_remarks) values | G2: ="('"&E2&"','"&B2&"','"&D2&"',(select max(to_number(i.premium_rcv_detail_code))+1 from ins_premium_det i),'"&D2&"','"&D2&"','02', '11000003','00','Request by Mr. Omair Ali 17-Dec-2024');" -> ('17Dec240043','050000391341','-552624',(select max(to_number(i.premium_rcv_detail_code))+1 from ins_premium_det i),'-552624','-552624','02', '11000003','00','Request by Mr. Omair Ali 17-Dec-2024'); | H2: =F2&G2 -> insert into ins_premium_det (premium_rcv_code,assorted_code, rec_amount,premium_rcv_detail_code,remaining_amt, payrec, mode_code,coinsurance_code,class_cd,it_remarks) values('17Dec240043','050000391341','-552624',(select max(to_number(i.premium_rcv_detail_code))+1 from ins_premium_det i),'-552624','-552624','02', '11000003','00','Request by Mr. Omair Ali 17-Dec-2024');
A3: KHI/HO/D/HLGRP HEALTH/E/9730/07/2021 | B3: =VLOOKUP(A3,policy!B:C,2,0) -> 050000394396 | C3: 42923 | D3: =ROUND(C3,0) -> 42923 | E3: 17Dec240043 | F3: ="insert into ins_premium_det (premium_rcv_code,assorted_code, rec_amount,premium_rcv_detail_code,remaining_amt, payrec, mode_code,coinsurance_code,class_cd,it_remarks) values" -> insert into ins_premium_det (premium_rcv_code,assorted_code, rec_amount,premium_rcv_detail_code,remaining_amt, payrec, mode_code,coinsurance_code,class_cd,it_remarks) values | G3: ="('"&E3&"','"&B3&"','"&D3&"',(select max(to_number(i.premium_rcv_detail_code))+1 from ins_premium_det i),'"&D3&"','"&D3&"','02', '11000003','00','Request by Mr. Omair Ali 17-Dec-2024');" -> ('17Dec240043','050000394396','42923',(select max(to_number(i.premium_rcv_detail_code))+1 from ins_premium_det i),'42923','42923','02', '11000003','00','Request by Mr. Omair Ali 17-Dec-2024'); | H3: =F3&G3 -> insert into ins_premium_det (premium_rcv_code,assorted_code, rec_amount,premium_rcv_detail_code,remaining_amt, payrec, mode_code,coinsurance_code,class_cd,it_remarks) values('17Dec240043','050000394396','42923',(select max(to_number(i.premium_rcv_detail_code))+1 from ins_premium_det i),'42923','42923','02', '11000003','00','Request by Mr. Omair Ali 17-Dec-2024');
A4: KHI/HO/D/HLGRP HEALTH/E/9859/07/2021 | B4: =VLOOKUP(A4,policy!B:C,2,0) -> 050000396093 | C4: 1423 | D4: =ROUND(C4,0) -> 1423 | E4: 17Dec240043 | F4: ="insert into ins_premium_det (premium_rcv_code,assorted_code, rec_amount,premium_rcv_detail_code,remaining_amt, payrec, mode_code,coinsurance_code,class_cd,it_remarks) values" -> insert into ins_premium_det (premium_rcv_code,assorted_code, rec_amount,premium_rcv_detail_code,remaining_amt, payrec, mode_code,coinsurance_code,class_cd,it_remarks) values | G4: ="('"&E4&"','"&B4&"','"&D4&"',(select max(to_number(i.premium_rcv_detail_code))+1 from ins_premium_det i),'"&D4&"','"&D4&"','02', '11000003','00','Request by Mr. Omair Ali 17-Dec-2024');" -> ('17Dec240043','050000396093','1423',(select max(to_number(i.premium_rcv_detail_code))+1 from ins_premium_det i),'1423','1423','02', '11000003','00','Request by Mr. Omair Ali 17-Dec-2024'); | H4: =F4&G4 -> insert into ins_premium_det (premium_rcv_code,assorted_code, rec_amount,premium_rcv_detail_code,remaining_amt, payrec, mode_code,coinsurance_code,class_cd,it_remarks) values('17Dec240043','050000396093','1423',(select max(to_number(i.premium_rcv_detail_code))+1 from ins_premium_det i),'1423','1423','02', '11000003','00','Request by Mr. Omair Ali 17-Dec-2024');
A5: KHI/HO/D/HLGRP HEALTH/E/9874/07/2021 | B5: =VLOOKUP(A5,policy!B:C,2,0) -> 050000396173 | C5: 20907 | D5: =ROUND(C5,0) -> 20907 | E5: 17Dec240043 | F5: ="insert into ins_premium_det (premium_rcv_code,assorted_code, rec_amount,premium_rcv_detail_code,remaining_amt, payrec, mode_code,coinsurance_code,class_cd,it_remarks) values" -> insert into ins_premium_det (premium_rcv_code,assorted_code, rec_amount,premium_rcv_detail_code,remaining_amt, payrec, mode_code,coinsurance_code,class_cd,it_remarks) values | G5: ="('"&E5&"','"&B5&"','"&D5&"',(select max(to_number(i.premium_rcv_detail_code))+1 from ins_premium_det i),'"&D5&"','"&D5&"','02', '11000003','00','Request by Mr. Omair Ali 17-Dec-2024');" -> ('17Dec240043','050000396173','20907',(select max(to_number(i.premium_rcv_detail_code))+1 from ins_premium_det i),'20907','20907','02', '11000003','00','Request by Mr. Omair Ali 17-Dec-2024'); | H5: =F5&G5 -> insert into ins_premium_det (premium_rcv_code,assorted_code, rec_amount,premium_rcv_detail_code,remaining_amt, payrec, mode_code,coinsurance_code,class_cd,it_remarks) values('17Dec240043','050000396173','20907',(select max(to_number(i.premium_rcv_detail_code))+1 from ins_premium_det i),'20907','20907','02', '11000003','00','Request by Mr. Omair Ali 17-Dec-2024');
A6: KHI/HO/D/HLGRP HEALTH/E/9894/07/2021 | B6: =VLOOKUP(A6,policy!B:C,2,0) -> 050000396356 | C6: 6935 | D6: =ROUND(C6,0) -> 6935 | E6: 17Dec240043 | F6: ="insert into ins_premium_det (premium_rcv_code,assorted_code, rec_amount,premium_rcv_detail_code,remaining_amt, payrec, mode_code,coinsurance_code,class_cd,it_remarks) values" -> insert into ins_premium_det (premium_rcv_code,assorted_code, rec_amount,premium_rcv_detail_code,remaining_amt, payrec, mode_code,coinsurance_code,class_cd,it_remarks) values | G6: ="('"&E6&"','"&B6&"','"&D6&"',(select max(to_number(i.premium_rcv_detail_code))+1 from ins_premium_det i),'"&D6&"','"&D6&"','02', '11000003','00','Request by Mr. Omair Ali 17-Dec-2024');" -> ('17Dec240043','050000396356','6935',(select max(to_number(i.premium_rcv_detail_code))+1 from ins_premium_det i),'6935','6935','02', '11000003','00','Request by Mr. Omair Ali 17-Dec-2024'); | H6: =F6&G6 -> insert into ins_premium_det (premium_rcv_code,assorted_code, rec_amount,premium_rcv_detail_code,remaining_amt, payrec, mode_code,coinsurance_code,class_cd,it_remarks) values('17Dec240043','050000396356','6935',(select max(to_number(i.premium_rcv_detail_code))+1 from ins_premium_det i),'6935','6935','02', '11000003','00','Request by Mr. Omair Ali 17-Dec-2024');
A7: KHI/HO/D/HLGRP HEALTH/E/10053/08/2021 | B7: =VLOOKUP(A7,policy!B:C,2,0) -> 050000398570 | C7: 10454 | D7: =ROUND(C7,0) -> 10454 | E7: 17Dec240043 | F7: ="insert into ins_premium_det (premium_rcv_code,assorted_code, rec_amount,premium_rcv_detail_code,remaining_amt, payrec, mode_code,coinsurance_code,class_cd,it_remarks) values" -> insert into ins_premium_det (premium_rcv_code,assorted_code, rec_amount,premium_rcv_detail_code,remaining_amt, payrec, mode_code,coinsurance_code,class_cd,it_remarks) values | G7: ="('"&E7&"','"&B7&"','"&D7&"',(select max(to_number(i.premium_rcv_detail_code))+1 from ins_premium_det i),'"&D7&"','"&D7&"','02', '11000003','00','Request by Mr. Omair Ali 17-Dec-2024');" -> ('17Dec240043','050000398570','10454',(select max(to_number(i.premium_rcv_detail_code))+1 from ins_premium_det i),'10454','10454','02', '11000003','00','Request by Mr. Omair Ali 17-Dec-2024'); | H7: =F7&G7 -> insert into ins_premium_det (premium_rcv_code,assorted_code, rec_amount,premium_rcv_detail_code,remaining_amt, payrec, mode_code,coinsurance_code,class_cd,it_remarks) values('17Dec240043','050000398570','10454',(select max(to_number(i.premium_rcv_detail_code))+1 from ins_premium_det i),'10454','10454','02', '11000003','00','Request by Mr. Omair Ali 17-Dec-2024');
A8: KHI/HO/D/HLGRP HEALTH/E/10118/08/2021 | B8: =VLOOKUP(A8,policy!B:C,2,0) -> 050000398814 | C8: 9452 | D8: =ROUND(C8,0) -> 9452 | E8: 17Dec240043 | F8: ="insert into ins_premium_det (premium_rcv_code,assorted_code, rec_amount,premium_rcv_detail_code,remaining_amt, payrec, mode_code,coinsurance_code,class_cd,it_remarks) values" -> insert into ins_premium_det (premium_rcv_code,assorted_code, rec_amount,premium_rcv_detail_code,remaining_amt, payrec, mode_code,coinsurance_code,class_cd,it_remarks) values | G8: ="('"&E8&"','"&B8&"','"&D8&"',(select max(to_number(i.premium_rcv_detail_code))+1 from ins_premium_det i),'"&D8&"','"&D8&"','02', '11000003','00','Request by Mr. Omair Ali 17-Dec-2024');" -> ('17Dec240043','050000398814','9452',(select max(to_number(i.premium_rcv_detail_code))+1 from ins_premium_det i),'9452','9452','02', '11000003','00','Request by Mr. Omair Ali 17-Dec-2024'); | H8: =F8&G8 -> insert into ins_premium_det (premium_rcv_code,assorted_code, rec_amount,premium_rcv_detail_code,remaining_amt, payrec, mode_code,coinsurance_code,class_cd,it_remarks) values('17Dec240043','050000398814','9452',(select max(to_number(i.premium_rcv_detail_code))+1 from ins_premium_det i),'9452','9452','02', '11000003','00','Request by Mr. Omair Ali 17-Dec-2024');
A9: KHI/HO/D/HLGRP HEALTH/E/10193/08/2021 | B9: =VLOOKUP(A9,policy!B:C,2,0) -> 050000400641 | C9: 7444 | D9: =ROUND(C9,0) -> 7444 | E9: 17Dec240043 | F9: ="insert into ins_premium_det (premium_rcv_code,assorted_code, rec_amount,premium_rcv_detail_code,remaining_amt, payrec, mode_code,coinsurance_code,class_cd,it_remarks) values" -> insert into ins_premium_det (premium_rcv_code,assorted_code, rec_amount,premium_rcv_detail_code,remaining_amt, payrec, mode_code,coinsurance_code,class_cd,it_remarks) values | G9: ="('"&E9&"','"&B9&"','"&D9&"',(select max(to_number(i.premium_rcv_detail_code))+1 from ins_premium_det i),'"&D9&"','"&D9&"','02', '11000003','00','Request by Mr. Omair Ali 17-Dec-2024');" -> ('17Dec240043','050000400641','7444',(select max(to_number(i.premium_rcv_detail_code))+1 from ins_premium_det i),'7444','7444','02', '11000003','00','Request by Mr. Omair Ali 17-Dec-2024'); | H9: =F9&G9 -> insert into ins_premium_det (premium_rcv_code,assorted_code, rec_amount,premium_rcv_detail_code,remaining_amt, payrec, mode_code,coinsurance_code,class_cd,it_remarks) values('17Dec240043','050000400641','7444',(select max(to_number(i.premium_rcv_detail_code))+1 from ins_premium_det i),'7444','7444','02', '11000003','00','Request by Mr. Omair Ali 17-Dec-2024');
A10: KHI/HO/D/HLGRP HEALTH/E/10232/08/2021 | B10: =VLOOKUP(A10,policy!B:C,2,0) -> 050000400776 | C10: 76091 | D10: =ROUND(C10,0) -> 76091 | E10: 17Dec240043 | F10: ="insert into ins_premium_det (premium_rcv_code,assorted_code, rec_amount,premium_rcv_detail_code,remaining_amt, payrec, mode_code,coinsurance_code,class_cd,it_remarks) values" -> insert into ins_premium_det (premium_rcv_code,assorted_code, rec_amount,premium_rcv_detail_code,remaining_amt, payrec, mode_code,coinsurance_code,class_cd,it_remarks) values | G10: ="('"&E10&"','"&B10&"','"&D10&"',(select max(to_number(i.premium_rcv_detail_code))+1 from ins_premium_det i),'"&D10&"','"&D10&"','02', '11000003','00','Request by Mr. Omair Ali 17-Dec-2024');" -> ('17Dec240043','050000400776','76091',(select max(to_number(i.premium_rcv_detail_code))+1 from ins_premium_det i),'76091','76091','02', '11000003','00','Request by Mr. Omair Ali 17-Dec-2024'); | H10: =F10&G10 -> insert into ins_premium_det (premium_rcv_code,assorted_code, rec_amount,premium_rcv_detail_code,remaining_amt, payrec, mode_code,coinsurance_code,class_cd,it_remarks) values('17Dec240043','050000400776','76091',(select max(to_number(i.premium_rcv_detail_code))+1 from ins_premium_det i),'76091','76091','02', '11000003','00','Request by Mr. Omair Ali 17-Dec-2024');
A11: KHI/HO/D/HLGRP HEALTH/E/10276/08/2021 | B11: =VLOOKUP(A11,policy!B:C,2,0) -> 050000400927 | C11: 10454 | D11: =ROUND(C11,0) -> 10454 | E11: 17Dec240043 | F11: ="insert into ins_premium_det (premium_rcv_code,assorted_code, rec_amount,premium_rcv_detail_code,remaining_amt, payrec, mode_code,coinsurance_code,class_cd,it_remarks) values" -> insert into ins_premium_det (premium_rcv_code,assorted_code, rec_amount,premium_rcv_detail_code,remaining_amt, payrec, mode_code,coinsurance_code,class_cd,it_remarks) values | G11: ="('"&E11&"','"&B11&"','"&D11&"',(select max(to_number(i.premium_rcv_detail_code))+1 from ins_premium_det i),'"&D11&"','"&D11&"','02', '11000003','00','Request by Mr. Omair Ali 17-Dec-2024');" -> ('17Dec240043','050000400927','10454',(select max(to_number(i.premium_rcv_detail_code))+1 from ins_premium_det i),'10454','10454','02', '11000003','00','Request by Mr. Omair Ali 17-Dec-2024'); | H11: =F11&G11 -> insert into ins_premium_det (premium_rcv_code,assorted_code, rec_amount,premium_rcv_detail_code,remaining_amt, payrec, mode_code,coinsurance_code,class_cd,it_remarks) values('17Dec240043','050000400927','10454',(select max(to_number(i.premium_rcv_detail_code))+1 from ins_premium_det i),'10454','10454','02', '11000003','00','Request by Mr. Omair Ali 17-Dec-2024');
A12: KHI/HO/D/HLGRP HEALTH/E/10477/09/2021 | B12: =VLOOKUP(A12,policy!B:C,2,0) -> 050000404564 | C12: 21333 | D12: =ROUND(C12,0) -> 21333 | E12: 17Dec240043 | F12: ="insert into ins_premium_det (premium_rcv_code,assorted_code, rec_amount,premium_rcv_detail_code,remaining_amt, payrec, mode_code,coinsurance_code,class_cd,it_remarks) values" -> insert into ins_premium_det (premium_rcv_code,assorted_code, rec_amount,premium_rcv_detail_code,remaining_amt, payrec, mode_code,coinsurance_code,class_cd,it_remarks) values | G12: ="('"&E12&"','"&B12&"','"&D12&"',(select max(to_number(i.premium_rcv_detail_code))+1 from ins_premium_det i),'"&D12&"','"&D12&"','02', '11000003','00','Request by Mr. Omair Ali 17-Dec-2024');" -> ('17Dec240043','050000404564','21333',(select max(to_number(i.premium_rcv_detail_code))+1 from ins_premium_det i),'21333','21333','02', '11000003','00','Request by Mr. Omair Ali 17-Dec-2024'); | H12: =F12&G12 -> insert into ins_premium_det (premium_rcv_code,assorted_code, rec_amount,premium_rcv_detail_code,remaining_amt, payrec, mode_code,coinsurance_code,class_cd,it_remarks) values('17Dec240043','050000404564','21333',(select max(to_number(i.premium_rcv_detail_code))+1 from ins_premium_det i),'21333','21333','02', '11000003','00','Request by Mr. Omair Ali 17-Dec-2024');
A13: KHI/HO/D/HLGRP HEALTH/E/10512/09/2021 | B13: =VLOOKUP(A13,policy!B:C,2,0) -> 050000404780 | C13: 22332 | D13: =ROUND(C13,0) -> 22332 | E13: 17Dec240043 | F13: ="insert into ins_premium_det (premium_rcv_code,assorted_code, rec_amount,premium_rcv_detail_code,remaining_amt, payrec, mode_code,coinsurance_code,class_cd,it_remarks) values" -> insert into ins_premium_det (premium_rcv_code,assorted_code, rec_amount,premium_rcv_detail_code,remaining_amt, payrec, mode_code,coinsurance_code,class_cd,it_remarks) values | G13: ="('"&E13&"','"&B13&"','"&D13&"',(select max(to_number(i.premium_rcv_detail_code))+1 from ins_premium_det i),'"&D13&"','"&D13&"','02', '11000003','00','Request by Mr. Omair Ali 17-Dec-2024');" -> ('17Dec240043','050000404780','22332',(select max(to_number(i.premium_rcv_detail_code))+1 from ins_premium_det i),'22332','22332','02', '11000003','00','Request by Mr. Omair Ali 17-Dec-2024'); | H13: =F13&G13 -> insert into ins_premium_det (premium_rcv_code,assorted_code, rec_amount,premium_rcv_detail_code,remaining_amt, payrec, mode_code,coinsurance_code,class_cd,it_remarks) values('17Dec240043','050000404780','22332',(select max(to_number(i.premium_rcv_detail_code))+1 from ins_premium_det i),'22332','22332','02', '11000003','00','Request by Mr. Omair Ali 17-Dec-2024');
... A174: KHI/HO/D/HLGRP HEALTH/E/25919/06/2024 | B174: =VLOOKUP(A174,policy!B:C,2,0) -> 050000760647 | C174: 1023 | D174: =ROUND(C174,0) -> 1023 | E174: 17Dec240043 | F174: ="insert into ins_premium_det (premium_rcv_code,assorted_code, rec_amount,premium_rcv_detail_code,remaining_amt, payrec, mode_code,coinsurance_code,class_cd,it_remarks) values" -> insert into ins_premium_det (premium_rcv_code,assorted_code, rec_amount,premium_rcv_detail_code,remaining_amt, payrec, mode_code,coinsurance_code,class_cd,it_remarks) values | G174: ="('"&E174&"','"&B174&"','"&D174&"',(select max(to_number(i.premium_rcv_detail_code))+1 from ins_premium_det i),'"&D174&"','"&D174&"','02', '11000003','00','Request by Mr. Omair Ali 17-Dec-2024');" -> ('17Dec240043','050000760647','1023',(select max(to_number(i.premium_rcv_detail_code))+1 from ins_premium_det i),'1023','1023','02', '11000003','00','Request by Mr. Omair Ali 17-Dec-2024'); | H174: =F174&G174 -> insert into ins_premium_det (premium_rcv_code,assorted_code, rec_amount,premium_rcv_detail_code,remaining_amt, payrec, mode_code,coinsurance_code,class_cd,it_remarks) values('17Dec240043','050000760647','1023',(select max(to_number(i.premium_rcv_detail_code))+1 from ins_premium_det i),'1023','1023','02', '11000003','00','Request by Mr. Omair Ali 17-Dec-2024');
C175: =SUM(C2:C174) -> 0 | D175: =SUM(D2:D174) -> 0

Sheet Sheet4
A1: KHI/HO/D/HLGRP HEALTH/E/9578/07/2021 | B1: -07-2021 | D1: 9578 | E1: ="ia.assorted_string like '%"&D1&B1&"%' or" -> ia.assorted_string like '%9578-07-2021%' or
A2: KHI/HO/D/HLGRP HEALTH/E/9730/07/2021 | B2: -07-2021 | D2: 9730 | E2: ="ia.assorted_string like '%"&D2&B2&"%' or" -> ia.assorted_string like '%9730-07-2021%' or
A3: KHI/HO/D/HLGRP HEALTH/E/9859/07/2021 | B3: -07-2021 | D3: 9859 | E3: ="ia.assorted_string like '%"&D3&B3&"%' or" -> ia.assorted_string like '%9859-07-2021%' or
A4: KHI/HO/D/HLGRP HEALTH/E/9874/07/2021 | B4: -07-2021 | D4: 9874 | E4: ="ia.assorted_string like '%"&D4&B4&"%' or" -> ia.assorted_string like '%9874-07-2021%' or
A5: KHI/HO/D/HLGRP HEALTH/E/9894/07/2021 | B5: -07-2021 | D5: 9894 | E5: ="ia.assorted_string like '%"&D5&B5&"%' or" -> ia.assorted_string like '%9894-07-2021%' or
A6: KHI/HO/D/HLGRP HEALTH/E/10053/08/2021 | B6: -08-2021 | D6: 10053 | E6: ="ia.assorted_string like '%"&D6&B6&"%' or" -> ia.assorted_string like '%10053-08-2021%' or
A7: KHI/HO/D/HLGRP HEALTH/E/10118/08/2021 | B7: -08-2021 | D7: 10118 | E7: ="ia.assorted_string like '%"&D7&B7&"%' or" -> ia.assorted_string like '%10118-08-2021%' or
A8: KHI/HO/D/HLGRP HEALTH/E/10193/08/2021 | B8: -08-2021 | D8: 10193 | E8: ="ia.assorted_string like '%"&D8&B8&"%' or" -> ia.assorted_string like '%10193-08-2021%' or
A9: KHI/HO/D/HLGRP HEALTH/E/10232/08/2021 | B9: -08-2021 | D9: 10232 | E9: ="ia.assorted_string like '%"&D9&B9&"%' or" -> ia.assorted_string like '%10232-08-2021%' or
A10: KHI/HO/D/HLGRP HEALTH/E/10276/08/2021 | B10: -08-2021 | D10: 10276 | E10: ="ia.assorted_string like '%"&D10&B10&"%' or" -> ia.assorted_string like '%10276-08-2021%' or
A11: KHI/HO/D/HLGRP HEALTH/E/10477/09/2021 | B11: -09-2021 | D11: 10477 | E11: ="ia.assorted_string like '%"&D11&B11&"%' or" -> ia.assorted_string like '%10477-09-2021%' or
A12: KHI/HO/D/HLGRP HEALTH/E/10512/09/2021 | B12: -09-2021 | D12: 10512 | E12: ="ia.assorted_string like '%"&D12&B12&"%' or" -> ia.assorted_string like '%10512-09-2021%' or
... A173: KHI/HO/D/HLGRP HEALTH/E/25919/06/2024 | B173: -06-2024 | D173: 25919 | E173: ="ia.assorted_string like '%"&D173&B173&"%' or" -> ia.assorted_string like '%25919-06-2024%' or

Sheet policy
B1: FUNC_ASSORTED_STRING(IA.ASSORTED_CODE) | C1: ASSORTED_CODE
A2: 1 | B2: KHI/HO/D/HLGRP HEALTH/E/11713/11/2021 | C2: 050000419731
A3: 2 | B3: KHI/HO/D/HLGRP HEALTH/E/10053/08/2021 | C3: 050000398570
A4: 3 | B4: KHI/HO/D/HLGRP HEALTH/E/10118/08/2021 | C4: 050000398814
A5: 4 | B5: KHI/HO/D/HLGRP HEALTH/E/14164/04/2022 | C5: 050000456701
A6: 5 | B6: KHI/HO/D/HLGRP HEALTH/E/11798/11/2021 | C6: 050000420173
A7: 6 | B7: KHI/HO/D/HLGRP HEALTH/E/10991/09/2021 | C7: 050000411407
A8: 7 | B8: KHI/HO/D/HLGRP HEALTH/E/11179/10/2021 | C8: 050000415897
A9: 8 | B9: KHI/HO/D/HLGRP HEALTH/E/9874/07/2021 | C9: 050000396173
A10: 9 | B10: KHI/HO/D/HLGRP HEALTH/E/11520/10/2021 | C10: 050000418583
A11: 10 | B11: KHI/HO/D/HLGRP HEALTH/E/13672/03/2022 | C11: 050000449403
A12: 11 | B12: KHI/HO/D/HLGRP HEALTH/E/13596/02/2022 | C12: 050000447082
A13: 12 | B13: KHI/HO/D/HLGRP HEALTH/E/13023/01/2022 | C13: 050000437357
... A184: 183 | B184: KHI/HO/D/HLGRP HEALTH/E/25667/06/2024 | C184: 050000756652
