Workbook

Sheet T-PAK
A1: Sr. | B1: Status | C1: Contract No. | D1: Contract Status | E1: Insurance Agency | F1: Customer Name | G1: City | H1: CNIC No. | I1: Home Phone# | J1: Mobile Number | K1: Business Phone# | L1: Mail Address | M1: Finance Amount | N1: Car Price | O1: Ins. Policy | P1: Ins. Expiry Date | Q1: Engine No. | R1: Chassis No. | S1: Car Category | T1: Reg. No. | U1: Car Name | V1: Model | W1: Contract Booking Date | X1: Contract Value Date | Y1: Contract Maturity Date | Z1: Purchase Order No. | AA1: Tenor#2 | AB1: Tracker Company | AC1: Tracker Reference Number | AD1: Tracker Installation Date | AE1: Insurance Rate | AF1: Sum Insured | AG1: Premium | AH1: Policy No. | AI1: TMS Premium | AJ1: Difference Amount | AK1: Endorsement No
A2: 1 | B2: NORM | C2: 9976AD2223640004 | D2: A | E2: T-PAK | F2: SAJJAD AHMED BAJWA | G2: Faisalabad | H2: 34501-2003546-9 | I2: 03017044648 | J2: 03017044648, 03017044648 | K2: 03017044648 | L2: P-465 E MILLAT TOWN MILLAT ROAD FSD NEAR ISMAIL GREEN VALLEY FAISALABAD PK | M2: 2800800 | N2: 6224000 | O2: 66406/0001/01/2023 | P2: 45689 | Q2: 1001261 | R2: 001297 | S2: NEW | U2: HONDA HR-V | V2: 2022 | W2: 44925 | X2: 11-JAN-2023 | Y2: 46033 | Z2: OLAFSD300091428 | AA2: 3 | AB2: FLCN | AC2: 109045/01/2023 | AD2: 44986 | AE2: 2% | AF2: 5290400 | AG2: 105808 | AH2: KHI/HO/D/MO/PC COMP/C/106590/4/01/2025 | AI2: 105808 | AJ2: 0
A3: 2 | B3: NORM | C3: 9976AP1220070001 | D3: A | E3: T-PAK | F3: TALHA AHMED KHAN | G3: Karachi | H3: 42201-4657682-7 | J3: 03362807093 | L3: HOUSE NO 90/1 20TH STREET KHAYBAN-E-RAHAT DHA PHASE 6 KARACHI | M3: 2380000 | N3: 3500000 | O3: 57872/00002/01/2022 | P3: 45717 | Q3: 12938588 | R3: R042010 | S3: USD | T3: BNC-303 | U3: HONDA CIVIC IVTEC | V3: 2018 | W3: 44743 | X3: 11-JAN-2022 | Y3: 46398 | Z3: OLUKHI300082915 | AA3: 5 | AB3: ITECL | AC3: 6069/01/2022 | AD3: 44682 | AE3: 1.5% | AF3: 2800000 | AG3: 42000 | AH3: KHI/HO/D/MO/PC COMP/C/106590/11/01/2025 | AI3: 42000 | AJ3: 0
A4: 3 | B4: NORM | C4: 9976AP1213650144 | D4: A | E4: T-PAK | F4: SHAIKH TALHA SAEED | G4: Karachi | H4: 42201-4531523-7 | J4: 03469099000 | L4: SHOP NO 3 AND 7 MOON ELECTRONICE MARKET, HING COURT ABDULLAH HAROON RD KHI | M4: 1519000 | N4: 2170000 | O4: 57132/00348/12/2021 | P4: 45717 | Q4: KP-701552 | R4: 216461 | S4: USD | U4: KIA PICANTO 1.0 L A/T | W4: 44561 | X4: 03-JAN-2022 | Y4: 46025 | Z4: OLUKHI300082782 | AA4: 4 | AB4: CTRK | AC4: DIB0033015 | AD4: 44561 | AE4: 1.5% | AF4: 1736000 | AG4: 26040 | AH4: KHI/HO/D/MO/PC COMP/C/106590/14/01/2025 | AI4: 26040 | AJ4: 0
A5: 4 | B5: NORM | C5: 9976AP1230060006 | D5: A | E5: T-PAK | F5: MUHAMMAD TAYYAB | G5: Karachi | H5: 54201-2441034-9 | I5: 34026311 | J5: 03212448229 | K5: 32465625 | L5: AL TIJJAR LOGISTICS HOUSE NO A-181 BLOCK 13 GULISTAN-E-JOHAR NEAR JOHAR CHOWRANGI KARACHI | M5: 2992000 | N5: 6800000 | O5: 66406/00008/01/2023 | P5: 45717 | Q5: 177158 | R5: 206550 | S5: USD | T5: BK-3294 | U5: HYUNDAI TUCSON FWD | V5: 2022 | W5: 45078 | X5: 11-JAN-2023 | Y5: 46033 | Z5: OLUKHI300091530 | AA5: 3 | AB5: ITFM | AC5: 9742/01/2023/ITFM | AD5: 45047 | AE5: 1.75% | AF5: 5780000 | AG5: 101150 | AH5: KHI/HO/D/MO/PC COMP/C/106590/15/01/2025 | AI5: 101150 | AJ5: 0
A6: 5 | B6: NORM | C6: 9976AD1223340010 | D6: A | E6: T-PAK | F6: WAJID ZAKIR | G6: Islamabad | H6: 82303-6957909-3 | J6: 03138586926 | K6: 0512201256 | L6: DANISH ENTERPRISES SHOP NO 4 ZAKIA PLAZA NEAR CHINA CHOWK FAZAL E HAQ ROAD BLUE AREA ISLAMABAD | M6: 1284400 | N6: 1976000 | O6: 66406/00005/01/2023 | P6: 45717 | Q6: 269085 | R6: 169037 | S6: NEW | U6: SUZUKI ALTO VXR EURO-II | V6: 2022 | W6: 44895 | X6: 11-JAN-2023 | Y6: 46763 | Z6: OLAISD300091055 | AA6: 5 | AB6: FLCN | AC6: 109047/01/2023 | AD6: 45017 | AE6: 2% | AF6: 1679600 | AG6: 33592 | AH6: KHI/HO/D/MO/PC COMP/C/106590/19/01/2025 | AI6: 33592 | AJ6: 0
A7: 6 | B7: NORM | C7: 9976AD2220900019 | D7: A | E7: T-PAK | F7: HIRA KHISAL | G7: Karachi | H7: 42101-0150581-8 | J7: 03343673345 | K7: 34912807 | L7: CLARITY BIOSCIENCES OFFICE 405 NAFEES ARCADE SC-14 CHANDNI CHOWK OPP OLD SABZI MANDI UNI ROAD KHI | M7: 1222900 | N7: 1747000 | O7: 66406/00004/01/2023 | P7: 45717 | Q7: 257467 | R7: 1157429 | S7: NEW | U7: SUZUKI ALTO VXL AGS EURO II | V7: 2022 | W7: 44651 | X7: 11-JAN-2023 | Y7: 46763 | Z7: OLAKHI300086247 | AA7: 5 | AB7: ITECL | AC7: 9657/12/2022 | AD7: 44911 | AE7: 2% | AF7: 1484950 | AG7: 29699 | AH7: KHI/HO/D/MO/PC COMP/C/106590/20/01/2025 | AI7: 29699 | AJ7: 0
A8: 7 | B8: NORM | C8: 9976AD1220900022 | D8: A | E8: T-PAK | F8: MUHAMMAD ARSLAN | G8: Karachi | H8: 13302-6125172-3 | J8: 03450011443 | L8: A-45 BLK C, GULISTAN-E-JAMAL KARACHI | M8: 2755200 | N8: 3936000 | O8: 66406/00007/01/2023 | P8: 45717 | Q8: Q102752 | R8: 6080227 | S8: NEW | U8: TOYOTA COROLLA ALTIS A/T S/R | V8: 2022 | W8: 44651 | X8: 11-JAN-2023 | Y8: 46033 | Z8: OLAKHI300086217 | AA8: 3 | AB8: FLCN | AC8: 108967/12/2022 | AD8: 44918 | AE8: 2% | AF8: 3345600 | AG8: 66912 | AH8: KHI/HO/D/MO/PC COMP/C/106590/21/01/2025 | AI8: 66912 | AJ8: 0
A9: 8 | B9: NORM | C9: 9976AP1230090010 | D9: A | E9: T-PAK | F9: MUKHTAR ABBAS | G9: Islamabad | H9: 61101-3468070-7 | J9: 03335141520 | K9: 051-2614931-32 | L9: HAKIM HOUSE, NEW SHAKRIAL, DAK KHANA KHANA DAK, TEH AND DISTT RWP | M9: 1512000 | N9: 2160000 | O9: 66406/00012/01/2023 | P9: 45748 | Q9: 245580 | R9: 1145561 | S9: USD | T9: AZX-596 | U9: SUZUKI ALTO VXR EURO-II | V9: 2022 | W9: 45170 | X9: 11-JAN-2023 | Y9: 46763 | Z9: OLUISD300091534 | AA9: 5 | AB9: ITFT | AC9: 9744/01/2023/ITFM | AD9: 45047 | AE9: 1.75% | AF9: 1836000 | AG9: 32130 | AH9: KHI/HO/D/MO/PC COMP/C/106590/48/01/2025 | AI9: 32130 | AJ9: 0
A10: 9 | B10: NORM | C10: 9976AD1223650009 | D10: A | E10: T-PAK | F10: USAMA NIZAM | G10: Faisalabad | H10: 33100-7913850-7 | I10: 03336667715 | J10: 03336667715, 03336667715 | K10: 03336667715 | L10: H NO 202 AYESHA BLOCK ABDULLAH GARD ENS CANAL ROAD FSD NEAR JAMIA MASJ FAISALABAD PK | M10: 2444000 | N10: 3760000 | O10: 66406/00013/01/2023 | P10: 45748 | Q10: 1013458 | R10: 113439 | S10: NEW | U10: SUZUKI SWIFT GLX CVT | V10: 2022 | W10: 44926 | X10: 11-JAN-2023 | Y10: 46033 | Z10: OLAFSD300091503 | AA10: 3 | AB10: ITECL | AC10: 9743/01/2023 | AD10: 45047 | AE10: 1.75% | AF10: 3196000 | AG10: 55930 | AH10: KHI/HO/D/MO/PC COMP/C/106590/49/01/2025 | AI10: 55930 | AJ10: 0
A11: 10 | B11: NORM | C11: 9976AD1223290002 | D11: A | E11: T-PAK | F11: MUHAMMAD ALI | G11: Islamabad | H11: 61101-1815849-9 | I11: 03455538334 | K11: 0514863370 | L11: FLATE # 8 BLOCK # 5-A STREET #| 1SE CTOR I-8/1 ISLAMABAD PK | M11: 1086800 | N11: 1976000 | O11: 66406/00010/01/2023 | P11: 45748 | Q11: E267475 | R11: 1167578 | S11: NEW | U11: SUZUKI ALTO VXR EURO-II | V11: 2022 | W11: 44890 | X11: 11-JAN-2023 | Y11: 46763 | Z11: OLAISD300090947 | AA11: 5 | AB11: FLCN | AC11: 109050/01/2023 | AD11: 45047 | AE11: 2% | AF11: 1679600 | AG11: 33592 | AH11: KHI/HO/D/MO/PC COMP/C/106590/53/01/2025 | AI11: 33592 | AJ11: 0
A12: 11 | B12: NORM | C12: 9976AD1223270006 | D12: A | E12: T-PAK | F12: SHEIKH MUHAMMAD ABID | G12: Islamabad | H12: 12101-0989951-7 | I12: 03018550519 | K12: 03018550519 | L12: H # 473 MAIN DOUBLE ROAD I-10/4 ISLAMABAD PK | M12: 1383200 | N12: 1976000 | O12: 66406/00009/01/2023 | P12: 45748 | Q12: 6R267556 | R12: 1167568 | S12: NEW | U12: SUZUKI ALTO VXR EURO-II | V12: 2022 | W12: 44888 | X12: 11-JAN-2023 | Y12: 46763 | Z12: OLAISD300090924 | AA12: 5 | AB12: FLCN | AC12: 109049/01/2023 | AD12: 45047 | AE12: 1.75% | AF12: 1679600 | AG12: 29393 | AH12: KHI/HO/D/MO/PC COMP/C/106590/54/01/2025 | AI12: 29393 | AJ12: 0
A13: 12 | B13: NORM | C13: 9976AP2240050001 | D13: A | E13: T-PAK | F13: MUHAMMAD USMAN | G13: Karachi | H13: 33301-0902233-3 | J13: 03253022800 | L13: AL HAMMAD INTERIORS OFFICE 7 APPLE GARDEN JAMAL UDDIN AFGHANI ROAD BAHADURABAD KARACHI 0307-8228000 | M13: 2562000 | N13: 3660000 | O13: 81032/00001/01/2024 | P13: 45748 | Q13: 17510250 | R13: R223177 | S13: USD | T13: BMT-010 | U13: HONDA CITY I-VTEC | V13: 2018 | W13: 45413 | X13: 11-JAN-2024 | Y13: 46398 | Z13: OLUKHI300098960 | AA13: 3 | AB13: ITFT | AC13: 10701/01/2024/ITFM | AD13: 45017 | AE13: 1.75% | AF13: 3294000 | AG13: 57645 | AH13: KHI/HO/D/MO/PC COMP/C/106590/61/01/2025 | AI13: 57645 | AJ13: 0
A14: 13 | B14: NORM | C14: 997AAD1203050085 | D14: A | E14: T-PAK | F14: GHULAM MURTAZA | G14: Islamabad | H14: 61101-1792198-5 | I14: 3228585196 | K14: 0 | L14: H # 18 ST # 5 SECTOR G-13/3 ISLAMABAD PK | M14: 2446500 | N14: 3495000 | O14: 2524/02288/00001/01/2021 | P14: 45657 | Q14: 4803418 | R14: LR020046 | S14: NEW | U14: BRV-IVTEC-S | V14: 2021 | W14: 44135 | X14: 11-JAN-2021 | Y14: 11-Jan-2026 | Z14: POAISD300059793 | AA14: 5 | AB14: CTRK | AC14: DIB0029295 | AD14: 44202 | AE14: 2% | AF14: 2621250 | AG14: 52425 | AH14: KHI/HO/D/MO/PC COMP/C/103702/12/12/2024 | AI14: 55920 | AJ14: 3495 | AK14: KHI/HO/D/MO/PC COMP/E/52165/00012/02/2025
A15: 14 | B15: NORM | C15: 9976AP1223650042 | D15: A | E15: T-PAK | F15: RANA ARSLAN ZAFAR | G15: Faisalabad | H15: 54401-9696683-3 | I15: 03008317668 | J15: 03008317668, 03008317668 | K15: 03008317668 | L15: CHAK NO 68 RAJPOOT HOUSE SHEIKHUPUR A ROAD ADDA JOHAL FAISALABAD PK | M15: 1330000 | N15: 1900000 | O15: 65483/00055/12/2022 | P15: 45656 | Q15: 118310 | R15: 10018506 | S15: USD | T15: LEC-18-8380 | U15: SUZUKI CULTUS VXL | V15: 2018 | W15: 44926 | X15: 03-JAN-2023 | Y15: 03-Jan-2028 | Z15: OLUFSD300091462 | AA15: 5 | AB15: ITFT | AC15: 9723/12/2022 | AD15: 44926 | AE15: 1.75% | AF15: 1615000 | AG15: 28263 | AH15: KHI/HO/D/MO/PC COMP/C/103702/16/12/2024 | AI15: 29925 | AJ15: 1662 | AK15: KHI/HO/D/MO/PC COMP/E/52165/00016/02/2025
A16: 15 | B16: NORM | C16: 9976AP1223650032 | D16: A | E16: T-PAK | F16: MUHAMMAD WAQAS AKRAM | G16: Faisalabad | H16: 35302-0726893-1 | I16: 03006681096 | J16: 03006681096, 03006681096 | K16: 03006681096 | L16: ST NO 3 HAMAYUN TOWN FSD NEAR MUMTA Z GRAMMAR HIGH SCHOOL FAISALABAD PK | M16: 1190000 | N16: 1700000 | O16: 65483/00058/12/2022 | P16: 45656 | Q16: 173902 | R16: 10073885 | S16: USD | T16: FDA-18-244 | U16: SUZUKI WAGONR VXL | V16: 2018 | W16: 44926 | X16: 03-JAN-2023 | Y16: 03-Jan-2028 | Z16: OLUFSD300091480 | AA16: 5 | AB16: ITECL | AC16: 9727/12/2022 | AD16: 44926 | AE16: 1.75% | AF16: 1445000 | AG16: 25288 | AH16: KHI/HO/D/MO/PC COMP/C/103702/19/12/2024 | AI16: 26775 | AJ16: 1487 | AK16: KHI/HO/D/MO/PC COMP/E/52165/00019/02/2025
A17: 16 | B17: NORM | C17: 9976AP1223650051 | D17: A | E17: T-PAK | F17: SYED ALI MURTAZA ZAIDI | G17: Islamabad | H17: 61101-9788983-3 | J17: 00407497358373 | L17: 48 OLD CRABTREE LANE HP24EX HEMEL HEMPSTEAD UNITED KINGDOM | M17: 3066460 | N17: 4509500 | O17: 65483/00060/12/2022 | P17: 45656 | Q17: 281012895 | R17: 029762 | S17: RDA | U17: HONDA CITY ASPIRE A/T | V17: 2022 | W17: 44926 | X17: 03-JAN-2023 | Y17: 03-Jan-2030 | Z17: OLDISD300091492 | AA17: 7 | AB17: FLCN | AC17: 109038/12/2022 | AD17: 44926 | AE17: 1.4% | AF17: 3833075 | AG17: 53663 | AH17: KHI/HO/D/MO/PC COMP/C/103702/25/12/2024 | AI17: 56820 | AJ17: 3157 | AK17: KHI/HO/D/MO/PC COMP/E/52165/00025/02/2025
A18: 17 | B18: NORM | C18: 9976AD2212510005 | D18: A | E18: T-PAK | F18: MUHAMMAD AFTAB KHAN | G18: Lahore | H18: 35200-1444731-9 | I18: 0300-4303941 | J18: 0300-4303941 0302-8403941 | K18: 04237000234 35218882 | L18: HOUSE NO 551 M BLOCK EXTENSION MODEL TOWN CIVIC CENTRE LAHORE | M18: 934500 | N18: 1335000 | O18: 57872/00011/01/2022 | P18: 45778 | Q18: R204358 | R18: 1104373 | S18: NEW | U18: SUZUKI ALTO VXR EURO II | V18: 2021 | W18: 44417 | X18: 21-JAN-2022 | Y18: 46408 | Z18: OLALHR300073212 | AA18: 5 | AB18: CTRK | AC18: DIB0033057 | AD18: 44713 | AE18: 2% | AF18: 1068000 | AG18: 21360 | AH18: KHI/HO/D/MO/PC COMP/C/106590/71/01/2025 | AI18: 21360 | AJ18: 0
A19: 18 | B19: NORM | C19: 997AAD1193340005 | D19: A | E19: T-PAK | F19: MOHAMMAD AHSAN AKBAR | G19: Karachi | H19: 42101-8221491-3 | I19: 03343898410 | J19: 03343898410 | K19: 02135170768 | L19: HOUSE # B-55 BLOCK C NORTH NAZIMABA D KARACHI | M19: 1299350 | N19: 1999000 | O19: 51671/00002/01/2019 | P19: 45778 | Q19: 168918 | R19: 700649 | S19: NEW | T19: #N/A | U19: KIA PICANTO 1.0 L A/T | V19: 2019 | W19: 43799 | X19: 21-JAN-2020 | Y19: 46408 | Z19: POAKHI300051235 | AA19: 7 | AB19: CTRK | AC19: DIB0028095 | AD19: 43891 | AE19: 2.75% | AF19: 1399300 | AG19: 38481 | AH19: KHI/HO/D/MO/PC COMP/C/106590/72/01/2025 | AI19: 38481 | AJ19: 0
A20: 19 | B20: NORM | C20: 9976AP1220040161 | D20: A | E20: T-PAK | F20: AMRITA VENOZ GILL | G20: Abotabad | H20: 13101-6645750-6 | J20: 03365504525 | K20: 0992403549 | L20: SPRING GILL MONTESSORI SCHOOL JHANGI SYEDIAN ABBOTTABAD | M20: 1885000 | N20: 2900000 | O20: 57132/00347/12/2021 | P20: 45656 | Q20: 530154 | R20: 4156502 | S20: USD | T20: AJT-097 | U20: TOYOTA GLI A/T | V20: 2018 | W20: 44565 | X20: 11-JAN-2022 | Y20: 11-Jan-2027 | Z20: OLUABD300082848 | AA20: 5 | AB20: ITECL | AC20: 6040/12/2021 | AD20: 44561 | AE20: 1.5% | AF20: 2320000 | AG20: 34800 | AH20: KHI/HO/D/MO/PC COMP/C/103702/29/12/2024 | AI20: 36975 | AJ20: 2175 | AK20: KHI/HO/D/MO/PC COMP/E/52165/00029/02/2025
A21: 20 | B21: NORM | C21: 9976AP1203660059 | D21: A | E21: T-PAK | F21: JAMAL ALI MIRZA | G21: Karachi | H21: 42201-2147828-7 | I21: 0333247114 | J21: 03332471114 | K21: 0 | L21: 2602 PIB COLONY JAMAL GENERAL STORE KARACHI PK | M21: 1237500 | N21: 1650000 | O21: 2524/02243/00088/12/2020 | P21: 45656 | Q21: 3B20-LB6651 | R21: 0338389 | S21: RCN | T21: BKS-521 | U21: NISSAN DAYS HIGHWAY STAR | V21: 2016 | W21: 44196 | X21: 03-JAN-2021 | Y21: 03-Jan-2026 | Z21: OLUKHI300064634 | AA21: 5 | AB21: ITFM | AC21: 3933/12/2020/ITFM | AD21: 44196 | AE21: 2% | AF21: 1237500 | AG21: 24750 | AH21: KHI/HO/D/MO/PC COMP/C/103702/31/12/2024 | AI21: 26400 | AJ21: 1650 | AK21: KHI/HO/D/MO/PC COMP/E/52165/00031/02/2025
A22: 21 | B22: NORM | C22: 997AAD1202480012 | D22: A | E22: T-PAK | F22: SHEIKH MUHAMMAD ARSLAN ALI | G22: Faisalabad | H22: 33100-8724276-7 | I22: 3004761508 | J22: 03004761508, 03004761508 | K22: 3004761508 | L22: H NO P-2 MAIN TOWN ST NO 13 ABC ROA D AFGHANABAD NO 2 FAISALABAD PK | M22: 1398750 | N22: 1865000 | O22: 53545/00001/01/2021 | P22: 45778 | Q22: 166469 | R22: 10066488 | S22: NEW | U22: CULTUS VXL | V22: 2020 | W22: 43930 | X22: 11-JAN-2021 | Y22: 46033 | Z22: POAFSD300057028 | AA22: 5 | AB22: ITFM | AC22: 3979/01/2021/ITFM | AD22: 44348 | AE22: 2% | AF22: 1398750 | AG22: 27975 | AH22: KHI/HO/D/MO/PC COMP/C/106590/73/01/2025 | AI22: 27975 | AJ22: 0
A23: 22 | B23: NORM | C23: 9976AP1220070002 | D23: A | E23: T-PAK | F23: ABDUL AZIZ KAKAR | G23: Karachi | H23: 54401-6140379-7 | I23: 03328824127 | J23: 03328824127, 03328824127 | K23: 03328824127 | L23: HOUSE # 4-C MEZZANINE FLOOR STREET 2 MAIN SABA COMM DHA PHASE 5 NEAR G KARACHI PK | M23: 1182500 | N23: 2150000 | O23: 57872/00017/01/2022 | P23: 45778 | Q23: Z327103 | R23: NZE170R-4047590 | S23: USD | T23: BEH-025 | U23: TOYOTA COROLLA GLI | V23: 2015 | W23: 44743 | X23: 11-JAN-2022 | Y23: 46398 | Z23: OLUKHI300082922 | AA23: 5 | AB23: CTRK | AC23: DIB0033069 | AD23: 44743 | AE23: 1.5% | AF23: 1720000 | AG23: 25800 | AH23: KHI/HO/D/MO/PC COMP/C/106590/74/01/2025 | AI23: 25800 | AJ23: 0
A24: 23 | B24: NORM | C24: 9976AD2212110014 | D24: A | E24: T-PAK | F24: ADEEL AHMED | G24: Karachi | H24: 42101-4655899-1 | I24: 03218211212 | J24: 03218211212 | K24: 0 | L24: R-128 SECTOR 5-C BILAL TOWN NORTH K HI NEAR THE BEST SCHOOL KARACHI PK | M24: 1216800 | N24: 1521000 | O24: 57872/00019/01/2022 | P24: 45778 | Q24: 197014 | R24: 4096983 | S24: NEW | U24: ALTO VXL AGS EURO-II | V24: 2021 | W24: 44407 | X24: 21-JAN-2022 | Y24: 46408 | Z24: OLAKHI300071413 | AA24: 5 | AB24: ITECL | AC24: 6070/01/2022 | AD24: 44682 | AE24: 2% | AF24: 1216800 | AG24: 24336 | AH24: KHI/HO/D/MO/PC COMP/C/106590/75/01/2025 | AI24: 24336 | AJ24: 0
A25: 24 | B25: NORM | C25: 9976AP1213650129 | D25: A | E25: T-PAK | F25: SYED AZAM ALI SHAH RIZVI | G25: Karachi | H25: 45502-8732960-9 | I25: 03213104006 | J25: 03213104006 | K25: 03213104006 | L25: HOUSE # B-15 ABDULLAH VILLAS NEAR B ILAL MASJID QASIMABAD HYDERABAD PK | M25: 896000 | N25: 1280000 | O25: 57132/00318/12/2021 | P25: 45656 | Q25: 638224 | R25: 545095 | S25: USD | T25: BJV-376 | U25: SUZUK CULTUS VXR CNG | V25: 2017 | W25: 44561 | X25: 03-JAN-2022 | Y25: 03-Jan-2027 | Z25: OLUKHI300082789 | AA25: 5 | AB25: CTRK | AC25: DIB0032990 | AD25: 44561 | AE25: 1.5% | AF25: 1024000 | AG25: 15360 | AH25: KHI/HO/D/MO/PC COMP/C/103702/32/12/2024 | AI25: 16320 | AJ25: 960 | AK25: KHI/HO/D/MO/PC COMP/E/52165/00032/02/2025
A26: 25 | B26: NORM | C26: 9976AP1223650046 | D26: A | E26: T-PAK | F26: SYED USAMA ALI SHAH | G26: Faisalabad | H26: 33102-6824894-1 | I26: 03202075588 | J26: 03202075588, 03202075588 | K26: 03202075588 | L26: P-170-ACANAL ROAD PHASE I EDEN GARD ENS FSD NEAR OPP PARK FAISALABAD PK | M26: 2454010 | N26: 5707000 | O26: 65483/00056/12/2022 | P26: 45656 | Q26: 273327 | R26: 306078 | S26: NEW | U26: HYUNDAI ELENTRA | V26: 2022 | W26: 44926 | X26: 03-JAN-2023 | Y26: 03-Jan-2026 | Z26: OLDFSD300091475 | AA26: 3 | AB26: ITECL | AC26: 9726/12/2022 | AD26: 44926 | AE26: 1.75% | AF26: 4850950 | AG26: 84892 | AH26: KHI/HO/D/MO/PC COMP/C/103702/34/12/2024 | AI26: 89885 | AJ26: 4993 | AK26: KHI/HO/D/MO/PC COMP/E/52165/00034/02/2025
A27: 26 | B27: NORM | C27: 9976AP1223650045 | D27: A | E27: T-PAK | F27: MUHAMMAD SHAHID | G27: Faisalabad | H27: 31303-8682978-9 | J27: 03127788700 | L27: P NO 17 BLOCK QUAID E AZAM ALLAMA COLONY FAISALABAD | M27: 1540000 | N27: 2200000 | O27: 65483/00061/12/2022 | P27: 45656 | Q27: 6R214379 | R27: 1114370 | S27: USD | T27: AJT-713 | U27: SUZUKI ALTO VXR | V27: 2022 | W27: 44926 | X27: 03-JAN-2023 | Y27: 03-Jan-2026 | Z27: OLUFSD300091497 | AA27: 3 | AB27: ITFT | AC27: 9730/12/2022 | AD27: 44926 | AE27: 1.75% | AF27: 1870000 | AG27: 32725 | AH27: KHI/HO/D/MO/PC COMP/C/103702/42/12/2024 | AI27: 34650 | AJ27: 1925 | AK27: KHI/HO/D/MO/PC COMP/E/52165/00042/02/2025
A28: 27 | B28: NORM | C28: 9976AP1223650030 | D28: A | E28: T-PAK | F28: REHMAT ALI | G28: Faisalabad | H28: 33100-9667888-5 | I28: 03226502244 | J28: 03226502244, 03226502244 | K28: 03226502244 | L28: P-29-A A BLOCK BARKAT PURA FAISALABAD PK | M28: 1368000 | N28: 2400000 | O28: 65483/00054/12/2022 | P28: 45656 | Q28: 6R213917 | R28: 113937 | S28: USD | T28: AJG-468 | U28: SUZUKI ALTO VXL AGS EURO-II | V28: 2022 | W28: 44926 | X28: 03-JAN-2023 | Y28: 03-Jan-2028 | Z28: OLUFSD300091457 | AA28: 5 | AB28: ITECL | AC28: 9722/12/2022 | AD28: 44926 | AE28: 1.75% | AF28: 2040000 | AG28: 35700 | AH28: KHI/HO/D/MO/PC COMP/C/103702/44/12/2024 | AI28: 37800 | AJ28: 2100 | AK28: KHI/HO/D/MO/PC COMP/E/52165/00044/02/2025
A29: 28 | B29: NORM | C29: 9976AP1223650029 | D29: A | E29: T-PAK | F29: MUHAMMAD ADNAN AMIR | G29: Faisalabad | H29: 33100-8007590-1 | I29: 03006620687 | J29: 03006620687, 03006620687 | K29: 03006620687 | L29: P-83 LASANI GARDENS SARGODHA ROAD F SD NEAR QUBA MASJID FAISALABAD PK | M29: 1940400 | N29: 3234000 | O29: 65483/00053/12/2022 | P29: 45656 | Q29: 204837 | R29: 10104844 | S29: NEW | U29: SUZUKI CULTUS VXL AGS EURO-II | V29: 2022 | W29: 44926 | X29: 03-JAN-2023 | Y29: 03-Jan-2028 | Z29: OLDFSD300091458 | AA29: 5 | AB29: ITECL | AC29: 9721/12/2022 | AD29: 44926 | AE29: 1.75% | AF29: 2748900 | AG29: 48106 | AH29: KHI/HO/D/MO/PC COMP/C/103702/46/12/2024 | AI29: 50936 | AJ29: 2830 | AK29: KHI/HO/D/MO/PC COMP/E/52165/00046/02/2025
A30: 29 | B30: NORM | C30: 9976AP2223650039 | D30: A | E30: T-PAK | F30: TARIQ MAWAZ | G30: Faisalabad | H30: 33100-0647226-5 | I30: 03007647050 | J30: 03007647050, 03007647050 | K30: 0412600882 | L30: H NO 30 ST NO 01 AL MASOOM TOWN FAISALABAD PK | M30: 2000000 | N30: 4000000 | O30: 65483/00059/12/2022 | P30: 45656 | Q30: Q326481 | R30: 7025687 | S30: USD | T30: AFJ-950 | U30: TOYOTA COROLLA ALTIS GRANDE CVT | V30: 2017 | W30: 44926 | X30: 03-JAN-2023 | Y30: 03-Jan-2026 | Z30: OLUFSD300091478 | AA30: 3 | AB30: ITECL | AC30: 9728/12/2022 | AD30: 44926 | AE30: 1.75% | AF30: 3400000 | AG30: 59500 | AH30: KHI/HO/D/MO/PC COMP/C/103702/47/12/2024 | AI30: 63000 | AJ30: 3500 | AK30: KHI/HO/D/MO/PC COMP/E/52165/00047/02/2025
A31: 30 | B31: NORM | C31: 9976AP1220120001 | D31: A | E31: T-PAK | F31: MUHAMMAD ARSALAN KHAN | G31: Karachi | H31: 54400-0542886-5 | I31: 03111027107 | J31: 03111027107 | K31: 0 | L31: HOUSE A- 136 SECTER Z SECTER 6 GULS HAN-E- MAYMAR RESTURENT Z- 06 KARACHI PK | M31: 2282000 | N31: 3260000 | O31: 57872/00018/01/2022 | P31: 45778 | Q31: Q332139Q | R31: ZRE172R-7031259 | S31: USD | T31: BMU-158 | U31: TOYOTA COROLLA ALTIS GRANDE CVT | V31: 2018 | W31: 44896 | X31: 21-JAN-2022 | Y31: 46408 | Z31: OLUKHI300082952 | AA31: 5 | AB31: CTRK | AC31: DIB0033073 | AD31: 44743 | AE31: 1.5% | AF31: 2608000 | AG31: 39120 | AH31: KHI/HO/D/MO/PC COMP/C/106590/81/01/2025 | AI31: 39120 | AJ31: 0
A32: 31 | B32: NORM | C32: 9976AD1212700057 | D32: A | E32: T-PAK | F32: MUHAMMAD BENYAMEEN TAHIR | G32: Lahore | H32: 36502-1378700-3 | I32: N/A | J32: 03009432338 | K32: N/A | L32: HNO. 167 SAPHIRE BLOCK PARK VIEW SOCIETY MULTAN ROAD LAHORE | M32: 2391000 | N32: 4782000 | O32: 57872/00014/01/2022 | P32: 45778 | Q32: G4NAMH315952 | R32: NNAQL51AZKP308394 | S32: NEW | U32: KIA SPORTAGE FWD | V32: 2021 | W32: 44466 | X32: 21-JAN-2022 | Y32: 46408 | Z32: OLALHR300073753 | AA32: 5 | AB32: ITECL | AC32: 6074/01/2022 | AD32: 44713 | AE32: 1.5% | AF32: 3825600 | AG32: 57384 | AH32: KHI/HO/D/MO/PC COMP/C/106590/82/01/2025 | AI32: 57384 | AJ32: 0
A33: 32 | B33: NORM | C33: 9976AP1213650138 | D33: A | E33: T-PAK | F33: MUHAMMAD ANEES | G33: Hyderabad | H33: 41303-6600627-7 | J33: 03213071774 | L33: HOUSE NO A/288 MOHALLA JAMIA MASJID ROAD TANDO WALI MOHAMMAD HYD | M33: 1890000 | N33: 2700000 | O33: 57132/00350/12/2021 | P33: 45656 | Q33: 547057 | R33: 4172790 | S33: USD | T33: BPX-345 | U33: TOYOTA COROLLA GLI A/T | V33: 2018 | W33: 44561 | X33: 03-JAN-2022 | Y33: 03-Jan-2027 | Z33: OLUHYD300082748 | AA33: 5 | AB33: ITECL | AC33: 6043/12/2021 | AD33: 44561 | AE33: 1.5% | AF33: 2160000 | AG33: 32400 | AH33: KHI/HO/D/MO/PC COMP/C/103702/48/12/2024 | AI33: 34425 | AJ33: 2025 | AK33: KHI/HO/D/MO/PC COMP/E/52165/00048/02/2025
A34: 33 | B34: NORM | C34: 9976AP2220040096 | D34: A | E34: T-PAK | F34: MUHAMMAD AHSAN MIR | G34: Islamabad | H34: 61101-1118384-7 | I34: 0515179507 | K34: 0512624800 | L34: H # 134 ST # 22 ALI BLOCK BAHRIA TO WN PH-8 RAWALPINDI PK | M34: 2762500 | N34: 4250000 | O34: 57132/00368/12/2021 | P34: 45656 | Q34: 16913445 | R34: 065243 | S34: USD | T34: AST-005 | U34: HONDA CIVIC VTI | V34: 2020 | W34: 44565 | X34: 11-JAN-2022 | Y34: 11-Jan-2027 | Z34: OLUISD300082881 | AA34: 5 | AB34: ITECL | AC34: 6056/12/2021 | AD34: 44561 | AE34: 1.5% | AF34: 3400000 | AG34: 51000 | AH34: KHI/HO/D/MO/PC COMP/C/103702/50/12/2024 | AI34: 54188 | AJ34: 3188 | AK34: KHI/HO/D/MO/PC COMP/E/52165/00050/02/2025
A35: 34 | B35: NORM | C35: 9976AD1212530032 | D35: A | E35: T-PAK | F35: SHAHZAD MUREED | G35: Lahore | H35: 36302-8603292-7 | I35: 03006320207 | J35: 03006320207 | K35: 03006320207 | L35: POST OFFICE KHAS KHAKI PANJANI SHUJ ABAD MULTAN | M35: 2407200 | N35: 4012000 | O35: 57132/00304/12/2021 | P35: 45656 | Q35: 6930139 | R35: 082737 | S35: NEW | T35: APL-4 | U35: HONDA CIVIC VTI ORIEL P/T | V35: 2021 | W35: 44449 | X35: 11-JAN-2022 | Y35: 11-Jan-2027 | Z35: OLALHR300073244 | AA35: 5 | AB35: CTRK | AC35: DIB0032981 | AD35: 44561 | AE35: 2% | AF35: 3209600 | AG35: 64192 | AH35: KHI/HO/D/MO/PC COMP/C/103702/51/12/2024 | AI35: 68204 | AJ35: 4012 | AK35: KHI/HO/D/MO/PC COMP/E/52165/00051/02/2025
A36: 35 | B36: NORM | C36: 9976AP1220040172 | D36: A | E36: T-PAK | F36: DANISH | G36: Lahore | H36: 35202-4154775-9 | I36: 03074363005 | J36: 03074363005 | K36: 03074363005 | L36: HOUSE NO 53 STREET NO 53 MOHALLAH C HAH MERAN ROAD FAIZ BAGH LAHORE PK | M36: 2380000 | N36: 3400000 | O36: 57132/00365/12/2021 | P36: 45656 | Q36: 12905954 | R36: R008418 | S36: USD | T36: LEA-18-A-2812 | U36: HONDA CIVIC VTI ORIEL | V36: 2016 | W36: 44565 | X36: 11-JAN-2022 | Y36: 11-Jan-2027 | Z36: OLULHR300082889 | AA36: 5 | AB36: CTRK | AC36: DIB0033023 | AD36: 44561 | AE36: 1.5% | AF36: 2720000 | AG36: 40800 | AH36: KHI/HO/D/MO/PC COMP/C/103702/52/12/2024 | AI36: 43350 | AJ36: 2550 | AK36: KHI/HO/D/MO/PC COMP/E/52165/00052/02/2025
A37: 36 | B37: NORM | C37: 9976AP1213650113 | D37: A | E37: T-PAK | F37: ABDUL SATTAR | G37: Hyderabad | H37: 41306-4264727-5 | I37: 03133009846 | J37: 03133009846 | K37: 03133009846 | L37: H NO B-34/1 HDA EDT 1 NORTH PHASE 1 QASIMABAD HYDERABAD PK | M37: 2100000 | N37: 3000000 | O37: 57132/00321/12/2021 | P37: 45656 | Q37: Q040457 | R37: 6017962 | S37: USD | T37: BKU-950 | U37: TOYOTA COROLLA ALTIS A/T | V37: 2017 | W37: 44561 | X37: 03-JAN-2022 | Y37: 03-Jan-2027 | Z37: OLUHYD300082761 | AA37: 5 | AB37: ITECL | AC37: 6034/12/2021 | AD37: 44561 | AE37: 1.5% | AF37: 2400000 | AG37: 36000 | AH37: KHI/HO/D/MO/PC COMP/C/103702/53/12/2024 | AI37: 38250 | AJ37: 2250 | AK37: KHI/HO/D/MO/PC COMP/E/52165/00053/02/2025
A38: 37 | B38: NORM | C38: 9976AP1230090008 | D38: A | E38: T-PAK | F38: SHEIKH MUJAHID ALI | G38: Faisalabad | H38: 33100-7650028-1 | I38: 03219478678 | J38: 03219478678, 03006633268 | K38: 03219478678 | L38: 3-C ST NO 31 MOHALLA ALI HOUSING CO LONY SHADAB COLONY JHANG ROAD FSD N FAISALABAD PK | M38: 1890000 | N38: 3000000 | O38: 66406/00018/01/2023 | P38: 45778 | Q38: 17528047 | R38: 245903 | S38: USD | T38: AMS-558 | U38: HONDA CITY I-VTEC P/T | V38: 2019 | W38: 45170 | X38: 11-JAN-2023 | Y38: 46033 | Z38: OLUFSD300091556 | AA38: 3 | AB38: ITECL | AC38: 9750/01/2023 | AD38: 44932 | AE38: 1.75% | AF38: 2550000 | AG38: 44625 | AH38: KHI/HO/D/MO/PC COMP/C/106590/89/01/2025 | AI38: 44625 | AJ38: 0
A39: 38 | B39: NORM | C39: 9976AP2213650079 | D39: A | E39: T-PAK | F39: GHULAM FAROOQ | G39: Peshawar | H39: 16101-4611758-7 | I39: 03444472038 | K39: 0 | L39: FLAT # B-33 GATE # 4 AGRICULTURE UN IVERSITY PESHAWAR PK | M39: 2054000 | N39: 2933000 | O39: 57132/00344/12/2021 | P39: 45656 | Q39: 2A42654 | R39: NSP151R-9515828 | S39: NEW | U39: TOYOTA YARIS ATIV X CVT 1.5 | V39: 2021 | W39: 44561 | X39: 03-JAN-2022 | Y39: 03-Jan-2027 | Z39: OLDPEW300082688 | AA39: 5 | AB39: CTRK | AC39: DIB0033001 | AD39: 44561 | AE39: 2% | AF39: 2346400 | AG39: 46928 | AH39: KHI/HO/D/MO/PC COMP/C/103702/54/12/2024 | AI39: 49861 | AJ39: 2933 | AK39: KHI/HO/D/MO/PC COMP/E/52165/00054/02/2025
A40: 39 | B40: NORM | C40: 9976AD1223220003 | D40: A | E40: T-PAK | F40: ZIA ZAMAN SHANWARI | G40: Islamabad | H40: 14301-3154269-9 | I40: 0514431044 | J40: 03455552172 | L40: HOUSE NO.800, STREET NO.72, I-8/3, ISLAMABAD. | M40: 1383200 | N40: 1976000 | O40: 66406/00015/01/2023 | P40: 45778 | Q40: 267040 | R40: 1167059 | S40: NEW | U40: SUZUKI ALTO VXR EURO-II | V40: 2022 | W40: 44883 | X40: 11-JAN-2023 | Y40: 46763 | Z40: OLAISD300090832 | AA40: 5 | AB40: FLCN | AC40: 109015/12/2022 | AD40: 44932 | AE40: 2% | AF40: 1679600 | AG40: 33592 | AH40: KHI/HO/D/MO/PC COMP/C/106590/91/01/2025 | AI40: 33592 | AJ40: 0
A41: 40 | B41: NORM | C41: 9976AP2220040091 | D41: A | E41: T-PAK | F41: ADEEL GHAFFAR | G41: Faisalabad | H41: 33105-9136009-1 | I41: 03236193113 | J41: 03236193113, 03236193113 | K41: 03236193113 | L41: P-297 FACTORY AREA LYALLPUR GARDENS FSD FAISALABAD PK | M41: 1872000 | N41: 2880000 | O41: 57132/00375/12/2021 | P41: 45656 | Q41: 2A16225 | R41: R-7009660 | S41: USD | T41: AST-645 | U41: TOYOTA ALTIS ATIV | V41: 2021 | W41: 44565 | X41: 11-JAN-2022 | Y41: 11-Jan-2027 | Z41: OLUFSD300082892 | AA41: 5 | AB41: CTRK | AC41: DIB0033024 | AD41: 44561 | AE41: 1.5% | AF41: 2304000 | AG41: 34560 | AH41: KHI/HO/D/MO/PC COMP/C/103702/56/12/2024 | AI41: 36720 | AJ41: 2160 | AK41: KHI/HO/D/MO/PC COMP/E/52165/00056/02/2025
A42: 41 | B42: NORM | C42: 9976AD1220750038 | D42: A | E42: T-PAK | F42: JAMIL KHAN | G42: Karachi | H42: 42401-5345088-3 | I42: 03337825018 | J42: 03337825018 | K42: 03337825018 | L42: HOUSE # 261 KMC ELAHIABAD SECTOR 10 NEAR FAROOQ E AZAM MASJID ORANGI T KARACHI PK | M42: 2124600 | N42: 3541000 | O42: 66406/00017/01/2023 | P42: 45778 | Q42: Q102278 | R42: 6079787 | S42: NEW | U42: TOYOTA COROLLA ALTIS A/T | V42: 2022 | W42: 44636 | X42: 11-JAN-2023 | Y42: 46033 | Z42: OLAKHI300085644 | AA42: 3 | AB42: CTRK | AC42: DIB0034880 | AD42: 44930 | AE42: 2% | AF42: 3009850 | AG42: 60197 | AH42: KHI/HO/D/MO/PC COMP/C/106590/92/01/2025 | AI42: 60197 | AJ42: 0
A43: 42 | B43: NORM | C43: 9976AP2213650068 | D43: A | E43: T-PAK | F43: MUHAMMAD RAFAY | G43: Lahore | H43: 35202-7591244-7 | I43: 03464394250 | J43: 03464394250 | K43: 03464394250 | L43: 209 PAK PWD OFFICE NEAR STOCK EXCHA NGE BRANCH MALL ROAD LAHORE | M43: 1828750 | N43: 3325000 | O43: 57132/00332/12/2021 | P43: 45656 | Q43: 12902993 | R43: GR003739 | S43: USD | T43: LEH-16-7134 | U43: HONDA CIVIC VTI ORIEL P/T | V43: 2016 | W43: 44561 | X43: 03-JAN-2022 | Y43: 03-Jan-2027 | Z43: OLULHR300082823 | AA43: 5 | AB43: CTRK | AC43: DIB0032995 | AD43: 44561 | AE43: 1.5% | AF43: 2660000 | AG43: 39900 | AH43: KHI/HO/D/MO/PC COMP/C/103702/57/12/2024 | AI43: 42394 | AJ43: 2494 | AK43: KHI/HO/D/MO/PC COMP/E/52165/00057/02/2025
A44: 43 | B44: NORM | C44: 9976AP1220100001 | D44: A | E44: T-PAK | F44: MUHAMMAD TAYYAB | G44: Multan | H44: 36302-0357137-7 | I44: 03007317542 | J44: 03007317542 | K44: 0614545362 | L44: HOUSE NO 04 STREET NO 12 GULNAR COO NY NEAR GRASS MANDI MULTAN CANTT MULTAN PK | M44: 1020000 | N44: 1700000 | O44: 57872/00015/01/2022 | P44: 45778 | Q44: PK10B196406 | R44: A1J310PK10096399 | S44: USD | T44: RI-20-79 | U44: SUZUKI WAGNOR VXL | V44: 2019 | W44: 44835 | X44: 11-JAN-2022 | Y44: 46398 | Z44: OLUMUX300082913 | AA44: 5 | AB44: ITECL | AC44: 6072/01/2022 | AD44: 44567 | AE44: 1.5% | AF44: 1360000 | AG44: 20400 | AH44: KHI/HO/D/MO/PC COMP/C/106590/95/01/2025 | AI44: 20400 | AJ44: 0
A45: 44 | B45: NORM | C45: 9976AP2220040097 | D45: A | E45: T-PAK | F45: FAISAL AZIZ QURESHI | G45: Islamabad | H45: 61101-1574583-9 | J45: 03438848877 | L45: AKBAR AND AL REHMAN PLAZA KHANNA EAST SERVICE ROAD GOURI TOWN ISB | M45: 1812300 | N45: 2589000 | O45: 57132/00367/12/2021 | P45: 45656 | Q45: M3CAD504644 | R45: M1003416 | S45: NEW | U45: CHANGAN ALSVIN LUMEIRE | V45: 2021 | W45: 44565 | X45: 11-JAN-2022 | Y45: 11-Jan-2027 | Z45: OLDISD300082867 | AA45: 5 | AB45: ITECL | AC45: 6054/12/2021 | AD45: 44561 | AE45: 2% | AF45: 2071200 | AG45: 41424 | AH45: KHI/HO/D/MO/PC COMP/C/103702/58/12/2024 | AI45: 44013 | AJ45: 2589 | AK45: KHI/HO/D/MO/PC COMP/E/52165/00058/02/2025
A46: 45 | B46: NORM | C46: 9976AP1203660071 | D46: A | E46: T-PAK | F46: MUGHEES UR REHMAN | G46: Islamabad | H46: 14301-3372040-9 | I46: 091-5705186 | K46: 091-5705186 | L46: H.NO-90,ASKARI V SHAHEEN COLONY PESHAWAR CANTT PESHAWAR | M46: 1987500 | N46: 2650000 | O46: 53326/00137/12/2020 | P46: 45656 | Q46: 404119 | R46: R124964 | S46: USD | T46: NZ-001 | U46: CIVIC VTI ORIEL P/T | V46: 2015 | W46: 44196 | X46: 03-JAN-2021 | Y46: 03-Jan-2026 | Z46: OLUISD300064732 | AA46: 5 | AB46: CTRK | AC46: DIB0029280 | AD46: 44196 | AE46: 2% | AF46: 1987500 | AG46: 39750 | AH46: KHI/HO/D/MO/PC COMP/C/103702/59/12/2024 | AI46: 42400 | AJ46: 2650 | AK46: KHI/HO/D/MO/PC COMP/E/52165/00059/02/2025
A47: 46 | B47: NORM | C47: 9976AP2213650080 | D47: A | E47: T-PAK | F47: SHAHZEB NAWAZ KHAN | G47: Karachi | H47: 42101-7394020-5 | I47: 03218934107 | J47: 03218934107 | K47: 03218934107 | L47: FLAT # 1104 11TH FLOOR AERO REGENT PLAZA BLOCK F NORTH NAZIMABAD KARAC KARACHI PK | M47: 1575000 | N47: 2250000 | O47: 57132/00335/12/2021 | P47: 45656 | Q47: 17455547 | R47: 197895 | S47: USD | T47: BHQ-355 | U47: HONDA CITY I-VTECH M/T | V47: 2017 | W47: 44561 | X47: 03-JAN-2022 | Y47: 03-Jan-2027 | Z47: OLUKHI300082792 | AA47: 5 | AB47: CTRK | AC47: DIB0033018 | AD47: 44561 | AE47: 1.5% | AF47: 1800000 | AG47: 27000 | AH47: KHI/HO/D/MO/PC COMP/C/103702/61/12/2024 | AI47: 28688 | AJ47: 1688 | AK47: KHI/HO/D/MO/PC COMP/E/52165/00061/02/2025
A48: 47 | B48: NORM | C48: 9976AP1203660045 | D48: A | E48: T-PAK | F48: MUHAMMAD AFZAL | G48: Islamabad | H48: 35302-4301442-9 | I48: 03336961578 | K48: 0 | L48: H # 03 ST # 74 GROUND FLOOR SECTOR # G-13/2 ISLAMABAD PK | M48: 1875000 | N48: 2500000 | O48: 53326/00125/12/2020 | P48: 45656 | Q48: 1901368 | R48: 2211412 | S48: RCN | U48: VITZ | V48: 2017 | W48: 44196 | X48: 03-JAN-2021 | Y48: 03-Jan-2026 | Z48: OLUISD300064689 | AA48: 5 | AB48: CTRK | AC48: DIB0029263 | AD48: 44196 | AE48: 2% | AF48: 1875000 | AG48: 37500 | AH48: KHI/HO/D/MO/PC COMP/C/103702/62/12/2024 | AI48: 40000 | AJ48: 2500 | AK48: KHI/HO/D/MO/PC COMP/E/52165/00062/02/2025
A49: 48 | B49: NORM | C49: 997APD1193650012 | D49: A | E49: T-PAK | F49: ABDULLAH RIZWAN | G49: Lahore | H49: 35202-7166493-5 | I49: 0333-4759153, 35854923 | J49: 0333-4759153, 35854923 | K49: 03334759153 | L49: HNO # 53, BLOCK # G, MODEL TOWN LAHORE PAKISTAN | M49: 2018100 | N49: 2883000 | O49: DIB/T/BT/26364/LHR/1219 | P49: 45656 | Q49: Z570010 | R49: 4198241 | S49: NEW | T49: LE-20-4903 | U49: COROLLA GLI A/T | V49: 2019 | W49: 43830 | X49: 03-JAN-2020 | Y49: 03-Jan-2026 | Z49: PODLHR300052309 | AA49: 6 | AB49: ITFM | AC49: 2205/12/2019/ITFM | AD49: 43830 | AE49: 2.5% | AF49: 2018100 | AG49: 50453 | AH49: KHI/HO/D/MO/PC COMP/C/103702/65/12/2024 | AI49: 54056 | AJ49: 3603 | AK49: KHI/HO/D/MO/PC COMP/E/52165/00065/02/2025
A50: 49 | B50: NORM | C50: 9976AP2203660028 | D50: A | E50: T-PAK | F50: TAHIRA JABEEN | G50: Karachi | H50: 42401-9040859-2 | J50: 03201253858 | L50: HOUSE NO E-93 CANTT BAZAR MALIR CANTT KARACHI | M50: 1666500 | N50: 2525000 | O50: 2524/02243/00087/12/2020 | P50: 45656 | Q50: Z528271 | R50: NZE170R-4154190 | S50: USD | T50: BMV-710 | U50: COROLLA XLI | V50: 2018 | W50: 44196 | X50: 03-JAN-2021 | Y50: 03-Jan-2026 | Z50: OLUKHI300064599 | AA50: 5 | AB50: ITFM | AC50: 3930/12/2020/ITFM | AD50: 44196 | AE50: 2% | AF50: 1893750 | AG50: 37875 | AH50: KHI/HO/D/MO/PC COMP/C/103702/67/12/2024 | AI50: 40400 | AJ50: 2525 | AK50: KHI/HO/D/MO/PC COMP/E/52165/00067/02/2025
A51: 50 | B51: NORM | C51: 9976AP1213650127 | D51: A | E51: T-PAK | F51: MUHAMMAD AFZAL | G51: Faisalabad | H51: 33100-4500898-9 | I51: 03009658170 | J51: 03009658170, 03009658170 | K51: 03009658170 | L51: H NO 114-C MOHALLAH GULBERG C BLOC K FSD FAISALABAD PK | M51: 1340000 | N51: 1675000 | O51: 57132/00340/12/2021 | P51: 45656 | Q51: PK10B189579 | R51: A1J310PK10089576 | S51: USD | T51: LED-19-4956 | U51: SUZUKI WAGONR VXL | V51: 2019 | W51: 44561 | X51: 03-JAN-2022 | Y51: 03-Jan-2027 | Z51: OLUFSD300082743 | AA51: 5 | AB51: CTRK | AC51: DIB0033003 | AD51: 44561 | AE51: 1.5% | AF51: 1340000 | AG51: 20100 | AH51: KHI/HO/D/MO/PC COMP/C/103702/68/12/2024 | AI51: 21356 | AJ51: 1256 | AK51: KHI/HO/D/MO/PC COMP/E/52165/00068/02/2025
A52: 51 | B52: NORM | C52: 9976AP2220040090 | D52: A | E52: T-PAK | F52: ADNAN ASHRAF | G52: Faisalabad | H52: 33100-1838235-1 | J52: 03217940709 | L52: POST OFFICE KHAS CHAK NO. 248 RB BISMILLAH PUR DALOWAL FSD 03217940709 PAKISTAN | M52: 1330000 | N52: 1900000 | O52: 57132/00353/12/2021 | P52: 45656 | Q52: B212736 | R52: PK10112751 | S52: USD | T52: AFJ-263 | U52: SUZUKI WAGNOR VXL | V52: 2021 | W52: 44565 | X52: 11-JAN-2022 | Y52: 11-Jan-2027 | Z52: OLUFSD300082876 | AA52: 5 | AB52: CTRK | AC52: DIB-0033016 | AD52: 44561 | AE52: 1.5% | AF52: 1520000 | AG52: 22800 | AH52: KHI/HO/D/MO/PC COMP/C/103702/70/12/2024 | AI52: 24225 | AJ52: 1425 | AK52: KHI/HO/D/MO/PC COMP/E/52165/00070/02/2025
A53: 52 | B53: NORM | C53: 9976AP1220110006 | D53: A | E53: T-PAK | F53: HAMZA AHMAD | G53: Lahore | H53: 35202-2889126-7 | I53: 03016443098 | J53: 03016443098 | K53: 03016443098 | L53: HOUSE NO 67 BLOCK D ARCHITECT HOUSI NG SOCIETY LAHORE | M53: 1820000 | N53: 2800000 | O53: 57872/00027/01/2022 | P53: 45809 | Q53: 2A17133 | R53: R-7010053 | S53: USD | T53: ABU-151 | U53: TOYOTA YARIS ATIV | V53: 2021 | W53: 44866 | X53: 11-JAN-2022 | Y53: 46398 | Z53: OLULHR300082967 | AA53: 5 | AB53: CTRK | AC53: DIB0033079 | AD53: 44571 | AE53: 1.5% | AF53: 2240000 | AG53: 33600 | AH53: KHI/HO/D/MO/PC COMP/C/82587/378/01/2024 | AI53: 33600 | AJ53: 0
A54: 53 | B54: NORM | C54: 9976AP2220100002 | D54: A | E54: T-PAK | F54: NOUMAN SAEED | G54: Faisalabad | H54: 33103-7490330-9 | I54: 03008092004 | J54: 03008092004, 03008092004 | K54: 03008092004 | L54: KURIANWALA AKHARI BUS STOP GM ABAD CHAK NO 100JB FAISALABAD PK | M54: 1984000 | N54: 3200000 | O54: 57872/00028/01/2022 | P54: 45809 | Q54: 12906854 | R54: R009675 | S54: USD | T54: ACW-865 | U54: HONDA CIVIC VTI ORIEL | V54: 2017 | W54: 44835 | X54: 11-JAN-2022 | Y54: 46398 | Z54: OLUFSD300082993 | AA54: 5 | AB54: CTRK | AC54: DIB0033081 | AD54: 44571 | AE54: 1.5% | AF54: 2560000 | AG54: 38400 | AH54: KHI/HO/D/MO/PC COMP/C/106590/107/01/2025 | AI54: 38400 | AJ54: 0
A55: 54 | B55: NORM | C55: 9976AP2210120005 | D55: A | E55: T-PAK | F55: FAISAL AHMED | G55: Karachi | H55: 42201-1660661-5 | J55: 3452940863 | K55: 3063555105 | L55: NEW REDOVEN, SHOP NO 3-4 SHAH FAISAL COLONY NO 03 NEAR BANK ISLAMI BRANCH, KARACHI MOBILE NO 0345-2940863 | M55: 2625000 | N55: 3500000 | O55: 53545/00018/01/2021 | P55: 45809 | Q55: Q333504 | R55: 7032677 | S55: USD | T55: BNF-859 | U55: TOYOTA COROLLA GRANDE CVT | V55: 2018 | W55: 44531 | X55: 11-JAN-2021 | Y55: 46033 | Z55: OLUKHI300064891 | AA55: 5 | AB55: ITFM | AC55: 4024/01/2021/ITFM | AD55: 44207 | AE55: 2% | AF55: 2625000 | AG55: 52500 | AH55: KHI/HO/D/MO/PC COMP/C/106590/108/01/2025 | AI55: 52500 | AJ55: 0
A56: 55 | B56: NORM | C56: 9976AP2213650064 | D56: A | E56: T-PAK | F56: GHULAM SHABIR | G56: Kotri Jamshoro | H56: 41204-3839518-3 | I56: 03003790239 | J56: 03003790239, 03155863719 | K56: 03003790239 | L56: H NO 55 BHIRYA JAMSHORO NEAR RESHAM BAZAR KOTRI JAMSHORO PK | M56: 1280000 | N56: 1600000 | O56: 57132/00326/12/2021 | P56: 45656 | Q56: 128382 | R56: 10028375 | S56: USD | T56: BNX-378 | U56: SUZUKI CULTUS VXR EURO II | V56: 2018 | W56: 44561 | X56: 03-JAN-2022 | Y56: 03-Jan-2029 | Z56: OLUKJM300082770 | AA56: 7 | AB56: ITECL | AC56: 6037/12/2021 | AD56: 44561 | AE56: 1.5% | AF56: 1280000 | AG56: 19200 | AH56: KHI/HO/D/MO/PC COMP/C/103702/71/12/2024 | AI56: 20400 | AJ56: 1200 | AK56: KHI/HO/D/MO/PC COMP/E/52165/00071/02/2025
A57: 56 | B57: NORM | C57: 9976AP1203660072 | D57: A | E57: T-PAK | F57: FAZAL UR REHMAN | G57: Islamabad | H57: 38302-7688904-1 | I57: 03110021040 | K57: 0512617385 | L57: H # 2021 ST # F-8/2 BLOCK-F NATIONA L POLICE FOUNDATION O-9 BLOCK-F NEA ISLAMABAD PK | M57: 1500000 | N57: 2000000 | O57: 53326/00135/12/2020 | P57: 45656 | Q57: 7425864 | R57: 163342 | S57: USD | T57: DX-561 | U57: CITY IVTEC P/T | V57: 2015 | W57: 44196 | X57: 03-JAN-2021 | Y57: 03-Jan-2027 | Z57: OLUISD300064751 | AA57: 6 | AB57: CTRK | AC57: DIB0029285 | AD57: 44196 | AE57: 1.75% | AF57: 1500000 | AG57: 26250 | AH57: KHI/HO/D/MO/PC COMP/C/103702/73/12/2024 | AI57: 28000 | AJ57: 1750 | AK57: KHI/HO/D/MO/PC COMP/E/52165/00073/02/2025
A58: 57 | B58: NORM | C58: 9976AP1213650152 | D58: A | E58: T-PAK | F58: KASHIF MAHMOOD | G58: Lahore | H58: 35202-3118581-1 | J58: 03004440226 | L58: FRIENDS STATIONERS OFFICE NO 1 FEROZ CENTER 28 KABIR STREET URDU BAZAR LAHORE | M58: 1275000 | N58: 1700000 | O58: 57132/00331/12/2021 | P58: 45656 | Q58: PK10K118826 | R58: NE1AVK31H10018800 | S58: USD | T58: LEF-18-806 | U58: SUZUKI CULTUS VXL EURO-II | V58: 2018 | W58: 44561 | X58: 03-JAN-2022 | Y58: 03-Jan-2027 | Z58: OLULHR300082745 | AA58: 5 | AB58: CTRK | AC58: DIB0032994 | AD58: 44561 | AE58: 1.5% | AF58: 1360000 | AG58: 20400 | AH58: KHI/HO/D/MO/PC COMP/C/103702/75/12/2024 | AI58: 21675 | AJ58: 1275 | AK58: KHI/HO/D/MO/PC COMP/E/52165/00075/02/2025
A59: 58 | B59: NORM | C59: 9976AP1213650139 | D59: A | E59: T-PAK | F59: IRFAN AHMED SHAIKH | G59: Hyderabad | H59: 41306-5752630-9 | J59: 03003043553 | L59: BUNGALOW NO 324, BLOCK I CITIZEN COLONY JAMSHORO ROAD HYDERABAD | M59: 1269800 | N59: 1814000 | O59: 57132/00355/12/2021 | P59: 45656 | Q59: 602273 | R59: 1011735 | S59: NEW | U59: CHANGAN KARVAAN PLUS | V59: 2021 | W59: 44561 | X59: 03-JAN-2022 | Y59: 03-Jan-2027 | Z59: OLDHYD300082527 | AA59: 5 | AB59: ITECL | AC59: 6048/12/2021 | AD59: 44561 | AE59: 2% | AF59: 1451200 | AG59: 29024 | AH59: KHI/HO/D/MO/PC COMP/C/103702/77/12/2024 | AI59: 30838 | AJ59: 1814 | AK59: KHI/HO/D/MO/PC COMP/E/52165/00077/02/2025
A60: 59 | B60: NORM | C60: 997AAD1202440035 | D60: A | E60: T-PAK | F60: MIAN ASIF MAQBOOL SUKHERA | G60: Lahore | H60: 35202-4632324-1 | I60: 3008440011 | J60: 03008440011 03218440011 | K60: 0321-8440011 | L60: 494 AMEER PURA GEEEN ACARS RAIWIND ROAD LAHORE | M60: 3801000 | N60: 5430000 | O60: 53545/0001401/01/2021 | P60: 45809 | Q60: G4NALH339308 | R60: NNAQL51AZKP507736 | S60: NEW | U60: SPORTAGE AWD | V60: 2020 | W60: 44074 | X60: 11-JAN-2021 | Y60: 46033 | Z60: POALHR300056885 | AA60: 5 | AB60: Tracker Not Install | AE60: 1.5% | AF60: 4072500 | AG60: 61088 | AH60: KHI/HO/D/MO/PC COMP/C/106590/113/01/2025 | AI60: 61088 | AJ60: 0
A61: 60 | B61: NORM | C61: 9976AP1220040173 | D61: A | E61: T-PAK | F61: SHARAFAT ALI | G61: Lahore | H61: 35202-2797937-9 | J61: 03214703399 | L61: LAKHOKA P.O KHASS TAHSIL LAHORE CANTT DISTRICT LAHORE CANTT | M61: 1245000 | N61: 2075000 | O61: 57132/00346/12/2021 | P61: 45656 | Q61: L13Z17439554 | R61: NFBGM1543GR179428 | S61: USD | T61: LEA-16-8434 | U61: HONDA CITY M/T | V61: 2016 | W61: 44565 | X61: 11-JAN-2022 | Y61: 11-Jan-2027 | Z61: OLULHR300082846 | AA61: 5 | AB61: CTRK | AC61: DIB0033011 | AD61: 44561 | AE61: 1.5% | AF61: 1660000 | AG61: 24900 | AH61: KHI/HO/D/MO/PC COMP/C/103702/78/12/2024 | AI61: 26456 | AJ61: 1556 | AK61: KHI/HO/D/MO/PC COMP/E/52165/00078/02/2025
A62: 61 | B62: NORM | C62: 9976AP2220040089 | D62: A | E62: T-PAK | F62: FAREEHA SAMAN | G62: Faisalabad | H62: 33100-9604378-6 | I62: 03051734194 | J62: 03051734194, 03051734194 | K62: 0418719132 | L62: NP-84, ST#06 JOHAR COLONY NEW GREEN TOWN MILLAT ROAD FSD FAISALABAD PK | M62: 1237500 | N62: 1650000 | O62: 57132/00351/12/2021 | P62: 45656 | Q62: 10B179706 | R62: PK10079700 | S62: USD | T62: LE-19-7833 | U62: SUZUKI WAGNOR VXL | V62: 2018 | W62: 44565 | X62: 11-JAN-2022 | Y62: 11-Jan-2027 | Z62: OLUFSD300082858 | AA62: 5 | AB62: CTRK | AC62: DIB0033013 | AD62: 44561 | AE62: 1.5% | AF62: 1320000 | AG62: 19800 | AH62: KHI/HO/D/MO/PC COMP/C/103702/79/12/2024 | AI62: 21038 | AJ62: 1238 | AK62: KHI/HO/D/MO/PC COMP/E/52165/00079/02/2025
A63: 62 | B63: NORM | C63: 9976AP2213650061 | D63: A | E63: T-PAK | F63: GHULAM MUSTAFA KHAN | G63: Karachi | H63: 42101-3872353-5 | I63: 03333564446 | J63: 03333564446 | K63: 0 | L63: R- 13 2ND FLOOR BLOCK 8 YASEENABAD FB AREA THE COMFORT HOME KARACHI PK | M63: 1225000 | N63: 1750000 | O63: 57132/00315/12/2021 | P63: 45656 | Q63: 13032552 | R63: 10032546 | S63: USD | T63: BGS-641 | U63: SUZUKI SWIFT DLX ABS WITH EBD A/T | V63: 2016 | W63: 44561 | X63: 03-JAN-2022 | Y63: 03-Jan-2027 | Z63: OLUKHI300082750 | AA63: 5 | AB63: ITECL | AC63: 6029/12/2021 | AD63: 44561 | AE63: 1.5% | AF63: 1400000 | AG63: 21000 | AH63: KHI/HO/D/MO/PC COMP/C/103702/80/12/2024 | AI63: 22313 | AJ63: 1313 | AK63: KHI/HO/D/MO/PC COMP/E/52165/00080/02/2025
A64: 63 | B64: NORM | C64: 997AAD1202720026 | D64: A | E64: T-PAK | F64: MAHELAQA KHAN | G64: Lahore | H64: 35202-0397182-0 | I64: 3008404903 | J64: 3008404903 | K64: 3008404903 | L64: 87-K MODEL TOWN LAHORE | M64: 3801000 | N64: 5430000 | O64: 53545/00021/01/2021 | P64: 45839 | Q64: 340055 | R64: NNAQL51AZKP507990 | S64: NEW | U64: KIA SPORTAGE AWD | V64: 2020 | W64: 44102 | X64: 21-JAN-2021 | Y64: 46043 | Z64: POALHR300057678 | AA64: 5 | AB64: Tracker Not Install | AE64: 1.5% | AF64: 4072500 | AG64: 61088 | AH64: KHI/HO/D/MO/PC COMP/C/106590/118/01/2025 | AI64: 61088 | AJ64: 0
A65: 64 | B65: NORM | C65: 997AAD1202370002 | D65: A | E65: T-PAK | F65: MUHAMMAD MAROOF | G65: Lahore | H65: 35202-4893602-3 | J65: 03028451964 / 03218451964 | K65: 3218451964 | L65: KHIZER LOGISTIC TRANSOPORT CO PLOT NO 107 MADINA COLONY CHOWK RAVI LINK ROAD LAHORE | M65: 4072500 | N65: 5430000 | O65: 53545/00022/01/2021 | P65: 45839 | Q65: G4NALH337000 | R65: NNAQL51AZKP507433 | S65: NEW | U65: SPORTAGE AWD | V65: 2020 | W65: 44067 | X65: 21-JAN-2021 | Y65: 46043 | Z65: POALHR300056683 | AA65: 5 | AB65: Tracker Not Install | AE65: 1.5% | AF65: 4072500 | AG65: 61088 | AH65: KHI/HO/D/MO/PC COMP/C/106590/119/01/2025 | AI65: 61088 | AJ65: 0
A66: 65 | B66: NORM | C66: 9976AP2220040092 | D66: A | E66: T-PAK | F66: HAMMAD RAZA | G66: Faisalabad | H66: 33100-2337268-5 | I66: 03214984000 | J66: 03214984000, 03214984000 | K66: 03214984000 | L66: H # 212 , BLOCK-C , NEAR FAIZ MEDIC AL HALL , GULBERG COLONY FAISALABAD PK | M66: 1220000 | N66: 1525000 | O66: 57132/00361/12/2021 | P66: 45656 | Q66: 155643 | R66: 10055629 | S66: USD | T66: AJB-808 | U66: SUZUKI WAGONR VXL | V66: 2018 | W66: 44565 | X66: 11-JAN-2022 | Y66: 11-Jan-2027 | Z66: OLUFSD300082884 | AA66: 5 | AB66: CTRK | AC66: DIB0033021 | AD66: 44561 | AE66: 1.5% | AF66: 1220000 | AG66: 18300 | AH66: KHI/HO/D/MO/PC COMP/C/103702/81/12/2024 | AI66: 19444 | AJ66: 1144 | AK66: KHI/HO/D/MO/PC COMP/E/52165/00081/02/2025
A67: 66 | B67: NORM | C67: 9976AP1213650148 | D67: A | E67: T-PAK | F67: FARZANA SARWAR | G67: Karachi | H67: 42201-0866692-8 | I67: 03122425074 | J67: 03323177843 | K67: 34020055 03022182410 | L67: FLAT D-203 ERUM HIGHTS AND SHOPPING MALL BLOCK 13 GULISTAN-E-JOHAR KARACHI | M67: 1190000 | N67: 1700000 | O67: 57132/00354/12/2021 | P67: 45656 | Q67: 13033449 | R67: 10033445 | S67: USD | T67: BHB-472 | U67: SUZIKI SWIFT DLX ABS WITH EBD A/T | V67: 2016 | W67: 44561 | X67: 03-JAN-2022 | Y67: 03-Jan-2027 | Z67: OLUKHI300082778 | AA67: 5 | AB67: CTRK | AC67: DIB00330014 | AD67: 44561 | AE67: 1.5% | AF67: 1360000 | AG67: 20400 | AH67: KHI/HO/D/MO/PC COMP/C/103702/83/12/2024 | AI67: 21675 | AJ67: 1275 | AK67: KHI/HO/D/MO/PC COMP/E/52165/00083/02/2025
A68: 67 | B68: NORM | C68: 9976AD1221740015 | D68: A | E68: T-PAK | F68: WALEED SAJID | G68: Lahore | H68: 35201-6961550-5 | I68: 03219696902 | J68: 03219696902 | K68: 03219696902 | L68: H NO 2-A ST NO 5 AL HARAM SCHOOL HO SPITAL ROAD FATEH GARH HARBANSPURA LAHORE PK | M68: 885000 | N68: 1475000 | O68: 66406/00019/01/2023 | P68: 45870 | Q68: 6R265415 | R68: 1165404 | S68: NEW | U68: SUZUKI ALTO VX EURO II | V68: 2022 | W68: 44735 | X68: 11-JAN-2023 | Y68: 46763 | Z68: OLALHR300088249 | AA68: 5 | AB68: ITFT | AC68: 9757/01/2023/ITFM | AD68: 44935 | AE68: 2% | AF68: 1253750 | AG68: 25075 | AH68: KHI/HO/D/MO/PC COMP/C/106590/122/01/2025 | AI68: 25075 | AJ68: 0
A69: 68 | B69: NORM | C69: 9976AP1213650104 | D69: A | E69: T-PAK | F69: SYED MUHAMMAD SAMI | G69: Karachi | H69: 42101-5499664-7 | I69: 03312336449 | J69: 03312336449 | K69: 03312336449 | L69: HOUSE # F-53 RIZVIA SOCIETY NAZIMAB AD KARACHI PK | M69: 1160000 | N69: 1450000 | O69: 57132/00306/12/2021 | P69: 45656 | Q69: 136739 | R69: 10036707 | S69: USD | T69: BKC-027 | U69: SUZUKI WAGONR VXL | V69: 2017 | W69: 44561 | X69: 03-JAN-2022 | Y69: 03-Jan-2029 | Z69: OLUKHI300082646 | AA69: 7 | AB69: ITECL | AC69: 6015/12/2021 | AD69: 44560 | AE69: 1.5% | AF69: 1160000 | AG69: 17400 | AH69: KHI/HO/D/MO/PC COMP/C/103702/84/12/2024 | AI69: 18488 | AJ69: 1088 | AK69: KHI/HO/D/MO/PC COMP/E/52165/00084/02/2025
A70: 69 | B70: NORM | C70: 9976AP1240090001 | D70: A | E70: T-PAK | F70: MUHAMMAD SAAD | G70: Karachi | H70: 42301-0444829-7 | J70: 03042357337 | L70: PLOT-A-5/5,1ST FLOOR STREET NO 15 DELHI COLONY NEAR FAZAL-E-KARIM MASJID KHI | M70: 1890000 | N70: 2700000 | O70: 81032/00004/01/2024 | P70: 45870 | Q70: 007203 | R70: 705749 | S70: USD | T70: BTX-622 | U70: KIA PICANTO 1.0 L A/T | V70: 2021 | W70: 45536 | X70: 11-JAN-2024 | Y70: 47129 | Z70: OLUKHI300098978 | AA70: 5 | AB70: ITFT | AC70: 10709/01/2024/ITFM | AD70: 45299 | AE70: 1.75% | AF70: 2430000 | AG70: 42525 | AH70: KHI/HO/D/MO/PC COMP/C/106590/2/01/2025 | AI70: 42525 | AJ70: 0
A71: 70 | B71: NORM | C71: 9976AP1213650128 | D71: A | E71: T-PAK | F71: MUHAMMAD FAIZAN | G71: Karachi | H71: 42101-0255137-3 | J71: 03363407357 | L71: HNO:4C1 FLAT NO:217 NAZIMABAD 4 KARACHI | M71: 1105000 | N71: 1700000 | O71: 57132/00323/12/2021 | P71: 45656 | Q71: 6R101963 | R71: 306H1001948 | S71: USD | T71: BSE-591 | U71: SUZUKI ALTO VXL AGS EURO II | V71: 2019 | W71: 44561 | X71: 03-JAN-2022 | Y71: 03-Jan-2029 | Z71: OLUKHI30082781 | AA71: 7 | AB71: CTRK | AC71: DIB0033008 | AD71: 44561 | AE71: 1.5% | AF71: 1360000 | AG71: 20400 | AH71: KHI/HO/D/MO/PC COMP/C/103702/87/12/2024 | AI71: 21675 | AJ71: 1275 | AK71: KHI/HO/D/MO/PC COMP/E/52165/00087/02/2025
A72: 71 | B72: NORM | C72: 9976AP2210040005 | D72: A | E72: T-PAK | F72: TARIQ HASSAN | G72: Islamabad | H72: 15202-7101128-3 | I72: 3349877107 | K72: 518736877 | L72: H # 205-A ST # 74 SECTOR # F-11/1 ISLAMABAD PK | M72: 1337200 | N72: 3343000 | O72: 53326/00123/12/2020 | P72: 45656 | Q72: Q069949 | R72: 6047462 | S72: NEW | U72: COROLLA ALTIS A/T | V72: 2020 | W72: 44200 | X72: 03-JAN-2021 | Y72: 03-Jan-2026 | Z72: OLDISD300064504 | AA72: 5 | AB72: ITFM | AC72: 3925/12/2020/ITFM | AD72: 44196 | AE72: 2% | AF72: 2507250 | AG72: 50145 | AH72: KHI/HO/D/MO/PC COMP/C/103702/89/12/2024 | AI72: 53488 | AJ72: 3343 | AK72: KHI/HO/D/MO/PC COMP/E/52165/00089/02/2025
A73: 72 | B73: NORM | C73: 9976AD1212650008 | D73: A | E73: T-PAK | F73: INTZAR ALI | G73: Lahore | H73: 35201-9558209-7 | J73: 03008452663 | L73: KK POWER INTERNATIONAL PRIVATE LIMITED 241 FF BLOCK CCA DHA PHASE 4 LAHORE 03008452663 | M73: 776700 | N73: 2589000 | O73: 57872/00033/01/2022 | P73: 45901 | Q73: 520014 | R73: 1003927 | S73: NEW | U73: CHANGAN ALSVIN 1.5L | V73: 2021 | W73: 44461 | X73: 21-JAN-2022 | Y73: 46408 | Z73: OLALHR300073774 | AA73: 5 | AB73: CTRK | AC73: DIB0033093 | AD73: 44572 | AE73: 2% | AF73: 2071200 | AG73: 41424 | AH73: KHI/HO/D/MO/PC COMP/C/106590/126/01/2025 | AI73: 41424 | AJ73: 0
A74: 73 | B74: NORM | C74: 9976AP1213650120 | D74: A | E74: T-PAK | F74: FAREEDA WASI KHAN | G74: Karachi | H74: 42000-4551324-8 | I74: 03362602522 | J74: 03362602522, 03362602522 | K74: 0 | L74: HOUSE # IH 326 B EXT. PAF FALCON CO MPLEX NEW MALIR OPPOSITE MALIR CANT KARACHI PK | M74: 1061500 | N74: 1930000 | O74: 57132/00303/12/2021 | P74: 45656 | Q74: 6R156485 | R74: 1056488 | S74: USD | T74: BTD-665 | U74: SUZUKI ALTO VXL AGS EURO II | V74: 2021 | W74: 44561 | X74: 03-JAN-2022 | Y74: 03-Jan-2029 | Z74: OLUKHI300082732 | AA74: 7 | AB74: ITECL | AC74: 6025/12/2021 | AD74: 44561 | AE74: 1.5% | AF74: 1544000 | AG74: 23160 | AH74: KHI/HO/D/MO/PC COMP/C/103702/90/12/2024 | AI74: 24608 | AJ74: 1448 | AK74: KHI/HO/D/MO/PC COMP/E/52165/00090/02/2025
A75: 74 | B75: NORM | C75: 9976AP1213650132 | D75: A | E75: T-PAK | F75: MUHAMMAD SHAHZAD KHAN | G75: Karachi | H75: 42201-8155519-3 | J75: 03002191461 | L75: HOUSE NO.A-407 BLOCK 5 GULSHAN-E-IQBAL NEAR SIR SYED UNIVERSITY KARACHI | M75: 1050000 | N75: 1500000 | O75: 57132/00329/12/2021 | P75: 45656 | Q75: 13029173 | R75: 10029170 | S75: USD | T75: BEG-507 | U75: SUZUKI SWIFT DLX 1.3 | V75: 2015 | W75: 44561 | X75: 03-JAN-2022 | Y75: 03-Jan-2027 | Z75: OLUKHI300082773 | AA75: 5 | AB75: CTRK | AC75: DIB0033004 | AD75: 44561 | AE75: 1.5% | AF75: 1200000 | AG75: 18000 | AH75: KHI/HO/D/MO/PC COMP/C/103702/91/12/2024 | AI75: 19125 | AJ75: 1125 | AK75: KHI/HO/D/MO/PC COMP/E/52165/00091/02/2025
A76: 75 | B76: NORM | C76: 9976AP2203660066 | D76: A | E76: T-PAK | F76: SYED ABID ALI | G76: Karachi | H76: 42201-0497263-5 | I76: 32780044 | J76: 03112309923 | K76: NA | L76: H NO 4/6 BLOCK E JACOBA LINE HOUSING COMPLEX NR JAMIA MASJID THANVI KARACHI | M76: 1260000 | N76: 1800000 | O76: 53326/00140/01/2021 | P76: 45656 | Q76: 1KR-1621560 | R76: KSP130-2171144 | S76: USD | U76: VITZ | V76: 2016 | W76: 44196 | X76: 03-JAN-2021 | Y76: 03-Jan-2026 | Z76: OLUKHI300064837 | AA76: 5 | AB76: ITFM | AC76: 3977/12/2020/ITFM | AD76: 44196 | AE76: 2% | AF76: 1350000 | AG76: 27000 | AH76: KHI/HO/D/MO/PC COMP/C/103702/92/12/2024 | AI76: 28800 | AJ76: 1800 | AK76: KHI/HO/D/MO/PC COMP/E/52165/00092/02/2025
A77: 76 | B77: NORM | C77: 9976AD2212570005 | D77: A | E77: T-PAK | F77: MUHAMMAD MOAZZAM RANA | G77: Lahore | H77: 35202-2531254-9 | I77: 5150195 | J77: 03213218282 | K77: 5112134 | L77: HOUSE NO 215 BLOCK NO 3 SECTOR A2 TOWNSHIP 042-5112134 0321-3218282 LAHORE | M77: 934500 | N77: 1335000 | O77: 57872/00034/01/2022 | P77: 45901 | Q77: 6R198580 | R77: 1098583 | S77: NEW | U77: SUZUKI ALTO VXR EURO II | V77: 2021 | W77: 44453 | X77: 21-JAN-2022 | Y77: 46408 | Z77: OLALHR300073396 | AA77: 5 | AB77: CTRK | AC77: DIB0033094 | AD77: 44571 | AE77: 2% | AF77: 1068000 | AG77: 21360 | AH77: KHI/HO/D/MO/PC COMP/C/106590/129/01/2025 | AI77: 21360 | AJ77: 0
A78: 77 | B78: NORM | C78: 9976AD2211510005 | D78: A | E78: T-PAK | F78: TARIQ MAHMOOD | G78: OKARA | H78: 35302-7954461-9 | I78: 03008086907 | J78: 03008086907 | K78: 03008086907 | L78: H NO 167 ST NO 04 MOHALLAH FAIZ ABA D OKARA PK | M78: 984000 | N78: 1640000 | O78: 57872/00038/01/2022 | P78: 45901 | Q78: 506949 | R78: 1011586 | S78: NEW | U78: KARVAAN PLUS | V78: 2021 | W78: 44347 | X78: 21-JAN-2022 | Y78: 46408 | Z78: OLAOKR300068932 | AA78: 5 | AB78: FLCN | AC78: 108721/01/2022 | AD78: 44571 | AE78: 2% | AF78: 1312000 | AG78: 26240 | AH78: KHI/HO/D/MO/PC COMP/C/106590/131/01/2025 | AI78: 26240 | AJ78: 0
A79: 78 | B79: NORM | C79: 9976AP2203660050 | D79: A | E79: T-PAK | F79: MUHAMMAD KHALIQ | G79: Islamabad | H79: 61101-9520014-3 | I79: 03325048845 | K79: 0519334617 | L79: H # 494-A ST # 54 NEAR QAZIA MARKET SECTOR # G-7/3-4 NEAR IQBAL HALL ISLAMABAD PK | M79: 1235000 | N79: 1900000 | O79: 53326/00134/12/2020 | P79: 45656 | Q79: 2741366 | R79: 111615 | S79: USD | T79: AX-763 | U79: CIVIC VTI ORIEL M/T | V79: 2014 | W79: 44196 | X79: 03-JAN-2021 | Y79: 03-Jan-2026 | Z79: OLUISD300064733 | AA79: 5 | AB79: CTRK | AC79: DIB0029281 | AD79: 44196 | AE79: 2% | AF79: 1425000 | AG79: 28500 | AH79: KHI/HO/D/MO/PC COMP/C/103702/96/12/2024 | AI79: 30400 | AJ79: 1900 | AK79: KHI/HO/D/MO/PC COMP/E/52165/00096/02/2025
A80: 79 | B80: NORM | C80: 9976AD1212120125 | D80: A | E80: T-PAK | F80: QUDRAT NAWAZ | G80: Hyderabad | H80: 45302-3005405-7 | I80: 03003246972 | J80: 03003246972 | K80: 0 | L80: HOUSE D-106 1ST FLOOR SACHALABAD Q ASIMABAD CLITOZEN COLONY NEAR ATAA HYDERABAD PK | M80: 1068000 | N80: 1335000 | O80: 57872/0030/01/2022 | P80: 45901 | Q80: 198729 | R80: 1098741 | S80: NEW | U80: ALTO VXR EURO-II | V80: 2021 | W80: 44408 | X80: 21-JAN-2022 | Y80: 46408 | Z80: OLAHYD300071541 | AA80: 5 | AB80: ITECL | AC80: 6078/01/2022 | AD80: 44568 | AE80: 2% | AF80: 1068000 | AG80: 21360 | AH80: KHI/HO/D/MO/PC COMP/C/106590/133/01/2025 | AI80: 21360 | AJ80: 0
A81: 80 | B81: NORM | C81: 9976AP1220040168 | D81: A | E81: T-PAK | F81: ASAD RAZA | G81: Islamabad | H81: 37405-6371415-7 | J81: 03115529589 | L81: H. NO.1 ST NO.13 SEC B DHA PH 1 RWP | M81: 876300 | N81: 1270000 | O81: 57132/00370/12/2021 | P81: 45656 | Q81: 6R161302 | R81: NF1AET306H1061274 | S81: USD | T81: ATU-698 | U81: SUZUKI ALTO VX | V81: 2021 | W81: 44565 | X81: 11-JAN-2022 | Y81: 11-Jan-2027 | Z81: OLUISD300082890 | AA81: 5 | AB81: ITECL | AC81: 6058/12/2021 | AD81: 44561 | AE81: 1.5% | AF81: 1016000 | AG81: 15240 | AH81: KHI/HO/D/MO/PC COMP/C/103702/113/12/2024 | AI81: 16193 | AJ81: 953 | AK81: KHI/HO/D/MO/PC COMP/E/52165/00113/02/2025
A82: 81 | B82: NORM | C82: 9976AP1213650143 | D82: A | E82: T-PAK | F82: MUHAMMAD SHAKIR | G82: Karachi | H82: 42201-8312004-1 | I82: 03452346258 | J82: 03452346258 | K82: 0 | L82: PLOT # 60 SHOP 35-G KARACHI | M82: 875000 | N82: 1250000 | O82: 57132/00358/12/2021 | P82: 45656 | Q82: PKF626292 | R82: PK533121 | S82: USD | T82: BGE-581 | U82: SUZUKI CULTUS VXR | V82: 2016 | W82: 44561 | X82: 03-JAN-2022 | Y82: 03-Jan-2026 | Z82: OLUKHI300082859 | AA82: 4 | AB82: ITECL | AC82: 6057/12/2021 | AD82: 44561 | AE82: 1.5% | AF82: 1000000 | AG82: 15000 | AH82: KHI/HO/D/MO/PC COMP/C/103702/117/12/2024 | AI82: 15938 | AJ82: 938 | AK82: KHI/HO/D/MO/PC COMP/E/52165/00117/02/2025
A83: 82 | B83: NORM | C83: 9976AP1220040176 | D83: A | E83: T-PAK | F83: MUHAMMAD AKBAR | G83: Lahore | H83: 35201-9891775-9 | I83: 03014848460 | J83: 03014848460 | K83: 03014848460 | L83: OFF NO 143-A BEGUMPURA LAHORE | M83: 602000 | N83: 1400000 | O83: 57132/00364/12/2021 | P83: 45656 | Q83: 193535 | R83: 10093528 | S83: USD | T83: LEE-19-5453 | U83: SUZUKI WAGONR VXL | V83: 2019 | W83: 44565 | X83: 11-JAN-2022 | Y83: 11-Jan-2027 | Z83: OLULHR300082885 | AA83: 5 | AB83: CTRK | AC83: DIB0033025 | AD83: 44561 | AE83: 1.5% | AF83: 1120000 | AG83: 16800 | AH83: KHI/HO/D/MO/PC COMP/C/103702/119/12/2024 | AI83: 17850 | AJ83: 1050 | AK83: KHI/HO/D/MO/PC COMP/E/52165/00119/02/2025
A84: 83 | B84: NORM | C84: 9976AP1233640017 | D84: A | E84: T-PAK | F84: GHULAM | G84: Karachi | H84: 42101-6210630-3 | I84: 03222259497 | J84: 03222259497, 03222259497 | K84: 02136644831 | L84: PLOT # SC-15, 1ST FLOOR, NORTH NAZI MABAD BLOCK H NEAR FIVE STAR CHOWRA NGI KARACHI | M84: 1828400 | N84: 2612000 | O84: 78992/00063/12/2023 | P84: 45655 | Q84: 291455 | R84: 1191557 | S84: NEW | U84: SUZUKI ALTO VXR EURO II | V84: 2023 | W84: 45290 | X84: 03-JAN-2024 | Y84: 03-Jan-2027 | Z84: OLDKHI300098943 | AA84: 3 | AB84: ITFT | AC84: 10694/12/2023/ITFM | AD84: 45290 | AE84: 1.75% | AF84: 2350800 | AG84: 41139 | AH84: KHI/HO/D/MO/PC COMP/C/103702/123/12/2024 | AI84: 41139 | AJ84: 0
A85: 84 | B85: NORM | C85: 9976AD2211200003 | D85: A | E85: T-PAK | F85: MASOOD ANWAR | G85: Karachi | H85: 42501-1192417-5 | I85: 02135393134 | J85: 03368185973 | K85: 02135841965 | L85: SAS ENTERPRISES PLOT # 5C 10TH STRE ET KHAYABAN-E-SAHAR PHASE 06 DHA NE AR PHASE 6 PUMPING STAION KARACHI | M85: 1836750 | N85: 2449000 | O85: 57872/00037/01/2022 | P85: 45901 | Q85: D529135 | R85: M1005570 | S85: NEW | U85: CHANGAN ALSVIN 1.5L | V85: 2021 | W85: 44316 | X85: 11-JAN-2022 | Y85: 46398 | Z85: OLAKHI300068418 | AA85: 5 | AB85: CTRK | AC85: DIB0033063 | AD85: 44571 | AE85: 2% | AF85: 1959200 | AG85: 39184 | AH85: KHI/HO/D/MO/PC COMP/C/106590/137/01/2025 | AI85: 39184 | AJ85: 0
A86: 85 | B86: NORM | C86: 9976AP1233640016 | D86: A | E86: T-PAK | F86: MUHAMMAD AFTAB AHMED KHAN | G86: Karachi | H86: 42401-6196436-3 | I86: 03332149639 | J86: 03332149639 | K86: 0 | L86: HNO KS-521 SECTOR 16/C/2 GULSHAN E BIHAR ORANGI TOWN KHI KARACHI PK | M86: 2478000 | N86: 3540000 | O86: 78992/00062/12/2023 | P86: 45655 | Q86: 17516665 | R86: NFBGM1640JR231572 | S86: USD | T86: BNQ-897 | U86: HOMDA CIVIC I-VTEC | V86: 2018 | W86: 45290 | X86: 03-JAN-2024 | Y86: 03-Jan-2027 | Z86: OLUKHI300098947 | AA86: 3 | AB86: ITFT | AC86: 10693/12/2023/ITFM | AD86: 45290 | AE86: 1.75% | AF86: 3186000 | AG86: 55755 | AH86: KHI/HO/D/MO/PC COMP/C/103702/125/12/2024 | AI86: 55755 | AJ86: 0
A87: 86 | B87: NORM | C87: 9976AP1233640015 | D87: A | E87: T-PAK | F87: SAAD ISMAIL SHAIKH | G87: Karachi | H87: 42101-8003132-5 | J87: 03333004529 | L87: HOUSE # A-445, NORTH NAZIMABAD, BLOCK-J, NEAR RAINBVOW BAKERY, 0333-3004529 | M87: 2784000 | N87: 4350000 | O87: 78992/00061/12/2023 | P87: 45655 | Q87: 12916729 | R87: R0200099 | S87: USD | T87: BJV-185 | U87: HONDA CIVIC 1.8 | V87: 2017 | W87: 45290 | X87: 03-JAN-2024 | Y87: 03-Jan-2027 | Z87: OLUKHI300098948 | AA87: 3 | AB87: ITFT | AC87: 10683/12/2023/ITFM | AD87: 45290 | AE87: 1.75% | AF87: 3915000 | AG87: 68513 | AH87: KHI/HO/D/MO/PC COMP/C/103702/126/12/2024 | AI87: 68513 | AJ87: 0
A88: 87 | B88: NORM | C88: 9976AP2233640011 | D88: A | E88: T-PAK | F88: MUHAMMAD HAMMAD SHAHID | G88: Hyderabad | H88: 41304-6583708-9 | I88: 03223114350 | J88: 03223114350, 03133114350 | K88: 03223114350 | L88: HOUSE # 305 BLOCK E UNIT # 9 LATIFA BAD AIR PORT ROAD OPP NADRA OFFICE HYDERABAD PK | M88: 1870000 | N88: 3400000 | O88: 78992/00066/12/2023 | P88: 45655 | Q88: 2A25882 | R88: 7015461 | S88: USD | U88: TOYOTA YARIS GLI | V88: 2021 | W88: 45290 | X88: 03-JAN-2024 | Y88: 03-Jan-2027 | Z88: OLUHYD300098949 | AA88: 3 | AB88: ITFT | AC88: 10697/12/2023/ITFM | AD88: 45290 | AE88: 1.75% | AF88: 3060000 | AG88: 53550 | AH88: KHI/HO/D/MO/PC COMP/C/103702/127/12/2024 | AI88: 53550 | AJ88: 0
A89: 88 | B89: NORM | C89: 9976AP2233640010 | D89: A | E89: T-PAK | F89: MUHAMMAD TALHA SHAIKH | G89: Hyderabad | H89: 41303-0157616-3 | I89: 03073167644 | J89: 03073167644, 03102703788 | K89: 03073167644 | L89: HOUSE # D-44 - 2214 MOHALLA RESHAM STREET NEAR AL FAROOQ SCHOOL NEAR N HYDERABAD PK | M89: 2400000 | N89: 4800000 | O89: 78992/00066/12/2023 | P89: 45655 | Q89: 12934063 | R89: 037487 | S89: USD | U89: HONDA CIVIC 1.8 | V89: 2018 | W89: 45290 | X89: 03-JAN-2024 | Y89: 03-Jan-2027 | Z89: OLUHYD300098951 | AA89: 3 | AB89: ITFT | AC89: 10696/12/2023/ITFM | AD89: 45290 | AE89: 1.75% | AF89: 4320000 | AG89: 75600 | AH89: KHI/HO/D/MO/PC COMP/C/103702/128/12/2024 | AI89: 75600 | AJ89: 0
A90: 89 | B90: NORM | C90: 9976AP1233640012 | D90: A | E90: T-PAK | F90: ASSADULLAH | G90: Karachi | H90: 42301-1794981-7 | I90: 03412427708 | J90: 03412927708 | K90: 03412427708 | L90: BUILDING 17-C 1ST FLOOR OFFICE NO 0 2 STADIUM LANE 2 DHA PHASE V KHADA MARKET KHI KARACHI | M90: 2970000 | N90: 4950000 | O90: 78992/00059/12/2023 | P90: 45655 | Q90: 53893 | R90: 53054 | S90: USD | T90: BVT-101 | U90: TOYOTA COROLLA ALTIS GRANDE | V90: 2021 | W90: 45290 | X90: 03-JAN-2024 | Y90: 03-Jan-2027 | Z90: OLUKHI300098942 | AA90: 3 | AB90: ITFT | AC90: 10691/12/2023/ITFM | AD90: 45290 | AE90: 1.75% | AF90: 4455000 | AG90: 77963 | AH90: KHI/HO/D/MO/PC COMP/C/103702/129/12/2024 | AI90: 77963 | AJ90: 0
A91: 90 | B91: NORM | C91: 9976AP1240110002 | D91: A | E91: T-PAK | F91: TAIMOOR AHMED PEER ZADA | G91: Karachi | H91: 42501-1317950-1 | I91: 03182073400 | J91: 03182073400, 03182073400 | K91: 03182073400 | L91: HOUSE # R-35 AL SYED CENTER MAIN QU AIDABAD MAIN NATIONAL HIGHWAY NEAR KARACHI PK | M91: 2992500 | N91: 4750000 | O91: 81032/00007/01/2024 | P91: 45901 | Q91: 1015887 | R91: 00115918 | S91: USD | T91: BYZ-460 | U91: SUZUKI SWIFT GLX | V91: 2023 | W91: 45597 | X91: 11-JAN-2024 | Y91: 46398 | Z91: OLUKHI300098998 | AA91: 3 | AB91: ITFT | AC91: 10716/01/2024/ITFM | AD91: 45301 | AE91: 1.75% | AF91: 4275000 | AG91: 74813 | AH91: KHI/HO/D/MO/PC COMP/C/106590/145/01/2025 | AI91: 74813 | AJ91: 0
A92: 91 | B92: NORM | C92: 9976AP1233640010 | D92: A | E92: T-PAK | F92: MUHAMMAD RIZWAN | G92: Karachi | H92: 42201-0392517-7 | L92: HOUSE NO 523 SECTOR 33D GAREEB NAWAZ ROAD KORANGI 2 1/2 NEAR NOOR MASJID KARACHI | M92: 2976000 | N92: 4800000 | O92: 78992/00056/12/2023 | P92: 45655 | Q92: 14809359 | R92: R-026037 | S92: USD | T92: BK-4817 | U92: HONDA BR-V IVTEC | V92: 2022 | W92: 45290 | X92: 03-JAN-2024 | Y92: 03-Jan-2027 | Z92: OLUKHI300098940 | AA92: 3 | AB92: ITFT | AC92: 10686/12/2023/ITFM | AD92: 45290 | AE92: 1.75% | AF92: 4320000 | AG92: 75600 | AH92: KHI/HO/D/MO/PC COMP/C/103702/130/12/2024 | AI92: 75600 | AJ92: 0
A93: 92 | B93: NORM | C93: 9976AP2240100002 | D93: A | E93: T-PAK | F93: MUHAMMAD MUSTAFA AHMAD | G93: Faisalabad | H93: 33301-8053620-3 | I93: 03030662437 | J93: 03030662437, 03030662437 | K93: 03030662437 | L93: P-94 J BLOCK SATYANA ROAD TECH TOWN FSD NEAR PANI WALI TANKI FAISALABAD PK | M93: 2275000 | N93: 3500000 | O93: 81032/00005/01/2024 | P93: 45901 | Q93: 2A01748 | R93: 7000435 | S93: USD | T93: AER-274 | U93: TOYOTA YARIS GLI | V93: 2020 | W93: 45566 | X93: 11-JAN-2024 | Y93: 46398 | Z93: OLUISD300099001 | AA93: 3 | AB93: ITFT | AC93: 10713/01/2024/ITFM | AD93: 45301 | AE93: 1.75% | AF93: 3150000 | AG93: 55125 | AH93: KHI/HO/D/MO/PC COMP/C/106590/147/01/2025 | AI93: 55125 | AJ93: 0
A94: 93 | B94: NORM | C94: 9976AP2233640007 | D94: A | E94: T-PAK | F94: IRFAN KHALIL | G94: Karachi | H94: 42101-6321368-3 | I94: 02134161232 | J94: 03002366317 | K94: 02135121220 | L94: PLOT NO 5/2 SECTER 15 KORANGI INDUS TRIAL AREA BABAR CNG PUMP KARACHI | M94: 2477580 | N94: 4858000 | O94: 78992/00058/12/2023 | P94: 45655 | Q94: 51020313 | R94: R035183 | S94: NEW | U94: HONDA CIVIC I-VTEC | V94: 2023 | W94: 45290 | X94: 03-JAN-2024 | Y94: 03-Jan-2027 | Z94: OLDKHI300098939 | AA94: 3 | AB94: ITFT | AC94: 10688/12/2023/ITFM | AD94: 45290 | AE94: 1.75% | AF94: 4372200 | AG94: 76514 | AH94: KHI/HO/D/MO/PC COMP/C/103702/132/12/2024 | AI94: 76514 | AJ94: 0
A95: 94 | B95: NORM | C95: 9976AP1233640008 | D95: A | E95: T-PAK | F95: MUHAMMAD ADIL KHAN | G95: Karachi | H95: 42501-1566836-3 | I95: 03118408373 | J95: 03118408373 | K95: 0 | L95: L-32 BLOCK A MILLAT GARDEN SOCIETY MALIR KALABOAT KARACHI KARACHI PK | M95: 2765000 | N95: 3950000 | O95: 78992/00060/12/2023 | P95: 45655 | Q95: 13513653 | R95: 013655 | S95: USD | T95: BH-2394 | U95: HONDA BRV-IVTEC | V95: 2019 | W95: 45290 | X95: 03-JAN-2024 | Y95: 03-Jan-2027 | Z95: OLUKHI300098938 | AA95: 3 | AB95: ITFT | AC95: 10689/12/2023/ITFM | AD95: 45290 | AE95: 1.75% | AF95: 3555000 | AG95: 62213 | AH95: KHI/HO/D/MO/PC COMP/C/103702/134/12/2024 | AI95: 62213 | AJ95: 0
A96: 95 | B96: NORM | C96: 9976AP1233640007 | D96: A | E96: T-PAK | F96: NIAZ ALI JANWRI | G96: Karachi | H96: 45203-4157127-9 | I96: 03013409956 | J96: 03013409956 | K96: 0 | L96: D- 69 BLOCK D SUPARCO ROAD SACHAL G OTH GULZAR-E- HIJRI PCSIR LABORTORY KARACHI PK | M96: 1519000 | N96: 2170000 | O96: 78992/00057/12/2023 | P96: 45655 | Q96: 130026 | R96: 10030019 | S96: USD | T96: BNR-129 | U96: SUZUKI CULTUS VXR | V96: 2018 | W96: 45290 | X96: 03-JAN-2024 | Y96: 03-Jan-2029 | Z96: OLUKHI300098941 | AA96: 5 | AB96: ITFT | AC96: 10687/12/2023/ITFM | AD96: 45290 | AE96: 1.75% | AF96: 1953000 | AG96: 34178 | AH96: KHI/HO/D/MO/PC COMP/C/103702/135/12/2024 | AI96: 34178 | AJ96: 0
A97: 96 | B97: NORM | C97: 9976AD2220900027 | D97: A | E97: T-PAK | F97: GHULAM HASSAN HASHMI | G97: Islamabad | H97: 37405-7796948-3 | I97: 03330549029 | K97: 0519209032 | L97: H # CB-2354 BAHADUR KHAN STREET ITE FAQ TOWN SAIM ROAD NEAR SEHAM EIDGH RAWALPINDI PK | M97: 1018680 | N97: 1306000 | O97: 65483/00049/12/2022 | P97: 45655 | Q97: 264826 | R97: 1164857 | S97: NEW | U97: SUZUKI ALTO VX EURO II | V97: 2022 | W97: 44651 | X97: 11-JAN-2023 | Y97: 11-Jan-2030 | Z97: OLAISD300086070 | AA97: 7 | AB97: CTRK | AC97: DIB0034869 | AD97: 44925 | AE97: 2% | AF97: 1110100 | AG97: 22202 | AH97: KHI/HO/D/MO/PC COMP/C/103702/136/12/2024 | AI97: 23508 | AJ97: 1306 | AK97: KHI/HO/D/MO/PC COMP/E/52165/00136/02/2025
A98: 97 | B98: NORM | C98: 9976AD1221740013 | D98: A | E98: T-PAK | F98: SHOAIB AHMED | G98: Karachi | H98: 43103-4860208-3 | I98: 03453477902 | J98: 03333255522 | K98: 02134386168 | L98: FLAT NO. B-01 2ND FLOOR ZAHEER MANSION PLOT NO. 199/201 COMMERCIAL AREA PECHS BLOCK-2 KARACHI 0333-3255522 | M98: 1213100 | N98: 1733000 | O98: 65483/00050/12/2022 | P98: 45655 | Q98: 265204 | R98: 1165228 | S98: NEW | U98: SUZUKI ALTO VXR EURO II | V98: 2022 | W98: 44735 | X98: 03-JAN-2023 | Y98: 03-Jan-2028 | Z98: OLAKHI300088205 | AA98: 5 | AB98: ITFT | AC98: 9696/12/2022/ITFM | AD98: 44922 | AE98: 2% | AF98: 1473050 | AG98: 29461 | AH98: KHI/HO/D/MO/PC COMP/C/103702/137/12/2024 | AI98: 31194 | AJ98: 1733 | AK98: KHI/HO/D/MO/PC COMP/E/52165/00137/02/2025
A99: 98 | B99: NORM | C99: 9976AD1222700002 | D99: A | E99: T-PAK | F99: MOHAMMAD NABEEL ANJUM | G99: Karachi | H99: 42101-3338633-7 | J99: 00966566245273 | L99: PO BOX 9 ZIP CODE 31952 ZAMIL HOUSE FLR 10 PRINCE TURKY STR CORNICHE AL KHOBAR EASTERN SAUDI ARABIA | M99: 6634000 | N99: 13268000 | O99: 65483/00051/12/2022 | P99: 45655 | Q99: 972482 | R99: 0445332 | S99: RDA | U99: TOYOTA FORTUNER A/T | V99: 2022 | W99: 44831 | X99: 03-JAN-2023 | Y99: 03-Jan-2029 | Z99: OLAKHI300090084 | AA99: 6 | AB99: ITFM | AC99: 9645/12/2022/ITFM | AD99: 44910 | AE99: 1.4% | AF99: 11277800 | AG99: 157889 | AH99: KHI/HO/D/MO/PC COMP/C/103702/141/12/2024 | AI99: 167177 | AJ99: 9288 | AK99: KHI/HO/D/MO/PC COMP/E/52165/00141/02/2025
A100: 99 | B100: NORM | C100: 9976AD2212670018 | D100: A | E100: T-PAK | F100: MUHAMMAD SALEEM RAZA | G100: Lahore | H100: 35202-7839776-3 | I100: 03014302286 | J100: 03014302286 | K100: 03014302286 | L100: PLOT NO 222 BLOCK 4-D2 MAIN MADR-E- MILLAT ROAD GREEN TOWN NEAR MARHABA FACTORY LAHORE | M100: 885500 | N100: 1610000 | O100: 57871/00012/01/2022 | P100: 45931 | Q100: 227665 | R100: 10127651 | S100: NEW | U100: SUZUKI WAGON VXL | V100: 2022 | W100: 44463 | X100: 21-JAN-2022 | Y100: 46408 | Z100: OLALHR300073969 | AA100: 5 | AB100: CTRK | AC100: DIB0033108 | AD100: 44572 | AE100: 2% | AF100: 1288000 | AG100: 25760 | AH100: KHI/HO/D/MO/PC COMP/C/106590/154/01/2025 | AI100: 25760 | AJ100: 0
...

Sheet working
A1: POLICY NO. | B1: Assorted_code | D1: Premium | E1: 12Feb250043
A2: KHI/HO/D/MO/PC COMP/E/52165/00012/02/2025 | B2: =VLOOKUP(A2,policy!B:C,2,0) -> 050000851182 | C2: -3495 | D2: =ROUND(C2,0) -> -3495 | E2: 12Feb250043 | F2: ="insert into ins_premium_det (premium_rcv_code,assorted_code, rec_amount,premium_rcv_detail_code,remaining_amt, payrec, mode_code,coinsurance_code,class_cd,it_remarks) values" -> insert into ins_premium_det (premium_rcv_code,assorted_code, rec_amount,premium_rcv_detail_code,remaining_amt, payrec, mode_code,coinsurance_code,class_cd,it_remarks) values | G2: ="('"&E2&"','"&B2&"','"&D2&"',(select max(to_number(i.premium_rcv_detail_code))+1 from ins_premium_det i),'"&D2&"','"&D2&"','02', '11000003','00','Request by Mr. Saqib Saleem 13-Feb-2025');" -> ('12Feb250043','050000851182','-3495',(select max(to_number(i.premium_rcv_detail_code))+1 from ins_premium_det i),'-3495','-3495','02', '11000003','00','Request by Mr. Saqib Saleem 13-Feb-2025'); | H2: =F2&G2 -> insert into ins_premium_det (premium_rcv_code,assorted_code, rec_amount,premium_rcv_detail_code,remaining_amt, payrec, mode_code,coinsurance_code,class_cd,it_remarks) values('12Feb250043','050000851182','-3495',(select max(to_number(i.premium_rcv_detail_code))+1 from ins_premium_det i),'-3495','-3495','02', '11000003','00','Request by Mr. Saqib Saleem 13-Feb-2025');
A3: KHI/HO/D/MO/PC COMP/E/52165/00016/02/2025 | B3: =VLOOKUP(A3,policy!B:C,2,0) -> 050000851186 | C3: -1662 | D3: =ROUND(C3,0) -> -1662 | E3: 12Feb250043 | F3: ="insert into ins_premium_det (premium_rcv_code,assorted_code, rec_amount,premium_rcv_detail_code,remaining_amt, payrec, mode_code,coinsurance_code,class_cd,it_remarks) values" -> insert into ins_premium_det (premium_rcv_code,assorted_code, rec_amount,premium_rcv_detail_code,remaining_amt, payrec, mode_code,coinsurance_code,class_cd,it_remarks) values | G3: ="('"&E3&"','"&B3&"','"&D3&"',(select max(to_number(i.premium_rcv_detail_code))+1 from ins_premium_det i),'"&D3&"','"&D3&"','02', '11000003','00','Request by Mr. Saqib Saleem 13-Feb-2025');" -> ('12Feb250043','050000851186','-1662',(select max(to_number(i.premium_rcv_detail_code))+1 from ins_premium_det i),'-1662','-1662','02', '11000003','00','Request by Mr. Saqib Saleem 13-Feb-2025'); | H3: =F3&G3 -> insert into ins_premium_det (premium_rcv_code,assorted_code, rec_amount,premium_rcv_detail_code,remaining_amt, payrec, mode_code,coinsurance_code,class_cd,it_remarks) values('12Feb250043','050000851186','-1662',(select max(to_number(i.premium_rcv_detail_code))+1 from ins_premium_det i),'-1662','-1662','02', '11000003','00','Request by Mr. Saqib Saleem 13-Feb-2025');
A4: KHI/HO/D/MO/PC COMP/E/52165/00019/02/2025 | B4: =VLOOKUP(A4,policy!B:C,2,0) -> 050000851189 | C4: -1487 | D4: =ROUND(C4,0) -> -1487 | E4: 12Feb250043 | F4: ="insert into ins_premium_det (premium_rcv_code,assorted_code, rec_amount,premium_rcv_detail_code,remaining_amt, payrec, mode_code,coinsurance_code,class_cd,it_remarks) values" -> insert into ins_premium_det (premium_rcv_code,assorted_code, rec_amount,premium_rcv_detail_code,remaining_amt, payrec, mode_code,coinsurance_code,class_cd,it_remarks) values | G4: ="('"&E4&"','"&B4&"','"&D4&"',(select max(to_number(i.premium_rcv_detail_code))+1 from ins_premium_det i),'"&D4&"','"&D4&"','02', '11000003','00','Request by Mr. Saqib Saleem 13-Feb-2025');" -> ('12Feb250043','050000851189','-1487',(select max(to_number(i.premium_rcv_detail_code))+1 from ins_premium_det i),'-1487','-1487','02', '11000003','00','Request by Mr. Saqib Saleem 13-Feb-2025'); | H4: =F4&G4 -> insert into ins_premium_det (premium_rcv_code,assorted_code, rec_amount,premium_rcv_detail_code,remaining_amt, payrec, mode_code,coinsurance_code,class_cd,it_remarks) values('12Feb250043','050000851189','-1487',(select max(to_number(i.premium_rcv_detail_code))+1 from ins_premium_det i),'-1487','-1487','02', '11000003','00','Request by Mr. Saqib Saleem 13-Feb-2025');
A5: KHI/HO/D/MO/PC COMP/E/52165/00025/02/2025 | B5: =VLOOKUP(A5,policy!B:C,2,0) -> 050000851195 | C5: -3157 | D5: =ROUND(C5,0) -> -3157 | E5: 12Feb250043 | F5: ="insert into ins_premium_det (premium_rcv_code,assorted_code, rec_amount,premium_rcv_detail_code,remaining_amt, payrec, mode_code,coinsurance_code,class_cd,it_remarks) values" -> insert into ins_premium_det (premium_rcv_code,assorted_code, rec_amount,premium_rcv_detail_code,remaining_amt, payrec, mode_code,coinsurance_code,class_cd,it_remarks) values | G5: ="('"&E5&"','"&B5&"','"&D5&"',(select max(to_number(i.premium_rcv_detail_code))+1 from ins_premium_det i),'"&D5&"','"&D5&"','02', '11000003','00','Request by Mr. Saqib Saleem 13-Feb-2025');" -> ('12Feb250043','050000851195','-3157',(select max(to_number(i.premium_rcv_detail_code))+1 from ins_premium_det i),'-3157','-3157','02', '11000003','00','Request by Mr. Saqib Saleem 13-Feb-2025'); | H5: =F5&G5 -> insert into ins_premium_det (premium_rcv_code,assorted_code, rec_amount,premium_rcv_detail_code,remaining_amt, payrec, mode_code,coinsurance_code,class_cd,it_remarks) values('12Feb250043','050000851195','-3157',(select max(to_number(i.premium_rcv_detail_code))+1 from ins_premium_det i),'-3157','-3157','02', '11000003','00','Request by Mr. Saqib Saleem 13-Feb-2025');
A6: KHI/HO/D/MO/PC COMP/E/52165/00029/02/2025 | B6: =VLOOKUP(A6,policy!B:C,2,0) -> 050000851199 | C6: -2175 | D6: =ROUND(C6,0) -> -2175 | E6: 12Feb250043 | F6: ="insert into ins_premium_det (premium_rcv_code,assorted_code, rec_amount,premium_rcv_detail_code,remaining_amt, payrec, mode_code,coinsurance_code,class_cd,it_remarks) values" -> insert into ins_premium_det (premium_rcv_code,assorted_code, rec_amount,premium_rcv_detail_code,remaining_amt, payrec, mode_code,coinsurance_code,class_cd,it_remarks) values | G6: ="('"&E6&"','"&B6&"','"&D6&"',(select max(to_number(i.premium_rcv_detail_code))+1 from ins_premium_det i),'"&D6&"','"&D6&"','02', '11000003','00','Request by Mr. Saqib Saleem 13-Feb-2025');" -> ('12Feb250043','050000851199','-2175',(select max(to_number(i.premium_rcv_detail_code))+1 from ins_premium_det i),'-2175','-2175','02', '11000003','00','Request by Mr. Saqib Saleem 13-Feb-2025'); | H6: =F6&G6 -> insert into ins_premium_det (premium_rcv_code,assorted_code, rec_amount,premium_rcv_detail_code,remaining_amt, payrec, mode_code,coinsurance_code,class_cd,it_remarks) values('12Feb250043','050000851199','-2175',(select max(to_number(i.premium_rcv_detail_code))+1 from ins_premium_det i),'-2175','-2175','02', '11000003','00','Request by Mr. Saqib Saleem 13-Feb-2025');
A7: KHI/HO/D/MO/PC COMP/E/52165/00031/02/2025 | B7: =VLOOKUP(A7,policy!B:C,2,0) -> 050000851201 | C7: -1650 | D7: =ROUND(C7,0) -> -1650 | E7: 12Feb250043 | F7: ="insert into ins_premium_det (premium_rcv_code,assorted_code, rec_amount,premium_rcv_detail_code,remaining_amt, payrec, mode_code,coinsurance_code,class_cd,it_remarks) values" -> insert into ins_premium_det (premium_rcv_code,assorted_code, rec_amount,premium_rcv_detail_code,remaining_amt, payrec, mode_code,coinsurance_code,class_cd,it_remarks) values | G7: ="('"&E7&"','"&B7&"','"&D7&"',(select max(to_number(i.premium_rcv_detail_code))+1 from ins_premium_det i),'"&D7&"','"&D7&"','02', '11000003','00','Request by Mr. Saqib Saleem 13-Feb-2025');" -> ('12Feb250043','050000851201','-1650',(select max(to_number(i.premium_rcv_detail_code))+1 from ins_premium_det i),'-1650','-1650','02', '11000003','00','Request by Mr. Saqib Saleem 13-Feb-2025'); | H7: =F7&G7 -> insert into ins_premium_det (premium_rcv_code,assorted_code, rec_amount,premium_rcv_detail_code,remaining_amt, payrec, mode_code,coinsurance_code,class_cd,it_remarks) values('12Feb250043','050000851201','-1650',(select max(to_number(i.premium_rcv_detail_code))+1 from ins_premium_det i),'-1650','-1650','02', '11000003','00','Request by Mr. Saqib Saleem 13-Feb-2025');
A8: KHI/HO/D/MO/PC COMP/E/52165/00032/02/2025 | B8: =VLOOKUP(A8,policy!B:C,2,0) -> 050000851202 | C8: -960 | D8: =ROUND(C8,0) -> -960 | E8: 12Feb250043 | F8: ="insert into ins_premium_det (premium_rcv_code,assorted_code, rec_amount,premium_rcv_detail_code,remaining_amt, payrec, mode_code,coinsurance_code,class_cd,it_remarks) values" -> insert into ins_premium_det (premium_rcv_code,assorted_code, rec_amount,premium_rcv_detail_code,remaining_amt, payrec, mode_code,coinsurance_code,class_cd,it_remarks) values | G8: ="('"&E8&"','"&B8&"','"&D8&"',(select max(to_number(i.premium_rcv_detail_code))+1 from ins_premium_det i),'"&D8&"','"&D8&"','02', '11000003','00','Request by Mr. Saqib Saleem 13-Feb-2025');" -> ('12Feb250043','050000851202','-960',(select max(to_number(i.premium_rcv_detail_code))+1 from ins_premium_det i),'-960','-960','02', '11000003','00','Request by Mr. Saqib Saleem 13-Feb-2025'); | H8: =F8&G8 -> insert into ins_premium_det (premium_rcv_code,assorted_code, rec_amount,premium_rcv_detail_code,remaining_amt, payrec, mode_code,coinsurance_code,class_cd,it_remarks) values('12Feb250043','050000851202','-960',(select max(to_number(i.premium_rcv_detail_code))+1 from ins_premium_det i),'-960','-960','02', '11000003','00','Request by Mr. Saqib Saleem 13-Feb-2025');
A9: KHI/HO/D/MO/PC COMP/E/52165/00034/02/2025 | B9: =VLOOKUP(A9,policy!B:C,2,0) -> 050000851204 | C9: -4993 | D9: =ROUND(C9,0) -> -4993 | E9: 12Feb250043 | F9: ="insert into ins_premium_det (premium_rcv_code,assorted_code, rec_amount,premium_rcv_detail_code,remaining_amt, payrec, mode_code,coinsurance_code,class_cd,it_remarks) values" -> insert into ins_premium_det (premium_rcv_code,assorted_code, rec_amount,premium_rcv_detail_code,remaining_amt, payrec, mode_code,coinsurance_code,class_cd,it_remarks) values | G9: ="('"&E9&"','"&B9&"','"&D9&"',(select max(to_number(i.premium_rcv_detail_code))+1 from ins_premium_det i),'"&D9&"','"&D9&"','02', '11000003','00','Request by Mr. Saqib Saleem 13-Feb-2025');" -> ('12Feb250043','050000851204','-4993',(select max(to_number(i.premium_rcv_detail_code))+1 from ins_premium_det i),'-4993','-4993','02', '11000003','00','Request by Mr. Saqib Saleem 13-Feb-2025'); | H9: =F9&G9 -> insert into ins_premium_det (premium_rcv_code,assorted_code, rec_amount,premium_rcv_detail_code,remaining_amt, payrec, mode_code,coinsurance_code,class_cd,it_remarks) values('12Feb250043','050000851204','-4993',(select max(to_number(i.premium_rcv_detail_code))+1 from ins_premium_det i),'-4993','-4993','02', '11000003','00','Request by Mr. Saqib Saleem 13-Feb-2025');
A10: KHI/HO/D/MO/PC COMP/E/52165/00042/02/2025 | B10: =VLOOKUP(A10,policy!B:C,2,0) -> 050000851212 | C10: -1925 | D10: =ROUND(C10,0) -> -1925 | E10: 12Feb250043 | F10: ="insert into ins_premium_det (premium_rcv_code,assorted_code, rec_amount,premium_rcv_detail_code,remaining_amt, payrec, mode_code,coinsurance_code,class_cd,it_remarks) values" -> insert into ins_premium_det (premium_rcv_code,assorted_code, rec_amount,premium_rcv_detail_code,remaining_amt, payrec, mode_code,coinsurance_code,class_cd,it_remarks) values | G10: ="('"&E10&"','"&B10&"','"&D10&"',(select max(to_number(i.premium_rcv_detail_code))+1 from ins_premium_det i),'"&D10&"','"&D10&"','02', '11000003','00','Request by Mr. Saqib Saleem 13-Feb-2025');" -> ('12Feb250043','050000851212','-1925',(select max(to_number(i.premium_rcv_detail_code))+1 from ins_premium_det i),'-1925','-1925','02', '11000003','00','Request by Mr. Saqib Saleem 13-Feb-2025'); | H10: =F10&G10 -> insert into ins_premium_det (premium_rcv_code,assorted_code, rec_amount,premium_rcv_detail_code,remaining_amt, payrec, mode_code,coinsurance_code,class_cd,it_remarks) values('12Feb250043','050000851212','-1925',(select max(to_number(i.premium_rcv_detail_code))+1 from ins_premium_det i),'-1925','-1925','02', '11000003','00','Request by Mr. Saqib Saleem 13-Feb-2025');
A11: KHI/HO/D/MO/PC COMP/E/52165/00044/02/2025 | B11: =VLOOKUP(A11,policy!B:C,2,0) -> 050000851214 | C11: -2100 | D11: =ROUND(C11,0) -> -2100 | E11: 12Feb250043 | F11: ="insert into ins_premium_det (premium_rcv_code,assorted_code, rec_amount,premium_rcv_detail_code,remaining_amt, payrec, mode_code,coinsurance_code,class_cd,it_remarks) values" -> insert into ins_premium_det (premium_rcv_code,assorted_code, rec_amount,premium_rcv_detail_code,remaining_amt, payrec, mode_code,coinsurance_code,class_cd,it_remarks) values | G11: ="('"&E11&"','"&B11&"','"&D11&"',(select max(to_number(i.premium_rcv_detail_code))+1 from ins_premium_det i),'"&D11&"','"&D11&"','02', '11000003','00','Request by Mr. Saqib Saleem 13-Feb-2025');" -> ('12Feb250043','050000851214','-2100',(select max(to_number(i.premium_rcv_detail_code))+1 from ins_premium_det i),'-2100','-2100','02', '11000003','00','Request by Mr. Saqib Saleem 13-Feb-2025'); | H11: =F11&G11 -> insert into ins_premium_det (premium_rcv_code,assorted_code, rec_amount,premium_rcv_detail_code,remaining_amt, payrec, mode_code,coinsurance_code,class_cd,it_remarks) values('12Feb250043','050000851214','-2100',(select max(to_number(i.premium_rcv_detail_code))+1 from ins_premium_det i),'-2100','-2100','02', '11000003','00','Request by Mr. Saqib Saleem 13-Feb-2025');
A12: KHI/HO/D/MO/PC COMP/E/52165/00046/02/2025 | B12: =VLOOKUP(A12,policy!B:C,2,0) -> 050000851216 | C12: -2830 | D12: =ROUND(C12,0) -> -2830 | E12: 12Feb250043 | F12: ="insert into ins_premium_det (premium_rcv_code,assorted_code, rec_amount,premium_rcv_detail_code,remaining_amt, payrec, mode_code,coinsurance_code,class_cd,it_remarks) values" -> insert into ins_premium_det (premium_rcv_code,assorted_code, rec_amount,premium_rcv_detail_code,remaining_amt, payrec, mode_code,coinsurance_code,class_cd,it_remarks) values | G12: ="('"&E12&"','"&B12&"','"&D12&"',(select max(to_number(i.premium_rcv_detail_code))+1 from ins_premium_det i),'"&D12&"','"&D12&"','02', '11000003','00','Request by Mr. Saqib Saleem 13-Feb-2025');" -> ('12Feb250043','050000851216','-2830',(select max(to_number(i.premium_rcv_detail_code))+1 from ins_premium_det i),'-2830','-2830','02', '11000003','00','Request by Mr. Saqib Saleem 13-Feb-2025'); | H12: =F12&G12 -> insert into ins_premium_det (premium_rcv_code,assorted_code, rec_amount,premium_rcv_detail_code,remaining_amt, payrec, mode_code,coinsurance_code,class_cd,it_remarks) values('12Feb250043','050000851216','-2830',(select max(to_number(i.premium_rcv_detail_code))+1 from ins_premium_det i),'-2830','-2830','02', '11000003','00','Request by Mr. Saqib Saleem 13-Feb-2025');
A13: KHI/HO/D/MO/PC COMP/E/52165/00047/02/2025 | B13: =VLOOKUP(A13,policy!B:C,2,0) -> 050000851217 | C13: -3500 | D13: =ROUND(C13,0) -> -3500 | E13: 12Feb250043 | F13: ="insert into ins_premium_det (premium_rcv_code,assorted_code, rec_amount,premium_rcv_detail_code,remaining_amt, payrec, mode_code,coinsurance_code,class_cd,it_remarks) values" -> insert into ins_premium_det (premium_rcv_code,assorted_code, rec_amount,premium_rcv_detail_code,remaining_amt, payrec, mode_code,coinsurance_code,class_cd,it_remarks) values | G13: ="('"&E13&"','"&B13&"','"&D13&"',(select max(to_number(i.premium_rcv_detail_code))+1 from ins_premium_det i),'"&D13&"','"&D13&"','02', '11000003','00','Request by Mr. Saqib Saleem 13-Feb-2025');" -> ('12Feb250043','050000851217','-3500',(select max(to_number(i.premium_rcv_detail_code))+1 from ins_premium_det i),'-3500','-3500','02', '11000003','00','Request by Mr. Saqib Saleem 13-Feb-2025'); | H13: =F13&G13 -> insert into ins_premium_det (premium_rcv_code,assorted_code, rec_amount,premium_rcv_detail_code,remaining_amt, payrec, mode_code,coinsurance_code,class_cd,it_remarks) values('12Feb250043','050000851217','-3500',(select max(to_number(i.premium_rcv_detail_code))+1 from ins_premium_det i),'-3500','-3500','02', '11000003','00','Request by Mr. Saqib Saleem 13-Feb-2025');
... A155: KHI/HO/D/MO/PC COMP/E/52165/00337/02/2025 | B155: =VLOOKUP(A155,policy!B:C,2,0) -> 050000851084 | C155: -5449 | D155: =ROUND(C155,0) -> -5449 | E155: 12Feb250043 | F155: ="insert into ins_premium_det (premium_rcv_code,assorted_code, rec_amount,premium_rcv_detail_code,remaining_amt, payrec, mode_code,coinsurance_code,class_cd,it_remarks) values" -> insert into ins_premium_det (premium_rcv_code,assorted_code, rec_amount,premium_rcv_detail_code,remaining_amt, payrec, mode_code,coinsurance_code,class_cd,it_remarks) values | G155: ="('"&E155&"','"&B155&"','"&D155&"',(select max(to_number(i.premium_rcv_detail_code))+1 from ins_premium_det i),'"&D155&"','"&D155&"','02', '11000003','00','Request by Mr. Saqib Saleem 13-Feb-2025');" -> ('12Feb250043','050000851084','-5449',(select max(to_number(i.premium_rcv_detail_code))+1 from ins_premium_det i),'-5449','-5449','02', '11000003','00','Request by Mr. Saqib Saleem 13-Feb-2025'); | H155: =F155&G155 -> insert into ins_premium_det (premium_rcv_code,assorted_code, rec_amount,premium_rcv_detail_code,remaining_amt, payrec, mode_code,coinsurance_code,class_cd,it_remarks) values('12Feb250043','050000851084','-5449',(select max(to_number(i.premium_rcv_detail_code))+1 from ins_premium_det i),'-5449','-5449','02', '11000003','00','Request by Mr. Saqib Saleem 13-Feb-2025');

Sheet Sheet2
A2: KHI/HO/D/MO/PC COMP/E/52165/00012/02/2025 | B2: -02-2025 | H2: 52165 | I2: 00012 | J2: ="ia.assorted_string like '%"&H2&"-"&I2&B2&"%' or" -> ia.assorted_string like '%52165-00012-02-2025%' or
A3: KHI/HO/D/MO/PC COMP/E/52165/00016/02/2025 | B3: -02-2025 | H3: 52165 | I3: 00016 | J3: ="ia.assorted_string like '%"&H3&"-"&I3&B3&"%' or" -> ia.assorted_string like '%52165-00016-02-2025%' or
A4: KHI/HO/D/MO/PC COMP/E/52165/00019/02/2025 | B4: -02-2025 | H4: 52165 | I4: 00019 | J4: ="ia.assorted_string like '%"&H4&"-"&I4&B4&"%' or" -> ia.assorted_string like '%52165-00019-02-2025%' or
A5: KHI/HO/D/MO/PC COMP/E/52165/00025/02/2025 | B5: -02-2025 | H5: 52165 | I5: 00025 | J5: ="ia.assorted_string like '%"&H5&"-"&I5&B5&"%' or" -> ia.assorted_string like '%52165-00025-02-2025%' or
A6: KHI/HO/D/MO/PC COMP/E/52165/00029/02/2025 | B6: -02-2025 | H6: 52165 | I6: 00029 | J6: ="ia.assorted_string like '%"&H6&"-"&I6&B6&"%' or" -> ia.assorted_string like '%52165-00029-02-2025%' or
A7: KHI/HO/D/MO/PC COMP/E/52165/00031/02/2025 | B7: -02-2025 | H7: 52165 | I7: 00031 | J7: ="ia.assorted_string like '%"&H7&"-"&I7&B7&"%' or" -> ia.assorted_string like '%52165-00031-02-2025%' or
A8: KHI/HO/D/MO/PC COMP/E/52165/00032/02/2025 | B8: -02-2025 | H8: 52165 | I8: 00032 | J8: ="ia.assorted_string like '%"&H8&"-"&I8&B8&"%' or" -> ia.assorted_string like '%52165-00032-02-2025%' or
A9: KHI/HO/D/MO/PC COMP/E/52165/00034/02/2025 | B9: -02-2025 | H9: 52165 | I9: 00034 | J9: ="ia.assorted_string like '%"&H9&"-"&I9&B9&"%' or" -> ia.assorted_string like '%52165-00034-02-2025%' or
A10: KHI/HO/D/MO/PC COMP/E/52165/00042/02/2025 | B10: -02-2025 | H10: 52165 | I10: 00042 | J10: ="ia.assorted_string like '%"&H10&"-"&I10&B10&"%' or" -> ia.assorted_string like '%52165-00042-02-2025%' or
A11: KHI/HO/D/MO/PC COMP/E/52165/00044/02/2025 | B11: -02-2025 | H11: 52165 | I11: 00044 | J11: ="ia.assorted_string like '%"&H11&"-"&I11&B11&"%' or" -> ia.assorted_string like '%52165-00044-02-2025%' or
A12: KHI/HO/D/MO/PC COMP/E/52165/00046/02/2025 | B12: -02-2025 | H12: 52165 | I12: 00046 | J12: ="ia.assorted_string like '%"&H12&"-"&I12&B12&"%' or" -> ia.assorted_string like '%52165-00046-02-2025%' or
A13: KHI/HO/D/MO/PC COMP/E/52165/00047/02/2025 | B13: -02-2025 | H13: 52165 | I13: 00047 | J13: ="ia.assorted_string like '%"&H13&"-"&I13&B13&"%' or" -> ia.assorted_string like '%52165-00047-02-2025%' or
... A155: KHI/HO/D/MO/PC COMP/E/52165/00337/02/2025 | B155: -02-2025 | H155: 52165 | I155: 00337 | J155: ="ia.assorted_string like '%"&H155&"-"&I155&B155&"%' or" -> ia.assorted_string like '%52165-00337-02-2025%' or

Sheet policy
B1: FUNC_ASSORTED_STRING(IA.ASSORTED_CODE) | C1: ASSORTED_CODE
A2: 1 | B2: KHI/HO/D/MO/PC COMP/E/52165/00091/02/2025 | C2: 050000850838
A3: 2 | B3: KHI/HO/D/MO/PC COMP/E/52165/00119/02/2025 | C3: 050000850866
A4: 3 | B4: KHI/HO/D/MO/PC COMP/E/52165/00136/02/2025 | C4: 050000850883
A5: 4 | B5: KHI/HO/D/MO/PC COMP/E/52165/00144/02/2025 | C5: 050000850891
A6: 5 | B6: KHI/HO/D/MO/PC COMP/E/52165/00148/02/2025 | C6: 050000850895
A7: 6 | B7: KHI/HO/D/MO/PC COMP/E/52165/00159/02/2025 | C7: 050000850906
A8: 7 | B8: KHI/HO/D/MO/PC COMP/E/52165/00163/02/2025 | C8: 050000850910
A9: 8 | B9: KHI/HO/D/MO/PC COMP/E/52165/00171/02/2025 | C9: 050000850918
A10: 9 | B10: KHI/HO/D/MO/PC COMP/E/52165/00186/02/2025 | C10: 050000850933
A11: 10 | B11: KHI/HO/D/MO/PC COMP/E/52165/00385/02/2025 | C11: 050000851132
A12: 11 | B12: KHI/HO/D/MO/PC COMP/E/52165/00189/02/2025 | C12: 050000850936
A13: 12 | B13: KHI/HO/D/MO/PC COMP/E/52165/00197/02/2025 | C13: 050000850944
... A155: 154 | B155: KHI/HO/D/MO/PC COMP/E/52227/00098/02/2025 | C155: 050000852707
