Workbook

Sheet 3rd
A1: Salaam Takaful 3rd Quarter 2024 | N1: 92 DAYS
A2: 1st July to 30 September 2024
A3: Sr. # | B3: PMD# | C3: Policy # 2024 | D3: Reg. # | E3: Make | F3: Model | G3: Colour | H3: Engine # | I3: Chassis # | J3: Owner | K3: Sum Insured | L3: Ins Rat 1.65% | M3: Days | N3: 3rd Installment
A4: 1 | B4: P82142 | C4: KHI/HO/D/MO/PC TPP/P/82142/01/2024 | D4: LED-18-6255 | E4: T/C/Gli | F4: 2018 | G4: White | H4: 518514 | I4: 4144559 | J4: Mystic Tours PVT LTD | K4: 2600000 | L4: =K4*1.65/100 -> 42900 | M4: 92 | N4: =L4*M4/366 -> 10783.607
A5: 2 | B5: P82142 | C5: KHI/HO/D/MO/PC TPP/P/82142/01/2024 | D5: LED-18-4855 | E5: T/C/Gli | F5: 2018 | G5: White | H5: 518965 | I5: 4144935 | J5: Mystic Tours PVT LTD | K5: 2600000 | L5: =K5*1.65/100 -> 42900 | M5: 92 | N5: =L5*M5/366 -> 10783.607
A6: 3 | B6: P82142 | C6: KHI/HO/D/MO/CV/P/82154/01/2024 | D6: LES-18-7055 | E6: T/H/VAN | F6: 2018 | G6: Beig | H6: 8691439 | I6: 13577 | J6: Mystic Tours PVT LTD | K6: 3832000 | L6: =K6*1.65/100 -> 63228 | M6: 92 | N6: =L6*M6/366 -> 15893.377
A7: 4 | B7: P82142 | C7: KHI/HO/D/MO/CV/P/82154/01/2024 | D7: LES-18-9655 | E7: T/H/VAN | F7: 2018 | G7: Beig Golden | I7: 13563 | J7: Mystic Tours PVT LTD | K7: 3840000 | L7: =K7*1.65/100 -> 63360 | M7: 92 | N7: =L7*M7/366 -> 15926.557
A8: 5 | B8: P82142 | C8: KHI/HO/D/MO/PC TPP/P/82142/01/2024 | D8: LEE-18-6155 | E8: H/C/N | F8: 2018 | G8: White | H8: 2932030 | I8: 35456 | J8: Mystic Tours PVT LTD | K8: 2627500 | L8: =K8*1.65/100 -> 43353.75 | M8: 81 | N8: =L8*M8/366 -> 9594.6824 | O8: Sold 19.09.24 | P8: =31+31+19 -> 81
A9: 6 | B9: P82142 | C9: KHI/HO/D/MO/PC TPP/P/82142/01/2024 | D9: LEE-18-5655 | E9: H/C/N | F9: 2018 | G9: White | H9: 2932026 | I9: 35453 | J9: Mystic Tours PVT LTD | K9: 2627500 | L9: =K9*1.65/100 -> 43353.75 | M9: 92 | N9: =L9*M9/366 -> 10897.664 | O9: Sold 20.08.24 | P9: claim open
A10: 7 | B10: P82142 | C10: KHI/HO/D/MO/PC TPP/P/82142/01/2024 | D10: AHW-18-688 | E10: H/C/N | F10: 2018 | G10: White | H10: 2932139 | I10: 35577 | J10: Mystic Tours PVT LTD | K10: 2627500 | L10: =K10*1.65/100 -> 43353.75 | M10: 92 | N10: =L10*M10/366 -> 10897.664
A11: 8 | B11: P82142 | C11: KHI/HO/D/MO/PC TPP/P/82142/01/2024 | D11: BMJ-977 | E11: H/C/N | F11: 2018 | G11: White | H11: 2932149 | I11: 35566 | J11: Mystic Tours PVT LTD | K11: 2627500 | L11: =K11*1.65/100 -> 43353.75 | M11: 92 | N11: =L11*M11/366 -> 10897.664
A12: 9 | B12: P82142 | C12: KHI/HO/D/MO/PC TPP/P/82142/01/2024 | D12: AHW-799 | E12: T/C/Gli | F12: 2018 | G12: Silver | H12: 520186 | I12: 4147671 | J12: Mystic Tours PVT LTD | K12: 2600000 | L12: =K12*1.65/100 -> 42900 | M12: 92 | N12: =L12*M12/366 -> 10783.607
A13: 10 | B13: P82142 | C13: KHI/HO/D/MO/PC TPP/P/82142/01/2024 | D13: BMJ-877 | E13: T/C/Gli | F13: 2018 | G13: Silver | H13: 521672 | I13: 4147524 | J13: Mystic Tours PVT LTD | K13: 2600000 | L13: =K13*1.65/100 -> 42900 | M13: 92 | N13: =L13*M13/366 -> 10783.607
A14: 11 | B14: P82072 | C14: KHI/HO/D/MO/PC TPP/P/82072/01/2024 | D14: AHX-466 | E14: T/C/Gli | F14: 2018 | G14: Silver | H14: 521914 | I14: 4147647 | J14: MUHAMMAD HUSSAIN | K14: 2600000 | L14: =K14*1.65/100 -> 42900 | M14: 92 | N14: =L14*M14/366 -> 10783.607
A15: 12 | B15: P82142 | C15: KHI/HO/D/MO/PC TPP/P/82142/01/2024 | D15: BMJ-855 | E15: T/C/Gli | F15: 2018 | G15: Silver | H15: 521971 | I15: 4147672 | J15: Mystic Tours PVT LTD | K15: 2600000 | L15: =K15*1.65/100 -> 42900 | M15: 92 | N15: =L15*M15/366 -> 10783.607
A16: 13 | B16: P82142 | C16: KHI/HO/D/MO/PC TPP/P/82142/01/2024 | D16: AHX-744 | E16: T/C/Gli | F16: 2018 | G16: White | H16: 521864 | I16: 4147451 | J16: Mystic Tours PVT LTD | K16: 2600000 | L16: =K16*1.65/100 -> 42900 | M16: 92 | N16: =L16*M16/366 -> 10783.607
A17: 14 | B17: P82142 | C17: KHI/HO/D/MO/PC TPP/P/82142/01/2024 | D17: BMK-822 | E17: T/C/Gli | F17: 2018 | G17: White | H17: 5203641 | I17: 4147453 | J17: Mystic Tours PVT LTD | K17: 2600000 | L17: =K17*1.65/100 -> 42900 | M17: 92 | N17: =L17*M17/366 -> 10783.607
A18: 15 | B18: P82142 | C18: KHI/HO/D/MO/PC TPP/P/82142/01/2024 | D18: LEF-18-2977 | E18: H/C/N | F18: 2018 | G18: White | H18: 12932715 | I18: 36561 | J18: Mystic Tours PVT LTD | K18: 2627500 | L18: =K18*1.65/100 -> 43353.75 | M18: 92 | N18: =L18*M18/366 -> 10897.664
A19: 16 | B19: P82142 | C19: KHI/HO/D/MO/PC TPP/P/82142/01/2024 | D19: BMN-922 | E19: T/C/Gli | F19: 2018 | G19: White | H19: 521565 | I19: 4147452 | J19: Mystic Tours PVT LTD | K19: 2600000 | L19: =K19*1.65/100 -> 42900 | M19: 92 | N19: =L19*M19/366 -> 10783.607
A20: 17 | B20: P82142 | C20: KHI/HO/D/MO/PC TPP/P/82142/01/2024 | D20: BMN-588 | E20: T/C/Gli | F20: 2018 | G20: White | H20: 522096 | I20: 4148707 | J20: Mystic Tours PVT LTD | K20: 2600000 | L20: =K20*1.65/100 -> 42900 | M20: 92 | N20: =L20*M20/366 -> 10783.607
A21: 18 | B21: P82142 | C21: KHI/HO/D/MO/PC TPP/P/82142/01/2024 | D21: BMP-255 | E21: T/C/Gli | F21: 2018 | G21: Silver | H21: 522118 | I21: 4148582 | J21: Mystic Tours PVT LTD | K21: 2600000 | L21: =K21*1.65/100 -> 42900 | M21: 92 | N21: =L21*M21/366 -> 10783.607
A22: 19 | B22: P82142 | C22: KHI/HO/D/MO/PC TPP/P/82142/01/2024 | D22: LEF-18-3177 | E22: T/C/Gli | F22: 2018 | G22: Silver | H22: 522593 | I22: 4148563 | J22: Mystic Tours PVT LTD | K22: 2600000 | L22: =K22*1.65/100 -> 42900 | M22: 92 | N22: =L22*M22/366 -> 10783.607
A23: 20 | B23: P82142 | C23: KHI/HO/D/MO/PC TPP/P/82142/01/2024 | D23: LEF-18-1455 | E23: T/C/Gli | F23: 2018 | G23: Silver | H23: 523162 | I23: 4148951 | J23: Mystic Tours PVT LTD | K23: 2600000 | L23: =K23*1.65/100 -> 42900 | M23: 92 | N23: =L23*M23/366 -> 10783.607
A24: 21 | B24: P82142 | C24: KHI/HO/D/MO/PC TPP/P/82142/01/2024 | D24: AHK-988 | E24: T/C/GLI | F24: 2018 | G24: White | H24: 522399 | I24: 4148708 | J24: Mystic Tours PVT LTD | K24: 2600000 | L24: =K24*1.65/100 -> 42900 | M24: 92 | N24: =L24*M24/366 -> 10783.607
A25: 22 | B25: P82142 | C25: KHI/HO/D/MO/PC TPP/P/82142/01/2024 | D25: LEF-18-4077 | E25: T/C/GLI | F25: 2018 | G25: White | H25: 523328 | I25: 4149099 | J25: Mystic Tours PVT LTD | K25: 2600000 | L25: =K25*1.65/100 -> 42900 | M25: 92 | N25: =L25*M25/366 -> 10783.607
A26: 23 | B26: P82142 | C26: KHI/HO/D/MO/PC TPP/P/82142/01/2024 | D26: LEF-18-3877 | E26: T/C/GLI | F26: 2018 | G26: White | H26: 522715 | I26: 4148581 | J26: Mystic Tours PVT LTD | K26: 2600000 | L26: =K26*1.65/100 -> 42900 | M26: 92 | N26: =L26*M26/366 -> 10783.607
A27: 24 | B27: P82142 | C27: KHI/HO/D/MO/PC TPP/P/82142/01/2024 | D27: LEF-18-4177 | E27: T/C/GLI | F27: 2018 | G27: White | H27: 4149098 | I27: 522882 | J27: Mystic Tours PVT LTD | K27: 2600000 | L27: =K27*1.65/100 -> 42900 | M27: 92 | N27: =L27*M27/366 -> 10783.607
A28: 25 | B28: P82142 | C28: KHI/HO/D/MO/PC TPP/P/82142/01/2024 | D28: AJF-955 | E28: T/C/GLI | F28: 2018 | G28: White | H28: 523361 | I28: 4149127 | J28: Mystic Tours PVT LTD | K28: 2600000 | L28: =K28*1.65/100 -> 42900 | M28: 92 | N28: =L28*M28/366 -> 10783.607
A29: 26 | B29: P82142 | C29: KHI/HO/D/MO/PC TPP/P/82142/01/2024 | D29: AJD-577 | E29: T/C/GLI | F29: 2018 | G29: White | H29: 523447 | I29: 4149289 | J29: Mystic Tours PVT LTD | K29: 2600000 | L29: =K29*1.65/100 -> 42900 | M29: 92 | N29: =L29*M29/366 -> 10783.607
A30: 27 | B30: P82142 | C30: KHI/HO/D/MO/PC TPP/P/82142/01/2024 | D30: AJF-944 | E30: T/C/GLI | F30: 2018 | G30: White | H30: 523155 | I30: 4149079 | J30: Mystic Tours PVT LTD | K30: 2600000 | L30: =K30*1.65/100 -> 42900 | M30: 92 | N30: =L30*M30/366 -> 10783.607
A31: 28 | B31: P82142 | C31: KHI/HO/D/MO/PC TPP/P/82142/01/2024 | D31: LEF-18-6577 | E31: T/C/GLI | F31: 2018 | G31: White | H31: 522692 | I31: 4149097 | J31: Mystic Tours PVT LTD | K31: 2600000 | L31: =K31*1.65/100 -> 42900 | M31: 92 | N31: =L31*M31/366 -> 10783.607
A32: 29 | B32: P82142 | C32: KHI/HO/D/MO/PC TPP/P/82142/01/2024 | D32: LEF-18-6277 | E32: T/C/GLI | F32: 2018 | G32: White | H32: 523152 | I32: 4149100 | J32: Mystic Tours PVT LTD | K32: 2600000 | L32: =K32*1.65/100 -> 42900 | M32: 92 | N32: =L32*M32/366 -> 10783.607
A33: 30 | B33: P82142 | C33: KHI/HO/D/MO/PC TPP/P/82142/01/2024 | D33: AMX-001 | E33: FORTUNER | F33: 2020 | G33: White | H33: 828738 | I33: 1093495 | J33: Mystic Tours PVT LTD | K33: 9189000 | L33: =K33*1.65/100 -> 151618.5 | M33: 92 | N33: =L33*M33/366 -> 38111.754
A34: 31 | B34: P82142 | C34: KHI/HO/D/MO/PC TPP/P/82142/01/2024 | D34: ASW-293 | E34: Yaris 1.3 | F34: 2021 | G34: White | H34: 18277 | I34: 7010909 | J34: Mystic Tours PVT LTD | K34: 2753000 | L34: =K34*1.65/100 -> 45424.5 | M34: 92 | N34: =L34*M34/366 -> 11418.18
A35: 32 | B35: P82142 | C35: KHI/HO/D/MO/PC TPP/P/82142/01/2024 | D35: ASW-296 | E35: Yaris 1.3 | F35: 2021 | G35: Black | H35: 18780 | I35: 7011084 | J35: Mystic Tours PVT LTD | K35: 2753000 | L35: =K35*1.65/100 -> 45424.5 | M35: 92 | N35: =L35*M35/366 -> 11418.18
... A40: 37 | B40: P82142 | C40: KHI/HO/D/MO/CV/P/82154/01/2024 | D40: LES-20-9355 | E40: T/HT/D | F40: 2020 | G40: White | H40: 8440786 | I40: 906004775 | J40: Mystic Tours PVT LTD | K40: 8100000 | L40: =K40*1.65/100 -> 133650 | M40: 92 | N40: =L40*M40/366 -> 33595.082
A41: 38 | B41: P82142 | C41: KHI/HO/D/MO/PC TPP/P/82206/01/2024 | D41: ALD-001 | E41: Mercedes | F41: 2019 | G41: Black | H41: 274920-31-727865 | I41: WDD-213042-2A-593548 | J41: Mystic Tours PVT LTD | K41: 22000000 | L41: =K41*1.65/100 -> 363000 | M41: 92 | N41: =L41*M41/366 -> 91245.902
A42: 39 | B42: P82142 | C42: KHI/HO/D/MO/PC TPP/P/82142/01/2024 | D42: KX-8577 | E42: Vigo | F42: 2018 | G42: White | H42: 1GD0545900 | I42: 5533330 | J42: Mystic Tours PVT LTD | K42: 4565000 | L42: =K42*1.65/100 -> 75322.5 | M42: 92 | N42: =L42*M42/366 -> 18933.525
A43: 40 | B43: P82142 | C43: KHI/HO/D/MO/PC TPP/P/82142/01/2024 | D43: KX-7277 | E43: Vigo | F43: 2018 | G43: White | H43: 1GD0545919 | I43: 5533331 | J43: Mystic Tours PVT LTD | K43: 4565000 | L43: =K43*1.65/100 -> 75322.5 | M43: 92 | N43: =L43*M43/366 -> 18933.525
A44: 41 | B44: P82142 | C44: KHI/HO/D/MO/PC TPP/P/82142/01/2024 | D44: KX-7355 | E44: Vigo | F44: 2018 | G44: White | H44: 1GD0545855 | I44: 5533283 | J44: Mystic Tours PVT LTD | K44: 4565000 | L44: =K44*1.65/100 -> 75322.5 | M44: 92 | N44: =L44*M44/366 -> 18933.525
A45: 42 | B45: P82142 | C45: KHI/HO/D/MO/PC TPP/P/82142/01/2024 | D45: KX-8655 | E45: Vigo | F45: 2018 | G45: White | H45: 1GD0543117 | I45: 5533167 | J45: Mystic Tours PVT LTD | K45: 4565000 | L45: =K45*1.65/100 -> 75322.5 | M45: 92 | N45: =L45*M45/366 -> 18933.525
A46: 43 | B46: P82142 | C46: KHI/HO/D/MO/PC TPP/P/82142/01/2024 | D46: KX-7855 | E46: Vigo | F46: 2018 | G46: White | H46: 1GD0542337 | I46: 5532822 | J46: Mystic Tours PVT LTD | K46: 4565000 | L46: =K46*1.65/100 -> 75322.5 | M46: 92 | N46: =L46*M46/366 -> 18933.525
A47: 44 | B47: P82147 | C47: KHI/HO/D/MO/PC TPP/P/82147/01/2024 | D47: BTE-411 | E47: Yaris 1.3 | F47: 2021 | G47: White | H47: 18632 | I47: 7011019 | J47: Mystic Tours Pvt Ltd. HPA OLP Modaraba | K47: 2773000 | L47: =K47*1.65/100 -> 45754.5 | M47: 92 | N47: =L47*M47/366 -> 11501.131
A48: 45 | B48: P82147 | C48: KHI/HO/D/MO/PC TPP/P/82147/01/2024 | D48: BTE-353 | E48: Yaris 1.5 | F48: 2021 | G48: White | H48: 18391 | I48: 9507485 | J48: Mystic Tours Pvt Ltd. HPA OLP Modaraba | K48: 3083000 | L48: =K48*1.65/100 -> 50869.5 | M48: 92 | N48: =L48*M48/366 -> 12786.869
A49: 46 | B49: P82147 | C49: KHI/HO/D/MO/PC TPP/P/82147/01/2024 | D49: BTE-422 | E49: Yaris 1.3 Gli M.T | F49: 2021 | G49: White | H49: 20165 | I49: 7011932 | J49: Mystic Tours Pvt Ltd. HPA OLP Modaraba | K49: 2593000 | L49: =K49*1.65/100 -> 42784.5 | M49: 92 | N49: =L49*M49/366 -> 10754.574
A50: 47 | B50: P82147 | C50: KHI/HO/D/MO/PC TPP/P/82147/01/2024 | D50: BTE-363 | E50: Yaris 1.3 Gli M.T | F50: 2021 | G50: White | H50: 20202 | I50: 7011934 | J50: Mystic Tours Pvt Ltd. HPA OLP Modaraba | K50: 2593000 | L50: =K50*1.65/100 -> 42784.5 | M50: 92 | N50: =L50*M50/366 -> 10754.574
A51: 48 | B51: P82150 | C51: KHI/HO/D/MO/PC TPP/P/82150/01/2024 | D51: AMR-769 | E51: YARIS 662B 1.3HCVT | F51: 2022 | G51: 040 SUPER WHITE | H51: 2A58448 | I51: NSP150R-7037079 | J51: MYSTIC TOURS (PVT) LTD HPA SONERI | K51: 3068190 | L51: =K51*1.65/100 -> 50625.135 | M51: 92 | N51: =L51*M51/366 -> 12725.444
A52: 49 | B52: P82150 | C52: KHI/HO/D/MO/PC TPP/P/82150/01/2024 | D52: AMR-236 | E52: YARIS 662B 1.3HCVT | F52: 2022 | G52: 040 SUPER WHITE | H52: 2A58489 | I52: NSP150R-7037090 | J52: MYSTIC TOURS (PVT) LTD HPA SONERI | K52: 3068190 | L52: =K52*1.65/100 -> 50625.135 | M52: 92 | N52: =L52*M52/366 -> 12725.444
A53: 50 | B53: P82150 | C53: KHI/HO/D/MO/PC TPP/P/82150/01/2024 | D53: AMR-984 | E53: YARIS 662B 1.3HCVT | F53: 2022 | G53: 040 SUPER WHITE | H53: 2A58607 | I53: NSP150R-7037200 | J53: MYSTIC TOURS (PVT) LTD HPA SONERI | K53: 3068190 | L53: =K53*1.65/100 -> 50625.135 | M53: 92 | N53: =L53*M53/366 -> 12725.444
A54: 51 | B54: P82150 | C54: KHI/HO/D/MO/PC TPP/P/82150/01/2024 | D54: AMR-492 | E54: YARIS 662B 1.3HCVT | F54: 2022 | G54: 040 SUPER WHITE | H54: 2A58501 | I54: NSP150R-7037194 | J54: MYSTIC TOURS (PVT) LTD HPA SONERI | K54: 3068190 | L54: =K54*1.65/100 -> 50625.135 | M54: 92 | N54: =L54*M54/366 -> 12725.444
A55: 52 | B55: P82150 | C55: KHI/HO/D/MO/PC TPP/P/82150/01/2024 | D55: AMQ-944 | E55: YARIS 662B 1.3HCVT | F55: 2022 | G55: 040 SUPER WHITE | H55: 2A58609 | I55: NSP150R-7037199 | J55: MYSTIC TOURS (PVT) LTD HPA SONERI | K55: 3068190 | L55: =K55*1.65/100 -> 50625.135 | M55: 92 | N55: =L55*M55/366 -> 12725.444
A56: 53 | B56: P82150 | C56: KHI/HO/D/MO/PC TPP/P/82150/01/2024 | D56: AMR-610 | E56: YARIS 662B ATIV CVT 1329CC | F56: 2022 | G56: 040 SUPER WHITE | H56: 2A58848 | I56: NSP150R-7037406 | J56: MYSTIC TOURS (PVT) LTD HPA SONERI | K56: 3071609 | L56: =K56*1.65/100 -> 50681.548 | M56: 92 | N56: =L56*M56/366 -> 12739.624
A57: 54 | B57: P82150 | C57: KHI/HO/D/MO/PC TPP/P/82150/01/2024 | D57: AND-271 | E57: YARIS 662B ATIV CVT 1329CC | F57: 2022 | G57: 040 SUPER WHITE | H57: 2A58845 | I57: NSP150R-7037407 | J57: MYSTIC TOURS (PVT) LTD HPA SONERI | K57: 3071609 | L57: =K57*1.65/100 -> 50681.548 | M57: 92 | N57: =L57*M57/366 -> 12739.624
A58: 55 | B58: P82150 | C58: KHI/HO/D/MO/PC TPP/P/82150/01/2024 | D58: ANA-361 | E58: FORTUNER 4X4 AT S4 2755CC | F58: 2022 | G58: 040 SUPER WHITE | H58: 1GD5219450 | I58: GUN156R-1101207 | J58: MYSTIC TOURS (PVT) LTD HPA SONERI | K58: 13523500 | L58: =K58*1.65/100 -> 223137.75 | M58: 92 | N58: =L58*M58/366 -> 56089.27
A59: 56 | B59: P82210 | C59: KHI/HO/D/MO/PC TPP/P/82210/01/2024 | D59: BL-2094 | E59: PRADO TX | F59: 2018 | G59: PEARL WHITE | H59: 20598902TR | I59: TRJ150-0089901 | J59: MEEZAN BANK PVT LTD | K59: 23500000 | L59: =K59*1.65/100 -> 387750 | M59: 92 | N59: =L59*M59/366 -> 97467.213
A60: 57 | B60: P82184 | C60: KHI/HO/D/MO/CV/P/82184/01/2024 | D60: JG-0989 | E60: HIACE VAN (17.01.23) | F60: 2023 | G60: 058 WHITE | H60: 1GD8967139 | I60: JTFBBFCP806036179 | J60: MEEZAN BANK PVT LTD | K60: 11428000 | L60: =K60*1.65/100 -> 188562 | M60: 92 | N60: =L60*M60/366 -> 47398.098
A61: 58 | B61: P82184 | C61: KHI/HO/D/MO/CV/P/82184/01/2024 | D61: JG-0990 | E61: TOYOTA HIACE VAN | F61: 2023 | G61: 058 WHITE | H61: 1GD8965666 | I61: JTFBBFCP906036093 | J61: MEEZAN BANK PVT LTD | K61: 11428000 | L61: =K61*1.65/100 -> 188562 | M61: 92 | N61: =L61*M61/366 -> 47398.098
A62: 59 | B62: P82150 | C62: KHI/HO/D/MO/PC TPP/P/82150/01/2024 | D62: ANE-507 | E62: YARIS 662B ATIV CVT 1329CC | F62: 2023 | G62: 040 SUPER WHITE | H62: 2A59798 | I62: NSP150R-7038170 | J62: MYSTIC TOURS (PVT) LTD HPA SONERI | K62: 3071690 | L62: =K62*1.65/100 -> 50682.885 | M62: 92 | N62: =L62*M62/366 -> 12739.96
... A69: 66 | B69: P82150 | C69: KHI/HO/D/MO/PC TPP/P/82150/01/2024 | D69: ANM-679 | E69: YARIS 662B 1.3 MT | F69: 2023 | G69: 040 SUPER WHITE | H69: 2A60188 | I69: NSP150R-7038425 | J69: MYSTIC TOURS (PVT) LTD HPA SONERI | K69: 3662500 | L69: =K69*1.65/100 -> 60431.25 | M69: 92 | N69: =L69*M69/366 -> 15190.369
A70: 67 | B70: P82142 | C70: KHI/HO/D/MO/CV/P/82154/01/2024 | D70: CAN-4487 | E70: SUZUKI RAVI VX | F70: 2023 | G70: WHITE | H70: 388635 | I70: 493303 | J70: Mystic Tours PVT LTD | K70: 1778000 | L70: =K70*1.65/100 -> 29337 | M70: 92 | N70: =L70*M70/366 -> 7374.3279
A71: 68 | B71: P82142 | C71: KHI/HO/D/MO/PC TPP/P/82142/01/2024 | D71: ANU-739 | E71: YARIS 662B Gli CVT 1329CC | F71: 2023 | G71: 040 SUPER WHITE | H71: 2A60431 | I71: NSP150R-7038621 | J71: Mystic Tours PVT LTD | K71: 4718500 | L71: =K71*1.65/100 -> 77855.25 | M71: 92 | N71: =L71*M71/366 -> 19570.172
A72: 69 | B72: P82152 | C72: KHI/HO/D/MO/PC TPP/P/82152/01/2024 | D72: LC-8142 | E72: HILUX 645B/188D 4X4 S/C STD 2755CC | F72: 2023 | G72: 040 SUPER WHITE | H72: 1GD1336735 | I72: GUN126R-5561222 | J72: TOYOTA JHELUM MOTORS | K72: 9897999 | L72: =K72*1.65/100 -> 163316.98 | M72: 92 | N72: =L72*M72/366 -> 41052.357
A73: 70 | B73: P82145 | C73: KHI/HO/D/MO/PC TPP/P/82145/01/2024 | D73: LC-7437 | E73: Revo 4x4 GMT | F73: 2023 | G73: White | H73: 1GD1312521 | I73: GUN126R-5560115 | J73: MEEZAN BANK PVT LTD | K73: 12824000 | L73: =K73*1.65/100 -> 211596 | M73: 92 | N73: =L73*M73/366 -> 53188.066
A74: 71 | B74: P82145 | C74: KHI/HO/D/MO/PC TPP/P/82145/01/2024 | D74: LC-7503 | E74: Revo 4x4 GMT | F74: 2023 | G74: White | H74: 1GD1308083 | I74: GUN126R-5560180 | J74: MEEZAN BANK PVT LTD | K74: 12824000 | L74: =K74*1.65/100 -> 211596 | M74: 92 | N74: =L74*M74/366 -> 53188.066
A75: 72 | B75: P82145 | C75: KHI/HO/D/MO/PC TPP/P/82145/01/2024 | D75: LC-7504 | E75: Revo 4x4 GMT | F75: 2023 | G75: White | H75: 1GD1307512 | I75: GUN126R-5560037 | J75: MEEZAN BANK PVT LTD | K75: 12824000 | L75: =K75*1.65/100 -> 211596 | M75: 92 | N75: =L75*M75/366 -> 53188.066
A76: 73 | B76: P82145 | C76: KHI/HO/D/MO/PC TPP/P/82152/01/2024 | D76: LC-9316 | E76: Hilux Revo 645B(867B) 4x4 V AT 2755 CC | F76: 2023 | G76: 040 SUPER WHITE | H76: 1GD5337458 | I76: GUN126R-5561312 | J76: TOYOTA JHELUM MOTORS | K76: 14881000 | L76: =K76*1.65/100 -> 245536.5 | M76: 92 | N76: =L76*M76/366 -> 61719.557
A77: 74 | B77: P82145 | C77: KHI/HO/D/MO/PC TPP/P/82145/01/2024 | D77: LC-7586 | E77: HILUX REVO 645B(867B) 4X4 G MT 2755CC | F77: 2023 | G77: 040 SUPER WHITE | H77: 1GD1308585 | I77: GUN126R-5560050 | J77: MEEZAN BANK PVT LTD | K77: 12824000 | L77: =K77*1.65/100 -> 211596 | M77: 92 | N77: =L77*M77/366 -> 53188.066
A78: 75 | B78: P82145 | C78: KHI/HO/D/MO/PC TPP/P/82145/01/2024 | D78: LC-7606 | E78: HILUX 645B/188D 4X4 S/C STD 2755CC | F78: 2023 | G78: 040 SUPER WHITE | H78: 1GD1320467 | I78: GUN126R-5560942 | J78: MEEZAN BANK PVT LTD | K78: 9832500 | L78: =K78*1.65/100 -> 162236.25 | M78: 92 | N78: =L78*M78/366 -> 40780.697
A79: 76 | B79: P82149 | C79: KHI/HO/D/MO/PC TPP/P/82149/01/2024 | D79: LC-9283 | E79: HILUX REVO 645B(867B) 4X4 G AT 2755CC | F79: 2023 | G79: 040 SUPER WHITE | H79: 1GD5316037 | I79: GUN126R-5559792 | J79: Mystic Tours HPA HBL | K79: 14164200 | L79: =K79*1.65/100 -> 233709.3 | M79: 92 | N79: =L79*M79/366 -> 58746.6
A80: 77 | B80: P82211 | C80: KHI/HO/D/MO/CV/P/82211/01/2024 | D80: CAP-3329 | E80: Hiace Tourer Deluxe | F80: 2023 | G80: WHITE | H80: 1GD9086572 | I80: JTFEB9CP406041376 | J80: MEEZAN BANK PVT LTD | K80: 17144500 | L80: =K80*1.65/100 -> 282884.25 | M80: 92 | N80: =L80*M80/366 -> 71107.516
A81: 78 | B81: P82149 | C81: KHI/HO/D/MO/PC TPP/P/82149/01/2024 | D81: LC-9284 | E81: HILUX REVO 645B(867B) 4X4 G AT 2755CC | F81: 2023 | G81: Super White | H81: 1GD5316109 | I81: GUN126R-5559791 | J81: Mystic Tours HPA HBL | K81: 14164200 | L81: =K81*1.65/100 -> 233709.3 | M81: 92 | N81: =L81*M81/366 -> 58746.6
A82: 79 | B82: P82149 | C82: KHI/HO/D/MO/PC TPP/P/82149/01/2024 | D82: LC-9281 | E82: HILUX REVO 645B(867B) 4X4 G AT 2755CC | F82: 2023 | G82: Super White | H82: 1GD5321117 | I82: GUN126R-5559984 | J82: Mystic Tours HPA HBL | K82: 14164200 | L82: =K82*1.65/100 -> 233709.3 | M82: 92 | N82: =L82*M82/366 -> 58746.6
... A123: 120 | B123: P82148 | C123: KHI/HO/D/MO/PC TPP/P/82148/01/2024 | D123: ANZ-779 | E123: ALTIS 1.6 CVT M22 | F123: 2023 | G123: 040 SUPER WHITE | H123: Q104670 | I123: ZRE-171R-6082135 | J123: Mystic Tours Pvt Ltd. HPA Parwaaz Financial Services Limited | K123: 6608500 | L123: =K123*1.65/100 -> 109040.25 | M123: 92 | N123: =L123*M123/366 -> 27409.025
A124: 121 | B124: P82147 | C124: KHI/HO/D/MO/PC TPP/P/82147/01/2024 | D124: LA-1353 | E124: HILUX 716B 4*4 V AT 2755CC | F124: 2021 | G124: White | H124: 1GD0970468 | I124: 5545673 | J124: Mystic Tours Pvt Ltd. HPA OLP Modaraba | K124: 7276000 | L124: =K124*1.65/100 -> 120054 | M124: 92 | N124: =L124*M124/366 -> 30177.508
A125: 122 | B125: P82147 | C125: KHI/HO/D/MO/PC TPP/P/82147/01/2024 | D125: LA-1355 | E125: HILUX 716B 4*4 V AT 2755CC | F125: 2021 | G125: White | H125: 1GD0971488 | I125: 5545452 | J125: Mystic Tours Pvt Ltd. HPA OLP Modaraba | K125: 7276000 | L125: =K125*1.65/100 -> 120054 | M125: 92 | N125: =L125*M125/366 -> 30177.508
A126: 123 | B126: P82147 | C126: KHI/HO/D/MO/PC TPP/P/82147/01/2024 | D126: LA-1357 | E126: HILUX 716B 4*4 V AT 2755CC | F126: 2021 | G126: White | H126: 1GD0970768 | I126: 5545527 | J126: Mystic Tours Pvt Ltd. HPA OLP Modaraba | K126: 7276000 | L126: =K126*1.65/100 -> 120054 | M126: 92 | N126: =L126*M126/366 -> 30177.508
A127: 124 | B127: P82147 | C127: KHI/HO/D/MO/PC TPP/P/82147/01/2024 | D127: LA-1356 | E127: HILUX 716B 4*4 V AT 2755CC | F127: 2021 | G127: White | H127: 1GD0969097 | I127: 5545695 | J127: Mystic Tours Pvt Ltd. HPA OLP Modaraba | K127: 7276000 | L127: =K127*1.65/100 -> 120054 | M127: 92 | N127: =L127*M127/366 -> 30177.508
A128: 125 | B128: P82147 | C128: KHI/HO/D/MO/PC TPP/P/82147/01/2024 | D128: LA-1352 | E128: HILUX 716B 4*4 V AT 2755CC | F128: 2021 | G128: White | H128: 1GD977242 | I128: 5545714 | J128: Mystic Tours Pvt Ltd. HPA OLP Modaraba | K128: 7276000 | L128: =K128*1.65/100 -> 120054 | M128: 92 | N128: =L128*M128/366 -> 30177.508
A129: 126 | B129: P82147 | C129: KHI/HO/D/MO/PC TPP/P/82147/01/2024 | D129: LA-1354 | E129: HILUX 716B 4*4 V AT 2755CC | F129: 2021 | G129: Silver | H129: 1GD977348 | I129: 5545756 | J129: Mystic Tours Pvt Ltd. HPA OLP Modaraba | K129: 7276000 | L129: =K129*1.65/100 -> 120054 | M129: 92 | N129: =L129*M129/366 -> 30177.508
A130: 127 | B130: P82147 | C130: KHI/HO/D/MO/PC TPP/P/82147/01/2024 | D130: LA-4554 | E130: HILUX 716B 4*4 V AT 2755CC | F130: 2021 | H130: 1GD5008629 | I130: GUN-125R-5546208 | J130: Mystic Tours Pvt Ltd. HPA OLP Modaraba | K130: 7414000 | L130: =K130*1.65/100 -> 122331 | M130: 92 | N130: =L130*M130/366 -> 30749.869
A131: 128 | B131: P82147 | C131: KHI/HO/D/MO/PC TPP/P/82147/01/2024 | D131: AVX-616 | E131: YARIS 662B ATIV CVT 1329CC | F131: 2021 | G131: 040 SUPER WHITE | H131: 2A43517 | I131: NSP150R-7027280 | J131: Mystic Tours Pvt Ltd. HPA OLP Modaraba | K131: 2753000 | L131: =K131*1.65/100 -> 45424.5 | M131: 92 | N131: =L131*M131/366 -> 11418.18
A132: 129 | B132: P82147 | C132: KHI/HO/D/MO/PC TPP/P/82147/01/2024 | D132: AWZ-464 | E132: YARIS 662B ATIV CVT 1329CC | F132: 2021 | G132: 040 SUPER WHITE | H132: 2A43509 | I132: NSP150R-7027279 | J132: Mystic Tours Pvt Ltd. HPA OLP Modaraba | K132: 2753000 | L132: =K132*1.65/100 -> 45424.5 | M132: 92 | N132: =L132*M132/366 -> 11418.18
A133: 130 | B133: P82147 | C133: KHI/HO/D/MO/PC TPP/P/82147/01/2024 | D133: AWB-434 | E133: YARIS 662B ATIV CVT 1329CC | F133: 2021 | G133: 040 SUPER WHITE | H133: 2A43473 | I133: NSP150R-7027220 | J133: Mystic Tours Pvt Ltd. HPA OLP Modaraba | K133: 2753000 | L133: =K133*1.65/100 -> 45424.5 | M133: 92 | N133: =L133*M133/366 -> 11418.18
A134: 131 | B134: P82147 | C134: KHI/HO/D/MO/PC TPP/P/82147/01/2024 | D134: AWZ-484 | E134: YARIS 662B ATIV CVT 1329CC | F134: 2021 | G134: 040 SUPER WHITE | H134: 2A43516 | I134: NSP150R-7027268 | J134: Mystic Tours Pvt Ltd. HPA OLP Modaraba | K134: 2753000 | L134: =K134*1.65/100 -> 45424.5 | M134: 92 | N134: =L134*M134/366 -> 11418.18
A135: 132 | B135: P82147 | C135: KHI/HO/D/MO/PC TPP/P/82147/01/2024 | D135: AGE-805 | E135: YARIS 662B ATIV CVT 1329CC | F135: 2021 | G135: 040 SUPER WHITE | H135: 2A42649 | I135: NSP150R-7026743 | J135: Mystic Tours Pvt Ltd. HPA OLP Modaraba | K135: 2753000 | L135: =K135*1.65/100 -> 45424.5 | M135: 92 | N135: =L135*M135/366 -> 11418.18
A136: 133 | B136: P82147 | C136: KHI/HO/D/MO/PC TPP/P/82147/01/2024 | D136: AWJ-272 | E136: YARIS 662B ATIV CVT 1329CC | F136: 2021 | G136: 040 SUPER WHITE | H136: 2A43025 | I136: NSP150R-7026968 | J136: Mystic Tours Pvt Ltd. HPA OLP Modaraba | K136: 2753000 | L136: =K136*1.65/100 -> 45424.5 | M136: 92 | N136: =L136*M136/366 -> 11418.18
A137: 134 | B137: P82147 | C137: KHI/HO/D/MO/PC TPP/P/82147/01/2024 | D137: AWJ-242 | E137: YARIS 662B ATIV CVT 1329CC | F137: 2021 | G137: 040 SUPER WHITE | H137: 2A43028 | I137: NSP150R-7026958 | J137: Mystic Tours Pvt Ltd. HPA OLP Modaraba | K137: 2753000 | L137: =K137*1.65/100 -> 45424.5 | M137: 92 | N137: =L137*M137/366 -> 11418.18
A138: 135 | B138: P82147 | C138: KHI/HO/D/MO/PC TPP/P/82147/01/2024 | D138: ADY-513 | E138: YARIS 1.3 GLI CVT | F138: 2021 | G138: 040 SUPER WHITE | H138: 2A40534 | I138: NSP150R-7025357 | J138: Mystic Tours Pvt Ltd. HPA OLP Modaraba | K138: 2673000 | L138: =K138*1.65/100 -> 44104.5 | M138: 92 | N138: =L138*M138/366 -> 11086.377
A139: 136 | B139: P82147 | C139: KHI/HO/D/MO/PC TPP/P/82147/01/2024 | D139: AGE-186 | E139: YARIS 1.3 GLI CVT | F139: 2021 | G139: 040 SUPER WHITE | H139: 2A40487 | I139: NSP150R-7025358 | J139: Mystic Tours Pvt Ltd. HPA OLP Modaraba | K139: 2673000 | L139: =K139*1.65/100 -> 44104.5 | M139: 92 | N139: =L139*M139/366 -> 11086.377
A140: 137 | B140: P82147 | C140: KHI/HO/D/MO/PC TPP/P/82147/01/2024 | D140: AGB-643 | E140: YARIS 1.3 GLI CVT | F140: 2021 | G140: 040 SUPER WHITE | H140: 2A40532 | I140: NSP150R-7025356 | J140: Mystic Tours Pvt Ltd. HPA OLP Modaraba | K140: 2673000 | L140: =K140*1.65/100 -> 44104.5 | M140: 92 | N140: =L140*M140/366 -> 11086.377
A141: 138 | B141: P82147 | C141: KHI/HO/D/MO/PC TPP/P/82147/01/2024 | D141: AGC-538 | E141: YARIS 1.3 GLI CVT | F141: 2021 | G141: 040 SUPER WHITE | H141: 2A42115 | I141: NSP150R-7026443 | J141: Mystic Tours Pvt Ltd. HPA OLP Modaraba | K141: 2753000 | L141: =K141*1.65/100 -> 45424.5 | M141: 92 | N141: =L141*M141/366 -> 11418.18
A142: 139 | B142: P82147 | C142: KHI/HO/D/MO/PC TPP/P/82147/01/2024 | D142: AWV-557 | E142: YARIS 662B ATIV CVT 1329CC | F142: 2022 | G142: SUPER WHITE | H142: 2A43637 | I142: NSP150R-7027389 | J142: Mystic Tours Pvt Ltd. HPA OLP Modaraba | K142: 2753000 | L142: =K142*1.65/100 -> 45424.5 | M142: 92 | N142: =L142*M142/366 -> 11418.18
... A163: 160 | B163: P82184 | C163: KHI/HO/D/MO/CV/P/82184/01/2024 | D163: JG-0985 | E163: TOYOTA HIACE GRAND CABIN AT | F163: 2022 | G163: SILVER | H163: 2TR-917191 | I163: TRH224-0018897 | J163: MEEZAN BANK PVT LTD | K163: 7000000 | L163: =K163*1.65/100 -> 115500 | M163: 92 | N163: =L163*M163/366 -> 29032.787
A164: 161 | B164: P82151 | C164: KHI/HO/D/MO/PC TPP/P/82151/01/2024 | D164: AUU-934 | E164: YARIS ATIV 1.5 HCVT | F164: 2021 | G164: White | H164: 2A33591 | I164: 9512677 | J164: MCB ISLAMIC/ Mystic Tours | K164: 2983000 | L164: =K164*1.65/100 -> 49219.5 | M164: 92 | N164: =L164*M164/366 -> 12372.115
A165: 162 | B165: P82151 | C165: KHI/HO/D/MO/PC TPP/P/82151/01/2024 | D165: AUU-935 | E165: YARIS ATIV 1.5 HCVT | F165: 2021 | G165: White | H165: 2A33562 | I165: 9512678 | J165: MCB ISLAMIC/ Mystic Tours | K165: 2983000 | L165: =K165*1.65/100 -> 49219.5 | M165: 92 | N165: =L165*M165/366 -> 12372.115
A166: 163 | B166: P82151 | C166: KHI/HO/D/MO/PC TPP/P/82151/01/2024 | D166: AUU-937 | E166: YARIS ATIV 1.5 HCVT | F166: 2021 | G166: White | H166: 2A33567 | I166: 9512676 | J166: MCB ISLAMIC/ Mystic Tours | K166: 2983000 | L166: =K166*1.65/100 -> 49219.5 | M166: 92 | N166: =L166*M166/366 -> 12372.115
A167: 164 | B167: P82151 | C167: KHI/HO/D/MO/PC TPP/P/82151/01/2024 | D167: AUU-932 | E167: YARIS 1.3 GLI CVT | F167: 2021 | G167: White | H167: 2A33487 | I167: 7020759 | J167: MCB ISLAMIC/ Mystic Tours | K167: 2673000 | L167: =K167*1.65/100 -> 44104.5 | M167: 92 | N167: =L167*M167/366 -> 11086.377
A168: 165 | B168: P82151 | C168: KHI/HO/D/MO/PC TPP/P/82151/01/2024 | D168: AUU-945 | E168: YARIS 1.3 GLI CVT | F168: 2021 | G168: White | H168: 2A33417 | I168: 7020679 | J168: MCB ISLAMIC/ Mystic Tours | K168: 2673000 | L168: =K168*1.65/100 -> 44104.5 | M168: 92 | N168: =L168*M168/366 -> 11086.377
A169: 166 | B169: P82151 | C169: KHI/HO/D/MO/PC TPP/P/82151/01/2024 | D169: AUU-943 | E169: YARIS 1.3 GLI MT | F169: 2021 | G169: White | H169: 2A32550 | I169: 7020189 | J169: MCB ISLAMIC/ Mystic Tours | K169: 2673000 | L169: =K169*1.65/100 -> 44104.5 | M169: 92 | N169: =L169*M169/366 -> 11086.377
A170: 167 | B170: P82151 | C170: KHI/HO/D/MO/PC TPP/P/82151/01/2024 | D170: AUU-938 | E170: YARIS 1.3 GLI MT | F170: 2021 | G170: White | H170: 2A32547 | I170: 7020190 | J170: MCB ISLAMIC/ Mystic Tours | K170: 2673000 | L170: =K170*1.65/100 -> 44104.5 | M170: 92 | N170: =L170*M170/366 -> 11086.377
...

Sheet 4th
A1: Salaam Takaful 4th Quarter 2024 | O1: 92 DAYS
A2: 1st October to 31 December 2024
A3: Sr. # | B3: PMD# | C3: Policy # 2024 | D3: Reg. # | E3: Make | F3: Model | G3: Colour | H3: Engine # | J3: Chassis # | K3: Owner | L3: Sum Insured | M3: Ins Rat 1.65% | N3: Days | O3: 4th Installment
A4: 1 | B4: P82142 | C4: KHI/HO/D/MO/PC TPP/P/82142/01/2024 | D4: LED-18-6255 | E4: T/C/Gli | F4: 2018 | G4: White | H4: 518514 | J4: 4144559 | K4: Mystic Tours PVT LTD | L4: 2600000 | M4: =L4*1.65/100 -> 42900 | N4: 92 | O4: 10783.607
A5: 2 | B5: P82142 | C5: KHI/HO/D/MO/PC TPP/P/82142/01/2024 | D5: LED-18-4855 | E5: T/C/Gli | F5: 2018 | G5: White | H5: 518965 | J5: 4144935 | K5: Mystic Tours PVT LTD | L5: 2600000 | M5: =L5*1.65/100 -> 42900 | N5: 92 | O5: 10783.607
A6: 3 | B6: P82142 | C6: KHI/HO/D/MO/CV/P/82154/01/2024 | D6: LES-18-7055 | E6: T/H/VAN | F6: 2018 | G6: Beig | H6: 8691439 | J6: 13577 | K6: Mystic Tours PVT LTD | L6: 3832000 | M6: =L6*1.65/100 -> 63228 | N6: 92 | O6: 15893.377
A7: 4 | B7: P82142 | C7: KHI/HO/D/MO/CV/P/82154/01/2024 | D7: LES-18-9655 | E7: T/H/VAN | F7: 2018 | G7: Beig Golden | J7: 13563 | K7: Mystic Tours PVT LTD | L7: 3840000 | M7: =L7*1.65/100 -> 63360 | N7: 92 | O7: 15926.557
A8: 5 | B8: P82142 | C8: KHI/HO/D/MO/PC TPP/P/82142/01/2024 | D8: LEE-18-5655 | E8: H/C/N | F8: 2018 | G8: White | H8: 2932026 | J8: 35453 | K8: Mystic Tours PVT LTD | L8: 2627500 | M8: =L8*1.65/100 -> 43353.75 | N8: 92 | O8: 10897.664 | P8: Sold 20.08.24 | Q8: claim open
A9: 6 | B9: P82142 | C9: KHI/HO/D/MO/PC TPP/P/82142/01/2024 | D9: AHW-18-688 | E9: H/C/N | F9: 2018 | G9: White | H9: 2932139 | J9: 35577 | K9: Mystic Tours PVT LTD | L9: 2627500 | M9: =L9*1.65/100 -> 43353.75 | N9: 92 | O9: 10897.664
A10: 7 | B10: P82142 | C10: KHI/HO/D/MO/PC TPP/P/82142/01/2024 | D10: BMJ-977 | E10: H/C/N | F10: 2018 | G10: White | H10: 2932149 | J10: 35566 | K10: Mystic Tours PVT LTD | L10: 2627500 | M10: =L10*1.65/100 -> 43353.75 | N10: 92 | O10: 10897.664
A11: 8 | B11: P82142 | C11: KHI/HO/D/MO/PC TPP/P/82142/01/2024 | D11: AHW-799 | E11: T/C/Gli | F11: 2018 | G11: Silver | H11: 520186 | J11: 4147671 | K11: Mystic Tours PVT LTD | L11: 2600000 | M11: =L11*1.65/100 -> 42900 | N11: 92 | O11: 10783.607
A12: 9 | B12: P82142 | C12: KHI/HO/D/MO/PC TPP/P/82142/01/2024 | D12: BMJ-877 | E12: T/C/Gli | F12: 2018 | G12: Silver | H12: 521672 | J12: 4147524 | K12: Mystic Tours PVT LTD | L12: 2600000 | M12: =L12*1.65/100 -> 42900 | N12: 92 | O12: 10783.607
A13: 10 | B13: P82072 | C13: KHI/HO/D/MO/PC TPP/P/82072/01/2024 | D13: AHX-466 | E13: T/C/Gli | F13: 2018 | G13: Silver | H13: 521914 | J13: 4147647 | K13: MUHAMMAD HUSSAIN | L13: 2600000 | M13: =L13*1.65/100 -> 42900 | N13: 92 | O13: 10783.607
A14: 11 | B14: P82142 | C14: KHI/HO/D/MO/PC TPP/P/82142/01/2024 | D14: BMJ-855 | E14: T/C/Gli | F14: 2018 | G14: Silver | H14: 521971 | J14: 4147672 | K14: Mystic Tours PVT LTD | L14: 2600000 | M14: =L14*1.65/100 -> 42900 | N14: 92 | O14: 10783.607
A15: 12 | B15: P82142 | C15: KHI/HO/D/MO/PC TPP/P/82142/01/2024 | D15: AHX-744 | E15: T/C/Gli | F15: 2018 | G15: White | H15: 521864 | J15: 4147451 | K15: Mystic Tours PVT LTD | L15: 2600000 | M15: =L15*1.65/100 -> 42900 | N15: 92 | O15: 10783.607
A16: 13 | B16: P82142 | C16: KHI/HO/D/MO/PC TPP/P/82142/01/2024 | D16: BMK-822 | E16: T/C/Gli | F16: 2018 | G16: White | H16: 5203641 | J16: 4147453 | K16: Mystic Tours PVT LTD | L16: 2600000 | M16: =L16*1.65/100 -> 42900 | N16: 92 | O16: 10783.607
A17: 14 | B17: P82142 | C17: KHI/HO/D/MO/PC TPP/P/82142/01/2024 | D17: LEF-18-2977 | E17: H/C/N | F17: 2018 | G17: White | H17: 12932715 | J17: 36561 | K17: Mystic Tours PVT LTD | L17: 2627500 | M17: =L17*1.65/100 -> 43353.75 | N17: 92 | O17: 10897.664
A18: 15 | B18: P82142 | C18: KHI/HO/D/MO/PC TPP/P/82142/01/2024 | D18: BMN-922 | E18: T/C/Gli | F18: 2018 | G18: White | H18: 521565 | J18: 4147452 | K18: Mystic Tours PVT LTD | L18: 2600000 | M18: =L18*1.65/100 -> 42900 | N18: 92 | O18: 10783.607
A19: 16 | B19: P82142 | C19: KHI/HO/D/MO/PC TPP/P/82142/01/2024 | D19: BMN-588 | E19: T/C/Gli | F19: 2018 | G19: White | H19: 522096 | J19: 4148707 | K19: Mystic Tours PVT LTD | L19: 2600000 | M19: =L19*1.65/100 -> 42900 | N19: 92 | O19: 10783.607
A20: 17 | B20: P82142 | C20: KHI/HO/D/MO/PC TPP/P/82142/01/2024 | D20: BMP-255 | E20: T/C/Gli | F20: 2018 | G20: Silver | H20: 522118 | J20: 4148582 | K20: Mystic Tours PVT LTD | L20: 2600000 | M20: =L20*1.65/100 -> 42900 | N20: 92 | O20: 10783.607
A21: 18 | B21: P82142 | C21: KHI/HO/D/MO/PC TPP/P/82142/01/2024 | D21: LEF-18-3177 | E21: T/C/Gli | F21: 2018 | G21: Silver | H21: 522593 | J21: 4148563 | K21: Mystic Tours PVT LTD | L21: 2600000 | M21: =L21*1.65/100 -> 42900 | N21: 92 | O21: 10783.607
A22: 19 | B22: P82142 | C22: KHI/HO/D/MO/PC TPP/P/82142/01/2024 | D22: LEF-18-1455 | E22: T/C/Gli | F22: 2018 | G22: Silver | H22: 523162 | J22: 4148951 | K22: Mystic Tours PVT LTD | L22: 2600000 | M22: =L22*1.65/100 -> 42900 | N22: 92 | O22: 10783.607
A23: 20 | B23: P82142 | C23: KHI/HO/D/MO/PC TPP/P/82142/01/2024 | D23: AHK-988 | E23: T/C/GLI | F23: 2018 | G23: White | H23: 522399 | J23: 4148708 | K23: Mystic Tours PVT LTD | L23: 2600000 | M23: =L23*1.65/100 -> 42900 | N23: 92 | O23: 10783.607
A24: 21 | B24: P82142 | C24: KHI/HO/D/MO/PC TPP/P/82142/01/2024 | D24: LEF-18-4077 | E24: T/C/GLI | F24: 2018 | G24: White | H24: 523328 | J24: 4149099 | K24: Mystic Tours PVT LTD | L24: 2600000 | M24: =L24*1.65/100 -> 42900 | N24: 92 | O24: 10783.607
A25: 22 | B25: P82142 | C25: KHI/HO/D/MO/PC TPP/P/82142/01/2024 | D25: LEF-18-3877 | E25: T/C/GLI | F25: 2018 | G25: White | H25: 522715 | J25: 4148581 | K25: Mystic Tours PVT LTD | L25: 2600000 | M25: =L25*1.65/100 -> 42900 | N25: 92 | O25: 10783.607
A26: 23 | B26: P82142 | C26: KHI/HO/D/MO/PC TPP/P/82142/01/2024 | D26: LEF-18-4177 | E26: T/C/GLI | F26: 2018 | G26: White | H26: 4149098 | J26: 522882 | K26: Mystic Tours PVT LTD | L26: 2600000 | M26: =L26*1.65/100 -> 42900 | N26: 92 | O26: 10783.607
A27: 24 | B27: P82142 | C27: KHI/HO/D/MO/PC TPP/P/82142/01/2024 | D27: AJF-955 | E27: T/C/GLI | F27: 2018 | G27: White | H27: 523361 | J27: 4149127 | K27: Mystic Tours PVT LTD | L27: 2600000 | M27: =L27*1.65/100 -> 42900 | N27: 92 | O27: 10783.607
A28: 25 | B28: P82142 | C28: KHI/HO/D/MO/PC TPP/P/82142/01/2024 | D28: AJD-577 | E28: T/C/GLI | F28: 2018 | G28: White | H28: 523447 | J28: 4149289 | K28: Mystic Tours PVT LTD | L28: 2600000 | M28: =L28*1.65/100 -> 42900 | N28: 92 | O28: 10783.607
A29: 26 | B29: P82142 | C29: KHI/HO/D/MO/PC TPP/P/82142/01/2024 | D29: AJF-944 | E29: T/C/GLI | F29: 2018 | G29: White | H29: 523155 | J29: 4149079 | K29: Mystic Tours PVT LTD | L29: 2600000 | M29: =L29*1.65/100 -> 42900 | N29: 92 | O29: 10783.607
A30: 27 | B30: P82142 | C30: KHI/HO/D/MO/PC TPP/P/82142/01/2024 | D30: LEF-18-6577 | E30: T/C/GLI | F30: 2018 | G30: White | H30: 522692 | J30: 4149097 | K30: Mystic Tours PVT LTD | L30: 2600000 | M30: =L30*1.65/100 -> 42900 | N30: 92 | O30: 10783.607
A31: 28 | B31: P82142 | C31: KHI/HO/D/MO/PC TPP/P/82142/01/2024 | D31: LEF-18-6277 | E31: T/C/GLI | F31: 2018 | G31: White | H31: 523152 | J31: 4149100 | K31: Mystic Tours PVT LTD | L31: 2600000 | M31: =L31*1.65/100 -> 42900 | N31: 92 | O31: 10783.607
A32: 29 | B32: P82142 | C32: KHI/HO/D/MO/PC TPP/P/82142/01/2024 | D32: AMX-001 | E32: FORTUNER | F32: 2020 | G32: White | H32: 828738 | J32: 1093495 | K32: Mystic Tours PVT LTD | L32: 9189000 | M32: =L32*1.65/100 -> 151618.5 | N32: 92 | O32: 38111.754
A33: 30 | B33: P82142 | C33: KHI/HO/D/MO/PC TPP/P/82142/01/2024 | D33: ASW-293 | E33: Yaris 1.3 | F33: 2021 | G33: White | H33: 18277 | J33: 7010909 | K33: Mystic Tours PVT LTD | L33: 2753000 | M33: =L33*1.65/100 -> 45424.5 | N33: 92 | O33: 11418.18
A34: 31 | B34: P82142 | C34: KHI/HO/D/MO/PC TPP/P/82142/01/2024 | D34: ASW-296 | E34: Yaris 1.3 | F34: 2021 | G34: Black | H34: 18780 | J34: 7011084 | K34: Mystic Tours PVT LTD | L34: 2753000 | M34: =L34*1.65/100 -> 45424.5 | N34: 92 | O34: 11418.18
A35: 32 | B35: P82142 | C35: KHI/HO/D/MO/PC TPP/P/82142/01/2024 | D35: ASW-289 | E35: Yaris 1.3 | F35: 2021 | G35: White | H35: 18255 | J35: 7010908 | K35: Mystic Tours PVT LTD | L35: 2753000 | M35: =L35*1.65/100 -> 45424.5 | N35: 92 | O35: 11418.18
A36: 33 | B36: P82078 | C36: KHI/HO/D/MO/PC TPP/P/82078/01/2024 | D36: AJH-989 | E36: T/C/GLI | F36: 2018 | G36: White | H36: 523251 | J36: 4149080 | K36: Ayaz Hussain | L36: 2600000 | M36: =L36*1.65/100 -> 42900 | N36: 92 | O36: 10783.607 | P36: SOLD 16.12.24
A37: 34 | B37: P82068 | C37: KHI/HO/D/MO/PC TPP/P/82068/01/2024 | D37: LEF-18-8377 | E37: T/C/GLI | F37: 2018 | G37: White | H37: 522458 | J37: 4148953 | K37: Nosheen Mudasar | L37: 2600000 | M37: =L37*1.65/100 -> 42900 | N37: 92 | O37: 10783.607
A38: 35 | B38: P82142 | C38: KHI/HO/D/MO/CV/P/82154/01/2024 | D38: LES-20-8955 | E38: T/HT/D | F38: 2020 | G38: White | H38: 8413639 | J38: 306003637 | K38: Mystic Tours PVT LTD | L38: 8100000 | M38: =L38*1.65/100 -> 133650 | N38: 92 | O38: 33595.082
A39: 36 | B39: P82142 | C39: KHI/HO/D/MO/CV/P/82154/01/2024 | D39: LES-20-9355 | E39: T/HT/D | F39: 2020 | G39: White | H39: 8440786 | J39: 906004775 | K39: Mystic Tours PVT LTD | L39: 8100000 | M39: =L39*1.65/100 -> 133650 | N39: 92 | O39: 33595.082
A40: 37 | B40: P82142 | C40: KHI/HO/D/MO/PC TPP/P/82206/01/2024 | D40: ALD-001 | E40: Mercedes | F40: 2019 | G40: Black | H40: 274920-31-727865 | J40: WDD-213042-2A-593548 | K40: Mystic Tours PVT LTD | L40: 22000000 | M40: =L40*1.65/100 -> 363000 | N40: 92 | O40: 91245.902
A41: 38 | B41: P82142 | C41: KHI/HO/D/MO/PC TPP/P/82142/01/2024 | D41: KX-8577 | E41: Vigo | F41: 2018 | G41: White | H41: 1GD0545900 | J41: 5533330 | K41: Mystic Tours PVT LTD | L41: 4565000 | M41: =L41*1.65/100 -> 75322.5 | N41: 92 | O41: 18933.525
A42: 39 | B42: P82142 | C42: KHI/HO/D/MO/PC TPP/P/82142/01/2024 | D42: KX-7277 | E42: Vigo | F42: 2018 | G42: White | H42: 1GD0545919 | J42: 5533331 | K42: Mystic Tours PVT LTD | L42: 4565000 | M42: =L42*1.65/100 -> 75322.5 | N42: 92 | O42: 18933.525
A43: 40 | B43: P82142 | C43: KHI/HO/D/MO/PC TPP/P/82142/01/2024 | D43: KX-7355 | E43: Vigo | F43: 2018 | G43: White | H43: 1GD0545855 | J43: 5533283 | K43: Mystic Tours PVT LTD | L43: 4565000 | M43: =L43*1.65/100 -> 75322.5 | N43: 92 | O43: 18933.525
A44: 41 | B44: P82142 | C44: KHI/HO/D/MO/PC TPP/P/82142/01/2024 | D44: KX-8655 | E44: Vigo | F44: 2018 | G44: White | H44: 1GD0543117 | J44: 5533167 | K44: Mystic Tours PVT LTD | L44: 4565000 | M44: =L44*1.65/100 -> 75322.5 | N44: 92 | O44: 18933.525
A45: 42 | B45: P82142 | C45: KHI/HO/D/MO/PC TPP/P/82142/01/2024 | D45: KX-7855 | E45: Vigo | F45: 2018 | G45: White | H45: 1GD0542337 | J45: 5532822 | K45: Mystic Tours PVT LTD | L45: 4565000 | M45: =L45*1.65/100 -> 75322.5 | N45: 92 | O45: 18933.525
A46: 43 | B46: P82147 | C46: KHI/HO/D/MO/PC TPP/P/82147/01/2024 | D46: BTE-411 | E46: Yaris 1.3 | F46: 2021 | G46: White | H46: 18632 | J46: 7011019 | K46: Mystic Tours Pvt Ltd. HPA OLP Modaraba | L46: 2773000 | M46: =L46*1.65/100 -> 45754.5 | N46: 92 | O46: 11501.131
A47: 44 | B47: P82147 | C47: KHI/HO/D/MO/PC TPP/P/82147/01/2024 | D47: BTE-353 | E47: Yaris 1.5 | F47: 2021 | G47: White | H47: 18391 | J47: 9507485 | K47: Mystic Tours Pvt Ltd. HPA OLP Modaraba | L47: 3083000 | M47: =L47*1.65/100 -> 50869.5 | N47: 92 | O47: 12786.869
A48: 45 | B48: P82147 | C48: KHI/HO/D/MO/PC TPP/P/82147/01/2024 | D48: BTE-422 | E48: Yaris 1.3 Gli M.T | F48: 2021 | G48: White | H48: 20165 | J48: 7011932 | K48: Mystic Tours Pvt Ltd. HPA OLP Modaraba | L48: 2593000 | M48: =L48*1.65/100 -> 42784.5 | N48: 92 | O48: 10754.574
A49: 46 | B49: P82147 | C49: KHI/HO/D/MO/PC TPP/P/82147/01/2024 | D49: BTE-363 | E49: Yaris 1.3 Gli M.T | F49: 2021 | G49: White | H49: 20202 | J49: 7011934 | K49: Mystic Tours Pvt Ltd. HPA OLP Modaraba | L49: 2593000 | M49: =L49*1.65/100 -> 42784.5 | N49: 92 | O49: 10754.574
A50: 47 | B50: P82150 | C50: KHI/HO/D/MO/PC TPP/P/82150/01/2024 | D50: AMR-769 | E50: YARIS 662B 1.3HCVT | F50: 2022 | G50: 040 SUPER WHITE | H50: 2A58448 | J50: NSP150R-7037079 | K50: MYSTIC TOURS (PVT) LTD HPA SONERI | L50: 3068190 | M50: =L50*1.65/100 -> 50625.135 | N50: 92 | O50: 12725.444
A51: 48 | B51: P82150 | C51: KHI/HO/D/MO/PC TPP/P/82150/01/2024 | D51: AMR-236 | E51: YARIS 662B 1.3HCVT | F51: 2022 | G51: 040 SUPER WHITE | H51: 2A58489 | J51: NSP150R-7037090 | K51: MYSTIC TOURS (PVT) LTD HPA SONERI | L51: 3068190 | M51: =L51*1.65/100 -> 50625.135 | N51: 92 | O51: 12725.444
A52: 49 | B52: P82150 | C52: KHI/HO/D/MO/PC TPP/P/82150/01/2024 | D52: AMR-984 | E52: YARIS 662B 1.3HCVT | F52: 2022 | G52: 040 SUPER WHITE | H52: 2A58607 | J52: NSP150R-7037200 | K52: MYSTIC TOURS (PVT) LTD HPA SONERI | L52: 3068190 | M52: =L52*1.65/100 -> 50625.135 | N52: 92 | O52: 12725.444
A53: 50 | B53: P82150 | C53: KHI/HO/D/MO/PC TPP/P/82150/01/2024 | D53: AMR-492 | E53: YARIS 662B 1.3HCVT | F53: 2022 | G53: 040 SUPER WHITE | H53: 2A58501 | J53: NSP150R-7037194 | K53: MYSTIC TOURS (PVT) LTD HPA SONERI | L53: 3068190 | M53: =L53*1.65/100 -> 50625.135 | N53: 92 | O53: 12725.444
A54: 51 | B54: P82150 | C54: KHI/HO/D/MO/PC TPP/P/82150/01/2024 | D54: AMQ-944 | E54: YARIS 662B 1.3HCVT | F54: 2022 | G54: 040 SUPER WHITE | H54: 2A58609 | J54: NSP150R-7037199 | K54: MYSTIC TOURS (PVT) LTD HPA SONERI | L54: 3068190 | M54: =L54*1.65/100 -> 50625.135 | N54: 92 | O54: 12725.444
A55: 52 | B55: P82150 | C55: KHI/HO/D/MO/PC TPP/P/82150/01/2024 | D55: AMR-610 | E55: YARIS 662B ATIV CVT 1329CC | F55: 2022 | G55: 040 SUPER WHITE | H55: 2A58848 | J55: NSP150R-7037406 | K55: MYSTIC TOURS (PVT) LTD HPA SONERI | L55: 3071609 | M55: =L55*1.65/100 -> 50681.548 | N55: 92 | O55: 12739.624
A56: 53 | B56: P82150 | C56: KHI/HO/D/MO/PC TPP/P/82150/01/2024 | D56: AND-271 | E56: YARIS 662B ATIV CVT 1329CC | F56: 2022 | G56: 040 SUPER WHITE | H56: 2A58845 | J56: NSP150R-7037407 | K56: MYSTIC TOURS (PVT) LTD HPA SONERI | L56: 3071609 | M56: =L56*1.65/100 -> 50681.548 | N56: 92 | O56: 12739.624
A57: 54 | B57: P82150 | C57: KHI/HO/D/MO/PC TPP/P/82150/01/2024 | D57: ANA-361 | E57: FORTUNER 4X4 AT S4 2755CC | F57: 2022 | G57: 040 SUPER WHITE | H57: 1GD5219450 | J57: GUN156R-1101207 | K57: MYSTIC TOURS (PVT) LTD HPA SONERI | L57: 13523500 | M57: =L57*1.65/100 -> 223137.75 | N57: 92 | O57: 56089.27
A58: 55 | B58: P82210 | C58: KHI/HO/D/MO/PC TPP/P/82210/01/2024 | D58: BL-2094 | E58: PRADO TX | F58: 2018 | G58: PEARL WHITE | H58: 20598902TR | J58: TRJ150-0089901 | K58: MEEZAN BANK PVT LTD | L58: 23500000 | M58: =L58*1.65/100 -> 387750 | N58: 92 | O58: 97467.213
A59: 56 | B59: P82184 | C59: KHI/HO/D/MO/CV/P/82184/01/2024 | D59: JG-0989 | E59: HIACE VAN (17.01.23) | F59: 2023 | G59: 058 WHITE | H59: 1GD8967139 | J59: JTFBBFCP806036179 | K59: MEEZAN BANK PVT LTD | L59: 11428000 | M59: =L59*1.65/100 -> 188562 | N59: 92 | O59: 47398.098
A60: 57 | B60: P82184 | C60: KHI/HO/D/MO/CV/P/82184/01/2024 | D60: JG-0990 | E60: TOYOTA HIACE VAN | F60: 2023 | G60: 058 WHITE | H60: 1GD8965666 | J60: JTFBBFCP906036093 | K60: MEEZAN BANK PVT LTD | L60: 11428000 | M60: =L60*1.65/100 -> 188562 | N60: 92 | O60: 47398.098
A61: 58 | B61: P82150 | C61: KHI/HO/D/MO/PC TPP/P/82150/01/2024 | D61: ANE-507 | E61: YARIS 662B ATIV CVT 1329CC | F61: 2023 | G61: 040 SUPER WHITE | H61: 2A59798 | J61: NSP150R-7038170 | K61: MYSTIC TOURS (PVT) LTD HPA SONERI | L61: 3071690 | M61: =L61*1.65/100 -> 50682.885 | N61: 92 | O61: 12739.96
... A68: 65 | B68: P82150 | C68: KHI/HO/D/MO/PC TPP/P/82150/01/2024 | D68: ANM-679 | E68: YARIS 662B 1.3 MT | F68: 2023 | G68: 040 SUPER WHITE | H68: 2A60188 | J68: NSP150R-7038425 | K68: MYSTIC TOURS (PVT) LTD HPA SONERI | L68: 3662500 | M68: =L68*1.65/100 -> 60431.25 | N68: 92 | O68: 15190.369
A69: 66 | B69: P82142 | C69: KHI/HO/D/MO/CV/P/82154/01/2024 | D69: CAN-4487 | E69: SUZUKI RAVI VX | F69: 2023 | G69: WHITE | H69: 388635 | J69: 493303 | K69: Mystic Tours PVT LTD | L69: 1778000 | M69: =L69*1.65/100 -> 29337 | N69: 92 | O69: 7374.3279
A70: 67 | B70: P82142 | C70: KHI/HO/D/MO/PC TPP/P/82142/01/2024 | D70: ANU-739 | E70: YARIS 662B Gli CVT 1329CC | F70: 2023 | G70: 040 SUPER WHITE | H70: 2A60431 | J70: NSP150R-7038621 | K70: Mystic Tours PVT LTD | L70: 4718500 | M70: =L70*1.65/100 -> 77855.25 | N70: 92 | O70: 19570.172
A71: 68 | B71: P82152 | C71: KHI/HO/D/MO/PC TPP/P/82152/01/2024 | D71: LC-8142 | E71: HILUX 645B/188D 4X4 S/C STD 2755CC | F71: 2023 | G71: 040 SUPER WHITE | H71: 1GD1336735 | J71: GUN126R-5561222 | K71: TOYOTA JHELUM MOTORS | L71: 9897999 | M71: =L71*1.65/100 -> 163316.98 | N71: 92 | O71: 41052.357
A72: 69 | B72: P82145 | C72: KHI/HO/D/MO/PC TPP/P/82145/01/2024 | D72: LC-7437 | E72: Revo 4x4 GMT | F72: 2023 | G72: White | H72: 1GD1312521 | J72: GUN126R-5560115 | K72: MEEZAN BANK PVT LTD | L72: 12824000 | M72: =L72*1.65/100 -> 211596 | N72: 92 | O72: 53188.066
A73: 70 | B73: P82145 | C73: KHI/HO/D/MO/PC TPP/P/82145/01/2024 | D73: LC-7503 | E73: Revo 4x4 GMT | F73: 2023 | G73: White | H73: 1GD1308083 | J73: GUN126R-5560180 | K73: MEEZAN BANK PVT LTD | L73: 12824000 | M73: =L73*1.65/100 -> 211596 | N73: 92 | O73: 53188.066
A74: 71 | B74: P82145 | C74: KHI/HO/D/MO/PC TPP/P/82145/01/2024 | D74: LC-7504 | E74: Revo 4x4 GMT | F74: 2023 | G74: White | H74: 1GD1307512 | J74: GUN126R-5560037 | K74: MEEZAN BANK PVT LTD | L74: 12824000 | M74: =L74*1.65/100 -> 211596 | N74: 92 | O74: 53188.066
A75: 72 | B75: P82145 | C75: KHI/HO/D/MO/PC TPP/P/82152/01/2024 | D75: LC-9316 | E75: Hilux Revo 645B(867B) 4x4 V AT 2755 CC | F75: 2023 | G75: 040 SUPER WHITE | H75: 1GD5337458 | J75: GUN126R-5561312 | K75: TOYOTA JHELUM MOTORS | L75: 14881000 | M75: =L75*1.65/100 -> 245536.5 | N75: 92 | O75: 61719.557
A76: 73 | B76: P82145 | C76: KHI/HO/D/MO/PC TPP/P/82145/01/2024 | D76: LC-7586 | E76: HILUX REVO 645B(867B) 4X4 G MT 2755CC | F76: 2023 | G76: 040 SUPER WHITE | H76: 1GD1308585 | J76: GUN126R-5560050 | K76: MEEZAN BANK PVT LTD | L76: 12824000 | M76: =L76*1.65/100 -> 211596 | N76: 92 | O76: 53188.066
A77: 74 | B77: P82145 | C77: KHI/HO/D/MO/PC TPP/P/82145/01/2024 | D77: LC-7606 | E77: HILUX 645B/188D 4X4 S/C STD 2755CC | F77: 2023 | G77: 040 SUPER WHITE | H77: 1GD1320467 | J77: GUN126R-5560942 | K77: MEEZAN BANK PVT LTD | L77: 9832500 | M77: =L77*1.65/100 -> 162236.25 | N77: 92 | O77: 40780.697
A78: 75 | B78: P82149 | C78: KHI/HO/D/MO/PC TPP/P/82149/01/2024 | D78: LC-9283 | E78: HILUX REVO 645B(867B) 4X4 G AT 2755CC | F78: 2023 | G78: 040 SUPER WHITE | H78: 1GD5316037 | J78: GUN126R-5559792 | K78: Mystic Tours HPA HBL | L78: 14164200 | M78: =L78*1.65/100 -> 233709.3 | N78: 92 | O78: 58746.6
A79: 76 | B79: P82211 | C79: KHI/HO/D/MO/CV/P/82211/01/2024 | D79: CAP-3329 | E79: Hiace Tourer Deluxe | F79: 2023 | G79: WHITE | H79: 1GD9086572 | J79: JTFEB9CP406041376 | K79: MEEZAN BANK PVT LTD | L79: 17144500 | M79: =L79*1.65/100 -> 282884.25 | N79: 92 | O79: 71107.516
A80: 77 | B80: P82149 | C80: KHI/HO/D/MO/PC TPP/P/82149/01/2024 | D80: LC-9284 | E80: HILUX REVO 645B(867B) 4X4 G AT 2755CC | F80: 2023 | G80: Super White | H80: 1GD5316109 | J80: GUN126R-5559791 | K80: Mystic Tours HPA HBL | L80: 14164200 | M80: =L80*1.65/100 -> 233709.3 | N80: 92 | O80: 58746.6
A81: 78 | B81: P82149 | C81: KHI/HO/D/MO/PC TPP/P/82149/01/2024 | D81: LC-9281 | E81: HILUX REVO 645B(867B) 4X4 G AT 2755CC | F81: 2023 | G81: Super White | H81: 1GD5321117 | J81: GUN126R-5559984 | K81: Mystic Tours HPA HBL | L81: 14164200 | M81: =L81*1.65/100 -> 233709.3 | N81: 92 | O81: 58746.6
... A122: 119 | B122: P82148 | C122: KHI/HO/D/MO/PC TPP/P/82148/01/2024 | D122: ANZ-779 | E122: ALTIS 1.6 CVT M22 | F122: 2023 | G122: 040 SUPER WHITE | H122: Q104670 | J122: ZRE-171R-6082135 | K122: Mystic Tours Pvt Ltd. HPA Parwaaz Financial Services Limited | L122: 6608500 | M122: =L122*1.65/100 -> 109040.25 | N122: 92 | O122: 27409.025
A123: 120 | B123: P82147 | C123: KHI/HO/D/MO/PC TPP/P/82147/01/2024 | D123: LA-1353 | E123: HILUX 716B 4*4 V AT 2755CC | F123: 2021 | G123: White | H123: 1GD0970468 | J123: 5545673 | K123: Mystic Tours Pvt Ltd. HPA OLP Modaraba | L123: 7276000 | M123: =L123*1.65/100 -> 120054 | N123: 92 | O123: 30177.508
A124: 121 | B124: P82147 | C124: KHI/HO/D/MO/PC TPP/P/82147/01/2024 | D124: LA-1355 | E124: HILUX 716B 4*4 V AT 2755CC | F124: 2021 | G124: White | H124: 1GD0971488 | J124: 5545452 | K124: Mystic Tours Pvt Ltd. HPA OLP Modaraba | L124: 7276000 | M124: =L124*1.65/100 -> 120054 | N124: 92 | O124: 30177.508
A125: 122 | B125: P82147 | C125: KHI/HO/D/MO/PC TPP/P/82147/01/2024 | D125: LA-1357 | E125: HILUX 716B 4*4 V AT 2755CC | F125: 2021 | G125: White | H125: 1GD0970768 | J125: 5545527 | K125: Mystic Tours Pvt Ltd. HPA OLP Modaraba | L125: 7276000 | M125: =L125*1.65/100 -> 120054 | N125: 92 | O125: 30177.508
A126: 123 | B126: P82147 | C126: KHI/HO/D/MO/PC TPP/P/82147/01/2024 | D126: LA-1356 | E126: HILUX 716B 4*4 V AT 2755CC | F126: 2021 | G126: White | H126: 1GD0969097 | J126: 5545695 | K126: Mystic Tours Pvt Ltd. HPA OLP Modaraba | L126: 7276000 | M126: =L126*1.65/100 -> 120054 | N126: 92 | O126: 30177.508
A127: 124 | B127: P82147 | C127: KHI/HO/D/MO/PC TPP/P/82147/01/2024 | D127: LA-1352 | E127: HILUX 716B 4*4 V AT 2755CC | F127: 2021 | G127: White | H127: 1GD977242 | J127: 5545714 | K127: Mystic Tours Pvt Ltd. HPA OLP Modaraba | L127: 7276000 | M127: =L127*1.65/100 -> 120054 | N127: 92 | O127: 30177.508
A128: 125 | B128: P82147 | C128: KHI/HO/D/MO/PC TPP/P/82147/01/2024 | D128: LA-1354 | E128: HILUX 716B 4*4 V AT 2755CC | F128: 2021 | G128: Silver | H128: 1GD977348 | J128: 5545756 | K128: Mystic Tours Pvt Ltd. HPA OLP Modaraba | L128: 7276000 | M128: =L128*1.65/100 -> 120054 | N128: 92 | O128: 30177.508
A129: 126 | B129: P82147 | C129: KHI/HO/D/MO/PC TPP/P/82147/01/2024 | D129: LA-4554 | E129: HILUX 716B 4*4 V AT 2755CC | F129: 2021 | H129: 1GD5008629 | J129: GUN-125R-5546208 | K129: Mystic Tours Pvt Ltd. HPA OLP Modaraba | L129: 7414000 | M129: =L129*1.65/100 -> 122331 | N129: 92 | O129: 30749.869
A130: 127 | B130: P82147 | C130: KHI/HO/D/MO/PC TPP/P/82147/01/2024 | D130: AVX-616 | E130: YARIS 662B ATIV CVT 1329CC | F130: 2021 | G130: 040 SUPER WHITE | H130: 2A43517 | J130: NSP150R-7027280 | K130: Mystic Tours Pvt Ltd. HPA OLP Modaraba | L130: 2753000 | M130: =L130*1.65/100 -> 45424.5 | N130: 92 | O130: 11418.18
A131: 128 | B131: P82147 | C131: KHI/HO/D/MO/PC TPP/P/82147/01/2024 | D131: AWZ-464 | E131: YARIS 662B ATIV CVT 1329CC | F131: 2021 | G131: 040 SUPER WHITE | H131: 2A43509 | J131: NSP150R-7027279 | K131: Mystic Tours Pvt Ltd. HPA OLP Modaraba | L131: 2753000 | M131: =L131*1.65/100 -> 45424.5 | N131: 92 | O131: 11418.18
A132: 129 | B132: P82147 | C132: KHI/HO/D/MO/PC TPP/P/82147/01/2024 | D132: AWB-434 | E132: YARIS 662B ATIV CVT 1329CC | F132: 2021 | G132: 040 SUPER WHITE | H132: 2A43473 | J132: NSP150R-7027220 | K132: Mystic Tours Pvt Ltd. HPA OLP Modaraba | L132: 2753000 | M132: =L132*1.65/100 -> 45424.5 | N132: 92 | O132: 11418.18
A133: 130 | B133: P82147 | C133: KHI/HO/D/MO/PC TPP/P/82147/01/2024 | D133: AWZ-484 | E133: YARIS 662B ATIV CVT 1329CC | F133: 2021 | G133: 040 SUPER WHITE | H133: 2A43516 | J133: NSP150R-7027268 | K133: Mystic Tours Pvt Ltd. HPA OLP Modaraba | L133: 2753000 | M133: =L133*1.65/100 -> 45424.5 | N133: 92 | O133: 11418.18
A134: 131 | B134: P82147 | C134: KHI/HO/D/MO/PC TPP/P/82147/01/2024 | D134: AGE-805 | E134: YARIS 662B ATIV CVT 1329CC | F134: 2021 | G134: 040 SUPER WHITE | H134: 2A42649 | J134: NSP150R-7026743 | K134: Mystic Tours Pvt Ltd. HPA OLP Modaraba | L134: 2753000 | M134: =L134*1.65/100 -> 45424.5 | N134: 92 | O134: 11418.18
A135: 132 | B135: P82147 | C135: KHI/HO/D/MO/PC TPP/P/82147/01/2024 | D135: AWJ-272 | E135: YARIS 662B ATIV CVT 1329CC | F135: 2021 | G135: 040 SUPER WHITE | H135: 2A43025 | J135: NSP150R-7026968 | K135: Mystic Tours Pvt Ltd. HPA OLP Modaraba | L135: 2753000 | M135: =L135*1.65/100 -> 45424.5 | N135: 92 | O135: 11418.18
A136: 133 | B136: P82147 | C136: KHI/HO/D/MO/PC TPP/P/82147/01/2024 | D136: AWJ-242 | E136: YARIS 662B ATIV CVT 1329CC | F136: 2021 | G136: 040 SUPER WHITE | H136: 2A43028 | J136: NSP150R-7026958 | K136: Mystic Tours Pvt Ltd. HPA OLP Modaraba | L136: 2753000 | M136: =L136*1.65/100 -> 45424.5 | N136: 92 | O136: 11418.18
A137: 134 | B137: P82147 | C137: KHI/HO/D/MO/PC TPP/P/82147/01/2024 | D137: ADY-513 | E137: YARIS 1.3 GLI CVT | F137: 2021 | G137: 040 SUPER WHITE | H137: 2A40534 | J137: NSP150R-7025357 | K137: Mystic Tours Pvt Ltd. HPA OLP Modaraba | L137: 2673000 | M137: =L137*1.65/100 -> 44104.5 | N137: 92 | O137: 11086.377
A138: 135 | B138: P82147 | C138: KHI/HO/D/MO/PC TPP/P/82147/01/2024 | D138: AGE-186 | E138: YARIS 1.3 GLI CVT | F138: 2021 | G138: 040 SUPER WHITE | H138: 2A40487 | J138: NSP150R-7025358 | K138: Mystic Tours Pvt Ltd. HPA OLP Modaraba | L138: 2673000 | M138: =L138*1.65/100 -> 44104.5 | N138: 92 | O138: 11086.377
A139: 136 | B139: P82147 | C139: KHI/HO/D/MO/PC TPP/P/82147/01/2024 | D139: AGB-643 | E139: YARIS 1.3 GLI CVT | F139: 2021 | G139: 040 SUPER WHITE | H139: 2A40532 | J139: NSP150R-7025356 | K139: Mystic Tours Pvt Ltd. HPA OLP Modaraba | L139: 2673000 | M139: =L139*1.65/100 -> 44104.5 | N139: 92 | O139: 11086.377
A140: 137 | B140: P82147 | C140: KHI/HO/D/MO/PC TPP/P/82147/01/2024 | D140: AGC-538 | E140: YARIS 1.3 GLI CVT | F140: 2021 | G140: 040 SUPER WHITE | H140: 2A42115 | J140: NSP150R-7026443 | K140: Mystic Tours Pvt Ltd. HPA OLP Modaraba | L140: 2753000 | M140: =L140*1.65/100 -> 45424.5 | N140: 92 | O140: 11418.18
A141: 138 | B141: P82147 | C141: KHI/HO/D/MO/PC TPP/P/82147/01/2024 | D141: AWV-557 | E141: YARIS 662B ATIV CVT 1329CC | F141: 2022 | G141: SUPER WHITE | H141: 2A43637 | J141: NSP150R-7027389 | K141: Mystic Tours Pvt Ltd. HPA OLP Modaraba | L141: 2753000 | M141: =L141*1.65/100 -> 45424.5 | N141: 92 | O141: 11418.18
... A162: 159 | B162: P82184 | C162: KHI/HO/D/MO/CV/P/82184/01/2024 | D162: JG-0985 | E162: TOYOTA HIACE GRAND CABIN AT | F162: 2022 | G162: SILVER | H162: 2TR-917191 | J162: TRH224-0018897 | K162: MEEZAN BANK PVT LTD | L162: 7000000 | M162: =L162*1.65/100 -> 115500 | N162: 92 | O162: 29032.787
A163: 160 | B163: P82151 | C163: KHI/HO/D/MO/PC TPP/P/82151/01/2024 | D163: AUU-934 | E163: YARIS ATIV 1.5 HCVT | F163: 2021 | G163: White | H163: 2A33591 | J163: 9512677 | K163: MCB ISLAMIC/ Mystic Tours | L163: 2983000 | M163: =L163*1.65/100 -> 49219.5 | N163: 92 | O163: 12372.115
A164: 161 | B164: P82151 | C164: KHI/HO/D/MO/PC TPP/P/82151/01/2024 | D164: AUU-935 | E164: YARIS ATIV 1.5 HCVT | F164: 2021 | G164: White | H164: 2A33562 | J164: 9512678 | K164: MCB ISLAMIC/ Mystic Tours | L164: 2983000 | M164: =L164*1.65/100 -> 49219.5 | N164: 92 | O164: 12372.115
A165: 162 | B165: P82151 | C165: KHI/HO/D/MO/PC TPP/P/82151/01/2024 | D165: AUU-937 | E165: YARIS ATIV 1.5 HCVT | F165: 2021 | G165: White | H165: 2A33567 | J165: 9512676 | K165: MCB ISLAMIC/ Mystic Tours | L165: 2983000 | M165: =L165*1.65/100 -> 49219.5 | N165: 92 | O165: 12372.115
A166: 163 | B166: P82151 | C166: KHI/HO/D/MO/PC TPP/P/82151/01/2024 | D166: AUU-932 | E166: YARIS 1.3 GLI CVT | F166: 2021 | G166: White | H166: 2A33487 | J166: 7020759 | K166: MCB ISLAMIC/ Mystic Tours | L166: 2673000 | M166: =L166*1.65/100 -> 44104.5 | N166: 92 | O166: 11086.377
...

Sheet working
A1: POLICY NO. | B1: Assorted_code | D1: Premium | E1: 20Jan250035
A2: KHI/HO/D/MO/PC TPP/P/82142/01/2024 | B2: =VLOOKUP(A2,policy!B:C,2,0) -> 040000163656 | C2: 10783.607 | D2: =ROUND(C2,0) -> 10784 | E2: 20Jan250035 | F2: ="insert into ins_premium_det (premium_rcv_code,assorted_code, rec_amount,premium_rcv_detail_code,remaining_amt, payrec, mode_code,coinsurance_code,class_cd,it_remarks) values" -> insert into ins_premium_det (premium_rcv_code,assorted_code, rec_amount,premium_rcv_detail_code,remaining_amt, payrec, mode_code,coinsurance_code,class_cd,it_remarks) values | G2: ="('"&E2&"','"&B2&"','"&D2&"',(select max(to_number(i.premium_rcv_detail_code))+1 from ins_premium_det i),'"&D2&"','"&D2&"','02', '11000003','00','Request by Mr. Saqib Saleem 21-Jan-2025');" -> ('20Jan250035','040000163656','10784',(select max(to_number(i.premium_rcv_detail_code))+1 from ins_premium_det i),'10784','10784','02', '11000003','00','Request by Mr. Saqib Saleem 21-Jan-2025'); | H2: =F2&G2 -> insert into ins_premium_det (premium_rcv_code,assorted_code, rec_amount,premium_rcv_detail_code,remaining_amt, payrec, mode_code,coinsurance_code,class_cd,it_remarks) values('20Jan250035','040000163656','10784',(select max(to_number(i.premium_rcv_detail_code))+1 from ins_premium_det i),'10784','10784','02', '11000003','00','Request by Mr. Saqib Saleem 21-Jan-2025');
A3: KHI/HO/D/MO/PC TPP/P/82142/01/2024 | B3: =VLOOKUP(A3,policy!B:C,2,0) -> 040000163656 | C3: 10783.607 | D3: =ROUND(C3,0) -> 10784 | E3: 20Jan250035 | F3: ="insert into ins_premium_det (premium_rcv_code,assorted_code, rec_amount,premium_rcv_detail_code,remaining_amt, payrec, mode_code,coinsurance_code,class_cd,it_remarks) values" -> insert into ins_premium_det (premium_rcv_code,assorted_code, rec_amount,premium_rcv_detail_code,remaining_amt, payrec, mode_code,coinsurance_code,class_cd,it_remarks) values | G3: ="('"&E3&"','"&B3&"','"&D3&"',(select max(to_number(i.premium_rcv_detail_code))+1 from ins_premium_det i),'"&D3&"','"&D3&"','02', '11000003','00','Request by Mr. Saqib Saleem 21-Jan-2025');" -> ('20Jan250035','040000163656','10784',(select max(to_number(i.premium_rcv_detail_code))+1 from ins_premium_det i),'10784','10784','02', '11000003','00','Request by Mr. Saqib Saleem 21-Jan-2025'); | H3: =F3&G3 -> insert into ins_premium_det (premium_rcv_code,assorted_code, rec_amount,premium_rcv_detail_code,remaining_amt, payrec, mode_code,coinsurance_code,class_cd,it_remarks) values('20Jan250035','040000163656','10784',(select max(to_number(i.premium_rcv_detail_code))+1 from ins_premium_det i),'10784','10784','02', '11000003','00','Request by Mr. Saqib Saleem 21-Jan-2025');
A4: KHI/HO/D/MO/CV/P/82154/01/2024 | B4: =VLOOKUP(A4,policy!B:C,2,0) -> 040000163671 | C4: 15893.377 | D4: =ROUND(C4,0) -> 15893 | E4: 20Jan250035 | F4: ="insert into ins_premium_det (premium_rcv_code,assorted_code, rec_amount,premium_rcv_detail_code,remaining_amt, payrec, mode_code,coinsurance_code,class_cd,it_remarks) values" -> insert into ins_premium_det (premium_rcv_code,assorted_code, rec_amount,premium_rcv_detail_code,remaining_amt, payrec, mode_code,coinsurance_code,class_cd,it_remarks) values | G4: ="('"&E4&"','"&B4&"','"&D4&"',(select max(to_number(i.premium_rcv_detail_code))+1 from ins_premium_det i),'"&D4&"','"&D4&"','02', '11000003','00','Request by Mr. Saqib Saleem 21-Jan-2025');" -> ('20Jan250035','040000163671','15893',(select max(to_number(i.premium_rcv_detail_code))+1 from ins_premium_det i),'15893','15893','02', '11000003','00','Request by Mr. Saqib Saleem 21-Jan-2025'); | H4: =F4&G4 -> insert into ins_premium_det (premium_rcv_code,assorted_code, rec_amount,premium_rcv_detail_code,remaining_amt, payrec, mode_code,coinsurance_code,class_cd,it_remarks) values('20Jan250035','040000163671','15893',(select max(to_number(i.premium_rcv_detail_code))+1 from ins_premium_det i),'15893','15893','02', '11000003','00','Request by Mr. Saqib Saleem 21-Jan-2025');
A5: KHI/HO/D/MO/CV/P/82154/01/2024 | B5: =VLOOKUP(A5,policy!B:C,2,0) -> 040000163671 | C5: 15926.557 | D5: =ROUND(C5,0) -> 15927 | E5: 20Jan250035 | F5: ="insert into ins_premium_det (premium_rcv_code,assorted_code, rec_amount,premium_rcv_detail_code,remaining_amt, payrec, mode_code,coinsurance_code,class_cd,it_remarks) values" -> insert into ins_premium_det (premium_rcv_code,assorted_code, rec_amount,premium_rcv_detail_code,remaining_amt, payrec, mode_code,coinsurance_code,class_cd,it_remarks) values | G5: ="('"&E5&"','"&B5&"','"&D5&"',(select max(to_number(i.premium_rcv_detail_code))+1 from ins_premium_det i),'"&D5&"','"&D5&"','02', '11000003','00','Request by Mr. Saqib Saleem 21-Jan-2025');" -> ('20Jan250035','040000163671','15927',(select max(to_number(i.premium_rcv_detail_code))+1 from ins_premium_det i),'15927','15927','02', '11000003','00','Request by Mr. Saqib Saleem 21-Jan-2025'); | H5: =F5&G5 -> insert into ins_premium_det (premium_rcv_code,assorted_code, rec_amount,premium_rcv_detail_code,remaining_amt, payrec, mode_code,coinsurance_code,class_cd,it_remarks) values('20Jan250035','040000163671','15927',(select max(to_number(i.premium_rcv_detail_code))+1 from ins_premium_det i),'15927','15927','02', '11000003','00','Request by Mr. Saqib Saleem 21-Jan-2025');
A6: KHI/HO/D/MO/PC TPP/P/82142/01/2024 | B6: =VLOOKUP(A6,policy!B:C,2,0) -> 040000163656 | C6: 10897.664 | D6: =ROUND(C6,0) -> 10898 | E6: 20Jan250035 | F6: ="insert into ins_premium_det (premium_rcv_code,assorted_code, rec_amount,premium_rcv_detail_code,remaining_amt, payrec, mode_code,coinsurance_code,class_cd,it_remarks) values" -> insert into ins_premium_det (premium_rcv_code,assorted_code, rec_amount,premium_rcv_detail_code,remaining_amt, payrec, mode_code,coinsurance_code,class_cd,it_remarks) values | G6: ="('"&E6&"','"&B6&"','"&D6&"',(select max(to_number(i.premium_rcv_detail_code))+1 from ins_premium_det i),'"&D6&"','"&D6&"','02', '11000003','00','Request by Mr. Saqib Saleem 21-Jan-2025');" -> ('20Jan250035','040000163656','10898',(select max(to_number(i.premium_rcv_detail_code))+1 from ins_premium_det i),'10898','10898','02', '11000003','00','Request by Mr. Saqib Saleem 21-Jan-2025'); | H6: =F6&G6 -> insert into ins_premium_det (premium_rcv_code,assorted_code, rec_amount,premium_rcv_detail_code,remaining_amt, payrec, mode_code,coinsurance_code,class_cd,it_remarks) values('20Jan250035','040000163656','10898',(select max(to_number(i.premium_rcv_detail_code))+1 from ins_premium_det i),'10898','10898','02', '11000003','00','Request by Mr. Saqib Saleem 21-Jan-2025');
A7: KHI/HO/D/MO/PC TPP/P/82142/01/2024 | B7: =VLOOKUP(A7,policy!B:C,2,0) -> 040000163656 | C7: 10897.664 | D7: =ROUND(C7,0) -> 10898 | E7: 20Jan250035 | F7: ="insert into ins_premium_det (premium_rcv_code,assorted_code, rec_amount,premium_rcv_detail_code,remaining_amt, payrec, mode_code,coinsurance_code,class_cd,it_remarks) values" -> insert into ins_premium_det (premium_rcv_code,assorted_code, rec_amount,premium_rcv_detail_code,remaining_amt, payrec, mode_code,coinsurance_code,class_cd,it_remarks) values | G7: ="('"&E7&"','"&B7&"','"&D7&"',(select max(to_number(i.premium_rcv_detail_code))+1 from ins_premium_det i),'"&D7&"','"&D7&"','02', '11000003','00','Request by Mr. Saqib Saleem 21-Jan-2025');" -> ('20Jan250035','040000163656','10898',(select max(to_number(i.premium_rcv_detail_code))+1 from ins_premium_det i),'10898','10898','02', '11000003','00','Request by Mr. Saqib Saleem 21-Jan-2025'); | H7: =F7&G7 -> insert into ins_premium_det (premium_rcv_code,assorted_code, rec_amount,premium_rcv_detail_code,remaining_amt, payrec, mode_code,coinsurance_code,class_cd,it_remarks) values('20Jan250035','040000163656','10898',(select max(to_number(i.premium_rcv_detail_code))+1 from ins_premium_det i),'10898','10898','02', '11000003','00','Request by Mr. Saqib Saleem 21-Jan-2025');
A8: KHI/HO/D/MO/PC TPP/P/82142/01/2024 | B8: =VLOOKUP(A8,policy!B:C,2,0) -> 040000163656 | C8: 10897.664 | D8: =ROUND(C8,0) -> 10898 | E8: 20Jan250035 | F8: ="insert into ins_premium_det (premium_rcv_code,assorted_code, rec_amount,premium_rcv_detail_code,remaining_amt, payrec, mode_code,coinsurance_code,class_cd,it_remarks) values" -> insert into ins_premium_det (premium_rcv_code,assorted_code, rec_amount,premium_rcv_detail_code,remaining_amt, payrec, mode_code,coinsurance_code,class_cd,it_remarks) values | G8: ="('"&E8&"','"&B8&"','"&D8&"',(select max(to_number(i.premium_rcv_detail_code))+1 from ins_premium_det i),'"&D8&"','"&D8&"','02', '11000003','00','Request by Mr. Saqib Saleem 21-Jan-2025');" -> ('20Jan250035','040000163656','10898',(select max(to_number(i.premium_rcv_detail_code))+1 from ins_premium_det i),'10898','10898','02', '11000003','00','Request by Mr. Saqib Saleem 21-Jan-2025'); | H8: =F8&G8 -> insert into ins_premium_det (premium_rcv_code,assorted_code, rec_amount,premium_rcv_detail_code,remaining_amt, payrec, mode_code,coinsurance_code,class_cd,it_remarks) values('20Jan250035','040000163656','10898',(select max(to_number(i.premium_rcv_detail_code))+1 from ins_premium_det i),'10898','10898','02', '11000003','00','Request by Mr. Saqib Saleem 21-Jan-2025');
A9: KHI/HO/D/MO/PC TPP/P/82142/01/2024 | B9: =VLOOKUP(A9,policy!B:C,2,0) -> 040000163656 | C9: 10783.607 | D9: =ROUND(C9,0) -> 10784 | E9: 20Jan250035 | F9: ="insert into ins_premium_det (premium_rcv_code,assorted_code, rec_amount,premium_rcv_detail_code,remaining_amt, payrec, mode_code,coinsurance_code,class_cd,it_remarks) values" -> insert into ins_premium_det (premium_rcv_code,assorted_code, rec_amount,premium_rcv_detail_code,remaining_amt, payrec, mode_code,coinsurance_code,class_cd,it_remarks) values | G9: ="('"&E9&"','"&B9&"','"&D9&"',(select max(to_number(i.premium_rcv_detail_code))+1 from ins_premium_det i),'"&D9&"','"&D9&"','02', '11000003','00','Request by Mr. Saqib Saleem 21-Jan-2025');" -> ('20Jan250035','040000163656','10784',(select max(to_number(i.premium_rcv_detail_code))+1 from ins_premium_det i),'10784','10784','02', '11000003','00','Request by Mr. Saqib Saleem 21-Jan-2025'); | H9: =F9&G9 -> insert into ins_premium_det (premium_rcv_code,assorted_code, rec_amount,premium_rcv_detail_code,remaining_amt, payrec, mode_code,coinsurance_code,class_cd,it_remarks) values('20Jan250035','040000163656','10784',(select max(to_number(i.premium_rcv_detail_code))+1 from ins_premium_det i),'10784','10784','02', '11000003','00','Request by Mr. Saqib Saleem 21-Jan-2025');
A10: KHI/HO/D/MO/PC TPP/P/82142/01/2024 | B10: =VLOOKUP(A10,policy!B:C,2,0) -> 040000163656 | C10: 10783.607 | D10: =ROUND(C10,0) -> 10784 | E10: 20Jan250035 | F10: ="insert into ins_premium_det (premium_rcv_code,assorted_code, rec_amount,premium_rcv_detail_code,remaining_amt, payrec, mode_code,coinsurance_code,class_cd,it_remarks) values" -> insert into ins_premium_det (premium_rcv_code,assorted_code, rec_amount,premium_rcv_detail_code,remaining_amt, payrec, mode_code,coinsurance_code,class_cd,it_remarks) values | G10: ="('"&E10&"','"&B10&"','"&D10&"',(select max(to_number(i.premium_rcv_detail_code))+1 from ins_premium_det i),'"&D10&"','"&D10&"','02', '11000003','00','Request by Mr. Saqib Saleem 21-Jan-2025');" -> ('20Jan250035','040000163656','10784',(select max(to_number(i.premium_rcv_detail_code))+1 from ins_premium_det i),'10784','10784','02', '11000003','00','Request by Mr. Saqib Saleem 21-Jan-2025'); | H10: =F10&G10 -> insert into ins_premium_det (premium_rcv_code,assorted_code, rec_amount,premium_rcv_detail_code,remaining_amt, payrec, mode_code,coinsurance_code,class_cd,it_remarks) values('20Jan250035','040000163656','10784',(select max(to_number(i.premium_rcv_detail_code))+1 from ins_premium_det i),'10784','10784','02', '11000003','00','Request by Mr. Saqib Saleem 21-Jan-2025');
A11: KHI/HO/D/MO/PC TPP/P/82072/01/2024 | B11: =VLOOKUP(A11,policy!B:C,2,0) -> 040000163414 | C11: 10783.607 | D11: =ROUND(C11,0) -> 10784 | E11: 20Jan250035 | F11: ="insert into ins_premium_det (premium_rcv_code,assorted_code, rec_amount,premium_rcv_detail_code,remaining_amt, payrec, mode_code,coinsurance_code,class_cd,it_remarks) values" -> insert into ins_premium_det (premium_rcv_code,assorted_code, rec_amount,premium_rcv_detail_code,remaining_amt, payrec, mode_code,coinsurance_code,class_cd,it_remarks) values | G11: ="('"&E11&"','"&B11&"','"&D11&"',(select max(to_number(i.premium_rcv_detail_code))+1 from ins_premium_det i),'"&D11&"','"&D11&"','02', '11000003','00','Request by Mr. Saqib Saleem 21-Jan-2025');" -> ('20Jan250035','040000163414','10784',(select max(to_number(i.premium_rcv_detail_code))+1 from ins_premium_det i),'10784','10784','02', '11000003','00','Request by Mr. Saqib Saleem 21-Jan-2025'); | H11: =F11&G11 -> insert into ins_premium_det (premium_rcv_code,assorted_code, rec_amount,premium_rcv_detail_code,remaining_amt, payrec, mode_code,coinsurance_code,class_cd,it_remarks) values('20Jan250035','040000163414','10784',(select max(to_number(i.premium_rcv_detail_code))+1 from ins_premium_det i),'10784','10784','02', '11000003','00','Request by Mr. Saqib Saleem 21-Jan-2025');
A12: KHI/HO/D/MO/PC TPP/P/82142/01/2024 | B12: =VLOOKUP(A12,policy!B:C,2,0) -> 040000163656 | C12: 10783.607 | D12: =ROUND(C12,0) -> 10784 | E12: 20Jan250035 | F12: ="insert into ins_premium_det (premium_rcv_code,assorted_code, rec_amount,premium_rcv_detail_code,remaining_amt, payrec, mode_code,coinsurance_code,class_cd,it_remarks) values" -> insert into ins_premium_det (premium_rcv_code,assorted_code, rec_amount,premium_rcv_detail_code,remaining_amt, payrec, mode_code,coinsurance_code,class_cd,it_remarks) values | G12: ="('"&E12&"','"&B12&"','"&D12&"',(select max(to_number(i.premium_rcv_detail_code))+1 from ins_premium_det i),'"&D12&"','"&D12&"','02', '11000003','00','Request by Mr. Saqib Saleem 21-Jan-2025');" -> ('20Jan250035','040000163656','10784',(select max(to_number(i.premium_rcv_detail_code))+1 from ins_premium_det i),'10784','10784','02', '11000003','00','Request by Mr. Saqib Saleem 21-Jan-2025'); | H12: =F12&G12 -> insert into ins_premium_det (premium_rcv_code,assorted_code, rec_amount,premium_rcv_detail_code,remaining_amt, payrec, mode_code,coinsurance_code,class_cd,it_remarks) values('20Jan250035','040000163656','10784',(select max(to_number(i.premium_rcv_detail_code))+1 from ins_premium_det i),'10784','10784','02', '11000003','00','Request by Mr. Saqib Saleem 21-Jan-2025');
A13: KHI/HO/D/MO/PC TPP/P/82142/01/2024 | B13: =VLOOKUP(A13,policy!B:C,2,0) -> 040000163656 | C13: 10783.607 | D13: =ROUND(C13,0) -> 10784 | E13: 20Jan250035 | F13: ="insert into ins_premium_det (premium_rcv_code,assorted_code, rec_amount,premium_rcv_detail_code,remaining_amt, payrec, mode_code,coinsurance_code,class_cd,it_remarks) values" -> insert into ins_premium_det (premium_rcv_code,assorted_code, rec_amount,premium_rcv_detail_code,remaining_amt, payrec, mode_code,coinsurance_code,class_cd,it_remarks) values | G13: ="('"&E13&"','"&B13&"','"&D13&"',(select max(to_number(i.premium_rcv_detail_code))+1 from ins_premium_det i),'"&D13&"','"&D13&"','02', '11000003','00','Request by Mr. Saqib Saleem 21-Jan-2025');" -> ('20Jan250035','040000163656','10784',(select max(to_number(i.premium_rcv_detail_code))+1 from ins_premium_det i),'10784','10784','02', '11000003','00','Request by Mr. Saqib Saleem 21-Jan-2025'); | H13: =F13&G13 -> insert into ins_premium_det (premium_rcv_code,assorted_code, rec_amount,premium_rcv_detail_code,remaining_amt, payrec, mode_code,coinsurance_code,class_cd,it_remarks) values('20Jan250035','040000163656','10784',(select max(to_number(i.premium_rcv_detail_code))+1 from ins_premium_det i),'10784','10784','02', '11000003','00','Request by Mr. Saqib Saleem 21-Jan-2025');
... A501: KHI/HO/D/MO/PC TPP/E/50308/12/2024 | B501: =VLOOKUP(A501,policy!B:C,2,0) -> 050000835997 | C501: 2447.6217 | D501: =ROUND(C501,0) -> 2448 | E501: 20Jan250035 | F501: ="insert into ins_premium_det (premium_rcv_code,assorted_code, rec_amount,premium_rcv_detail_code,remaining_amt, payrec, mode_code,coinsurance_code,class_cd,it_remarks) values" -> insert into ins_premium_det (premium_rcv_code,assorted_code, rec_amount,premium_rcv_detail_code,remaining_amt, payrec, mode_code,coinsurance_code,class_cd,it_remarks) values | G501: ="('"&E501&"','"&B501&"','"&D501&"',(select max(to_number(i.premium_rcv_detail_code))+1 from ins_premium_det i),'"&D501&"','"&D501&"','02', '11000003','00','Request by Mr. Saqib Saleem 21-Jan-2025');" -> ('20Jan250035','050000835997','2448',(select max(to_number(i.premium_rcv_detail_code))+1 from ins_premium_det i),'2448','2448','02', '11000003','00','Request by Mr. Saqib Saleem 21-Jan-2025'); | H501: =F501&G501 -> insert into ins_premium_det (premium_rcv_code,assorted_code, rec_amount,premium_rcv_detail_code,remaining_amt, payrec, mode_code,coinsurance_code,class_cd,it_remarks) values('20Jan250035','050000835997','2448',(select max(to_number(i.premium_rcv_detail_code))+1 from ins_premium_det i),'2448','2448','02', '11000003','00','Request by Mr. Saqib Saleem 21-Jan-2025');

Sheet Sheet2
A1: KHI/HO/D/MO/PC TPP/P/82142/01/2024 | B1: -01-2024 | D1: 82142 | E1: ="ia.assorted_string like '%"&D1&B1&"%' or" -> ia.assorted_string like '%82142-01-2024%' or
A2: KHI/HO/D/MO/PC TPP/P/82142/01/2024 | B2: -01-2024 | D2: 82142 | E2: ="ia.assorted_string like '%"&D2&B2&"%' or" -> ia.assorted_string like '%82142-01-2024%' or
A3: KHI/HO/D/MO/CV/P/82154/01/2024 | B3: -01-2024 | D3: 82154 | E3: ="ia.assorted_string like '%"&D3&B3&"%' or" -> ia.assorted_string like '%82154-01-2024%' or
A4: KHI/HO/D/MO/CV/P/82154/01/2024 | B4: -01-2024 | D4: 82154 | E4: ="ia.assorted_string like '%"&D4&B4&"%' or" -> ia.assorted_string like '%82154-01-2024%' or
A5: KHI/HO/D/MO/PC TPP/P/82142/01/2024 | B5: -01-2024 | D5: 82142 | E5: ="ia.assorted_string like '%"&D5&B5&"%' or" -> ia.assorted_string like '%82142-01-2024%' or
A6: KHI/HO/D/MO/PC TPP/P/82142/01/2024 | B6: -01-2024 | D6: 82142 | E6: ="ia.assorted_string like '%"&D6&B6&"%' or" -> ia.assorted_string like '%82142-01-2024%' or
A7: KHI/HO/D/MO/PC TPP/P/82142/01/2024 | B7: -01-2024 | D7: 82142 | E7: ="ia.assorted_string like '%"&D7&B7&"%' or" -> ia.assorted_string like '%82142-01-2024%' or
A8: KHI/HO/D/MO/PC TPP/P/82142/01/2024 | B8: -01-2024 | D8: 82142 | E8: ="ia.assorted_string like '%"&D8&B8&"%' or" -> ia.assorted_string like '%82142-01-2024%' or
A9: KHI/HO/D/MO/PC TPP/P/82142/01/2024 | B9: -01-2024 | D9: 82142 | E9: ="ia.assorted_string like '%"&D9&B9&"%' or" -> ia.assorted_string like '%82142-01-2024%' or
A10: KHI/HO/D/MO/PC TPP/P/82072/01/2024 | B10: -01-2024 | D10: 82072 | E10: ="ia.assorted_string like '%"&D10&B10&"%' or" -> ia.assorted_string like '%82072-01-2024%' or
A11: KHI/HO/D/MO/PC TPP/P/82142/01/2024 | B11: -01-2024 | D11: 82142 | E11: ="ia.assorted_string like '%"&D11&B11&"%' or" -> ia.assorted_string like '%82142-01-2024%' or
A12: KHI/HO/D/MO/PC TPP/P/82142/01/2024 | B12: -01-2024 | D12: 82142 | E12: ="ia.assorted_string like '%"&D12&B12&"%' or" -> ia.assorted_string like '%82142-01-2024%' or
... A500: KHI/HO/D/MO/PC TPP/E/50308/12/2024 | B500: -12-2024 | D500: 50308 | E500: ="ia.assorted_string like '%"&D500&B500&"%' or" -> ia.assorted_string like '%50308-12-2024%' or

Sheet policy
B1: FUNC_ASSORTED_STRING(IA.ASSORTED_CODE) | C1: ASSORTED_CODE
A2: 1 | B2: KHI/HO/D/MO/PC TPP/P/82142/01/2024 | C2: 040000163656
A3: 2 | B3: KHI/HO/D/MO/CV/P/82239/01/2024 | C3: 040000163783
A4: 3 | B4: KHI/HO/D/MO/CV/P/82211/01/2024 | C4: 040000163740
A5: 4 | B5: KHI/HO/D/MO/PC TPP/P/82109/01/2024 | C5: 040000163593
A6: 5 | B6: KHI/HO/D/MO/PC TPP/P/85095/03/2024 | C6: 040000168011
A7: 6 | B7: KHI/HO/D/MO/PC TPP/P/82107/01/2024 | C7: 040000163591
A8: 7 | B8: KHI/HO/D/MO/PC TPP/P/82111/01/2024 | C8: 040000163595
A9: 8 | B9: KHI/HO/D/MO/PC TPP/P/84974/03/2024 | C9: 040000167849
A10: 9 | B10: KHI/HO/D/MO/PC TPP/P/82210/01/2024 | C10: 040000163738
A11: 10 | B11: KHI/HO/D/MO/PC TPP/P/82118/01/2024 | C11: 040000163604
A12: 11 | B12: KHI/HO/D/MO/PC TPP/P/82068/01/2024 | C12: 040000163406
A13: 12 | B13: KHI/HO/D/MO/PC TPP/P/82072/01/2024 | C13: 040000163414
... A40: 39 | B40: KHI/HO/D/MO/PC TPP/E/50308/12/2024 | C40: 050000835997
