Workbook

Sheet MBL RENEWAL
A1: Loan ID | B1: Hub Code | C1: Name of Lessee | D1: Vehicle Description | E1: Engine | F1: Chasis | G1: Registration | H1: Start Date | I1: Expiry Date | J1: TENURE | K1: SUM COVERED | L1: Bank Ins Premium | M1: Bank Premium Rate | N1: New Takaful Company | O1: Policy No. | P1: Endorment No. | Q1: Differnence Amount | R1: TMS Premium
A2: CI-2021-0132-3574 | B2: PK0010002 | C2: MUHAMMAD NAVEED | D2: Civic 1.8 i-VTEC CVT Oriel | E2: Z16926541 | F2: 079124 | G2: - | H2: 45570 | I2: 45935 | J2: 12 MONTHS | K2: 2933496 | L2: 44002 | M2: 1.50 | N2: SALAM TAKAFUL PAKISTAN LITD | O2: KHI/HO/D/MO/PC COMP/C/100194/7/10/2024 | P2: KHI/HO/D/MO/PC COMP/E/48845/00007/11/2024 | Q2: 0 | R2: 44002
A3: CI-2021-0182-3131 | B3: PK0010002 | C3: UZMA SHAHID | D3: Picanto AT | E3: P024903 | F3: AZKP702040 | G3: BRY-456 | H3: 45590 | I3: 45955 | J3: 12 MONTHS | K3: 1447065 | L3: 21706 | M3: 1.50 | N3: SALAM TAKAFUL PAKISTAN LITD | O3: KHI/HO/D/MO/PC COMP/P/100194/10/2024 | Q3: 0 | R3: 21706
A4: CI-2021-0185-1199 | B4: PK0010002 | C4: MUHAMMAD YOUSUF | D4: Yaris 1.3ATIV AT | E4: 2A38037 | F4: R-7023781 | G4: - | H4: 45580 | I4: 45945 | J4: 12 MONTHS | K4: 1950075 | L4: 29251 | M4: 1.50 | N4: SALAM TAKAFUL PAKISTAN LITD | O4: KHI/HO/D/MO/PC COMP/C/100194/1/10/2024 | Q4: 0 | R4: 29251
A5: CI-2021-0193-1219 | B5: PK0010002 | C5: NAVEED AHMED | D5: KIA SPORTAGE ALPHA | E5: G4NAMH312640 | F5: AZLP102230 | G5: - | H5: 45580 | I5: 45945 | J5: 12 MONTHS | K5: 3134700 | L5: 47021 | M5: 1.50 | N5: SALAM TAKAFUL PAKISTAN LITD | O5: KHI/HO/D/MO/PC COMP/C/100194/6/10/2024 | Q5: 0 | R5: 47021
A6: CI-2021-8501-0368 | B6: PK0010002 | C6: SAJID HUSSAIN | D6: SUZUKI CULTUS VXL AGS | E6: K182830 | F6: H10082845 | G6: - | H6: 45585 | I6: 45950 | J6: 12 MONTHS | K6: 1439775 | L6: 21597 | M6: 1.50 | N6: SALAM TAKAFUL PAKISTAN LITD | O6: KHI/HO/D/MO/PC COMP/C/100194/5/10/2024 | Q6: 0 | R6: 21597
A7: CI-2021-9972-4103 | B7: PK0010002 | C7: MUHAMMAD SHAHID | D7: Prince Pearl | E7: M05605341W | F7: M21102801 | G7: - | H7: 45601 | I7: 45966 | J7: 12 MONTHS | K7: 817209 | L7: 12258 | M7: 1.50 | N7: SALAM TAKAFUL PAKISTAN LITD | O7: KHI/HO/D/MO/PC COMP/C/100194/2/10/2024 | Q7: 0 | R7: 12258
A8: CI-2021-9979-4118 | B8: PK0010002 | C8: SUNNY RAZA | D8: Alto VXL AGS | E8: R252985 | F8: H1152996 | G8: - | H8: 45606 | I8: 45971 | J8: 12 MONTHS | K8: 1580310 | L8: 23705 | M8: 1.50 | N8: SALAM TAKAFUL PAKISTAN LITD | O8: KHI/HO/D/MO/PC COMP/C/100033/5/10/2024 | Q8: 0 | R8: 23705
A9: CI-2021-9981-3280 | B9: PK0010002 | C9: SYED TAQI HAIDER RIZVI | D9: Alto VXR | E9: 6R184462 | F9: H1084516 | G9: - | H9: 45585 | I9: 45950 | J9: 12 MONTHS | K9: 973215 | L9: 14598 | M9: 1.50 | N9: SALAM TAKAFUL PAKISTAN LITD | O9: KHI/HO/D/MO/PC COMP/C/100194/3/10/2024 | Q9: 0 | R9: 14598
A10: CI-2022-0000-1282 | B10: PK0010002 | C10: SYED ASIM ALI JAFFARY | D10: KIA Sorento 3.5 FWD | E10: S315132 | F10: P701305 | G10: BK-9138 | H10: 45590 | I10: 45955 | J10: 12 MONTHS | K10: 6891480 | L10: 86144 | M10: 1.25 | N10: SALAM TAKAFUL PAKISTAN LITD | O10: KHI/HO/D/MO/PC COMP/C/100033/3/10/2024 | Q10: 0 | R10: 86144
A11: CI-2022-0125-0018 | B11: PK0010002 | C11: MUHAMMAD UMAIR | D11: Cultus VXR | E11: 604774 | F11: 511653 | G11: BDC-341 | H11: 45601 | I11: 45966 | J11: 12 MONTHS | K11: 891000 | L11: 13365 | M11: 1.50 | N11: SALAM TAKAFUL PAKISTAN LITD | O11: KHI/HO/D/MO/PC COMP/C/100033/9/10/2024 | Q11: 0 | R11: 13365
A12: CI-2022-5501-0004 | B12: PK0010002 | C12: QURAT UL AIN USMAN | D12: Alto VXL | E12: R251419 | F12: H1151338 | G12: BXT-732 | H12: 45601 | I12: 45966 | J12: 12 MONTHS | K12: 1527660 | L12: 22915 | M12: 1.50 | N12: SALAM TAKAFUL PAKISTAN LITD | O12: KHI/HO/D/MO/PC COMP/C/100033/6/10/2024 | Q12: 0 | R12: 22915
A13: CI-2022-6901-0005 | B13: PK0010002 | C13: KHALIL ULLAH | D13: Alto VXR | E13: R250505 | F13: H1150503 | G13: BXS-467 | H13: 45590 | I13: 45955 | J13: 12 MONTHS | K13: 1356750 | L13: 20351 | M13: 1.50 | N13: SALAM TAKAFUL PAKISTAN LITD | O13: KHI/HO/D/MO/PC COMP/C/100033/2/10/2024 | Q13: 0 | R13: 20351
A14: CI-2022-9889-0011 | B14: PK0010002 | C14: REHANA - | D14: Alto VXR | E14: R252605 | F14: H1152519 | G14: BXT-120 | H14: 45590 | I14: 45955 | J14: 12 MONTHS | K14: 1356750 | L14: 20351 | M14: 1.50 | N14: SALAM TAKAFUL PAKISTAN LITD | O14: KHI/HO/D/MO/PC COMP/C/100033/4/10/2024 | Q14: 0 | R14: 20351
... A18: CI-2023-0176-0032 | B18: PK0010002 | C18: SARA ALI | D18: Civic 1.8 i VTEC CVT Oriel | E18: Z12932925 | F18: R036349 | G18: BMJ-923 | H18: 45601 | I18: 45966 | J18: 12 MONTHS | K18: 4680000 | L18: 70200 | M18: 1.50 | N18: SALAM TAKAFUL PAKISTAN LITD | O18: KHI/HO/D/MO/PC COMP/C/100027/5/10/2024 | Q18: 0 | R18: 70200
A19: CI-2023-1027-0007 | B19: PK0010002 | C19: MUHAMMAD KAMRAN | D19: Oshan X7 Future Sense | E19: P1004075 | F19: XMR079124 | G19: - | H19: 45590 | I19: 45955 | J19: 12 MONTHS | K19: 8189100 | L19: 122837 | M19: 1.50 | N19: SALAM TAKAFUL PAKISTAN LITD | O19: KHI/HO/D/MO/PC COMP/C/100194/7/10/2024 | P19: KHI/HO/D/MO/PC COMP/E/48845/00007/11/2024 | Q19: -78835 | R19: 44002
A20: CI-2023-1028-0004 | B20: PK0010002 | C20: MUNEER AHMAD SHAIKH | D20: City PT Aspire 1.5L | E20: A79799652 | F20: R263750 | G20: BSG-810 | H20: 45590 | I20: 45955 | J20: 12 MONTHS | K20: 3600000 | L20: 54000 | M20: 1.50 | N20: SALAM TAKAFUL PAKISTAN LITD | O20: KHI/HO/D/MO/PC COMP/C/100027/1/10/2024 | Q20: 0 | R20: 54000
A21: CI-2023-1602-0007 | B21: PK0010002 | C21: ABDUL SAMAD | D21: Alto VXR | E21: H1115610 | F21: R215614 | G21: BWA-775 | H21: 45590 | I21: 45955 | J21: 12 MONTHS | K21: 2115000 | L21: 31725 | M21: 1.50 | N21: SALAM TAKAFUL PAKISTAN LITD | O21: KHI/HO/D/MO/PC COMP/C/100027/4/10/2024 | Q21: 0 | R21: 31725
A22: CI-2023-9925-0004 | B22: PK0010002 | C22: ZUBAIR ABDULLAH | D22: Wagon R AGS | E22: B246529 | F22: K10146520 | G22: - | H22: 45606 | I22: 45971 | J22: 12 MONTHS | K22: 3258045 | L22: 48871 | M22: 1.50 | N22: SALAM TAKAFUL PAKISTAN LITD | O22: KHI/HO/D/MO/PC COMP/C/100053/2/10/2024 | Q22: 0 | R22: 48871
A23: CI-2023-9952-0008 | B23: PK0010002 | C23: HUMAIRA ZAFAR | D23: Swift NAV AT | E23: S13040620 | F23: K10040620 | G23: BMD-239 | H23: 45611 | I23: 45976 | J23: 12 MONTHS | K23: 2250000 | L23: 33750 | M23: 1.50 | N23: SALAM TAKAFUL PAKISTAN LITD | O23: KHI/HO/D/MO/PC COMP/C/100053/1/10/2024 | Q23: 0 | R23: 33750
A24: CI-2023-9972-0004 | B24: PK0010002 | C24: WASEEM AKRAM | D24: Alto VXL AGS | E24: H1184850 | F24: R284880 | G24: - | H24: 45590 | I24: 45955 | J24: 12 MONTHS | K24: 2641500 | L24: 39623 | M24: 1.50 | N24: SALAM TAKAFUL PAKISTAN LITD | O24: KHI/HO/D/MO/PC COMP/C/100027/3/10/2024 | Q24: 0 | R24: 39623
A25: CM-2018-0117-1163 | B25: PK0010002 | C25: TALHA BIN RIZWAN | D25: HONDA CITY PROSMATEC | E25: L13Z17516702 | F25: JR231607 | G25: BNS-609 | H25: 45601 | I25: 45966 | J25: 12 MONTHS | K25: 1000703 | L25: 33023 | M25: 3.3 | N25: SALAM TAKAFUL PAKISTAN LITD | O25: KHI/HO/D/MO/PC COMP/C/100049/1/10/2024 | Q25: 0 | R25: 33023
A26: CM-2020-0167-1397 | B26: PK0010002 | C26: GHULAM ASGHAR MIRANI | D26: SUZUKI ALTO AGS | E26: 6R141226 | F26: NF1AET306H1041192 | G26: BSG-142 | H26: 45575 | I26: 45940 | J26: 12 MONTHS | K26: 1048448 | L26: 20969 | M26: 2 | N26: SALAM TAKAFUL PAKISTAN LITD | O26: KHI/HO/D/MO/PC COMP/C/100046/1/10/2024 | Q26: 0 | R26: 20969
A27: CM-2020-0192-1310 | B27: PK0010002 | C27: HASSAN JAWAID | D27: SUZUKI ALTO VXR | E27: 6R140189 | F27: NF1AET306H1040181 | G27: BSG-931 | H27: 45580 | I27: 45945 | J27: 12 MONTHS | K27: 917228 | L27: 18345 | M27: 2 | N27: SALAM TAKAFUL PAKISTAN LITD | O27: KHI/HO/D/MO/PC COMP/C/100046/3/10/2024 | Q27: 0 | R27: 18345
A28: CM-2020-8601-0576 | B28: PK0010002 | C28: ASIF ALI | D28: SUZUKI ALTO VXR | E28: 6R142432 | F28: NF1AET306H1042433 | H28: 45575 | I28: 45940 | J28: 12 MONTHS | K28: 917228 | L28: 18345 | M28: 2 | N28: SALAM TAKAFUL PAKISTAN LITD | O28: KHI/HO/D/MO/PC COMP/C/100046/4/10/2024 | Q28: 0 | R28: 18345
A29: CI-2022-1606-0009 | B29: PK0010002 | C29: SHOKAT ALI KEERIO | D29: Alto VXL | E29: 1152558 | F29: 252652 | G29: BXT-756 | H29: 45601 | I29: 45966 | J29: 12 MONTHS | K29: 1527660 | L29: 22915 | M29: 1.50 | N29: SALAM TAKAFUL PAKISTAN LITD | O29: KHI/HO/D/MO/PC COMP/C/100033/8/10/2024 | Q29: 0 | R29: 22915
A30: CM-2020-1606-0693 | B30: PK0010002 | C30: SOOFIA | D30: KIA PICANTO A/T | E30: G3LALP702909 | F30: NNATA52AZKP058927 | H30: 45575 | I30: 45940 | J30: 12 MONTHS | K30: 1359439 | L30: 27189 | M30: 2 | N30: SALAM TAKAFUL PAKISTAN LITD | O30: KHI/HO/D/MO/PC COMP/C/100046/2/10/2024 | Q30: 0 | R30: 27189
A31: CI-2021-0000-0696 | B31: PK0010002 | C31: Salman Ahmed | D31: CULTUS VXR | E31: K187789 | F31: H10087774 | G31: BUX-828 | H31: 45601 | I31: 45966 | J31: 12 MONTHS | K31: 1206495 | L31: 18097 | M31: 1.50 | N31: SALAM TAKAFUL PAKISTAN LITD | O31: KHI/HO/D/MO/PC COMP/C/100050/1/10/2024 | Q31: 0 | R31: 18097
A32: CI-2023-1503-0006 | B32: PK0010007 | C32: SAJID KHAN | D32: Swift GLX CVT | E32: K12MR1016960 | F32: NF1SZC63S00116960 | G32: BCU-636 | H32: 45580 | I32: 45945 | J32: 12 MONTHS | K32: 4464000 | L32: 66960 | M32: 1.50 | N32: SALAM TAKAFUL PAKISTAN LITD | O32: KHI/HO/D/MO/PC COMP/C/100113/1/10/2024 | Q32: 0 | R32: 66960
A33: CM-2021-0701-0004 | B33: PK0010007 | C33: ZAHID NADEEM | D33: PRINCE GLORY 580 | E33: SFG15T-21012101 | F33: PDF580PALR21H1456 | G33: AVH-407 | H33: 45585 | I33: 45950 | J33: 12 MONTHS | K33: 3265920 | L33: 48989 | M33: 1.50 | N33: SALAM TAKAFUL PAKISTAN LITD | O33: KHI/HO/D/MO/PC COMP/C/100112/1/10/2024 | Q33: 0 | R33: 48989
A34: CM-2021-0701-0035 | B34: PK0010007 | C34: GOHAR AMAN | D34: HONDA CIVIC I VTEC PROMATEC | E34: R18Z16925498 | F34: NFBFC666XMR077969 | G34: AVJ-081 | H34: 45590 | I34: 45955 | J34: 12 MONTHS | K34: 2933132 | L34: 43997 | M34: 1.50 | N34: SALAM TAKAFUL PAKISTAN LITD | O34: KHI/HO/D/MO/PC COMP/C/100112/3/10/2024 | Q34: 0 | R34: 43997
A35: CM-2021-3901-0688 | B35: PK0010007 | C35: FAZAL AKBAR | D35: HONDA CIVIC I VTEC PROMATEC | E35: R18Z16926460 | F35: NFBFC6666MR079024 | G35: UW-022 | H35: 45585 | I35: 45950 | J35: 12 MONTHS | K35: 2932038 | L35: 43981 | M35: 1.5 | N35: SALAM TAKAFUL PAKISTAN LITD | O35: KHI/HO/D/MO/PC COMP/C/100112/2/10/2024 | Q35: 0 | R35: 43981
A36: CI-2023-2301-0001 | B36: PK0010008 | C36: WASIM AKRAM | D36: PRINCE PEARL 800CC | E36: N05604012W | F36: RAILPPM23E04414 | G36: AQC-944-PUNJAB | H36: 45606 | I36: 45971 | J36: 12 MONTHS | K36: 1679400 | L36: 25191 | M36: 1.50 | N36: SALAM TAKAFUL PAKISTAN LITD | O36: KHI/HO/D/MO/PC COMP/C/100062/1/10/2024 | Q36: 0 | R36: 25191
A37: CI-2022-0000-1262 | B37: PK0010011 | C37: NASREEN KHALIDA | D37: Wagon R VXR | E37: PK10B241064 | F37: AIJ310PK10141037 | G37: AMA-840 | H37: 45590 | I37: 45955 | J37: 12 MONTHS | K37: 1961010 | L37: 29415 | M37: 1.50 | N37: SALAM TAKAFUL PAKISTAN LITD | O37: KHI/HO/D/MO/PC COMP/C/100067/4/10/2024 | Q37: 0 | R37: 29415
A38: CI-2022-0503-0035 | B38: PK0010011 | C38: TAHIR ASLAM | D38: Changan Alsvin Lumiere 1.5L DCT | E38: JL473QFM3CAD502889 | F38: NKMA2ASE5M1000999 | G38: ADR-181 | H38: 45601 | I38: 45966 | J38: 12 MONTHS | K38: 2592000 | L38: 38880 | M38: 1.50 | N38: SALAM TAKAFUL PAKISTAN LITD | O38: KHI/HO/D/MO/PC COMP/C/100067/6/10/2024 | Q38: 0 | R38: 38880
A39: CI-2022-0513-0007 | B39: PK0010011 | C39: MUHAMMAD ABU BAKAR SADDIQUE | D39: Alto VXR | E39: 6R252596 | F39: NF1AET306H1152602 | G39: AME-480 | H39: 45601 | I39: 45966 | J39: 12 MONTHS | K39: 1356750 | L39: 20351 | M39: 1.50 | N39: SALAM TAKAFUL PAKISTAN LITD | O39: KHI/HO/D/MO/PC COMP/C/100067/8/10/2024 | Q39: 0 | R39: 20351
A40: CI-2022-1270-0012 | B40: PK0010011 | C40: QAISER HAMEED KHATTAK | D40: Wagon R VXL | E40: PK10B240341 | F40: A1J310PK10140334 | G40: AMA-779 | H40: 45590 | I40: 45955 | J40: 12 MONTHS | K40: 2076840 | L40: 31153 | M40: 1.50 | N40: SALAM TAKAFUL PAKISTAN LITD | O40: KHI/HO/D/MO/PC COMP/C/100067/2/10/2024 | Q40: 0 | R40: 31153
A41: CI-2022-1301-0007 | B41: PK0010011 | C41: MUHAMMAD TAHIR | D41: Alto VX | E41: 6R250683 | F41: NF1AET306H1150675 | G41: AMA-359 | H41: 45590 | I41: 45955 | J41: 12 MONTHS | K41: 1057860 | L41: 15868 | M41: 1.50 | N41: SALAM TAKAFUL PAKISTAN LITD | O41: KHI/HO/D/MO/PC COMP/C/100067/5/10/2024 | Q41: 0 | R41: 15868
A42: CI-2022-2102-0009 | B42: PK0010011 | C42: GUL MUHAMMAD | D42: Wagon R VXR | E42: PK10B238517 | F42: A1J310PK10138505 | G42: AMB-339 | H42: 45590 | I42: 45955 | J42: 12 MONTHS | K42: 1961010 | L42: 29415 | M42: 1.50 | N42: SALAM TAKAFUL PAKISTAN LITD | O42: KHI/HO/D/MO/PC COMP/C/100067/3/10/2024 | Q42: 0 | R42: 29415
... A57: CM-2021-0509-1952 | B57: PK0010011 | C57: KHURSHID AHMED | D57: SUZUKI WAGAN R VXL | E57: PK10B221859 | F57: A1J310PK10121852 | G57: PUN-AFD-947 | H57: 45585 | I57: 45950 | J57: 12 MONTHS | K57: 1173690 | L57: 17605 | M57: 1.5 | N57: SALAM TAKAFUL PAKISTAN LITD | O57: KHI/HO/D/MO/PC COMP/C/100068/1/10/2024 | Q57: 0 | R57: 17605
A58: CM-2021-0581-0119 | B58: PK0010011 | C58: SHEIKH MUZAFAR ALI | D58: TOYOTA COROLLA ALTIS 1.6 | E58: Q082010 | F58: ZRE171R-6059497 | G58: ICT-AVS-208 | H58: 45597 | I58: 45962 | J58: 12 MONTHS | K58: 2389662 | L58: 35845 | M58: 1.5 | N58: SALAM TAKAFUL PAKISTAN LITD | O58: KHI/HO/D/MO/PC COMP/C/100068/4/10/2024 | P58: KHI/HO/D/MO/PC COMP/E/49191/00004/11/2024 | Q58: 11948 | R58: 47793
A59: CM-2021-1256-0476 | B59: PK0010011 | C59: TALIB HUSSAIN | D59: CHANGAN KARVAAN PLUS | E59: JL46609M69U505697 | F59: NKMAAB3D1M1009978 | G59: PUN-AFM-439 | H59: 45606 | I59: 45971 | J59: 12 MONTHS | K59: 1121931 | L59: 16829 | M59: 1.5 | N59: SALAM TAKAFUL PAKISTAN LITD | O59: KHI/HO/D/MO/PC COMP/C/100068/7/10/2024 | Q59: 0 | R59: 16829
A60: CM-2021-1301-1030 | B60: PK0010011 | C60: ZAHID IQBAL | D60: Honda City M/T | E60: L12B51002800 | F60: NFBGN8524MR003830 | G60: PUN-AFN-470 | H60: 45606 | I60: 45971 | J60: 12 MONTHS | K60: 1899045 | L60: 28486 | M60: 1.5 | N60: SALAM TAKAFUL PAKISTAN LITD | O60: KHI/HO/D/MO/PC COMP/C/100068/5/10/2024 | Q60: 0 | R60: 28486
A61: CM-2021-9813-1937 | B61: PK0010011 | C61: MUHAMMAD ASIF ZAHEER GHOURI | D61: SUZUKI WAGAN R VXL | E61: PK10B221622 | F61: A1J310PK10121632 | G61: PUN-AFJ-506 | H61: 45597 | I61: 45962 | J61: 12 MONTHS | K61: 1173690 | L61: 17605 | M61: 1.5 | N61: SALAM TAKAFUL PAKISTAN LITD | O61: KHI/HO/D/MO/PC COMP/C/100068/3/10/2024 | Q61: 0 | R61: 17605
A62: CM-2021-9890-1036 | B62: PK0010011 | C62: MUHAMMAD NASEEM QUTAB | D62: KIA PICANTO 1.0 M/T | E62: G3LAMP080791 | F62: NNATA52AXKP501902 | G62: PUN-AFL-269 | H62: 45606 | I62: 45971 | J62: 12 MONTHS | K62: 1315845 | L62: 19738 | M62: 1.5 | N62: SALAM TAKAFUL PAKISTAN LITD | O62: KHI/HO/D/MO/PC COMP/C/100068/6/10/2024 | Q62: 0 | R62: 19738
A63: CI-2021-1249-4166 | B63: PK0010014 | C63: SHAHID SALEEM | D63: Wagon R VXL | E63: PK10B221077 | F63: A1J310PK10121080 | G63: AFQ-260 | H63: 45606 | I63: 45971 | J63: 12 MONTHS | K63: 1173690 | L63: 17605 | M63: 1.50 | N63: SALAM TAKAFUL PAKISTAN LITD | O63: KHI/HO/D/MO/PC COMP/C/100091/10/10/2024 | Q63: 0 | R63: 17605
A64: CI-2022-1283-0009 | B64: PK0010014 | C64: MUHAMMAD FAROOQ | D64: Cultus VXR | E64: PK10K200923 | F64: NF1AVK31H10100894 | G64: AMC-537 | H64: 45601 | I64: 45966 | J64: 12 MONTHS | K64: 2230740 | L64: 33461 | M64: 1.50 | N64: SALAM TAKAFUL PAKISTAN LITD | O64: KHI/HO/D/MO/PC COMP/C/100092/2/10/2024 | Q64: 0 | R64: 33461
A65: CI-2022-7602-0006 | B65: PK0010014 | C65: KAMRAN SALEEMI | D65: Alto VXL | E65: 6R252267 | F65: NF1AET306H1152274 | G65: AME-076 | H65: 45606 | I65: 45971 | J65: 12 MONTHS | K65: 1527660 | L65: 22915 | M65: 1.50 | N65: SALAM TAKAFUL PAKISTAN LITD | O65: KHI/HO/D/MO/PC COMP/C/100092/3/10/2024 | Q65: 0 | R65: 22915
A66: CI-2022-9803-0018 | B66: PK0010014 | C66: SYED ADNAN KAMAL | D66: Alto VX | E66: 6R249492 | F66: NF1AET306H1149459 | G66: ALZ-954 | H66: 45590 | I66: 45955 | J66: 12 MONTHS | K66: 1194750 | L66: 17921 | M66: 1.50 | N66: SALAM TAKAFUL PAKISTAN LITD | O66: KHI/HO/D/MO/PC COMP/C/100092/1/10/2024 | Q66: 0 | R66: 17921
A67: CM-2020-2201-0026 | B67: PK0010014 | C67: MUHAMMAD SIKANDAR AZAM | D67: ALTIS 1.6 AT | E67: Q068235 | F67: ZRE171R-6045739 | G67: ARV-262 | H67: 45601 | I67: 45966 | J67: 12 MONTHS | K67: 2188750 | L67: 43775 | M67: 2 | N67: SALAM TAKAFUL PAKISTAN LITD | O67: KHI/HO/D/MO/PC COMP/C/100094/4/10/2024 | Q67: 0 | R67: 43775
A68: CM-2020-6001-0124 | B68: PK0010014 | C68: ABDUL QAYYUM | D68: SUZUKI BOLAN VX | E68: PKT1005328 | F68: SV308PK01121804 | G68: AAS-827 | H68: 45590 | I68: 45955 | J68: 12 MONTHS | K68: 744017 | L68: 14880 | M68: 2 | N68: SALAM TAKAFUL PAKISTAN LITD | O68: KHI/HO/D/MO/PC COMP/C/100094/3/10/2024 | Q68: 0 | R68: 14880
A69: CM-2020-6001-0137 | B69: PK0010014 | C69: IMRAN SHAHZAD | D69: SUZUKI WAGON R VXL | E69: PK10B205844 | F69: A1J310PK10105830 | G69: AAN-730 | H69: 45580 | I69: 45945 | J69: 12 MONTHS | K69: 1112090 | L69: 22242 | M69: 2 | N69: SALAM TAKAFUL PAKISTAN LITD | O69: KHI/HO/D/MO/PC COMP/C/100094/2/10/2024 | Q69: 0 | R69: 22242
A70: CM-2020-6101-0126 | B70: PK0010014 | C70: KAUSAR PARVEEN | D70: SUZUKI ALTO VXL AGS | E70: 6R141356 | F70: NF1AET306H1041322 | G70: AAQ-588 | H70: 45580 | I70: 45945 | J70: 12 MONTHS | K70: 1048448 | L70: 20969 | M70: 2 | N70: SALAM TAKAFUL PAKISTAN LITD | O70: KHI/HO/D/MO/PC COMP/C/100094/1/10/2024 | Q70: 0 | R70: 20969
... A76: CM-2021-5701-0448 | B76: PK0010014 | C76: SAQIB MEHMOOD | D76: HONDA CIVIC | E76: R18Z16925397 | F76: NFBFC6660MR077866 | G76: AVF-231 | H76: 45575 | I76: 45940 | J76: 12 MONTHS | K76: 2930216 | L76: 43953 | M76: 1.50 | N76: SALAM TAKAFUL PAKISTAN LITD | O76: KHI/HO/D/MO/PC COMP/C/100091/5/10/2024 | Q76: 0 | R76: 43953
A77: CM-2021-6101-0423 | B77: PK0010014 | C77: REHAN BABAR ANJUM | D77: YARIS 1.5 ATIV X CVT | E77: 2A38887 | F77: NSP151R-9514463 | G77: AFN-952 | H77: 45606 | I77: 45971 | J77: 12 MONTHS | K77: 2134512 | L77: 32018 | M77: 1.50 | N77: SALAM TAKAFUL PAKISTAN LITD | O77: KHI/HO/D/MO/PC COMP/C/100091/11/10/2024 | P77: KHI/HO/D/MO/PC COMP/E/49192/00011/11/2024 | Q77: 1067 | R77: 33085
A78: CM-2021-6501-0459 | B78: PK0010014 | C78: SYED MUHAMMAD SOHAIB AKHTAR | D78: SUZUKI ALTO VXR | E78: 6R183102 | F78: NF1AET306H1083093 | G78: AFM-923 | H78: 45597 | I78: 45962 | J78: 12 MONTHS | K78: 973215 | L78: 14598 | M78: 1.50 | N78: SALAM TAKAFUL PAKISTAN LITD | O78: KHI/HO/D/MO/PC COMP/C/100091/8/10/2024 | Q78: 0 | R78: 14598
A79: CM-2021-6501-0468 | B79: PK0010014 | C79: MUHAMAMD KHUBAIB NASEEM | D79: YARIS 1.5 ATIV X CVT | E79: 2A38823 | F79: NSP151R-9514457 | G79: AVS-196 | H79: 45601 | I79: 45966 | J79: 12 MONTHS | K79: 2134512 | L79: 32018 | M79: 1.50 | N79: SALAM TAKAFUL PAKISTAN LITD | O79: KHI/HO/D/MO/PC COMP/C/100091/9/10/2024 | Q79: 0 | R79: 32018
A80: CM-2021-9838-0367 | B80: PK0010014 | C80: GHULAM MUSTAFA | D80: SUZUKI ALTO VXL AGS | E80: 6R185575 | F80: NF1AET306H1085592 | G80: AFB-798 | H80: 45575 | I80: 45940 | J80: 12 MONTHS | K80: 1108809 | L80: 16632 | M80: 1.50 | N80: SALAM TAKAFUL PAKISTAN LITD | O80: KHI/HO/D/MO/PC COMP/C/100091/2/10/2024 | Q80: 0 | R80: 16632
A81: CM-2021-9876-0332 | B81: PK0010014 | C81: ZULFQAR ALI | D81: SUZUKI ALTO VXR | E81: 6R186039 | F81: NF1AET306H1086023 | G81: AFF-699 | H81: 45606 | I81: 45971 | J81: 12 MONTHS | K81: 973215 | L81: 14598 | M81: 1.50 | N81: SALAM TAKAFUL PAKISTAN LITD | O81: KHI/HO/D/MO/PC COMP/C/100091/6/10/2024 | Q81: 0 | R81: 14598
A82: CI-2022-0903-0004 | B82: PK0010015 | C82: ASIF JAVED | D82: Alto VXR | E82: 6R250779 | F82: NF1AET306H1150764 | G82: BAJ-890 (ICT) | H82: 45585 | I82: 45950 | J82: 12 MONTHS | K82: 1356750 | L82: 20351 | M82: 1.50 | N82: SALAM TAKAFUL PAKISTAN LITD | O82: KHI/HO/D/MO/PC COMP/C/100099/2/10/2024 | Q82: 0 | R82: 20351
A83: CI-2022-0906-0010 | B83: PK0010015 | C83: MUHAMMAD JAMAL | D83: Alto VXR | E83: 6R130479 | F83: NF1AET306H1030408 | G83: LEA-20-7364 (PUNJAB) | H83: 45606 | I83: 45971 | J83: 12 MONTHS | K83: 1620000 | L83: 24300 | M83: 1.50 | N83: SALAM TAKAFUL PAKISTAN LITD | O83: KHI/HO/D/MO/PC COMP/C/100099/5/10/2024 | Q83: 0 | R83: 24300
A84: CI-2022-4001-0004 | B84: PK0010015 | C84: AMIR NAVEED | D84: Alto VXR | E84: 6R251016 | F84: NF1AE306H1151014 | G84: AMC-839 (PUNJAB) | H84: 45590 | I84: 45955 | J84: 12 MONTHS | K84: 1356750 | L84: 20351 | M84: 1.50 | N84: SALAM TAKAFUL PAKISTAN LITD | O84: KHI/HO/D/MO/PC COMP/C/100099/3/10/2024 | Q84: 0 | R84: 20351
A85: CI-2022-4501-0010 | B85: PK0010015 | C85: MUHAMMAD RIZWAN | D85: Wagon R AGS | E85: PK10B241491 | F85: A1J310PK10141485 | G85: BAJ-653 (ICT) | H85: 45585 | I85: 45950 | J85: 12 MONTHS | K85: 2269620 | L85: 34044 | M85: 1.50 | N85: SALAM TAKAFUL PAKISTAN LITD | O85: KHI/HO/D/MO/PC COMP/C/100099/1/10/2024 | Q85: 0 | R85: 34044
A86: CI-2022-7301-0007 | B86: PK0010015 | C86: GHULAM RABBANI QADRI | D86: Wagon R VXL | E86: PK10B240897 | F86: A1J310PK10140904 | G86: AMD-899 (PUNJAB) | H86: 45601 | I86: 45966 | J86: 12 MONTHS | K86: 2076840 | L86: 31153 | M86: 1.50 | N86: SALAM TAKAFUL PAKISTAN LITD | O86: KHI/HO/D/MO/PC COMP/C/100099/4/10/2024 | Q86: 0 | R86: 31153
A87: CI-2022-9828-0012 | B87: PK0010015 | C87: USMAN RAZAQ | D87: Wagon R VXR | E87: PK10B239253 | F87: A1J310PK10139247 | G87: AMF-983 (PUNJAB) | H87: 45611 | I87: 45976 | J87: 12 MONTHS | K87: 1961010 | L87: 29415 | M87: 1.50 | N87: SALAM TAKAFUL PAKISTAN LITD | O87: KHI/HO/D/MO/PC COMP/C/100099/6/10/2024 | Q87: 0 | R87: 29415
A88: CM-2020-0601-0254 | B88: PK0010015 | C88: HASSAN LATIF | D88: SUZUKI CULTUS VXR | E88: PK10K162434 | F88: NF1AVK31H10062415 | G88: AAW-409 | H88: 45611 | I88: 45976 | J88: 12 MONTHS | K88: 1167858 | L88: 23357 | M88: 2 | N88: SALAM TAKAFUL PAKISTAN LITD | O88: KHI/HO/D/MO/PC COMP/C/100100/2/10/2024 | Q88: 0 | R88: 23357
A89: CM-2020-0602-0163 | B89: PK0010015 | C89: ABDUL RAHEEM ASHRAF | D89: HONDA CITY PT | E89: L13Z17539428 | F89: NFBGM1546LR261695 | G89: AAP-537 | H89: 45580 | I89: 45945 | J89: 12 MONTHS | K89: 1577921 | L89: 31558 | M89: 2 | N89: SALAM TAKAFUL PAKISTAN LITD | O89: KHI/HO/D/MO/PC COMP/C/100100/1/10/2024 | Q89: 0 | R89: 31558
... A96: CM-2021-0801-0303 | B96: PK0010016 | C96: KIRAN SHAUKAT | D96: SUZUKI ALTO VXL AGS | E96: 6R149453 | F96: NF1AET306H1049459 | G96: ASH-424 | H96: 45575 | I96: 45940 | J96: 12 MONTHS | K96: 1108080 | L96: 16621 | M96: 1.5 | N96: SALAM TAKAFUL PAKISTAN LITD | O96: KHI/HO/D/MO/PC COMP/C/100120/1/10/2024 | Q96: 0 | R96: 16621
A97: CM-2021-0819-0581 | B97: PK0010016 | C97: MUHAMMAD SULEMAN | D97: TOYOTA COROLLA ALTIS AT 1.6 | E97: Q081437 | F97: ZRE171-6058859 | G97: .. | H97: 45601 | I97: 45966 | J97: 12 MONTHS | K97: 2393307 | L97: 35900 | M97: 1.50 | N97: SALAM TAKAFUL PAKISTAN LITD | O97: KHI/HO/D/MO/PC COMP/C/100120/2/10/2024 | P97: KHI/HO/D/MO/PC COMP/E/49193/00002/11/2024 | Q97: 4592 | R97: 40492
A98: CI-2022-1202-0002 | B98: PK0010017 | C98: MAIRA ALVI | D98: Alto VXR | E98: 6R252147 | F98: NF1AET3061152140 | G98: AJR-0011 | H98: 45601 | I98: 45966 | J98: 12 MONTHS | K98: 1356750 | L98: 20351 | M98: 1.50 | N98: SALAM TAKAFUL PAKISTAN LITD | O98: KHI/HO/D/MO/PC COMP/C/100117/4/10/2024 | Q98: 0 | R98: 20351
A99: CM-2019-1201-0077 | B99: PK0010017 | C99: MAZHAR AKHTAR | D99: TOYOTA HILUX REVO V 4X4 A/T | E99: 1GD0722196 | F99: GUN126R-5537654 | G99: APC-053 | H99: 45606 | I99: 45971 | J99: 12 MONTHS | K99: 3710639 | L99: 74213 | M99: 2 | N99: SALAM TAKAFUL PAKISTAN LITD | O99: KHI/HO/D/MO/PC COMP/C/100116/1/10/2024 | Q99: 0 | R99: 74213
A100: CM-2020-1244-0027 | B100: PK0010017 | C100: MUHAMMAD AMIN | D100: SUZUKI ALTO VXR | E100: 6R139987 | F100: NF1AET306H1039966 | G100: AAU-915 | H100: 45593 | I100: 45958 | J100: 12 MONTHS | K100: 917228 | L100: 18345 | M100: 2 | N100: SALAM TAKAFUL PAKISTAN LITD | O100: KHI/HO/D/MO/PC COMP/C/100117/3/10/2024 | Q100: 0 | R100: 18345
A101: CM-2020-1244-0064 | B101: PK0010017 | C101: MUHAMMAD ASIF | D101: HONDA CITY M/T | E101: L13Z17541423 | F101: NFBGM1543LR264487 | G101: AAU-102 | H101: 45593 | I101: 45958 | J101: 12 MONTHS | K101: 1616368 | L101: 32327 | M101: 2 | N101: SALAM TAKAFUL PAKISTAN LITD | O101: KHI/HO/D/MO/PC COMP/C/100117/2/10/2024 | Q101: 1 | R101: 32328
A102: CM-2020-1244-0065 | B102: PK0010017 | C102: AHSAN | D102: TOYOTA YARIS MT 1.3 | E102: 2A03114 | F102: NSP150R-7001375 | G102: AAT-151 | H102: 45593 | I102: 45958 | J102: 12 MONTHS | K102: 1638938 | L102: 32779 | M102: 2 | N102: SALAM TAKAFUL PAKISTAN LITD | O102: KHI/HO/D/MO/PC COMP/C/100117/1/10/2024 | Q102: 0 | R102: 32779
A103: CM-2021-0217-1275 | B103: PK0010299 | C103: OBAID ULLAH | D103: KIA PICANTO MT | E103: G3LAMP150347 | F103: NNATA52AXKP502478 | G103: AFD 751 | H103: 45580 | I103: 45945 | J103: 12 MONTHS | K103: 1316574 | L103: 19749 | M103: 1.5 | N103: SALAM TAKAFUL PAKISTAN LITD | O103: KHI/HO/D/MO/PC COMP/C/100154/2/10/2024 | Q103: 0 | R103: 19749
A104: CI-2021-9894-0786 | B104: PK0010002 | C104: ABDUL GHAFOOR RAJPUT | D104: TOYOTA YARIS MT | E104: 2A32293 | F104: 7019941 | H104: 45570 | I104: 45935 | J104: 12 MONTHS | K104: 1844370 | L104: 27666 | M104: 1.50 | N104: SALAM TAKAFUL PAKISTAN LITD | O104: KHI/HO/D/MO/PC COMP/C/100053/3/10/2024 | Q104: 0 | R104: 27666
A105: CI-2022-0822-0007 | B105: PK0010010 | C105: MUHAMMAD BASHARAT ALI | D105: Sportage AWD | E105: G4NANH304810 | F105: NNAQL51AZKP518319 | G105: BAG-567 | H105: 45570 | I105: 45935 | J105: 12 MONTHS | K105: 5917050 | L105: 88756 | M105: 1.50 | N105: SALAM TAKAFUL PAKISTAN LITD | O105: KHI/HO/D/MO/PC COMP/C/100228/3/10/2024 | Q105: 0 | R105: 88756
A106: CM-2018-0303-0480 | B106: PK0010010 | C106: TABASSUM YASEEN | D106: HONDA CITY AT | E106: L13Z1-7518465 | F106: NFBGM1641JR233735 | G106: AKF-202 | H106: 45570 | I106: 45935 | J106: 12 MONTHS | K106: 999641 | L106: 32988 | M106: 3.3 | N106: SALAM TAKAFUL PAKISTAN LITD | O106: KHI/HO/D/MO/PC COMP/C/100228/2/10/2024 | Q106: 0 | R106: 32988
A107: CI-2022-9805-0031 | B107: PK0010010 | C107: AMAD AHMED KHAN | D107: Alto VXL | E107: 6R141910 | F107: NF1AET306H1041903 | G107: ARW-399 | H107: 45575 | I107: 45940 | J107: 12 MONTHS | K107: 1294380 | L107: 19416 | M107: 1.50 | N107: SALAM TAKAFUL PAKISTAN LITD | O107: KHI/HO/D/MO/PC COMP/C/100228/1/10/2024 | P107: KHI/HO/D/MO/PC COMP/E/48915/00001/11/2024 | Q107: 69340 | R107: 88756
A108: CM-2018-0307-0444 | B108: PK0010010 | C108: MUHAMMAD WAQAS HASSAN RANJHA | D108: TOYOTA COROLLA XLI | E108: Z528169 | F108: NZE170R-4154075 | G108: AKU-267 | H108: 45575 | I108: 45940 | J108: 12 MONTHS | K108: 1009207 | L108: 33304 | M108: 3.3 | N108: SALAM TAKAFUL PAKISTAN LITD | O108: KHI/HO/D/MO/PC COMP/C/100228/5/10/2024 | Q108: 0 | R108: 33304
A109: CM-2020-1503-0285 | B109: PK0010010 | C109: MUHAMMAD MUNIR | D109: SUZUKI BOLAN VX EURO II | E109: PKT1006309 | F109: SV308PK01122819 | G109: ARS-356 | H109: 45585 | I109: 45950 | J109: 12 MONTHS | K109: 744017 | L109: 14880 | M109: 2 | N109: SALAM TAKAFUL PAKISTAN LITD | O109: KHI/HO/D/MO/PC COMP/C/100228/6/10/2024 | Q109: 0 | R109: 14880
A110: CI-2022-0821-0018 | B110: PK0010010 | C110: MASAB - | D110: City PT 1.3L | E110: L13Z17462210 | F110: NFBGM1657HR205411 | G110: AEK-590 | H110: 45590 | I110: 45955 | J110: 12 MONTHS | K110: 2187000 | L110: 32805 | M110: 1.50 | N110: SALAM TAKAFUL PAKISTAN LITD | O110: KHI/HO/D/MO/PC COMP/C/100236/1/10/2024 | Q110: 0 | R110: 32805
A111: CI-2022-0826-0004 | B111: PK0010010 | C111: AFTAB KHAN | D111: Alto VXL AGS | E111: 6R251601 | F111: NF1AET306H1151610 | G111: YD-85 | H111: 45590 | I111: 45955 | J111: 12 MONTHS | K111: 1527660 | L111: 22915 | M111: 1.50 | N111: SALAM TAKAFUL PAKISTAN LITD | O111: KHI/HO/D/MO/PC COMP/C/100236/2/10/2024 | Q111: 0 | R111: 22915
A112: CI-2023-2001-0004 | B112: PK0010010 | C112: MUHAMMAD NASEER | D112: City PT Aspire 1.5L | E112: L15Z81013992 | F112: NFBGN9669PR032803 | G112: BCU-198 | H112: 45590 | I112: 45955 | J112: 12 MONTHS | K112: 5408550 | L112: 81128 | M112: 1.50 | N112: SALAM TAKAFUL PAKISTAN LITD | O112: KHI/HO/D/MO/PC COMP/C/100228/4/10/2024 | Q112: 0 | R112: 81128
A113: CI-2023-0287-0006 | B113: PK0010299 | C113: AARIZ KHAN | D113: Changan Alsvin Lumiere 1.5L DCT | E113: JL473QFN3CAD522853 | F113: NKMA2ASE5P1011019 | G113: BCK 824 | H113: 45570 | I113: 45935 | J113: 12 MONTHS | K113: 4499100 | L113: 67487 | M113: 1.50 | N113: SALAM TAKAFUL PAKISTAN LITD | O113: KHI/HO/D/MO/PC COMP/C/100155/2/10/2024 | Q113: 0 | R113: 67487
A114: CM-2020-0283-0042 | B114: PK0010299 | C114: MIAN SHAHZAD MUNIR | D114: HONDA CIVIC 1.8 ORIEL NT UG | E114: R18Z16912941 | F114: NFBFC6668LR064748 | G114: AAK-350 | H114: 45570 | I114: 45935 | J114: 12 MONTHS | K114: 2707725 | L114: 54154 | M114: 2 | N114: SALAM TAKAFUL PAKISTAN LITD | O114: KHI/HO/D/MO/PC COMP/C/100155/4/10/2024 | Q114: 1 | R114: 54155
A115: CM-2021-1141-0980 | B115: PK0010299 | C115: MUHAMMAD JAMSHAID | D115: SUZUKI ALTO VXR | E115: 6R183280 | F115: NF1AET306H1083266 | G115: AEV 655 | H115: 45570 | I115: 45935 | J115: 12 MONTHS | K115: 973215 | L115: 14598 | M115: 1.5 | N115: SALAM TAKAFUL PAKISTAN LITD | O115: KHI/HO/D/MO/PC COMP/C/100155/5/10/2024 | Q115: 0 | R115: 14598
A116: CI-2023-0218-0008 | B116: PK0010299 | C116: QASIM SHAFIQUE | D116: Wagon R VXL | E116: PK10B244975 | F116: A1J310PK10144964 | G116: APW 569 | H116: 45575 | I116: 45940 | J116: 12 MONTHS | K116: 3070800 | L116: 46062 | M116: 1.50 | N116: SALAM TAKAFUL PAKISTAN LITD | O116: KHI/HO/D/MO/PC COMP/C/100155/3/10/2024 | Q116: 0 | R116: 46062
A117: CM-2020-0287-0292 | B117: PK0010299 | C117: SARFRAZ AHMAD | D117: HONDA CIVIC 1.8 ORIEL NT UG | E117: R18Z16913371 | F117: NFBFC6660LR065179 | G117: AAP-059 | H117: 45575 | I117: 45940 | J117: 12 MONTHS | K117: 2707725 | L117: 54154 | M117: 2 | N117: SALAM TAKAFUL PAKISTAN LITD | O117: KHI/HO/D/MO/PC COMP/C/100237/2/10/2024 | Q117: 1 | R117: 54155
A118: CI-2022-1131-0007 | B118: PK0010299 | C118: ZAHID NASEEM | D118: Alto VXR | E118: 6R247650 | F118: NF1AET306H1147631 | G118: ALX 849 | H118: 45580 | I118: 45945 | J118: 12 MONTHS | K118: 1403730 | L118: 21056 | M118: 1.50 | N118: SALAM TAKAFUL PAKISTAN LITD | O118: KHI/HO/D/MO/PC COMP/C/100238/1/10/2024 | Q118: 0 | R118: 21056
A119: CI-2023-0245-0006 | B119: PK0010299 | C119: RAEES FARHAT | D119: Alto VXL AGS | E119: 6R283882 | F119: NF1AET306H1183765 | G119: APX 977 | H119: 45580 | I119: 45945 | J119: 12 MONTHS | K119: 2641500 | L119: 39623 | M119: 1.50 | N119: SALAM TAKAFUL PAKISTAN LITD | O119: KHI/HO/D/MO/PC COMP/C/100240/1/10/2024 | Q119: 0 | R119: 39623
... A127: CI-2022-0287-0005 | B127: PK0010299 | C127: MUHAMMAD HARIS RIZWAN | D127: Alto VXL AGS | E127: 6R252124 | F127: NF1AET306H1152155 | G127: AMB-504 | H127: 45590 | I127: 45955 | J127: 12 MONTHS | K127: 1527660 | L127: 22915 | M127: 1.50 | N127: SALAM TAKAFUL PAKISTAN LITD | O127: KHI/HO/D/MO/PC COMP/C/100238/5/10/2024 | Q127: 0 | R127: 22915
A128: CI-2022-0270-0006 | B128: PK0010300 | C128: HASAN ARIF SYED | D128: Changan Alsvin DCT Comfort 1.5L | E128: JL473Q4N3EE501289 | F128: NKMA2CBR4N1001184 | G128: AMA-968 | H128: 45590 | I128: 45955 | J128: 12 MONTHS | K128: 2016090 | L128: 30241 | M128: 1.50 | N128: SALAM TAKAFUL PAKISTAN LITD | O128: KHI/HO/D/MO/PC COMP/C/100155/1/10/2024 | P128: KHI/HO/D/MO/PC COMP/E/49194/00001/11/2024 | Q128: 3267 | R128: 33508
A129: CI-2023-0210-0023 | B129: PK0010300 | C129: MUHAMMAD FAYYAZ | D129: Picanto AT | E129: G3LAPP142116 | F129: NNATA52AZPP712862 | G129: APY 788 | H129: 45580 | I129: 45945 | J129: 12 MONTHS | K129: 3488400 | L129: 52326 | M129: 1.50 | N129: SALAM TAKAFUL PAKISTAN LITD | O129: KHI/HO/D/MO/PC COMP/C/100153/1/10/2024 | Q129: 0 | R129: 52326
A130: CI-2023-0239-0009 | B130: PK0010300 | C130: MUHAMMAD MUBASHAR MINHAS | D130: Alto VXR | E130: 6R286746 | F130: NF1AET306H1186846 | G130: AQC 206 | H130: 45611 | I130: 45976 | J130: 12 MONTHS | K130: 2350800 | L130: 35262 | M130: 1.50 | N130: SALAM TAKAFUL PAKISTAN LITD | O130: KHI/HO/D/MO/PC COMP/C/100153/3/10/2024 | Q130: 0 | R130: 35262
A131: CI-2023-0240-0004 | B131: PK0010300 | C131: AMIR NAEEM BUTT | D131: City MT 1.3L | E131: L13Z17502593 | F131: NFBGM1540HR213018 | G131: LEB-17A-9498 | H131: 45590 | I131: 45955 | J131: 12 MONTHS | K131: 2880000 | L131: 43200 | M131: 1.50 | N131: SALAM TAKAFUL PAKISTAN LITD | O131: KHI/HO/D/MO/PC COMP/C/100153/2/10/2024 | Q131: 0 | R131: 43200
A132: CM-2021-1142-0821 | B132: PK0010300 | C132: MUHAMMAD HUMZA MUNIR | D132: TOYOTA YARIS GLI CVT 1.3 A/T | E132: 2A37205 | F132: NSP150R-7023431 | G132: AVE-752 | H132: 45575 | I132: 45940 | J132: 12 MONTHS | K132: 1912167 | L132: 28683 | M132: 1.5 | N132: SALAM TAKAFUL PAKISTAN LITD | O132: KHI/HO/D/MO/PC COMP/C/100154/1/10/2024 | Q132: -1 | R132: 28682
A133: CM-2020-0233-0290 | B133: PK0010299 | C133: MUHAMMAD MATEEN SIDDIQUI | D133: SUZUKI WAGON R VXL | E133: PK10B207249 | F133: A1J310PK10107239 | G133: AAT-069 | H133: 45590 | I133: 45955 | J133: 12 MONTHS | K133: 1112090 | L133: 22242 | M133: 2 | N133: SALAM TAKAFUL PAKISTAN LITD | O133: KHI/HO/D/MO/PC COMP/C/100243/1/10/2024 | Q133: 0 | R133: 22242
A134: CM-2020-0213-0231 | B134: PK0010300 | C134: AFSHAN ZAREEN BILAL | D134: SUZUKI ALTO VXL | E134: 6R139331 | F134: NFAET306H1039328 | G134: AAN-041 | H134: 45575 | I134: 45940 | J134: 12 MONTHS | K134: 1048448 | L134: 20969 | M134: 2 | N134: SALAM TAKAFUL PAKISTAN LITD | O134: KHI/HO/D/MO/PC COMP/C/100237/1/10/2024 | Q134: 0 | R134: 20969
A135: CM-2021-0288-0646 | B135: PK0010300 | C135: MOHSIN ALI | D135: KIA PICANTO MT | E135: G3LAMP150384 | F135: NNATA52AXKP502598 | G135: AFF-450 | H135: 45580 | I135: 45945 | J135: 12 MONTHS | K135: 1316574 | L135: 19749 | M135: 1.5 | N135: SALAM TAKAFUL PAKISTAN LITD | O135: KHI/HO/D/MO/PC COMP/C/100242/1/10/2024 | Q135: 0 | R135: 19749
...

Sheet working
A1: POLICY NO. | B1: Assorted_code | D1: Premium | E1: 20Nov240019
A2: KHI/HO/D/MO/PC COMP/C/100194/7/10/2024 | B2: =VLOOKUP(A2,Policy!B:C,2,0) -> 070000167887 | C2: 44002 | D2: =ROUND(C2,0) -> 44002 | E2: 20Nov240019 | F2: ="insert into ins_premium_det (premium_rcv_code,assorted_code, rec_amount,premium_rcv_detail_code,remaining_amt, payrec, mode_code,coinsurance_code,class_cd,it_remarks) values" -> insert into ins_premium_det (premium_rcv_code,assorted_code, rec_amount,premium_rcv_detail_code,remaining_amt, payrec, mode_code,coinsurance_code,class_cd,it_remarks) values | G2: ="('"&E2&"','"&B2&"','"&D2&"',(select max(to_number(i.premium_rcv_detail_code))+1 from ins_premium_det i),'"&D2&"','"&D2&"','02', '11000003','00','Request by Mr. Saqib Saleem 21-Nov-2024');" -> ('20Nov240019','070000167887','44002',(select max(to_number(i.premium_rcv_detail_code))+1 from ins_premium_det i),'44002','44002','02', '11000003','00','Request by Mr. Saqib Saleem 21-Nov-2024'); | H2: =F2&G2 -> insert into ins_premium_det (premium_rcv_code,assorted_code, rec_amount,premium_rcv_detail_code,remaining_amt, payrec, mode_code,coinsurance_code,class_cd,it_remarks) values('20Nov240019','070000167887','44002',(select max(to_number(i.premium_rcv_detail_code))+1 from ins_premium_det i),'44002','44002','02', '11000003','00','Request by Mr. Saqib Saleem 21-Nov-2024');
A3: KHI/HO/D/MO/PC COMP/P/100194/10/2024 | B3: =VLOOKUP(A3,Policy!B:C,2,0) -> 040000187317 | C3: 21706 | D3: =ROUND(C3,0) -> 21706 | E3: 20Nov240019 | F3: ="insert into ins_premium_det (premium_rcv_code,assorted_code, rec_amount,premium_rcv_detail_code,remaining_amt, payrec, mode_code,coinsurance_code,class_cd,it_remarks) values" -> insert into ins_premium_det (premium_rcv_code,assorted_code, rec_amount,premium_rcv_detail_code,remaining_amt, payrec, mode_code,coinsurance_code,class_cd,it_remarks) values | G3: ="('"&E3&"','"&B3&"','"&D3&"',(select max(to_number(i.premium_rcv_detail_code))+1 from ins_premium_det i),'"&D3&"','"&D3&"','02', '11000003','00','Request by Mr. Saqib Saleem 21-Nov-2024');" -> ('20Nov240019','040000187317','21706',(select max(to_number(i.premium_rcv_detail_code))+1 from ins_premium_det i),'21706','21706','02', '11000003','00','Request by Mr. Saqib Saleem 21-Nov-2024'); | H3: =F3&G3 -> insert into ins_premium_det (premium_rcv_code,assorted_code, rec_amount,premium_rcv_detail_code,remaining_amt, payrec, mode_code,coinsurance_code,class_cd,it_remarks) values('20Nov240019','040000187317','21706',(select max(to_number(i.premium_rcv_detail_code))+1 from ins_premium_det i),'21706','21706','02', '11000003','00','Request by Mr. Saqib Saleem 21-Nov-2024');
A4: KHI/HO/D/MO/PC COMP/C/100194/1/10/2024 | B4: =VLOOKUP(A4,Policy!B:C,2,0) -> 070000167880 | C4: 29251 | D4: =ROUND(C4,0) -> 29251 | E4: 20Nov240019 | F4: ="insert into ins_premium_det (premium_rcv_code,assorted_code, rec_amount,premium_rcv_detail_code,remaining_amt, payrec, mode_code,coinsurance_code,class_cd,it_remarks) values" -> insert into ins_premium_det (premium_rcv_code,assorted_code, rec_amount,premium_rcv_detail_code,remaining_amt, payrec, mode_code,coinsurance_code,class_cd,it_remarks) values | G4: ="('"&E4&"','"&B4&"','"&D4&"',(select max(to_number(i.premium_rcv_detail_code))+1 from ins_premium_det i),'"&D4&"','"&D4&"','02', '11000003','00','Request by Mr. Saqib Saleem 21-Nov-2024');" -> ('20Nov240019','070000167880','29251',(select max(to_number(i.premium_rcv_detail_code))+1 from ins_premium_det i),'29251','29251','02', '11000003','00','Request by Mr. Saqib Saleem 21-Nov-2024'); | H4: =F4&G4 -> insert into ins_premium_det (premium_rcv_code,assorted_code, rec_amount,premium_rcv_detail_code,remaining_amt, payrec, mode_code,coinsurance_code,class_cd,it_remarks) values('20Nov240019','070000167880','29251',(select max(to_number(i.premium_rcv_detail_code))+1 from ins_premium_det i),'29251','29251','02', '11000003','00','Request by Mr. Saqib Saleem 21-Nov-2024');
A5: KHI/HO/D/MO/PC COMP/C/100194/6/10/2024 | B5: =VLOOKUP(A5,Policy!B:C,2,0) -> 070000167886 | C5: 47021 | D5: =ROUND(C5,0) -> 47021 | E5: 20Nov240019 | F5: ="insert into ins_premium_det (premium_rcv_code,assorted_code, rec_amount,premium_rcv_detail_code,remaining_amt, payrec, mode_code,coinsurance_code,class_cd,it_remarks) values" -> insert into ins_premium_det (premium_rcv_code,assorted_code, rec_amount,premium_rcv_detail_code,remaining_amt, payrec, mode_code,coinsurance_code,class_cd,it_remarks) values | G5: ="('"&E5&"','"&B5&"','"&D5&"',(select max(to_number(i.premium_rcv_detail_code))+1 from ins_premium_det i),'"&D5&"','"&D5&"','02', '11000003','00','Request by Mr. Saqib Saleem 21-Nov-2024');" -> ('20Nov240019','070000167886','47021',(select max(to_number(i.premium_rcv_detail_code))+1 from ins_premium_det i),'47021','47021','02', '11000003','00','Request by Mr. Saqib Saleem 21-Nov-2024'); | H5: =F5&G5 -> insert into ins_premium_det (premium_rcv_code,assorted_code, rec_amount,premium_rcv_detail_code,remaining_amt, payrec, mode_code,coinsurance_code,class_cd,it_remarks) values('20Nov240019','070000167886','47021',(select max(to_number(i.premium_rcv_detail_code))+1 from ins_premium_det i),'47021','47021','02', '11000003','00','Request by Mr. Saqib Saleem 21-Nov-2024');
A6: KHI/HO/D/MO/PC COMP/C/100194/5/10/2024 | B6: =VLOOKUP(A6,Policy!B:C,2,0) -> 070000167885 | C6: 21597 | D6: =ROUND(C6,0) -> 21597 | E6: 20Nov240019 | F6: ="insert into ins_premium_det (premium_rcv_code,assorted_code, rec_amount,premium_rcv_detail_code,remaining_amt, payrec, mode_code,coinsurance_code,class_cd,it_remarks) values" -> insert into ins_premium_det (premium_rcv_code,assorted_code, rec_amount,premium_rcv_detail_code,remaining_amt, payrec, mode_code,coinsurance_code,class_cd,it_remarks) values | G6: ="('"&E6&"','"&B6&"','"&D6&"',(select max(to_number(i.premium_rcv_detail_code))+1 from ins_premium_det i),'"&D6&"','"&D6&"','02', '11000003','00','Request by Mr. Saqib Saleem 21-Nov-2024');" -> ('20Nov240019','070000167885','21597',(select max(to_number(i.premium_rcv_detail_code))+1 from ins_premium_det i),'21597','21597','02', '11000003','00','Request by Mr. Saqib Saleem 21-Nov-2024'); | H6: =F6&G6 -> insert into ins_premium_det (premium_rcv_code,assorted_code, rec_amount,premium_rcv_detail_code,remaining_amt, payrec, mode_code,coinsurance_code,class_cd,it_remarks) values('20Nov240019','070000167885','21597',(select max(to_number(i.premium_rcv_detail_code))+1 from ins_premium_det i),'21597','21597','02', '11000003','00','Request by Mr. Saqib Saleem 21-Nov-2024');
A7: KHI/HO/D/MO/PC COMP/C/100194/2/10/2024 | B7: =VLOOKUP(A7,Policy!B:C,2,0) -> 070000167881 | C7: 12258 | D7: =ROUND(C7,0) -> 12258 | E7: 20Nov240019 | F7: ="insert into ins_premium_det (premium_rcv_code,assorted_code, rec_amount,premium_rcv_detail_code,remaining_amt, payrec, mode_code,coinsurance_code,class_cd,it_remarks) values" -> insert into ins_premium_det (premium_rcv_code,assorted_code, rec_amount,premium_rcv_detail_code,remaining_amt, payrec, mode_code,coinsurance_code,class_cd,it_remarks) values | G7: ="('"&E7&"','"&B7&"','"&D7&"',(select max(to_number(i.premium_rcv_detail_code))+1 from ins_premium_det i),'"&D7&"','"&D7&"','02', '11000003','00','Request by Mr. Saqib Saleem 21-Nov-2024');" -> ('20Nov240019','070000167881','12258',(select max(to_number(i.premium_rcv_detail_code))+1 from ins_premium_det i),'12258','12258','02', '11000003','00','Request by Mr. Saqib Saleem 21-Nov-2024'); | H7: =F7&G7 -> insert into ins_premium_det (premium_rcv_code,assorted_code, rec_amount,premium_rcv_detail_code,remaining_amt, payrec, mode_code,coinsurance_code,class_cd,it_remarks) values('20Nov240019','070000167881','12258',(select max(to_number(i.premium_rcv_detail_code))+1 from ins_premium_det i),'12258','12258','02', '11000003','00','Request by Mr. Saqib Saleem 21-Nov-2024');
A8: KHI/HO/D/MO/PC COMP/C/100033/5/10/2024 | B8: =VLOOKUP(A8,Policy!B:C,2,0) -> 070000167653 | C8: 23705 | D8: =ROUND(C8,0) -> 23705 | E8: 20Nov240019 | F8: ="insert into ins_premium_det (premium_rcv_code,assorted_code, rec_amount,premium_rcv_detail_code,remaining_amt, payrec, mode_code,coinsurance_code,class_cd,it_remarks) values" -> insert into ins_premium_det (premium_rcv_code,assorted_code, rec_amount,premium_rcv_detail_code,remaining_amt, payrec, mode_code,coinsurance_code,class_cd,it_remarks) values | G8: ="('"&E8&"','"&B8&"','"&D8&"',(select max(to_number(i.premium_rcv_detail_code))+1 from ins_premium_det i),'"&D8&"','"&D8&"','02', '11000003','00','Request by Mr. Saqib Saleem 21-Nov-2024');" -> ('20Nov240019','070000167653','23705',(select max(to_number(i.premium_rcv_detail_code))+1 from ins_premium_det i),'23705','23705','02', '11000003','00','Request by Mr. Saqib Saleem 21-Nov-2024'); | H8: =F8&G8 -> insert into ins_premium_det (premium_rcv_code,assorted_code, rec_amount,premium_rcv_detail_code,remaining_amt, payrec, mode_code,coinsurance_code,class_cd,it_remarks) values('20Nov240019','070000167653','23705',(select max(to_number(i.premium_rcv_detail_code))+1 from ins_premium_det i),'23705','23705','02', '11000003','00','Request by Mr. Saqib Saleem 21-Nov-2024');
A9: KHI/HO/D/MO/PC COMP/C/100194/3/10/2024 | B9: =VLOOKUP(A9,Policy!B:C,2,0) -> 070000167882 | C9: 14598 | D9: =ROUND(C9,0) -> 14598 | E9: 20Nov240019 | F9: ="insert into ins_premium_det (premium_rcv_code,assorted_code, rec_amount,premium_rcv_detail_code,remaining_amt, payrec, mode_code,coinsurance_code,class_cd,it_remarks) values" -> insert into ins_premium_det (premium_rcv_code,assorted_code, rec_amount,premium_rcv_detail_code,remaining_amt, payrec, mode_code,coinsurance_code,class_cd,it_remarks) values | G9: ="('"&E9&"','"&B9&"','"&D9&"',(select max(to_number(i.premium_rcv_detail_code))+1 from ins_premium_det i),'"&D9&"','"&D9&"','02', '11000003','00','Request by Mr. Saqib Saleem 21-Nov-2024');" -> ('20Nov240019','070000167882','14598',(select max(to_number(i.premium_rcv_detail_code))+1 from ins_premium_det i),'14598','14598','02', '11000003','00','Request by Mr. Saqib Saleem 21-Nov-2024'); | H9: =F9&G9 -> insert into ins_premium_det (premium_rcv_code,assorted_code, rec_amount,premium_rcv_detail_code,remaining_amt, payrec, mode_code,coinsurance_code,class_cd,it_remarks) values('20Nov240019','070000167882','14598',(select max(to_number(i.premium_rcv_detail_code))+1 from ins_premium_det i),'14598','14598','02', '11000003','00','Request by Mr. Saqib Saleem 21-Nov-2024');
A10: KHI/HO/D/MO/PC COMP/C/100033/3/10/2024 | B10: =VLOOKUP(A10,Policy!B:C,2,0) -> 070000167651 | C10: 86144 | D10: =ROUND(C10,0) -> 86144 | E10: 20Nov240019 | F10: ="insert into ins_premium_det (premium_rcv_code,assorted_code, rec_amount,premium_rcv_detail_code,remaining_amt, payrec, mode_code,coinsurance_code,class_cd,it_remarks) values" -> insert into ins_premium_det (premium_rcv_code,assorted_code, rec_amount,premium_rcv_detail_code,remaining_amt, payrec, mode_code,coinsurance_code,class_cd,it_remarks) values | G10: ="('"&E10&"','"&B10&"','"&D10&"',(select max(to_number(i.premium_rcv_detail_code))+1 from ins_premium_det i),'"&D10&"','"&D10&"','02', '11000003','00','Request by Mr. Saqib Saleem 21-Nov-2024');" -> ('20Nov240019','070000167651','86144',(select max(to_number(i.premium_rcv_detail_code))+1 from ins_premium_det i),'86144','86144','02', '11000003','00','Request by Mr. Saqib Saleem 21-Nov-2024'); | H10: =F10&G10 -> insert into ins_premium_det (premium_rcv_code,assorted_code, rec_amount,premium_rcv_detail_code,remaining_amt, payrec, mode_code,coinsurance_code,class_cd,it_remarks) values('20Nov240019','070000167651','86144',(select max(to_number(i.premium_rcv_detail_code))+1 from ins_premium_det i),'86144','86144','02', '11000003','00','Request by Mr. Saqib Saleem 21-Nov-2024');
A11: KHI/HO/D/MO/PC COMP/C/100033/9/10/2024 | B11: =VLOOKUP(A11,Policy!B:C,2,0) -> 070000167657 | C11: 13365 | D11: =ROUND(C11,0) -> 13365 | E11: 20Nov240019 | F11: ="insert into ins_premium_det (premium_rcv_code,assorted_code, rec_amount,premium_rcv_detail_code,remaining_amt, payrec, mode_code,coinsurance_code,class_cd,it_remarks) values" -> insert into ins_premium_det (premium_rcv_code,assorted_code, rec_amount,premium_rcv_detail_code,remaining_amt, payrec, mode_code,coinsurance_code,class_cd,it_remarks) values | G11: ="('"&E11&"','"&B11&"','"&D11&"',(select max(to_number(i.premium_rcv_detail_code))+1 from ins_premium_det i),'"&D11&"','"&D11&"','02', '11000003','00','Request by Mr. Saqib Saleem 21-Nov-2024');" -> ('20Nov240019','070000167657','13365',(select max(to_number(i.premium_rcv_detail_code))+1 from ins_premium_det i),'13365','13365','02', '11000003','00','Request by Mr. Saqib Saleem 21-Nov-2024'); | H11: =F11&G11 -> insert into ins_premium_det (premium_rcv_code,assorted_code, rec_amount,premium_rcv_detail_code,remaining_amt, payrec, mode_code,coinsurance_code,class_cd,it_remarks) values('20Nov240019','070000167657','13365',(select max(to_number(i.premium_rcv_detail_code))+1 from ins_premium_det i),'13365','13365','02', '11000003','00','Request by Mr. Saqib Saleem 21-Nov-2024');
A12: KHI/HO/D/MO/PC COMP/C/100033/6/10/2024 | B12: =VLOOKUP(A12,Policy!B:C,2,0) -> 070000167654 | C12: 22915 | D12: =ROUND(C12,0) -> 22915 | E12: 20Nov240019 | F12: ="insert into ins_premium_det (premium_rcv_code,assorted_code, rec_amount,premium_rcv_detail_code,remaining_amt, payrec, mode_code,coinsurance_code,class_cd,it_remarks) values" -> insert into ins_premium_det (premium_rcv_code,assorted_code, rec_amount,premium_rcv_detail_code,remaining_amt, payrec, mode_code,coinsurance_code,class_cd,it_remarks) values | G12: ="('"&E12&"','"&B12&"','"&D12&"',(select max(to_number(i.premium_rcv_detail_code))+1 from ins_premium_det i),'"&D12&"','"&D12&"','02', '11000003','00','Request by Mr. Saqib Saleem 21-Nov-2024');" -> ('20Nov240019','070000167654','22915',(select max(to_number(i.premium_rcv_detail_code))+1 from ins_premium_det i),'22915','22915','02', '11000003','00','Request by Mr. Saqib Saleem 21-Nov-2024'); | H12: =F12&G12 -> insert into ins_premium_det (premium_rcv_code,assorted_code, rec_amount,premium_rcv_detail_code,remaining_amt, payrec, mode_code,coinsurance_code,class_cd,it_remarks) values('20Nov240019','070000167654','22915',(select max(to_number(i.premium_rcv_detail_code))+1 from ins_premium_det i),'22915','22915','02', '11000003','00','Request by Mr. Saqib Saleem 21-Nov-2024');
A13: KHI/HO/D/MO/PC COMP/C/100033/2/10/2024 | B13: =VLOOKUP(A13,Policy!B:C,2,0) -> 070000167649 | C13: 20351 | D13: =ROUND(C13,0) -> 20351 | E13: 20Nov240019 | F13: ="insert into ins_premium_det (premium_rcv_code,assorted_code, rec_amount,premium_rcv_detail_code,remaining_amt, payrec, mode_code,coinsurance_code,class_cd,it_remarks) values" -> insert into ins_premium_det (premium_rcv_code,assorted_code, rec_amount,premium_rcv_detail_code,remaining_amt, payrec, mode_code,coinsurance_code,class_cd,it_remarks) values | G13: ="('"&E13&"','"&B13&"','"&D13&"',(select max(to_number(i.premium_rcv_detail_code))+1 from ins_premium_det i),'"&D13&"','"&D13&"','02', '11000003','00','Request by Mr. Saqib Saleem 21-Nov-2024');" -> ('20Nov240019','070000167649','20351',(select max(to_number(i.premium_rcv_detail_code))+1 from ins_premium_det i),'20351','20351','02', '11000003','00','Request by Mr. Saqib Saleem 21-Nov-2024'); | H13: =F13&G13 -> insert into ins_premium_det (premium_rcv_code,assorted_code, rec_amount,premium_rcv_detail_code,remaining_amt, payrec, mode_code,coinsurance_code,class_cd,it_remarks) values('20Nov240019','070000167649','20351',(select max(to_number(i.premium_rcv_detail_code))+1 from ins_premium_det i),'20351','20351','02', '11000003','00','Request by Mr. Saqib Saleem 21-Nov-2024');
... A50: KHI/HO/D/MO/PC COMP/C/100066/1/10/2024 | B50: =VLOOKUP(A50,Policy!B:C,2,0) -> 070000167712 | C50: 29700 | D50: =ROUND(C50,0) -> 29700 | E50: 20Nov240019 | F50: ="insert into ins_premium_det (premium_rcv_code,assorted_code, rec_amount,premium_rcv_detail_code,remaining_amt, payrec, mode_code,coinsurance_code,class_cd,it_remarks) values" -> insert into ins_premium_det (premium_rcv_code,assorted_code, rec_amount,premium_rcv_detail_code,remaining_amt, payrec, mode_code,coinsurance_code,class_cd,it_remarks) values | G50: ="('"&E50&"','"&B50&"','"&D50&"',(select max(to_number(i.premium_rcv_detail_code))+1 from ins_premium_det i),'"&D50&"','"&D50&"','02', '11000003','00','Request by Mr. Saqib Saleem 21-Nov-2024');" -> ('20Nov240019','070000167712','29700',(select max(to_number(i.premium_rcv_detail_code))+1 from ins_premium_det i),'29700','29700','02', '11000003','00','Request by Mr. Saqib Saleem 21-Nov-2024'); | H50: =F50&G50 -> insert into ins_premium_det (premium_rcv_code,assorted_code, rec_amount,premium_rcv_detail_code,remaining_amt, payrec, mode_code,coinsurance_code,class_cd,it_remarks) values('20Nov240019','070000167712','29700',(select max(to_number(i.premium_rcv_detail_code))+1 from ins_premium_det i),'29700','29700','02', '11000003','00','Request by Mr. Saqib Saleem 21-Nov-2024');
A51: KHI/HO/D/MO/PC COMP/P/102358/1/11/2024 | B51: 040000189796 | C51: 14621 | D51: =ROUND(C51,0) -> 14621 | E51: 20Nov240019 | F51: ="insert into ins_premium_det (premium_rcv_code,assorted_code, rec_amount,premium_rcv_detail_code,remaining_amt, payrec, mode_code,coinsurance_code,class_cd,it_remarks) values" -> insert into ins_premium_det (premium_rcv_code,assorted_code, rec_amount,premium_rcv_detail_code,remaining_amt, payrec, mode_code,coinsurance_code,class_cd,it_remarks) values | G51: ="('"&E51&"','"&B51&"','"&D51&"',(select max(to_number(i.premium_rcv_detail_code))+1 from ins_premium_det i),'"&D51&"','"&D51&"','02', '11000003','00','Request by Mr. Saqib Saleem 21-Nov-2024');" -> ('20Nov240019','040000189796','14621',(select max(to_number(i.premium_rcv_detail_code))+1 from ins_premium_det i),'14621','14621','02', '11000003','00','Request by Mr. Saqib Saleem 21-Nov-2024'); | H51: =F51&G51 -> insert into ins_premium_det (premium_rcv_code,assorted_code, rec_amount,premium_rcv_detail_code,remaining_amt, payrec, mode_code,coinsurance_code,class_cd,it_remarks) values('20Nov240019','040000189796','14621',(select max(to_number(i.premium_rcv_detail_code))+1 from ins_premium_det i),'14621','14621','02', '11000003','00','Request by Mr. Saqib Saleem 21-Nov-2024');
A52: KHI/HO/D/MO/PC COMP/C/100069/2/10/2024 | B52: =VLOOKUP(A52,Policy!B:C,2,0) -> 070000167691 | C52: 58065 | D52: =ROUND(C52,0) -> 58065 | E52: 20Nov240019 | F52: ="insert into ins_premium_det (premium_rcv_code,assorted_code, rec_amount,premium_rcv_detail_code,remaining_amt, payrec, mode_code,coinsurance_code,class_cd,it_remarks) values" -> insert into ins_premium_det (premium_rcv_code,assorted_code, rec_amount,premium_rcv_detail_code,remaining_amt, payrec, mode_code,coinsurance_code,class_cd,it_remarks) values | G52: ="('"&E52&"','"&B52&"','"&D52&"',(select max(to_number(i.premium_rcv_detail_code))+1 from ins_premium_det i),'"&D52&"','"&D52&"','02', '11000003','00','Request by Mr. Saqib Saleem 21-Nov-2024');" -> ('20Nov240019','070000167691','58065',(select max(to_number(i.premium_rcv_detail_code))+1 from ins_premium_det i),'58065','58065','02', '11000003','00','Request by Mr. Saqib Saleem 21-Nov-2024'); | H52: =F52&G52 -> insert into ins_premium_det (premium_rcv_code,assorted_code, rec_amount,premium_rcv_detail_code,remaining_amt, payrec, mode_code,coinsurance_code,class_cd,it_remarks) values('20Nov240019','070000167691','58065',(select max(to_number(i.premium_rcv_detail_code))+1 from ins_premium_det i),'58065','58065','02', '11000003','00','Request by Mr. Saqib Saleem 21-Nov-2024');
A53: KHI/HO/D/MO/PC COMP/C/100069/1/10/2024 | B53: =VLOOKUP(A53,Policy!B:C,2,0) -> 070000167690 | C53: 21061 | D53: =ROUND(C53,0) -> 21061 | E53: 20Nov240019 | F53: ="insert into ins_premium_det (premium_rcv_code,assorted_code, rec_amount,premium_rcv_detail_code,remaining_amt, payrec, mode_code,coinsurance_code,class_cd,it_remarks) values" -> insert into ins_premium_det (premium_rcv_code,assorted_code, rec_amount,premium_rcv_detail_code,remaining_amt, payrec, mode_code,coinsurance_code,class_cd,it_remarks) values | G53: ="('"&E53&"','"&B53&"','"&D53&"',(select max(to_number(i.premium_rcv_detail_code))+1 from ins_premium_det i),'"&D53&"','"&D53&"','02', '11000003','00','Request by Mr. Saqib Saleem 21-Nov-2024');" -> ('20Nov240019','070000167690','21061',(select max(to_number(i.premium_rcv_detail_code))+1 from ins_premium_det i),'21061','21061','02', '11000003','00','Request by Mr. Saqib Saleem 21-Nov-2024'); | H53: =F53&G53 -> insert into ins_premium_det (premium_rcv_code,assorted_code, rec_amount,premium_rcv_detail_code,remaining_amt, payrec, mode_code,coinsurance_code,class_cd,it_remarks) values('20Nov240019','070000167690','21061',(select max(to_number(i.premium_rcv_detail_code))+1 from ins_premium_det i),'21061','21061','02', '11000003','00','Request by Mr. Saqib Saleem 21-Nov-2024');
A54: KHI/HO/D/MO/PC COMP/C/100069/3/10/2024 | B54: =VLOOKUP(A54,Policy!B:C,2,0) -> 070000167692 | C54: 21061 | D54: =ROUND(C54,0) -> 21061 | E54: 20Nov240019 | F54: ="insert into ins_premium_det (premium_rcv_code,assorted_code, rec_amount,premium_rcv_detail_code,remaining_amt, payrec, mode_code,coinsurance_code,class_cd,it_remarks) values" -> insert into ins_premium_det (premium_rcv_code,assorted_code, rec_amount,premium_rcv_detail_code,remaining_amt, payrec, mode_code,coinsurance_code,class_cd,it_remarks) values | G54: ="('"&E54&"','"&B54&"','"&D54&"',(select max(to_number(i.premium_rcv_detail_code))+1 from ins_premium_det i),'"&D54&"','"&D54&"','02', '11000003','00','Request by Mr. Saqib Saleem 21-Nov-2024');" -> ('20Nov240019','070000167692','21061',(select max(to_number(i.premium_rcv_detail_code))+1 from ins_premium_det i),'21061','21061','02', '11000003','00','Request by Mr. Saqib Saleem 21-Nov-2024'); | H54: =F54&G54 -> insert into ins_premium_det (premium_rcv_code,assorted_code, rec_amount,premium_rcv_detail_code,remaining_amt, payrec, mode_code,coinsurance_code,class_cd,it_remarks) values('20Nov240019','070000167692','21061',(select max(to_number(i.premium_rcv_detail_code))+1 from ins_premium_det i),'21061','21061','02', '11000003','00','Request by Mr. Saqib Saleem 21-Nov-2024');
A55: KHI/HO/D/MO/PC COMP/C/100069/4/10/2024 | B55: =VLOOKUP(A55,Policy!B:C,2,0) -> 070000167693 | C55: 64639 | D55: =ROUND(C55,0) -> 64639 | E55: 20Nov240019 | F55: ="insert into ins_premium_det (premium_rcv_code,assorted_code, rec_amount,premium_rcv_detail_code,remaining_amt, payrec, mode_code,coinsurance_code,class_cd,it_remarks) values" -> insert into ins_premium_det (premium_rcv_code,assorted_code, rec_amount,premium_rcv_detail_code,remaining_amt, payrec, mode_code,coinsurance_code,class_cd,it_remarks) values | G55: ="('"&E55&"','"&B55&"','"&D55&"',(select max(to_number(i.premium_rcv_detail_code))+1 from ins_premium_det i),'"&D55&"','"&D55&"','02', '11000003','00','Request by Mr. Saqib Saleem 21-Nov-2024');" -> ('20Nov240019','070000167693','64639',(select max(to_number(i.premium_rcv_detail_code))+1 from ins_premium_det i),'64639','64639','02', '11000003','00','Request by Mr. Saqib Saleem 21-Nov-2024'); | H55: =F55&G55 -> insert into ins_premium_det (premium_rcv_code,assorted_code, rec_amount,premium_rcv_detail_code,remaining_amt, payrec, mode_code,coinsurance_code,class_cd,it_remarks) values('20Nov240019','070000167693','64639',(select max(to_number(i.premium_rcv_detail_code))+1 from ins_premium_det i),'64639','64639','02', '11000003','00','Request by Mr. Saqib Saleem 21-Nov-2024');
A56: KHI/HO/D/MO/PC COMP/C/100068/2/10/2024 | B56: =VLOOKUP(A56,Policy!B:C,2,0) -> 070000167696 | C56: 30755 | D56: =ROUND(C56,0) -> 30755 | E56: 20Nov240019 | F56: ="insert into ins_premium_det (premium_rcv_code,assorted_code, rec_amount,premium_rcv_detail_code,remaining_amt, payrec, mode_code,coinsurance_code,class_cd,it_remarks) values" -> insert into ins_premium_det (premium_rcv_code,assorted_code, rec_amount,premium_rcv_detail_code,remaining_amt, payrec, mode_code,coinsurance_code,class_cd,it_remarks) values | G56: ="('"&E56&"','"&B56&"','"&D56&"',(select max(to_number(i.premium_rcv_detail_code))+1 from ins_premium_det i),'"&D56&"','"&D56&"','02', '11000003','00','Request by Mr. Saqib Saleem 21-Nov-2024');" -> ('20Nov240019','070000167696','30755',(select max(to_number(i.premium_rcv_detail_code))+1 from ins_premium_det i),'30755','30755','02', '11000003','00','Request by Mr. Saqib Saleem 21-Nov-2024'); | H56: =F56&G56 -> insert into ins_premium_det (premium_rcv_code,assorted_code, rec_amount,premium_rcv_detail_code,remaining_amt, payrec, mode_code,coinsurance_code,class_cd,it_remarks) values('20Nov240019','070000167696','30755',(select max(to_number(i.premium_rcv_detail_code))+1 from ins_premium_det i),'30755','30755','02', '11000003','00','Request by Mr. Saqib Saleem 21-Nov-2024');
A57: KHI/HO/D/MO/PC COMP/C/100068/1/10/2024 | B57: =VLOOKUP(A57,Policy!B:C,2,0) -> 070000167695 | C57: 17605 | D57: =ROUND(C57,0) -> 17605 | E57: 20Nov240019 | F57: ="insert into ins_premium_det (premium_rcv_code,assorted_code, rec_amount,premium_rcv_detail_code,remaining_amt, payrec, mode_code,coinsurance_code,class_cd,it_remarks) values" -> insert into ins_premium_det (premium_rcv_code,assorted_code, rec_amount,premium_rcv_detail_code,remaining_amt, payrec, mode_code,coinsurance_code,class_cd,it_remarks) values | G57: ="('"&E57&"','"&B57&"','"&D57&"',(select max(to_number(i.premium_rcv_detail_code))+1 from ins_premium_det i),'"&D57&"','"&D57&"','02', '11000003','00','Request by Mr. Saqib Saleem 21-Nov-2024');" -> ('20Nov240019','070000167695','17605',(select max(to_number(i.premium_rcv_detail_code))+1 from ins_premium_det i),'17605','17605','02', '11000003','00','Request by Mr. Saqib Saleem 21-Nov-2024'); | H57: =F57&G57 -> insert into ins_premium_det (premium_rcv_code,assorted_code, rec_amount,premium_rcv_detail_code,remaining_amt, payrec, mode_code,coinsurance_code,class_cd,it_remarks) values('20Nov240019','070000167695','17605',(select max(to_number(i.premium_rcv_detail_code))+1 from ins_premium_det i),'17605','17605','02', '11000003','00','Request by Mr. Saqib Saleem 21-Nov-2024');
A58: KHI/HO/D/MO/PC COMP/C/100068/4/10/2024 | B58: =VLOOKUP(A58,Policy!B:C,2,0) -> 070000167699 | C58: 47793 | D58: =ROUND(C58,0) -> 47793 | E58: 20Nov240019 | F58: ="insert into ins_premium_det (premium_rcv_code,assorted_code, rec_amount,premium_rcv_detail_code,remaining_amt, payrec, mode_code,coinsurance_code,class_cd,it_remarks) values" -> insert into ins_premium_det (premium_rcv_code,assorted_code, rec_amount,premium_rcv_detail_code,remaining_amt, payrec, mode_code,coinsurance_code,class_cd,it_remarks) values | G58: ="('"&E58&"','"&B58&"','"&D58&"',(select max(to_number(i.premium_rcv_detail_code))+1 from ins_premium_det i),'"&D58&"','"&D58&"','02', '11000003','00','Request by Mr. Saqib Saleem 21-Nov-2024');" -> ('20Nov240019','070000167699','47793',(select max(to_number(i.premium_rcv_detail_code))+1 from ins_premium_det i),'47793','47793','02', '11000003','00','Request by Mr. Saqib Saleem 21-Nov-2024'); | H58: =F58&G58 -> insert into ins_premium_det (premium_rcv_code,assorted_code, rec_amount,premium_rcv_detail_code,remaining_amt, payrec, mode_code,coinsurance_code,class_cd,it_remarks) values('20Nov240019','070000167699','47793',(select max(to_number(i.premium_rcv_detail_code))+1 from ins_premium_det i),'47793','47793','02', '11000003','00','Request by Mr. Saqib Saleem 21-Nov-2024');
A59: KHI/HO/D/MO/PC COMP/C/100068/7/10/2024 | B59: =VLOOKUP(A59,Policy!B:C,2,0) -> 070000167703 | C59: 16829 | D59: =ROUND(C59,0) -> 16829 | E59: 20Nov240019 | F59: ="insert into ins_premium_det (premium_rcv_code,assorted_code, rec_amount,premium_rcv_detail_code,remaining_amt, payrec, mode_code,coinsurance_code,class_cd,it_remarks) values" -> insert into ins_premium_det (premium_rcv_code,assorted_code, rec_amount,premium_rcv_detail_code,remaining_amt, payrec, mode_code,coinsurance_code,class_cd,it_remarks) values | G59: ="('"&E59&"','"&B59&"','"&D59&"',(select max(to_number(i.premium_rcv_detail_code))+1 from ins_premium_det i),'"&D59&"','"&D59&"','02', '11000003','00','Request by Mr. Saqib Saleem 21-Nov-2024');" -> ('20Nov240019','070000167703','16829',(select max(to_number(i.premium_rcv_detail_code))+1 from ins_premium_det i),'16829','16829','02', '11000003','00','Request by Mr. Saqib Saleem 21-Nov-2024'); | H59: =F59&G59 -> insert into ins_premium_det (premium_rcv_code,assorted_code, rec_amount,premium_rcv_detail_code,remaining_amt, payrec, mode_code,coinsurance_code,class_cd,it_remarks) values('20Nov240019','070000167703','16829',(select max(to_number(i.premium_rcv_detail_code))+1 from ins_premium_det i),'16829','16829','02', '11000003','00','Request by Mr. Saqib Saleem 21-Nov-2024');
A60: KHI/HO/D/MO/PC COMP/C/100068/5/10/2024 | B60: =VLOOKUP(A60,Policy!B:C,2,0) -> 070000167700 | C60: 28486 | D60: =ROUND(C60,0) -> 28486 | E60: 20Nov240019 | F60: ="insert into ins_premium_det (premium_rcv_code,assorted_code, rec_amount,premium_rcv_detail_code,remaining_amt, payrec, mode_code,coinsurance_code,class_cd,it_remarks) values" -> insert into ins_premium_det (premium_rcv_code,assorted_code, rec_amount,premium_rcv_detail_code,remaining_amt, payrec, mode_code,coinsurance_code,class_cd,it_remarks) values | G60: ="('"&E60&"','"&B60&"','"&D60&"',(select max(to_number(i.premium_rcv_detail_code))+1 from ins_premium_det i),'"&D60&"','"&D60&"','02', '11000003','00','Request by Mr. Saqib Saleem 21-Nov-2024');" -> ('20Nov240019','070000167700','28486',(select max(to_number(i.premium_rcv_detail_code))+1 from ins_premium_det i),'28486','28486','02', '11000003','00','Request by Mr. Saqib Saleem 21-Nov-2024'); | H60: =F60&G60 -> insert into ins_premium_det (premium_rcv_code,assorted_code, rec_amount,premium_rcv_detail_code,remaining_amt, payrec, mode_code,coinsurance_code,class_cd,it_remarks) values('20Nov240019','070000167700','28486',(select max(to_number(i.premium_rcv_detail_code))+1 from ins_premium_det i),'28486','28486','02', '11000003','00','Request by Mr. Saqib Saleem 21-Nov-2024');
A61: KHI/HO/D/MO/PC COMP/C/100068/3/10/2024 | B61: =VLOOKUP(A61,Policy!B:C,2,0) -> 070000167697 | C61: 17605 | D61: =ROUND(C61,0) -> 17605 | E61: 20Nov240019 | F61: ="insert into ins_premium_det (premium_rcv_code,assorted_code, rec_amount,premium_rcv_detail_code,remaining_amt, payrec, mode_code,coinsurance_code,class_cd,it_remarks) values" -> insert into ins_premium_det (premium_rcv_code,assorted_code, rec_amount,premium_rcv_detail_code,remaining_amt, payrec, mode_code,coinsurance_code,class_cd,it_remarks) values | G61: ="('"&E61&"','"&B61&"','"&D61&"',(select max(to_number(i.premium_rcv_detail_code))+1 from ins_premium_det i),'"&D61&"','"&D61&"','02', '11000003','00','Request by Mr. Saqib Saleem 21-Nov-2024');" -> ('20Nov240019','070000167697','17605',(select max(to_number(i.premium_rcv_detail_code))+1 from ins_premium_det i),'17605','17605','02', '11000003','00','Request by Mr. Saqib Saleem 21-Nov-2024'); | H61: =F61&G61 -> insert into ins_premium_det (premium_rcv_code,assorted_code, rec_amount,premium_rcv_detail_code,remaining_amt, payrec, mode_code,coinsurance_code,class_cd,it_remarks) values('20Nov240019','070000167697','17605',(select max(to_number(i.premium_rcv_detail_code))+1 from ins_premium_det i),'17605','17605','02', '11000003','00','Request by Mr. Saqib Saleem 21-Nov-2024');
A62: KHI/HO/D/MO/PC COMP/C/100068/6/10/2024 | B62: =VLOOKUP(A62,Policy!B:C,2,0) -> 070000167701 | C62: 19738 | D62: =ROUND(C62,0) -> 19738 | E62: 20Nov240019 | F62: ="insert into ins_premium_det (premium_rcv_code,assorted_code, rec_amount,premium_rcv_detail_code,remaining_amt, payrec, mode_code,coinsurance_code,class_cd,it_remarks) values" -> insert into ins_premium_det (premium_rcv_code,assorted_code, rec_amount,premium_rcv_detail_code,remaining_amt, payrec, mode_code,coinsurance_code,class_cd,it_remarks) values | G62: ="('"&E62&"','"&B62&"','"&D62&"',(select max(to_number(i.premium_rcv_detail_code))+1 from ins_premium_det i),'"&D62&"','"&D62&"','02', '11000003','00','Request by Mr. Saqib Saleem 21-Nov-2024');" -> ('20Nov240019','070000167701','19738',(select max(to_number(i.premium_rcv_detail_code))+1 from ins_premium_det i),'19738','19738','02', '11000003','00','Request by Mr. Saqib Saleem 21-Nov-2024'); | H62: =F62&G62 -> insert into ins_premium_det (premium_rcv_code,assorted_code, rec_amount,premium_rcv_detail_code,remaining_amt, payrec, mode_code,coinsurance_code,class_cd,it_remarks) values('20Nov240019','070000167701','19738',(select max(to_number(i.premium_rcv_detail_code))+1 from ins_premium_det i),'19738','19738','02', '11000003','00','Request by Mr. Saqib Saleem 21-Nov-2024');
A63: KHI/HO/D/MO/PC COMP/C/100091/10/10/2024 | B63: =VLOOKUP(A63,Policy!B:C,2,0) -> 070000167758 | C63: 17605 | D63: =ROUND(C63,0) -> 17605 | E63: 20Nov240019 | F63: ="insert into ins_premium_det (premium_rcv_code,assorted_code, rec_amount,premium_rcv_detail_code,remaining_amt, payrec, mode_code,coinsurance_code,class_cd,it_remarks) values" -> insert into ins_premium_det (premium_rcv_code,assorted_code, rec_amount,premium_rcv_detail_code,remaining_amt, payrec, mode_code,coinsurance_code,class_cd,it_remarks) values | G63: ="('"&E63&"','"&B63&"','"&D63&"',(select max(to_number(i.premium_rcv_detail_code))+1 from ins_premium_det i),'"&D63&"','"&D63&"','02', '11000003','00','Request by Mr. Saqib Saleem 21-Nov-2024');" -> ('20Nov240019','070000167758','17605',(select max(to_number(i.premium_rcv_detail_code))+1 from ins_premium_det i),'17605','17605','02', '11000003','00','Request by Mr. Saqib Saleem 21-Nov-2024'); | H63: =F63&G63 -> insert into ins_premium_det (premium_rcv_code,assorted_code, rec_amount,premium_rcv_detail_code,remaining_amt, payrec, mode_code,coinsurance_code,class_cd,it_remarks) values('20Nov240019','070000167758','17605',(select max(to_number(i.premium_rcv_detail_code))+1 from ins_premium_det i),'17605','17605','02', '11000003','00','Request by Mr. Saqib Saleem 21-Nov-2024');
... A147: KHI/HO/D/MO/PC COMP/C/100129/3/10/2024 | B147: =VLOOKUP(A147,Policy!B:C,2,0) -> 070000167840 | C147: 14598 | D147: =ROUND(C147,0) -> 14598 | E147: 20Nov240019 | F147: ="insert into ins_premium_det (premium_rcv_code,assorted_code, rec_amount,premium_rcv_detail_code,remaining_amt, payrec, mode_code,coinsurance_code,class_cd,it_remarks) values" -> insert into ins_premium_det (premium_rcv_code,assorted_code, rec_amount,premium_rcv_detail_code,remaining_amt, payrec, mode_code,coinsurance_code,class_cd,it_remarks) values | G147: ="('"&E147&"','"&B147&"','"&D147&"',(select max(to_number(i.premium_rcv_detail_code))+1 from ins_premium_det i),'"&D147&"','"&D147&"','02', '11000003','00','Request by Mr. Saqib Saleem 21-Nov-2024');" -> ('20Nov240019','070000167840','14598',(select max(to_number(i.premium_rcv_detail_code))+1 from ins_premium_det i),'14598','14598','02', '11000003','00','Request by Mr. Saqib Saleem 21-Nov-2024'); | H147: =F147&G147 -> insert into ins_premium_det (premium_rcv_code,assorted_code, rec_amount,premium_rcv_detail_code,remaining_amt, payrec, mode_code,coinsurance_code,class_cd,it_remarks) values('20Nov240019','070000167840','14598',(select max(to_number(i.premium_rcv_detail_code))+1 from ins_premium_det i),'14598','14598','02', '11000003','00','Request by Mr. Saqib Saleem 21-Nov-2024');

Sheet Sheet2
I1: L
A2: KHI/HO/D/MO/PC COMP/C/100194/7/10/2024 | B2: -10-2024 | H2: 100194 | I2: 00007 | J2: ="ia.assorted_string like '%"&H2&"-"&I2&B2&"%' or" -> ia.assorted_string like '%100194-00007-10-2024%' or
A3: KHI/HO/D/MO/PC COMP/P/100194/10/2024 | B3: -10-2024 | H3: 100194 | I3: 00010 | J3: ="ia.assorted_string like '%"&H3&"-"&I3&B3&"%' or" -> ia.assorted_string like '%100194-00010-10-2024%' or
A4: KHI/HO/D/MO/PC COMP/C/100194/1/10/2024 | B4: -10-2024 | H4: 100194 | I4: 00001 | J4: ="ia.assorted_string like '%"&H4&"-"&I4&B4&"%' or" -> ia.assorted_string like '%100194-00001-10-2024%' or
A5: KHI/HO/D/MO/PC COMP/C/100194/6/10/2024 | B5: -10-2024 | H5: 100194 | I5: 00006 | J5: ="ia.assorted_string like '%"&H5&"-"&I5&B5&"%' or" -> ia.assorted_string like '%100194-00006-10-2024%' or
A6: KHI/HO/D/MO/PC COMP/C/100194/5/10/2024 | B6: -10-2024 | H6: 100194 | I6: 00005 | J6: ="ia.assorted_string like '%"&H6&"-"&I6&B6&"%' or" -> ia.assorted_string like '%100194-00005-10-2024%' or
A7: KHI/HO/D/MO/PC COMP/C/100194/2/10/2024 | B7: -10-2024 | H7: 100194 | I7: 00002 | J7: ="ia.assorted_string like '%"&H7&"-"&I7&B7&"%' or" -> ia.assorted_string like '%100194-00002-10-2024%' or
A8: KHI/HO/D/MO/PC COMP/C/100033/5/10/2024 | B8: -10-2024 | H8: 100033 | I8: 00005 | J8: ="ia.assorted_string like '%"&H8&"-"&I8&B8&"%' or" -> ia.assorted_string like '%100033-00005-10-2024%' or
A9: KHI/HO/D/MO/PC COMP/C/100194/3/10/2024 | B9: -10-2024 | H9: 100194 | I9: 00003 | J9: ="ia.assorted_string like '%"&H9&"-"&I9&B9&"%' or" -> ia.assorted_string like '%100194-00003-10-2024%' or
A10: KHI/HO/D/MO/PC COMP/C/100033/3/10/2024 | B10: -10-2024 | H10: 100033 | I10: 00003 | J10: ="ia.assorted_string like '%"&H10&"-"&I10&B10&"%' or" -> ia.assorted_string like '%100033-00003-10-2024%' or
A11: KHI/HO/D/MO/PC COMP/C/100033/9/10/2024 | B11: -10-2024 | H11: 100033 | I11: 00009 | J11: ="ia.assorted_string like '%"&H11&"-"&I11&B11&"%' or" -> ia.assorted_string like '%100033-00009-10-2024%' or
A12: KHI/HO/D/MO/PC COMP/C/100033/6/10/2024 | B12: -10-2024 | H12: 100033 | I12: 00006 | J12: ="ia.assorted_string like '%"&H12&"-"&I12&B12&"%' or" -> ia.assorted_string like '%100033-00006-10-2024%' or
A13: KHI/HO/D/MO/PC COMP/C/100033/2/10/2024 | B13: -10-2024 | H13: 100033 | I13: 00002 | J13: ="ia.assorted_string like '%"&H13&"-"&I13&B13&"%' or" -> ia.assorted_string like '%100033-00002-10-2024%' or
... A147: KHI/HO/D/MO/PC COMP/C/100129/3/10/2024 | B147: -10-2024 | H147: 100129 | I147: 00003 | J147: ="ia.assorted_string like '%"&H147&"-"&I147&B147&"%' or" -> ia.assorted_string like '%100129-00003-10-2024%' or

Sheet Policy
B1: FUNC_ASSORTED_STRING(IA.ASSORTED_CODE) | C1: ASSORTED_CODE
A2: 1 | B2: KHI/HO/D/MO/PC COMP/C/100228/5/10/2024 | C2: 070000167914
A3: 2 | B3: KHI/HO/D/MO/PC COMP/C/100120/1/10/2024 | C3: 070000167818
A4: 3 | B4: KHI/HO/D/MO/PC COMP/C/100120/2/10/2024 | C4: 070000167823
A5: 4 | B5: KHI/HO/D/MO/PC COMP/C/100120/3/10/2024 | C5: 070000167825
A6: 5 | B6: KHI/HO/D/MO/PC COMP/C/100228/6/10/2024 | C6: 070000167915
A7: 6 | B7: KHI/HO/D/MO/PC COMP/C/100100/2/10/2024 | C7: 070000167793
A8: 7 | B8: KHI/HO/D/MO/PC COMP/C/100100/3/10/2024 | C8: 070000167794
A9: 8 | B9: KHI/HO/D/MO/PC COMP/C/100242/1/10/2024 | C9: 070000167942
A10: 9 | B10: KHI/HO/D/MO/PC COMP/C/100242/2/10/2024 | C10: 070000167943
A11: 10 | B11: KHI/HO/D/MO/PC COMP/C/100242/3/10/2024 | C11: 070000167944
A12: 11 | B12: KHI/HO/D/MO/PC COMP/C/100094/6/10/2024 | C12: 070000167768
A13: 12 | B13: KHI/HO/D/MO/PC COMP/C/100118/1/10/2024 | C13: 070000167813
... A147: 1 | B147: KHI/HO/D/MO/PC COMP/P/102358/11/2024 | C147: 040000189796
