Workbook

Sheet PAYMENT ON MONTH OF OCT-2024
A1: Contract No. | B1: Customer Name | C1: CNIC No. | D1: Engine No. | E1: Chassis No. | F1: Premium | G1: ACC Number | H1: ACC Branch | I1: INSURANCE CO. | J1: Policy No. | K1: TMS Premium
A2: 9976AD1242130007 | B2: RIZWAN IQBAL | C2: 33100-1956069-1 | D2: 325286 | E2: 1225184 | F2: 53288 | G2: 0006437055 | H2: 106 | I2: SALAAM TAKAFUL PAKISTAN | J2: KHI/HO/D/MO/PC COMP/C/98824/38/10/2024 | K2: 53288
A3: 9976AD1242330001 | B3: MUHAMMAD ADEEL IKRAM | C3: 34101-0722384-9 | D3: Q370976 | E3: 7070199 | F3: 133543 | G3: 0006437055 | H3: 106 | I3: SALAAM TAKAFUL PAKISTAN | J3: KHI/HO/D/MO/PC COMP/C/98824/18/10/2024 | K3: 133543
A4: 9976AP1242780003 | B4: ASIF ZIA | C4: 33102-9295396-3 | D4: L12B51027005 | E4: RR043568 | F4: 82583 | G4: 0006437055 | H4: 106 | I4: SALAAM TAKAFUL PAKISTAN | J4: KHI/HO/D/MO/PC COMP/C/98824/4/10/2024 | K4: 82583
A5: 9976AP1242780004 | B5: SAMI TARIQ | C5: 33102-3276370-1 | D5: Z537042 | E5: 4162736 | F5: 75250 | G5: 0006437055 | H5: 106 | I5: SALAAM TAKAFUL PAKISTAN | J5: KHI/HO/D/MO/PC COMP/C/98824/5/10/2024 | K5: 75250
A6: 9976AP1242850002 | B6: MUHAMMAD ARIF | C6: 42301-4613699-5 | D6: 7459610 | E6: 202516 | F6: 52500 | G6: 0006437055 | H6: 106 | I6: SALAAM TAKAFUL PAKISTAN | J6: #N/A
A7: 9976AP1243020005 | B7: MUHAMMAD MUZAMMIL | C7: 45504-0886797-7 | D7: Z570880 | E7: 4199297 | F7: 73500 | G7: 0006437055 | H7: 106 | I7: SALAAM TAKAFUL PAKISTAN | J7: KHI/HO/D/MO/PC COMP/C/98824/33/10/2024 | K7: 73500
A8: 9976AP1243020007 | B8: BASHARAT HAMID | C8: 33105-0361437-1 | D8: 244H0004449 | E8: 2010115 | F8: 165182 | G8: 0006437055 | H8: 106 | I8: SALAAM TAKAFUL PAKISTAN | J8: KHI/HO/D/MO/PC COMP/C/98824/36/10/2024 | K8: 165182
A9: 9976AP1243030008 | B9: MUHAMMAD SHAHID | C9: 31303-8682978-9 | D9: 6R193509 | E9: 1093495 | F9: 45500 | G9: 0006437055 | H9: 106 | I9: SALAAM TAKAFUL PAKISTAN | J9: KHI/HO/D/MO/PC COMP/C/98824/32/10/2024 | K9: 45500
A10: 9976AP1243030010 | B10: ABDUL GHAFFAR RAJPUT | C10: 45504-1148201-3 | D10: PK10B214082 | E10: 10114097 | F10: 45063 | G10: 0006437055 | H10: 106 | I10: SALAAM TAKAFUL PAKISTAN | J10: KHI/HO/D/MO/PC COMP/C/98824/39/10/2024 | K10: 45063
A11: 9976AP1243040011 | B11: YASIR SHAHZAD | C11: 33100-9359463-7 | D11: 6R290289 | E11: 1190328 | F11: 53288 | G11: 0006437055 | H11: 106 | I11: SALAAM TAKAFUL PAKISTAN | J11: KHI/HO/D/MO/PC COMP/C/98824/35/10/2024 | K11: 53288
A12: 9976AP1243040014 | B12: MUHAMMAD MASUD | C12: 37405-4906219-7 | D12: PK10K180108 | E12: 10080121 | F12: 44250 | G12: 0006437055 | H12: 106 | I12: SALAAM TAKAFUL PAKISTAN | J12: KHI/HO/D/MO/PC COMP/C/98824/44/10/2024 | K12: 44250
A13: 9976AP1243050022 | B13: SALEEM ABBAS | C13: 33100-0893342-7 | D13: 6R302672 | E13: 1202663 | F13: 47163 | G13: 0006437055 | H13: 106 | I13: SALAAM TAKAFUL PAKISTAN | J13: KHI/HO/D/MO/PC COMP/C/98824/48/10/2024 | K13: 47163
A14: 9976AP1243050024 | B14: MEHMOOD HUSSAIN SOOMRO | C14: 41303-1245142-3 | D14: 324508 | E14: 1224534 | F14: 53288 | G14: 0006437055 | H14: 106 | I14: SALAAM TAKAFUL PAKISTAN | J14: KHI/HO/D/MO/PC COMP/C/98824/46/10/2024 | K14: 53288
A15: 9976AP1243050027 | B15: ABDUL BARI | C15: 43105-5181326-9 | D15: 6R209999 | E15: 1109974 | F15: 39813 | G15: 0006437055 | H15: 106 | I15: SALAAM TAKAFUL PAKISTAN | J15: KHI/HO/D/MO/PC COMP/C/98824/41/10/2024 | K15: 39813
A16: 9976AP1243050033 | B16: ABDUL REHMAN | C16: 33100-9441387-3 | D16: G3LARP035640 | E16: 713940 | F16: 67375 | G16: 0006437055 | H16: 106 | I16: SALAAM TAKAFUL PAKISTAN | J16: KHI/HO/D/MO/PC COMP/C/98824/58/10/2024 | K16: 67375
A17: 9976AP2242880001 | B17: USMAN KHALID | C17: 13501-9396280-1 | D17: 04603851W | E17: 04577 | F17: 32988 | G17: 0006437055 | H17: 106 | I17: SALAAM TAKAFUL PAKISTAN | J17: KHI/HO/D/MO/PC COMP/C/98824/9/10/2024 | K17: 32988
A18: 9976AP2242890003 | B18: MUHAMMAD SALMAN SHAFI | C18: 33102-1818399-5 | D18: Q047220 | E18: 6024713 | F18: 78750 | G18: 0006437055 | H18: 106 | I18: SALAAM TAKAFUL PAKISTAN | J18: KHI/HO/D/MO/PC COMP/C/98824/19/10/2024 | K18: 78750
... A58: 997APD2242970006 | B58: MUHAMMAD YASEEN | C58: 35301-2151235-7 | D58: PK10K183256 | E58: 10083211 | F58: 45500 | G58: 0006437055 | H58: 106 | I58: SALAAM TAKAFUL PAKISTAN | J58: KHI/HO/D/MO/PC COMP/C/98824/28/10/2024 | K58: 45500
E60: Payment Recived | F60: =SUM(F2:F59) -> 3847216 | K60: 3794716
F61: 3794716
E62: Advance | F62: 52500
F64: =F60-F62 -> 3794716

Sheet working
A1: POLICY NO. | B1: Assorted_code | D1: Premium | E1: 08Nov240048
A2: KHI/HO/D/MO/PC COMP/C/98824/38/10/2024 | B2: =VLOOKUP(A2,policy!B:C,2,0) -> 070000169051 | C2: 53288 | D2: =ROUND(C2,0) -> 53288 | E2: 08Nov240048 | F2: ="insert into ins_premium_det (premium_rcv_code,assorted_code, rec_amount,premium_rcv_detail_code,remaining_amt, payrec, mode_code,coinsurance_code,class_cd,it_remarks) values" -> insert into ins_premium_det (premium_rcv_code,assorted_code, rec_amount,premium_rcv_detail_code,remaining_amt, payrec, mode_code,coinsurance_code,class_cd,it_remarks) values | G2: ="('"&E2&"','"&B2&"','"&D2&"',(select max(to_number(i.premium_rcv_detail_code))+1 from ins_premium_det i),'"&D2&"','"&D2&"','02', '11000003','00','Request by Mr. Saqib Saleem 08-Nov-2024');" -> ('08Nov240048','070000169051','53288',(select max(to_number(i.premium_rcv_detail_code))+1 from ins_premium_det i),'53288','53288','02', '11000003','00','Request by Mr. Saqib Saleem 08-Nov-2024'); | H2: =F2&G2 -> insert into ins_premium_det (premium_rcv_code,assorted_code, rec_amount,premium_rcv_detail_code,remaining_amt, payrec, mode_code,coinsurance_code,class_cd,it_remarks) values('08Nov240048','070000169051','53288',(select max(to_number(i.premium_rcv_detail_code))+1 from ins_premium_det i),'53288','53288','02', '11000003','00','Request by Mr. Saqib Saleem 08-Nov-2024');
A3: KHI/HO/D/MO/PC COMP/C/98824/18/10/2024 | B3: =VLOOKUP(A3,policy!B:C,2,0) -> 070000167444 | C3: 133543 | D3: =ROUND(C3,0) -> 133543 | E3: 08Nov240048 | F3: ="insert into ins_premium_det (premium_rcv_code,assorted_code, rec_amount,premium_rcv_detail_code,remaining_amt, payrec, mode_code,coinsurance_code,class_cd,it_remarks) values" -> insert into ins_premium_det (premium_rcv_code,assorted_code, rec_amount,premium_rcv_detail_code,remaining_amt, payrec, mode_code,coinsurance_code,class_cd,it_remarks) values | G3: ="('"&E3&"','"&B3&"','"&D3&"',(select max(to_number(i.premium_rcv_detail_code))+1 from ins_premium_det i),'"&D3&"','"&D3&"','02', '11000003','00','Request by Mr. Saqib Saleem 08-Nov-2024');" -> ('08Nov240048','070000167444','133543',(select max(to_number(i.premium_rcv_detail_code))+1 from ins_premium_det i),'133543','133543','02', '11000003','00','Request by Mr. Saqib Saleem 08-Nov-2024'); | H3: =F3&G3 -> insert into ins_premium_det (premium_rcv_code,assorted_code, rec_amount,premium_rcv_detail_code,remaining_amt, payrec, mode_code,coinsurance_code,class_cd,it_remarks) values('08Nov240048','070000167444','133543',(select max(to_number(i.premium_rcv_detail_code))+1 from ins_premium_det i),'133543','133543','02', '11000003','00','Request by Mr. Saqib Saleem 08-Nov-2024');
A4: KHI/HO/D/MO/PC COMP/C/98824/4/10/2024 | B4: =VLOOKUP(A4,policy!B:C,2,0) -> 070000166966 | C4: 82583 | D4: =ROUND(C4,0) -> 82583 | E4: 08Nov240048 | F4: ="insert into ins_premium_det (premium_rcv_code,assorted_code, rec_amount,premium_rcv_detail_code,remaining_amt, payrec, mode_code,coinsurance_code,class_cd,it_remarks) values" -> insert into ins_premium_det (premium_rcv_code,assorted_code, rec_amount,premium_rcv_detail_code,remaining_amt, payrec, mode_code,coinsurance_code,class_cd,it_remarks) values | G4: ="('"&E4&"','"&B4&"','"&D4&"',(select max(to_number(i.premium_rcv_detail_code))+1 from ins_premium_det i),'"&D4&"','"&D4&"','02', '11000003','00','Request by Mr. Saqib Saleem 08-Nov-2024');" -> ('08Nov240048','070000166966','82583',(select max(to_number(i.premium_rcv_detail_code))+1 from ins_premium_det i),'82583','82583','02', '11000003','00','Request by Mr. Saqib Saleem 08-Nov-2024'); | H4: =F4&G4 -> insert into ins_premium_det (premium_rcv_code,assorted_code, rec_amount,premium_rcv_detail_code,remaining_amt, payrec, mode_code,coinsurance_code,class_cd,it_remarks) values('08Nov240048','070000166966','82583',(select max(to_number(i.premium_rcv_detail_code))+1 from ins_premium_det i),'82583','82583','02', '11000003','00','Request by Mr. Saqib Saleem 08-Nov-2024');
A5: KHI/HO/D/MO/PC COMP/C/98824/5/10/2024 | B5: =VLOOKUP(A5,policy!B:C,2,0) -> 070000166967 | C5: 75250 | D5: =ROUND(C5,0) -> 75250 | E5: 08Nov240048 | F5: ="insert into ins_premium_det (premium_rcv_code,assorted_code, rec_amount,premium_rcv_detail_code,remaining_amt, payrec, mode_code,coinsurance_code,class_cd,it_remarks) values" -> insert into ins_premium_det (premium_rcv_code,assorted_code, rec_amount,premium_rcv_detail_code,remaining_amt, payrec, mode_code,coinsurance_code,class_cd,it_remarks) values | G5: ="('"&E5&"','"&B5&"','"&D5&"',(select max(to_number(i.premium_rcv_detail_code))+1 from ins_premium_det i),'"&D5&"','"&D5&"','02', '11000003','00','Request by Mr. Saqib Saleem 08-Nov-2024');" -> ('08Nov240048','070000166967','75250',(select max(to_number(i.premium_rcv_detail_code))+1 from ins_premium_det i),'75250','75250','02', '11000003','00','Request by Mr. Saqib Saleem 08-Nov-2024'); | H5: =F5&G5 -> insert into ins_premium_det (premium_rcv_code,assorted_code, rec_amount,premium_rcv_detail_code,remaining_amt, payrec, mode_code,coinsurance_code,class_cd,it_remarks) values('08Nov240048','070000166967','75250',(select max(to_number(i.premium_rcv_detail_code))+1 from ins_premium_det i),'75250','75250','02', '11000003','00','Request by Mr. Saqib Saleem 08-Nov-2024');
A6: #N/A | B6: =VLOOKUP(A6,policy!B:C,2,0) -> #N/A | E6: 08Nov240048 | F6: ="insert into ins_premium_det (premium_rcv_code,assorted_code, rec_amount,premium_rcv_detail_code,remaining_amt, payrec, mode_code,coinsurance_code,class_cd,it_remarks) values" -> insert into ins_premium_det (premium_rcv_code,assorted_code, rec_amount,premium_rcv_detail_code,remaining_amt, payrec, mode_code,coinsurance_code,class_cd,it_remarks) values | G6: ="('"&E6&"','"&B6&"','"&D6&"',(select max(to_number(i.premium_rcv_detail_code))+1 from ins_premium_det i),'"&D6&"','"&D6&"','02', '11000003','00','Request by Mr. Saqib Saleem 08-Nov-2024');" -> #N/A
A7: KHI/HO/D/MO/PC COMP/C/98824/33/10/2024 | B7: =VLOOKUP(A7,policy!B:C,2,0) -> 070000169037 | C7: 73500 | D7: =ROUND(C7,0) -> 73500 | E7: 08Nov240048 | F7: ="insert into ins_premium_det (premium_rcv_code,assorted_code, rec_amount,premium_rcv_detail_code,remaining_amt, payrec, mode_code,coinsurance_code,class_cd,it_remarks) values" -> insert into ins_premium_det (premium_rcv_code,assorted_code, rec_amount,premium_rcv_detail_code,remaining_amt, payrec, mode_code,coinsurance_code,class_cd,it_remarks) values | G7: ="('"&E7&"','"&B7&"','"&D7&"',(select max(to_number(i.premium_rcv_detail_code))+1 from ins_premium_det i),'"&D7&"','"&D7&"','02', '11000003','00','Request by Mr. Saqib Saleem 08-Nov-2024');" -> ('08Nov240048','070000169037','73500',(select max(to_number(i.premium_rcv_detail_code))+1 from ins_premium_det i),'73500','73500','02', '11000003','00','Request by Mr. Saqib Saleem 08-Nov-2024'); | H7: =F7&G7 -> insert into ins_premium_det (premium_rcv_code,assorted_code, rec_amount,premium_rcv_detail_code,remaining_amt, payrec, mode_code,coinsurance_code,class_cd,it_remarks) values('08Nov240048','070000169037','73500',(select max(to_number(i.premium_rcv_detail_code))+1 from ins_premium_det i),'73500','73500','02', '11000003','00','Request by Mr. Saqib Saleem 08-Nov-2024');
A8: KHI/HO/D/MO/PC COMP/C/98824/36/10/2024 | B8: =VLOOKUP(A8,policy!B:C,2,0) -> 070000169043 | C8: 165182 | D8: =ROUND(C8,0) -> 165182 | E8: 08Nov240048 | F8: ="insert into ins_premium_det (premium_rcv_code,assorted_code, rec_amount,premium_rcv_detail_code,remaining_amt, payrec, mode_code,coinsurance_code,class_cd,it_remarks) values" -> insert into ins_premium_det (premium_rcv_code,assorted_code, rec_amount,premium_rcv_detail_code,remaining_amt, payrec, mode_code,coinsurance_code,class_cd,it_remarks) values | G8: ="('"&E8&"','"&B8&"','"&D8&"',(select max(to_number(i.premium_rcv_detail_code))+1 from ins_premium_det i),'"&D8&"','"&D8&"','02', '11000003','00','Request by Mr. Saqib Saleem 08-Nov-2024');" -> ('08Nov240048','070000169043','165182',(select max(to_number(i.premium_rcv_detail_code))+1 from ins_premium_det i),'165182','165182','02', '11000003','00','Request by Mr. Saqib Saleem 08-Nov-2024'); | H8: =F8&G8 -> insert into ins_premium_det (premium_rcv_code,assorted_code, rec_amount,premium_rcv_detail_code,remaining_amt, payrec, mode_code,coinsurance_code,class_cd,it_remarks) values('08Nov240048','070000169043','165182',(select max(to_number(i.premium_rcv_detail_code))+1 from ins_premium_det i),'165182','165182','02', '11000003','00','Request by Mr. Saqib Saleem 08-Nov-2024');
A9: KHI/HO/D/MO/PC COMP/C/98824/32/10/2024 | B9: =VLOOKUP(A9,policy!B:C,2,0) -> 070000169016 | C9: 45500 | D9: =ROUND(C9,0) -> 45500 | E9: 08Nov240048 | F9: ="insert into ins_premium_det (premium_rcv_code,assorted_code, rec_amount,premium_rcv_detail_code,remaining_amt, payrec, mode_code,coinsurance_code,class_cd,it_remarks) values" -> insert into ins_premium_det (premium_rcv_code,assorted_code, rec_amount,premium_rcv_detail_code,remaining_amt, payrec, mode_code,coinsurance_code,class_cd,it_remarks) values | G9: ="('"&E9&"','"&B9&"','"&D9&"',(select max(to_number(i.premium_rcv_detail_code))+1 from ins_premium_det i),'"&D9&"','"&D9&"','02', '11000003','00','Request by Mr. Saqib Saleem 08-Nov-2024');" -> ('08Nov240048','070000169016','45500',(select max(to_number(i.premium_rcv_detail_code))+1 from ins_premium_det i),'45500','45500','02', '11000003','00','Request by Mr. Saqib Saleem 08-Nov-2024'); | H9: =F9&G9 -> insert into ins_premium_det (premium_rcv_code,assorted_code, rec_amount,premium_rcv_detail_code,remaining_amt, payrec, mode_code,coinsurance_code,class_cd,it_remarks) values('08Nov240048','070000169016','45500',(select max(to_number(i.premium_rcv_detail_code))+1 from ins_premium_det i),'45500','45500','02', '11000003','00','Request by Mr. Saqib Saleem 08-Nov-2024');
A10: KHI/HO/D/MO/PC COMP/C/98824/39/10/2024 | B10: =VLOOKUP(A10,policy!B:C,2,0) -> 070000169289 | C10: 45063 | D10: =ROUND(C10,0) -> 45063 | E10: 08Nov240048 | F10: ="insert into ins_premium_det (premium_rcv_code,assorted_code, rec_amount,premium_rcv_detail_code,remaining_amt, payrec, mode_code,coinsurance_code,class_cd,it_remarks) values" -> insert into ins_premium_det (premium_rcv_code,assorted_code, rec_amount,premium_rcv_detail_code,remaining_amt, payrec, mode_code,coinsurance_code,class_cd,it_remarks) values | G10: ="('"&E10&"','"&B10&"','"&D10&"',(select max(to_number(i.premium_rcv_detail_code))+1 from ins_premium_det i),'"&D10&"','"&D10&"','02', '11000003','00','Request by Mr. Saqib Saleem 08-Nov-2024');" -> ('08Nov240048','070000169289','45063',(select max(to_number(i.premium_rcv_detail_code))+1 from ins_premium_det i),'45063','45063','02', '11000003','00','Request by Mr. Saqib Saleem 08-Nov-2024'); | H10: =F10&G10 -> insert into ins_premium_det (premium_rcv_code,assorted_code, rec_amount,premium_rcv_detail_code,remaining_amt, payrec, mode_code,coinsurance_code,class_cd,it_remarks) values('08Nov240048','070000169289','45063',(select max(to_number(i.premium_rcv_detail_code))+1 from ins_premium_det i),'45063','45063','02', '11000003','00','Request by Mr. Saqib Saleem 08-Nov-2024');
A11: KHI/HO/D/MO/PC COMP/C/98824/35/10/2024 | B11: =VLOOKUP(A11,policy!B:C,2,0) -> 070000169042 | C11: 53288 | D11: =ROUND(C11,0) -> 53288 | E11: 08Nov240048 | F11: ="insert into ins_premium_det (premium_rcv_code,assorted_code, rec_amount,premium_rcv_detail_code,remaining_amt, payrec, mode_code,coinsurance_code,class_cd,it_remarks) values" -> insert into ins_premium_det (premium_rcv_code,assorted_code, rec_amount,premium_rcv_detail_code,remaining_amt, payrec, mode_code,coinsurance_code,class_cd,it_remarks) values | G11: ="('"&E11&"','"&B11&"','"&D11&"',(select max(to_number(i.premium_rcv_detail_code))+1 from ins_premium_det i),'"&D11&"','"&D11&"','02', '11000003','00','Request by Mr. Saqib Saleem 08-Nov-2024');" -> ('08Nov240048','070000169042','53288',(select max(to_number(i.premium_rcv_detail_code))+1 from ins_premium_det i),'53288','53288','02', '11000003','00','Request by Mr. Saqib Saleem 08-Nov-2024'); | H11: =F11&G11 -> insert into ins_premium_det (premium_rcv_code,assorted_code, rec_amount,premium_rcv_detail_code,remaining_amt, payrec, mode_code,coinsurance_code,class_cd,it_remarks) values('08Nov240048','070000169042','53288',(select max(to_number(i.premium_rcv_detail_code))+1 from ins_premium_det i),'53288','53288','02', '11000003','00','Request by Mr. Saqib Saleem 08-Nov-2024');
A12: KHI/HO/D/MO/PC COMP/C/98824/44/10/2024 | B12: =VLOOKUP(A12,policy!B:C,2,0) -> 070000169348 | C12: 44250 | D12: =ROUND(C12,0) -> 44250 | E12: 08Nov240048 | F12: ="insert into ins_premium_det (premium_rcv_code,assorted_code, rec_amount,premium_rcv_detail_code,remaining_amt, payrec, mode_code,coinsurance_code,class_cd,it_remarks) values" -> insert into ins_premium_det (premium_rcv_code,assorted_code, rec_amount,premium_rcv_detail_code,remaining_amt, payrec, mode_code,coinsurance_code,class_cd,it_remarks) values | G12: ="('"&E12&"','"&B12&"','"&D12&"',(select max(to_number(i.premium_rcv_detail_code))+1 from ins_premium_det i),'"&D12&"','"&D12&"','02', '11000003','00','Request by Mr. Saqib Saleem 08-Nov-2024');" -> ('08Nov240048','070000169348','44250',(select max(to_number(i.premium_rcv_detail_code))+1 from ins_premium_det i),'44250','44250','02', '11000003','00','Request by Mr. Saqib Saleem 08-Nov-2024'); | H12: =F12&G12 -> insert into ins_premium_det (premium_rcv_code,assorted_code, rec_amount,premium_rcv_detail_code,remaining_amt, payrec, mode_code,coinsurance_code,class_cd,it_remarks) values('08Nov240048','070000169348','44250',(select max(to_number(i.premium_rcv_detail_code))+1 from ins_premium_det i),'44250','44250','02', '11000003','00','Request by Mr. Saqib Saleem 08-Nov-2024');
A13: KHI/HO/D/MO/PC COMP/C/98824/48/10/2024 | B13: =VLOOKUP(A13,policy!B:C,2,0) -> 070000169376 | C13: 47163 | D13: =ROUND(C13,0) -> 47163 | E13: 08Nov240048 | F13: ="insert into ins_premium_det (premium_rcv_code,assorted_code, rec_amount,premium_rcv_detail_code,remaining_amt, payrec, mode_code,coinsurance_code,class_cd,it_remarks) values" -> insert into ins_premium_det (premium_rcv_code,assorted_code, rec_amount,premium_rcv_detail_code,remaining_amt, payrec, mode_code,coinsurance_code,class_cd,it_remarks) values | G13: ="('"&E13&"','"&B13&"','"&D13&"',(select max(to_number(i.premium_rcv_detail_code))+1 from ins_premium_det i),'"&D13&"','"&D13&"','02', '11000003','00','Request by Mr. Saqib Saleem 08-Nov-2024');" -> ('08Nov240048','070000169376','47163',(select max(to_number(i.premium_rcv_detail_code))+1 from ins_premium_det i),'47163','47163','02', '11000003','00','Request by Mr. Saqib Saleem 08-Nov-2024'); | H13: =F13&G13 -> insert into ins_premium_det (premium_rcv_code,assorted_code, rec_amount,premium_rcv_detail_code,remaining_amt, payrec, mode_code,coinsurance_code,class_cd,it_remarks) values('08Nov240048','070000169376','47163',(select max(to_number(i.premium_rcv_detail_code))+1 from ins_premium_det i),'47163','47163','02', '11000003','00','Request by Mr. Saqib Saleem 08-Nov-2024');
A14: KHI/HO/D/MO/PC COMP/C/98824/46/10/2024 | B14: =VLOOKUP(A14,policy!B:C,2,0) -> 070000169366 | C14: 53288 | D14: =ROUND(C14,0) -> 53288 | E14: 08Nov240048 | F14: ="insert into ins_premium_det (premium_rcv_code,assorted_code, rec_amount,premium_rcv_detail_code,remaining_amt, payrec, mode_code,coinsurance_code,class_cd,it_remarks) values" -> insert into ins_premium_det (premium_rcv_code,assorted_code, rec_amount,premium_rcv_detail_code,remaining_amt, payrec, mode_code,coinsurance_code,class_cd,it_remarks) values | G14: ="('"&E14&"','"&B14&"','"&D14&"',(select max(to_number(i.premium_rcv_detail_code))+1 from ins_premium_det i),'"&D14&"','"&D14&"','02', '11000003','00','Request by Mr. Saqib Saleem 08-Nov-2024');" -> ('08Nov240048','070000169366','53288',(select max(to_number(i.premium_rcv_detail_code))+1 from ins_premium_det i),'53288','53288','02', '11000003','00','Request by Mr. Saqib Saleem 08-Nov-2024'); | H14: =F14&G14 -> insert into ins_premium_det (premium_rcv_code,assorted_code, rec_amount,premium_rcv_detail_code,remaining_amt, payrec, mode_code,coinsurance_code,class_cd,it_remarks) values('08Nov240048','070000169366','53288',(select max(to_number(i.premium_rcv_detail_code))+1 from ins_premium_det i),'53288','53288','02', '11000003','00','Request by Mr. Saqib Saleem 08-Nov-2024');
A15: KHI/HO/D/MO/PC COMP/C/98824/41/10/2024 | B15: =VLOOKUP(A15,policy!B:C,2,0) -> 070000169345 | C15: 39813 | D15: =ROUND(C15,0) -> 39813 | E15: 08Nov240048 | F15: ="insert into ins_premium_det (premium_rcv_code,assorted_code, rec_amount,premium_rcv_detail_code,remaining_amt, payrec, mode_code,coinsurance_code,class_cd,it_remarks) values" -> insert into ins_premium_det (premium_rcv_code,assorted_code, rec_amount,premium_rcv_detail_code,remaining_amt, payrec, mode_code,coinsurance_code,class_cd,it_remarks) values | G15: ="('"&E15&"','"&B15&"','"&D15&"',(select max(to_number(i.premium_rcv_detail_code))+1 from ins_premium_det i),'"&D15&"','"&D15&"','02', '11000003','00','Request by Mr. Saqib Saleem 08-Nov-2024');" -> ('08Nov240048','070000169345','39813',(select max(to_number(i.premium_rcv_detail_code))+1 from ins_premium_det i),'39813','39813','02', '11000003','00','Request by Mr. Saqib Saleem 08-Nov-2024'); | H15: =F15&G15 -> insert into ins_premium_det (premium_rcv_code,assorted_code, rec_amount,premium_rcv_detail_code,remaining_amt, payrec, mode_code,coinsurance_code,class_cd,it_remarks) values('08Nov240048','070000169345','39813',(select max(to_number(i.premium_rcv_detail_code))+1 from ins_premium_det i),'39813','39813','02', '11000003','00','Request by Mr. Saqib Saleem 08-Nov-2024');
A16: KHI/HO/D/MO/PC COMP/C/98824/58/10/2024 | B16: =VLOOKUP(A16,policy!B:C,2,0) -> 070000169422 | C16: 67375 | D16: =ROUND(C16,0) -> 67375 | E16: 08Nov240048 | F16: ="insert into ins_premium_det (premium_rcv_code,assorted_code, rec_amount,premium_rcv_detail_code,remaining_amt, payrec, mode_code,coinsurance_code,class_cd,it_remarks) values" -> insert into ins_premium_det (premium_rcv_code,assorted_code, rec_amount,premium_rcv_detail_code,remaining_amt, payrec, mode_code,coinsurance_code,class_cd,it_remarks) values | G16: ="('"&E16&"','"&B16&"','"&D16&"',(select max(to_number(i.premium_rcv_detail_code))+1 from ins_premium_det i),'"&D16&"','"&D16&"','02', '11000003','00','Request by Mr. Saqib Saleem 08-Nov-2024');" -> ('08Nov240048','070000169422','67375',(select max(to_number(i.premium_rcv_detail_code))+1 from ins_premium_det i),'67375','67375','02', '11000003','00','Request by Mr. Saqib Saleem 08-Nov-2024'); | H16: =F16&G16 -> insert into ins_premium_det (premium_rcv_code,assorted_code, rec_amount,premium_rcv_detail_code,remaining_amt, payrec, mode_code,coinsurance_code,class_cd,it_remarks) values('08Nov240048','070000169422','67375',(select max(to_number(i.premium_rcv_detail_code))+1 from ins_premium_det i),'67375','67375','02', '11000003','00','Request by Mr. Saqib Saleem 08-Nov-2024');
A17: KHI/HO/D/MO/PC COMP/C/98824/9/10/2024 | B17: =VLOOKUP(A17,policy!B:C,2,0) -> 070000167032 | C17: 32988 | D17: =ROUND(C17,0) -> 32988 | E17: 08Nov240048 | F17: ="insert into ins_premium_det (premium_rcv_code,assorted_code, rec_amount,premium_rcv_detail_code,remaining_amt, payrec, mode_code,coinsurance_code,class_cd,it_remarks) values" -> insert into ins_premium_det (premium_rcv_code,assorted_code, rec_amount,premium_rcv_detail_code,remaining_amt, payrec, mode_code,coinsurance_code,class_cd,it_remarks) values | G17: ="('"&E17&"','"&B17&"','"&D17&"',(select max(to_number(i.premium_rcv_detail_code))+1 from ins_premium_det i),'"&D17&"','"&D17&"','02', '11000003','00','Request by Mr. Saqib Saleem 08-Nov-2024');" -> ('08Nov240048','070000167032','32988',(select max(to_number(i.premium_rcv_detail_code))+1 from ins_premium_det i),'32988','32988','02', '11000003','00','Request by Mr. Saqib Saleem 08-Nov-2024'); | H17: =F17&G17 -> insert into ins_premium_det (premium_rcv_code,assorted_code, rec_amount,premium_rcv_detail_code,remaining_amt, payrec, mode_code,coinsurance_code,class_cd,it_remarks) values('08Nov240048','070000167032','32988',(select max(to_number(i.premium_rcv_detail_code))+1 from ins_premium_det i),'32988','32988','02', '11000003','00','Request by Mr. Saqib Saleem 08-Nov-2024');
A18: KHI/HO/D/MO/PC COMP/C/98824/19/10/2024 | B18: =VLOOKUP(A18,policy!B:C,2,0) -> 070000167499 | C18: 78750 | D18: =ROUND(C18,0) -> 78750 | E18: 08Nov240048 | F18: ="insert into ins_premium_det (premium_rcv_code,assorted_code, rec_amount,premium_rcv_detail_code,remaining_amt, payrec, mode_code,coinsurance_code,class_cd,it_remarks) values" -> insert into ins_premium_det (premium_rcv_code,assorted_code, rec_amount,premium_rcv_detail_code,remaining_amt, payrec, mode_code,coinsurance_code,class_cd,it_remarks) values | G18: ="('"&E18&"','"&B18&"','"&D18&"',(select max(to_number(i.premium_rcv_detail_code))+1 from ins_premium_det i),'"&D18&"','"&D18&"','02', '11000003','00','Request by Mr. Saqib Saleem 08-Nov-2024');" -> ('08Nov240048','070000167499','78750',(select max(to_number(i.premium_rcv_detail_code))+1 from ins_premium_det i),'78750','78750','02', '11000003','00','Request by Mr. Saqib Saleem 08-Nov-2024'); | H18: =F18&G18 -> insert into ins_premium_det (premium_rcv_code,assorted_code, rec_amount,premium_rcv_detail_code,remaining_amt, payrec, mode_code,coinsurance_code,class_cd,it_remarks) values('08Nov240048','070000167499','78750',(select max(to_number(i.premium_rcv_detail_code))+1 from ins_premium_det i),'78750','78750','02', '11000003','00','Request by Mr. Saqib Saleem 08-Nov-2024');
... A58: KHI/HO/D/MO/PC COMP/C/98824/28/10/2024 | B58: =VLOOKUP(A58,policy!B:C,2,0) -> 070000167682 | C58: 45500 | D58: =ROUND(C58,0) -> 45500 | E58: 08Nov240048 | F58: ="insert into ins_premium_det (premium_rcv_code,assorted_code, rec_amount,premium_rcv_detail_code,remaining_amt, payrec, mode_code,coinsurance_code,class_cd,it_remarks) values" -> insert into ins_premium_det (premium_rcv_code,assorted_code, rec_amount,premium_rcv_detail_code,remaining_amt, payrec, mode_code,coinsurance_code,class_cd,it_remarks) values | G58: ="('"&E58&"','"&B58&"','"&D58&"',(select max(to_number(i.premium_rcv_detail_code))+1 from ins_premium_det i),'"&D58&"','"&D58&"','02', '11000003','00','Request by Mr. Saqib Saleem 08-Nov-2024');" -> ('08Nov240048','070000167682','45500',(select max(to_number(i.premium_rcv_detail_code))+1 from ins_premium_det i),'45500','45500','02', '11000003','00','Request by Mr. Saqib Saleem 08-Nov-2024'); | H58: =F58&G58 -> insert into ins_premium_det (premium_rcv_code,assorted_code, rec_amount,premium_rcv_detail_code,remaining_amt, payrec, mode_code,coinsurance_code,class_cd,it_remarks) values('08Nov240048','070000167682','45500',(select max(to_number(i.premium_rcv_detail_code))+1 from ins_premium_det i),'45500','45500','02', '11000003','00','Request by Mr. Saqib Saleem 08-Nov-2024');
D60: =SUM(D2:D58) -> 3794716

Sheet Sheet2
A1: KHI/HO/D/MO/PC COMP/C/98824/38/10/2024 | B1: -10-2024 | H1: 98824 | I1: 00038 | J1: ="ia.assorted_string like '%"&H1&"-"&I1&B1&"%' or" -> ia.assorted_string like '%98824-00038-10-2024%' or
A2: KHI/HO/D/MO/PC COMP/C/98824/18/10/2024 | B2: -10-2024 | H2: 98824 | I2: 00018 | J2: ="ia.assorted_string like '%"&H2&"-"&I2&B2&"%' or" -> ia.assorted_string like '%98824-00018-10-2024%' or
A3: KHI/HO/D/MO/PC COMP/C/98824/4/10/2024 | B3: -10-2024 | H3: 98824 | I3: 00004 | J3: ="ia.assorted_string like '%"&H3&"-"&I3&B3&"%' or" -> ia.assorted_string like '%98824-00004-10-2024%' or
A4: KHI/HO/D/MO/PC COMP/C/98824/5/10/2024 | B4: -10-2024 | H4: 98824 | I4: 00005 | J4: ="ia.assorted_string like '%"&H4&"-"&I4&B4&"%' or" -> ia.assorted_string like '%98824-00005-10-2024%' or
A5: #N/A | B5: #N-A
A6: KHI/HO/D/MO/PC COMP/C/98824/33/10/2024 | B6: -10-2024 | H6: 98824 | I6: 00033 | J6: ="ia.assorted_string like '%"&H6&"-"&I6&B6&"%' or" -> ia.assorted_string like '%98824-00033-10-2024%' or
A7: KHI/HO/D/MO/PC COMP/C/98824/36/10/2024 | B7: -10-2024 | H7: 98824 | I7: 00036 | J7: ="ia.assorted_string like '%"&H7&"-"&I7&B7&"%' or" -> ia.assorted_string like '%98824-00036-10-2024%' or
A8: KHI/HO/D/MO/PC COMP/C/98824/32/10/2024 | B8: -10-2024 | H8: 98824 | I8: 00032 | J8: ="ia.assorted_string like '%"&H8&"-"&I8&B8&"%' or" -> ia.assorted_string like '%98824-00032-10-2024%' or
A9: KHI/HO/D/MO/PC COMP/C/98824/39/10/2024 | B9: -10-2024 | H9: 98824 | I9: 00039 | J9: ="ia.assorted_string like '%"&H9&"-"&I9&B9&"%' or" -> ia.assorted_string like '%98824-00039-10-2024%' or
A10: KHI/HO/D/MO/PC COMP/C/98824/35/10/2024 | B10: -10-2024 | H10: 98824 | I10: 00035 | J10: ="ia.assorted_string like '%"&H10&"-"&I10&B10&"%' or" -> ia.assorted_string like '%98824-00035-10-2024%' or
A11: KHI/HO/D/MO/PC COMP/C/98824/44/10/2024 | B11: -10-2024 | H11: 98824 | I11: 00044 | J11: ="ia.assorted_string like '%"&H11&"-"&I11&B11&"%' or" -> ia.assorted_string like '%98824-00044-10-2024%' or
A12: KHI/HO/D/MO/PC COMP/C/98824/48/10/2024 | B12: -10-2024 | H12: 98824 | I12: 00048 | J12: ="ia.assorted_string like '%"&H12&"-"&I12&B12&"%' or" -> ia.assorted_string like '%98824-00048-10-2024%' or
A13: KHI/HO/D/MO/PC COMP/C/98824/46/10/2024 | B13: -10-2024 | H13: 98824 | I13: 00046 | J13: ="ia.assorted_string like '%"&H13&"-"&I13&B13&"%' or" -> ia.assorted_string like '%98824-00046-10-2024%' or
A14: KHI/HO/D/MO/PC COMP/C/98824/41/10/2024 | B14: -10-2024 | H14: 98824 | I14: 00041 | J14: ="ia.assorted_string like '%"&H14&"-"&I14&B14&"%' or" -> ia.assorted_string like '%98824-00041-10-2024%' or
A15: KHI/HO/D/MO/PC COMP/C/98824/58/10/2024 | B15: -10-2024 | H15: 98824 | I15: 00058 | J15: ="ia.assorted_string like '%"&H15&"-"&I15&B15&"%' or" -> ia.assorted_string like '%98824-00058-10-2024%' or
A16: KHI/HO/D/MO/PC COMP/C/98824/9/10/2024 | B16: -10-2024 | H16: 98824 | I16: 00009 | J16: ="ia.assorted_string like '%"&H16&"-"&I16&B16&"%' or" -> ia.assorted_string like '%98824-00009-10-2024%' or
A17: KHI/HO/D/MO/PC COMP/C/98824/19/10/2024 | B17: -10-2024 | H17: 98824 | I17: 00019 | J17: ="ia.assorted_string like '%"&H17&"-"&I17&B17&"%' or" -> ia.assorted_string like '%98824-00019-10-2024%' or
... A57: KHI/HO/D/MO/PC COMP/C/98824/28/10/2024 | B57: -10-2024 | H57: 98824 | I57: 00028 | J57: ="ia.assorted_string like '%"&H57&"-"&I57&B57&"%' or" -> ia.assorted_string like '%98824-00028-10-2024%' or

Sheet policy
B1: FUNC_ASSORTED_STRING(IA.ASSORTED_CODE) | C1: ASSORTED_CODE
A2: 1 | B2: KHI/HO/D/MO/PC COMP/C/98824/14/10/2024 | C2: 070000167338
A3: 2 | B3: KHI/HO/D/MO/PC COMP/C/98824/3/10/2024 | C3: 070000166965
A4: 3 | B4: KHI/HO/D/MO/PC COMP/C/98824/4/10/2024 | C4: 070000166966
A5: 4 | B5: KHI/HO/D/MO/PC COMP/C/98824/5/10/2024 | C5: 070000166967
A6: 5 | B6: KHI/HO/D/MO/PC COMP/C/98824/10/10/2024 | C6: 070000167276
A7: 6 | B7: KHI/HO/D/MO/PC COMP/C/98824/11/10/2024 | C7: 070000167277
A8: 7 | B8: KHI/HO/D/MO/PC COMP/C/98824/13/10/2024 | C8: 070000167317
A9: 8 | B9: KHI/HO/D/MO/PC COMP/C/98824/33/10/2024 | C9: 070000169037
A10: 9 | B10: KHI/HO/D/MO/PC COMP/C/98824/25/10/2024 | C10: 070000167625
A11: 10 | B11: KHI/HO/D/MO/PC COMP/C/98824/16/10/2024 | C11: 070000167355
A12: 11 | B12: KHI/HO/D/MO/PC COMP/C/98824/46/10/2024 | C12: 070000169366
A13: 12 | B13: KHI/HO/D/MO/PC COMP/C/98824/47/10/2024 | C13: 070000169369
... A57: 56 | B57: KHI/HO/D/MO/PC COMP/C/98824/58/10/2024 | C57: 070000169422
