Workbook

Sheet Sheet1
A1: Sr.No | B1: Policy No | C1: Agency Name | D1: Agency Code | E1: OS Cont
A2: 1 | B2: LHR/LHR/D/MO/PC COMP/P/87895/04/2024 | C2: SUZUKI RACECOURSE MOTORS | D2: 09000521 | E2: 20389
A3: 2 | B3: LHR/LHR/D/MO/PC COMP/P/89811/05/2024 | C3: Ahsan Fayyaz | D3: 09000521 | E3: 7452
A4: 3 | B4: LHR/LHR/D/MO/PC COMP/P/89813/05/2024 | C4: Syed Suleman Ashraf Gillani | D4: 09000521 | E4: 11581
A5: 4 | B5: LHR/LHR/D/MO/PC COMP/P/89815/05/2024 | C5: Ahsan Fayyaz | D5: 09000521 | E5: 6632
A6: 5 | B6: LHR/LHR/D/MO/PC COMP/P/90022/05/2024 | C6: Muhammad Hamza Parvez | D6: 09000521 | E6: 8753
A7: 6 | B7: LHR/LHR/D/MO/PC COMP/P/90024/05/2024 | C7: Muhammad Hamza Parvez | D7: 09000521 | E7: 12247
A8: 7 | B8: LHR/LHR/D/MO/PC COMP/P/90688/06/2024 | C8: Muhammad Hamza Parvez | D8: 09000521 | E8: 8881
A9: 8 | B9: LHR/LHR/D/MO/PC TPP/P/96761/09/2024 | C9: Muhammad Hamza Farooqui | D9: 09000521 | E9: 17000
A10: 9 | B10: LHR/LHR/D/MO/PC TPP/P/96763/09/2024 | C10: Muhammad Hamza Farooqui | D10: 09000521 | E10: 18500
A11: 10 | B11: LHR/LHR/D/MO/PC COMP/P/96863/09/2024 | C11: Muhammad Hamza Parvez | D11: 09000521 | E11: 31500
A12: 11 | B12: LHR/LHR/D/MO/PC COMP/P/96864/09/2024 | C12: Muhammad Hamza Parvez | D12: 09000521 | E12: 12436
A13: 12 | B13: LHR/LHR/D/MO/PC COMP/P/97125/09/2024 | C13: Zubair Ahmad | D13: 09000521 | E13: 34000
... A32: 31 | B32: LHR/LHR/D/MO/PC COMP/P/84259/02/2024 | C32: Suzuki Canal Faisalabad | D32: 09000477 | E32: 2891

Sheet PREM TO COMM LHR ADJUST
A1: Policy No | B1: Comm | C1: Agency Code
A2: LHR/LHR/D/MO/PC COMP/P/87895/04/2024 | B2: 20389 | C2: 09000521
A3: LHR/LHR/D/MO/PC COMP/P/89811/05/2024 | B3: 7452 | C3: 09000521
A4: LHR/LHR/D/MO/PC COMP/P/89813/05/2024 | B4: 11581 | C4: 09000521
A5: LHR/LHR/D/MO/PC COMP/P/89815/05/2024 | B5: 6632 | C5: 09000521
A6: LHR/LHR/D/MO/PC COMP/P/90022/05/2024 | B6: 8753 | C6: 09000521
A7: LHR/LHR/D/MO/PC COMP/P/90024/05/2024 | B7: 12247 | C7: 09000521
A8: LHR/LHR/D/MO/PC COMP/P/90688/06/2024 | B8: 8881 | C8: 09000521
A9: LHR/LHR/D/MO/PC TPP/P/96761/09/2024 | B9: 17000 | C9: 09000521
A10: LHR/LHR/D/MO/PC TPP/P/96763/09/2024 | B10: 18500 | C10: 09000521
A11: LHR/LHR/D/MO/PC COMP/P/96863/09/2024 | B11: 31500 | C11: 09000521
A12: LHR/LHR/D/MO/PC COMP/P/96864/09/2024 | B12: 12436 | C12: 09000521
A13: LHR/LHR/D/MO/PC COMP/P/97125/09/2024 | B13: 34000 | C13: 09000521
... A32: LHR/LHR/D/MO/PC COMP/P/84259/02/2024 | B32: 2891 | C32: 09000477
B33: =SUM(B2:B32) -> 406256
A34: Policy No | B34: Prem
A35: LHR/LHR/D/MO/PC COMP/P/87895/04/2024 | B35: 20389
A36: LHR/LHR/D/MO/PC COMP/P/89811/05/2024 | B36: 7452
A37: LHR/LHR/D/MO/PC COMP/P/89813/05/2024 | B37: 11581
A38: LHR/LHR/D/MO/PC COMP/P/89815/05/2024 | B38: 6632
A39: LHR/LHR/D/MO/PC COMP/P/90022/05/2024 | B39: 8753
A40: LHR/LHR/D/MO/PC COMP/P/90024/05/2024 | B40: 12247
A41: LHR/LHR/D/MO/PC COMP/P/90688/06/2024 | B41: 8881
A42: LHR/LHR/D/MO/PC TPP/P/96761/09/2024 | B42: 17000
A43: LHR/LHR/D/MO/PC TPP/P/96763/09/2024 | B43: 18500
A44: LHR/LHR/D/MO/PC COMP/P/96863/09/2024 | B44: 31500
A45: LHR/LHR/D/MO/PC COMP/P/96864/09/2024 | B45: 12436
A46: LHR/LHR/D/MO/PC COMP/P/97125/09/2024 | B46: 34000
... A65: LHR/LHR/D/MO/PC COMP/P/84259/02/2024 | B65: 2891
B67: =SUM(B35:B65) -> 406256

Sheet working-premium
A1: POLICY NO. | B1: Assorted_code | D1: Premium | E1: 24Oct240060
A2: LHR/LHR/D/MO/PC COMP/P/87895/04/2024 | B2: =VLOOKUP(A2,policyP!B:C,2,0) -> 040000171867 | C2: 20389 | D2: =ROUND(C2,0) -> 20389 | E2: 24Oct240060 | F2: ="insert into ins_premium_det (premium_rcv_code,assorted_code, rec_amount,premium_rcv_detail_code,remaining_amt, payrec, mode_code,coinsurance_code,class_cd,it_remarks) values" -> insert into ins_premium_det (premium_rcv_code,assorted_code, rec_amount,premium_rcv_detail_code,remaining_amt, payrec, mode_code,coinsurance_code,class_cd,it_remarks) values | G2: ="('"&E2&"','"&B2&"','"&D2&"',(select max(to_number(i.premium_rcv_detail_code))+1 from ins_premium_det i),'"&D2&"','"&D2&"','02', '11000003','00','Request by Mr. Omair Ali 24-Aug-2024');" -> ('24Oct240060','040000171867','20389',(select max(to_number(i.premium_rcv_detail_code))+1 from ins_premium_det i),'20389','20389','02', '11000003','00','Request by Mr. Omair Ali 24-Aug-2024'); | H2: =F2&G2 -> insert into ins_premium_det (premium_rcv_code,assorted_code, rec_amount,premium_rcv_detail_code,remaining_amt, payrec, mode_code,coinsurance_code,class_cd,it_remarks) values('24Oct240060','040000171867','20389',(select max(to_number(i.premium_rcv_detail_code))+1 from ins_premium_det i),'20389','20389','02', '11000003','00','Request by Mr. Omair Ali 24-Aug-2024');
A3: LHR/LHR/D/MO/PC COMP/P/89811/05/2024 | B3: =VLOOKUP(A3,policyP!B:C,2,0) -> 040000174572 | C3: 7452 | D3: =ROUND(C3,0) -> 7452 | E3: 24Oct240060 | F3: ="insert into ins_premium_det (premium_rcv_code,assorted_code, rec_amount,premium_rcv_detail_code,remaining_amt, payrec, mode_code,coinsurance_code,class_cd,it_remarks) values" -> insert into ins_premium_det (premium_rcv_code,assorted_code, rec_amount,premium_rcv_detail_code,remaining_amt, payrec, mode_code,coinsurance_code,class_cd,it_remarks) values | G3: ="('"&E3&"','"&B3&"','"&D3&"',(select max(to_number(i.premium_rcv_detail_code))+1 from ins_premium_det i),'"&D3&"','"&D3&"','02', '11000003','00','Request by Mr. Omair Ali 24-Aug-2024');" -> ('24Oct240060','040000174572','7452',(select max(to_number(i.premium_rcv_detail_code))+1 from ins_premium_det i),'7452','7452','02', '11000003','00','Request by Mr. Omair Ali 24-Aug-2024'); | H3: =F3&G3 -> insert into ins_premium_det (premium_rcv_code,assorted_code, rec_amount,premium_rcv_detail_code,remaining_amt, payrec, mode_code,coinsurance_code,class_cd,it_remarks) values('24Oct240060','040000174572','7452',(select max(to_number(i.premium_rcv_detail_code))+1 from ins_premium_det i),'7452','7452','02', '11000003','00','Request by Mr. Omair Ali 24-Aug-2024');
A4: LHR/LHR/D/MO/PC COMP/P/89813/05/2024 | B4: =VLOOKUP(A4,policyP!B:C,2,0) -> 040000174574 | C4: 11581 | D4: =ROUND(C4,0) -> 11581 | E4: 24Oct240060 | F4: ="insert into ins_premium_det (premium_rcv_code,assorted_code, rec_amount,premium_rcv_detail_code,remaining_amt, payrec, mode_code,coinsurance_code,class_cd,it_remarks) values" -> insert into ins_premium_det (premium_rcv_code,assorted_code, rec_amount,premium_rcv_detail_code,remaining_amt, payrec, mode_code,coinsurance_code,class_cd,it_remarks) values | G4: ="('"&E4&"','"&B4&"','"&D4&"',(select max(to_number(i.premium_rcv_detail_code))+1 from ins_premium_det i),'"&D4&"','"&D4&"','02', '11000003','00','Request by Mr. Omair Ali 24-Aug-2024');" -> ('24Oct240060','040000174574','11581',(select max(to_number(i.premium_rcv_detail_code))+1 from ins_premium_det i),'11581','11581','02', '11000003','00','Request by Mr. Omair Ali 24-Aug-2024'); | H4: =F4&G4 -> insert into ins_premium_det (premium_rcv_code,assorted_code, rec_amount,premium_rcv_detail_code,remaining_amt, payrec, mode_code,coinsurance_code,class_cd,it_remarks) values('24Oct240060','040000174574','11581',(select max(to_number(i.premium_rcv_detail_code))+1 from ins_premium_det i),'11581','11581','02', '11000003','00','Request by Mr. Omair Ali 24-Aug-2024');
A5: LHR/LHR/D/MO/PC COMP/P/89815/05/2024 | B5: =VLOOKUP(A5,policyP!B:C,2,0) -> 040000174576 | C5: 6632 | D5: =ROUND(C5,0) -> 6632 | E5: 24Oct240060 | F5: ="insert into ins_premium_det (premium_rcv_code,assorted_code, rec_amount,premium_rcv_detail_code,remaining_amt, payrec, mode_code,coinsurance_code,class_cd,it_remarks) values" -> insert into ins_premium_det (premium_rcv_code,assorted_code, rec_amount,premium_rcv_detail_code,remaining_amt, payrec, mode_code,coinsurance_code,class_cd,it_remarks) values | G5: ="('"&E5&"','"&B5&"','"&D5&"',(select max(to_number(i.premium_rcv_detail_code))+1 from ins_premium_det i),'"&D5&"','"&D5&"','02', '11000003','00','Request by Mr. Omair Ali 24-Aug-2024');" -> ('24Oct240060','040000174576','6632',(select max(to_number(i.premium_rcv_detail_code))+1 from ins_premium_det i),'6632','6632','02', '11000003','00','Request by Mr. Omair Ali 24-Aug-2024'); | H5: =F5&G5 -> insert into ins_premium_det (premium_rcv_code,assorted_code, rec_amount,premium_rcv_detail_code,remaining_amt, payrec, mode_code,coinsurance_code,class_cd,it_remarks) values('24Oct240060','040000174576','6632',(select max(to_number(i.premium_rcv_detail_code))+1 from ins_premium_det i),'6632','6632','02', '11000003','00','Request by Mr. Omair Ali 24-Aug-2024');
A6: LHR/LHR/D/MO/PC COMP/P/90022/05/2024 | B6: =VLOOKUP(A6,policyP!B:C,2,0) -> 040000174817 | C6: 8753 | D6: =ROUND(C6,0) -> 8753 | E6: 24Oct240060 | F6: ="insert into ins_premium_det (premium_rcv_code,assorted_code, rec_amount,premium_rcv_detail_code,remaining_amt, payrec, mode_code,coinsurance_code,class_cd,it_remarks) values" -> insert into ins_premium_det (premium_rcv_code,assorted_code, rec_amount,premium_rcv_detail_code,remaining_amt, payrec, mode_code,coinsurance_code,class_cd,it_remarks) values | G6: ="('"&E6&"','"&B6&"','"&D6&"',(select max(to_number(i.premium_rcv_detail_code))+1 from ins_premium_det i),'"&D6&"','"&D6&"','02', '11000003','00','Request by Mr. Omair Ali 24-Aug-2024');" -> ('24Oct240060','040000174817','8753',(select max(to_number(i.premium_rcv_detail_code))+1 from ins_premium_det i),'8753','8753','02', '11000003','00','Request by Mr. Omair Ali 24-Aug-2024'); | H6: =F6&G6 -> insert into ins_premium_det (premium_rcv_code,assorted_code, rec_amount,premium_rcv_detail_code,remaining_amt, payrec, mode_code,coinsurance_code,class_cd,it_remarks) values('24Oct240060','040000174817','8753',(select max(to_number(i.premium_rcv_detail_code))+1 from ins_premium_det i),'8753','8753','02', '11000003','00','Request by Mr. Omair Ali 24-Aug-2024');
A7: LHR/LHR/D/MO/PC COMP/P/90024/05/2024 | B7: =VLOOKUP(A7,policyP!B:C,2,0) -> 040000174819 | C7: 12247 | D7: =ROUND(C7,0) -> 12247 | E7: 24Oct240060 | F7: ="insert into ins_premium_det (premium_rcv_code,assorted_code, rec_amount,premium_rcv_detail_code,remaining_amt, payrec, mode_code,coinsurance_code,class_cd,it_remarks) values" -> insert into ins_premium_det (premium_rcv_code,assorted_code, rec_amount,premium_rcv_detail_code,remaining_amt, payrec, mode_code,coinsurance_code,class_cd,it_remarks) values | G7: ="('"&E7&"','"&B7&"','"&D7&"',(select max(to_number(i.premium_rcv_detail_code))+1 from ins_premium_det i),'"&D7&"','"&D7&"','02', '11000003','00','Request by Mr. Omair Ali 24-Aug-2024');" -> ('24Oct240060','040000174819','12247',(select max(to_number(i.premium_rcv_detail_code))+1 from ins_premium_det i),'12247','12247','02', '11000003','00','Request by Mr. Omair Ali 24-Aug-2024'); | H7: =F7&G7 -> insert into ins_premium_det (premium_rcv_code,assorted_code, rec_amount,premium_rcv_detail_code,remaining_amt, payrec, mode_code,coinsurance_code,class_cd,it_remarks) values('24Oct240060','040000174819','12247',(select max(to_number(i.premium_rcv_detail_code))+1 from ins_premium_det i),'12247','12247','02', '11000003','00','Request by Mr. Omair Ali 24-Aug-2024');
A8: LHR/LHR/D/MO/PC COMP/P/90688/06/2024 | B8: =VLOOKUP(A8,policyP!B:C,2,0) -> 040000175708 | C8: 8881 | D8: =ROUND(C8,0) -> 8881 | E8: 24Oct240060 | F8: ="insert into ins_premium_det (premium_rcv_code,assorted_code, rec_amount,premium_rcv_detail_code,remaining_amt, payrec, mode_code,coinsurance_code,class_cd,it_remarks) values" -> insert into ins_premium_det (premium_rcv_code,assorted_code, rec_amount,premium_rcv_detail_code,remaining_amt, payrec, mode_code,coinsurance_code,class_cd,it_remarks) values | G8: ="('"&E8&"','"&B8&"','"&D8&"',(select max(to_number(i.premium_rcv_detail_code))+1 from ins_premium_det i),'"&D8&"','"&D8&"','02', '11000003','00','Request by Mr. Omair Ali 24-Aug-2024');" -> ('24Oct240060','040000175708','8881',(select max(to_number(i.premium_rcv_detail_code))+1 from ins_premium_det i),'8881','8881','02', '11000003','00','Request by Mr. Omair Ali 24-Aug-2024'); | H8: =F8&G8 -> insert into ins_premium_det (premium_rcv_code,assorted_code, rec_amount,premium_rcv_detail_code,remaining_amt, payrec, mode_code,coinsurance_code,class_cd,it_remarks) values('24Oct240060','040000175708','8881',(select max(to_number(i.premium_rcv_detail_code))+1 from ins_premium_det i),'8881','8881','02', '11000003','00','Request by Mr. Omair Ali 24-Aug-2024');
A9: LHR/LHR/D/MO/PC TPP/P/96761/09/2024 | B9: =VLOOKUP(A9,policyP!B:C,2,0) -> 040000183328 | C9: 17000 | D9: =ROUND(C9,0) -> 17000 | E9: 24Oct240060 | F9: ="insert into ins_premium_det (premium_rcv_code,assorted_code, rec_amount,premium_rcv_detail_code,remaining_amt, payrec, mode_code,coinsurance_code,class_cd,it_remarks) values" -> insert into ins_premium_det (premium_rcv_code,assorted_code, rec_amount,premium_rcv_detail_code,remaining_amt, payrec, mode_code,coinsurance_code,class_cd,it_remarks) values | G9: ="('"&E9&"','"&B9&"','"&D9&"',(select max(to_number(i.premium_rcv_detail_code))+1 from ins_premium_det i),'"&D9&"','"&D9&"','02', '11000003','00','Request by Mr. Omair Ali 24-Aug-2024');" -> ('24Oct240060','040000183328','17000',(select max(to_number(i.premium_rcv_detail_code))+1 from ins_premium_det i),'17000','17000','02', '11000003','00','Request by Mr. Omair Ali 24-Aug-2024'); | H9: =F9&G9 -> insert into ins_premium_det (premium_rcv_code,assorted_code, rec_amount,premium_rcv_detail_code,remaining_amt, payrec, mode_code,coinsurance_code,class_cd,it_remarks) values('24Oct240060','040000183328','17000',(select max(to_number(i.premium_rcv_detail_code))+1 from ins_premium_det i),'17000','17000','02', '11000003','00','Request by Mr. Omair Ali 24-Aug-2024');
A10: LHR/LHR/D/MO/PC TPP/P/96763/09/2024 | B10: =VLOOKUP(A10,policyP!B:C,2,0) -> 040000183330 | C10: 18500 | D10: =ROUND(C10,0) -> 18500 | E10: 24Oct240060 | F10: ="insert into ins_premium_det (premium_rcv_code,assorted_code, rec_amount,premium_rcv_detail_code,remaining_amt, payrec, mode_code,coinsurance_code,class_cd,it_remarks) values" -> insert into ins_premium_det (premium_rcv_code,assorted_code, rec_amount,premium_rcv_detail_code,remaining_amt, payrec, mode_code,coinsurance_code,class_cd,it_remarks) values | G10: ="('"&E10&"','"&B10&"','"&D10&"',(select max(to_number(i.premium_rcv_detail_code))+1 from ins_premium_det i),'"&D10&"','"&D10&"','02', '11000003','00','Request by Mr. Omair Ali 24-Aug-2024');" -> ('24Oct240060','040000183330','18500',(select max(to_number(i.premium_rcv_detail_code))+1 from ins_premium_det i),'18500','18500','02', '11000003','00','Request by Mr. Omair Ali 24-Aug-2024'); | H10: =F10&G10 -> insert into ins_premium_det (premium_rcv_code,assorted_code, rec_amount,premium_rcv_detail_code,remaining_amt, payrec, mode_code,coinsurance_code,class_cd,it_remarks) values('24Oct240060','040000183330','18500',(select max(to_number(i.premium_rcv_detail_code))+1 from ins_premium_det i),'18500','18500','02', '11000003','00','Request by Mr. Omair Ali 24-Aug-2024');
A11: LHR/LHR/D/MO/PC COMP/P/96863/09/2024 | B11: =VLOOKUP(A11,policyP!B:C,2,0) -> 040000183452 | C11: 31500 | D11: =ROUND(C11,0) -> 31500 | E11: 24Oct240060 | F11: ="insert into ins_premium_det (premium_rcv_code,assorted_code, rec_amount,premium_rcv_detail_code,remaining_amt, payrec, mode_code,coinsurance_code,class_cd,it_remarks) values" -> insert into ins_premium_det (premium_rcv_code,assorted_code, rec_amount,premium_rcv_detail_code,remaining_amt, payrec, mode_code,coinsurance_code,class_cd,it_remarks) values | G11: ="('"&E11&"','"&B11&"','"&D11&"',(select max(to_number(i.premium_rcv_detail_code))+1 from ins_premium_det i),'"&D11&"','"&D11&"','02', '11000003','00','Request by Mr. Omair Ali 24-Aug-2024');" -> ('24Oct240060','040000183452','31500',(select max(to_number(i.premium_rcv_detail_code))+1 from ins_premium_det i),'31500','31500','02', '11000003','00','Request by Mr. Omair Ali 24-Aug-2024'); | H11: =F11&G11 -> insert into ins_premium_det (premium_rcv_code,assorted_code, rec_amount,premium_rcv_detail_code,remaining_amt, payrec, mode_code,coinsurance_code,class_cd,it_remarks) values('24Oct240060','040000183452','31500',(select max(to_number(i.premium_rcv_detail_code))+1 from ins_premium_det i),'31500','31500','02', '11000003','00','Request by Mr. Omair Ali 24-Aug-2024');
A12: LHR/LHR/D/MO/PC COMP/P/96864/09/2024 | B12: =VLOOKUP(A12,policyP!B:C,2,0) -> 040000183453 | C12: 12436 | D12: =ROUND(C12,0) -> 12436 | E12: 24Oct240060 | F12: ="insert into ins_premium_det (premium_rcv_code,assorted_code, rec_amount,premium_rcv_detail_code,remaining_amt, payrec, mode_code,coinsurance_code,class_cd,it_remarks) values" -> insert into ins_premium_det (premium_rcv_code,assorted_code, rec_amount,premium_rcv_detail_code,remaining_amt, payrec, mode_code,coinsurance_code,class_cd,it_remarks) values | G12: ="('"&E12&"','"&B12&"','"&D12&"',(select max(to_number(i.premium_rcv_detail_code))+1 from ins_premium_det i),'"&D12&"','"&D12&"','02', '11000003','00','Request by Mr. Omair Ali 24-Aug-2024');" -> ('24Oct240060','040000183453','12436',(select max(to_number(i.premium_rcv_detail_code))+1 from ins_premium_det i),'12436','12436','02', '11000003','00','Request by Mr. Omair Ali 24-Aug-2024'); | H12: =F12&G12 -> insert into ins_premium_det (premium_rcv_code,assorted_code, rec_amount,premium_rcv_detail_code,remaining_amt, payrec, mode_code,coinsurance_code,class_cd,it_remarks) values('24Oct240060','040000183453','12436',(select max(to_number(i.premium_rcv_detail_code))+1 from ins_premium_det i),'12436','12436','02', '11000003','00','Request by Mr. Omair Ali 24-Aug-2024');
A13: LHR/LHR/D/MO/PC COMP/P/97125/09/2024 | B13: =VLOOKUP(A13,policyP!B:C,2,0) -> 040000183776 | C13: 34000 | D13: =ROUND(C13,0) -> 34000 | E13: 24Oct240060 | F13: ="insert into ins_premium_det (premium_rcv_code,assorted_code, rec_amount,premium_rcv_detail_code,remaining_amt, payrec, mode_code,coinsurance_code,class_cd,it_remarks) values" -> insert into ins_premium_det (premium_rcv_code,assorted_code, rec_amount,premium_rcv_detail_code,remaining_amt, payrec, mode_code,coinsurance_code,class_cd,it_remarks) values | G13: ="('"&E13&"','"&B13&"','"&D13&"',(select max(to_number(i.premium_rcv_detail_code))+1 from ins_premium_det i),'"&D13&"','"&D13&"','02', '11000003','00','Request by Mr. Omair Ali 24-Aug-2024');" -> ('24Oct240060','040000183776','34000',(select max(to_number(i.premium_rcv_detail_code))+1 from ins_premium_det i),'34000','34000','02', '11000003','00','Request by Mr. Omair Ali 24-Aug-2024'); | H13: =F13&G13 -> insert into ins_premium_det (premium_rcv_code,assorted_code, rec_amount,premium_rcv_detail_code,remaining_amt, payrec, mode_code,coinsurance_code,class_cd,it_remarks) values('24Oct240060','040000183776','34000',(select max(to_number(i.premium_rcv_detail_code))+1 from ins_premium_det i),'34000','34000','02', '11000003','00','Request by Mr. Omair Ali 24-Aug-2024');
... A32: LHR/LHR/D/MO/PC COMP/P/84259/02/2024 | B32: =VLOOKUP(A32,policyP!B:C,2,0) -> 040000166787 | C32: 2891 | D32: =ROUND(C32,0) -> 2891 | E32: 24Oct240060 | F32: ="insert into ins_premium_det (premium_rcv_code,assorted_code, rec_amount,premium_rcv_detail_code,remaining_amt, payrec, mode_code,coinsurance_code,class_cd,it_remarks) values" -> insert into ins_premium_det (premium_rcv_code,assorted_code, rec_amount,premium_rcv_detail_code,remaining_amt, payrec, mode_code,coinsurance_code,class_cd,it_remarks) values | G32: ="('"&E32&"','"&B32&"','"&D32&"',(select max(to_number(i.premium_rcv_detail_code))+1 from ins_premium_det i),'"&D32&"','"&D32&"','02', '11000003','00','Request by Mr. Omair Ali 24-Aug-2024');" -> ('24Oct240060','040000166787','2891',(select max(to_number(i.premium_rcv_detail_code))+1 from ins_premium_det i),'2891','2891','02', '11000003','00','Request by Mr. Omair Ali 24-Aug-2024'); | H32: =F32&G32 -> insert into ins_premium_det (premium_rcv_code,assorted_code, rec_amount,premium_rcv_detail_code,remaining_amt, payrec, mode_code,coinsurance_code,class_cd,it_remarks) values('24Oct240060','040000166787','2891',(select max(to_number(i.premium_rcv_detail_code))+1 from ins_premium_det i),'2891','2891','02', '11000003','00','Request by Mr. Omair Ali 24-Aug-2024');
C34: =SUM(C2:C32) -> 406256

Sheet working-commission
A1: POLICY NO. | B1: Assorted_code | C1: Commission | D1: 24Oct240060
A2: LHR/LHR/D/MO/PC COMP/P/87895/04/2024 | B2: =VLOOKUP(A2,plicyC!B:D,2,0) -> 040000171867 | C2: 20389 | D2: 24Oct240060 | E2: =VLOOKUP(A2,plicyC!B:D,3,0) -> 09000521 | F2: ="insert into ins_premium_det (premium_rcv_code,assorted_code, rec_amount,premium_rcv_detail_code,remaining_amt, payrec, mode_code,paid_to_code,class_cd) values" -> insert into ins_premium_det (premium_rcv_code,assorted_code, rec_amount,premium_rcv_detail_code,remaining_amt, payrec, mode_code,paid_to_code,class_cd) values | G2: ="('"&D1&"','"&B2&"','"&C2&"',(select max(to_number(i.premium_rcv_detail_code))+1 from ins_premium_det i),'"&C2&"','"&C2&"','03', '"&E2&"','00');" -> ('24Oct240060','040000171867','20389',(select max(to_number(i.premium_rcv_detail_code))+1 from ins_premium_det i),'20389','20389','03', '09000521','00'); | H2: =F2&G2 -> insert into ins_premium_det (premium_rcv_code,assorted_code, rec_amount,premium_rcv_detail_code,remaining_amt, payrec, mode_code,paid_to_code,class_cd) values('24Oct240060','040000171867','20389',(select max(to_number(i.premium_rcv_detail_code))+1 from ins_premium_det i),'20389','20389','03', '09000521','00');
A3: LHR/LHR/D/MO/PC COMP/P/89811/05/2024 | B3: =VLOOKUP(A3,plicyC!B:D,2,0) -> 040000174572 | C3: 7452 | D3: 24Oct240060 | E3: =VLOOKUP(A3,plicyC!B:D,3,0) -> 09000732 | F3: ="insert into ins_premium_det (premium_rcv_code,assorted_code, rec_amount,premium_rcv_detail_code,remaining_amt, payrec, mode_code,paid_to_code,class_cd) values" -> insert into ins_premium_det (premium_rcv_code,assorted_code, rec_amount,premium_rcv_detail_code,remaining_amt, payrec, mode_code,paid_to_code,class_cd) values | G3: ="('"&D2&"','"&B3&"','"&C3&"',(select max(to_number(i.premium_rcv_detail_code))+1 from ins_premium_det i),'"&C3&"','"&C3&"','03', '"&E3&"','00');" -> ('24Oct240060','040000174572','7452',(select max(to_number(i.premium_rcv_detail_code))+1 from ins_premium_det i),'7452','7452','03', '09000732','00'); | H3: =F3&G3 -> insert into ins_premium_det (premium_rcv_code,assorted_code, rec_amount,premium_rcv_detail_code,remaining_amt, payrec, mode_code,paid_to_code,class_cd) values('24Oct240060','040000174572','7452',(select max(to_number(i.premium_rcv_detail_code))+1 from ins_premium_det i),'7452','7452','03', '09000732','00');
A4: LHR/LHR/D/MO/PC COMP/P/89813/05/2024 | B4: =VLOOKUP(A4,plicyC!B:D,2,0) -> 040000174574 | C4: 11581 | D4: 24Oct240060 | E4: =VLOOKUP(A4,plicyC!B:D,3,0) -> 09000818 | F4: ="insert into ins_premium_det (premium_rcv_code,assorted_code, rec_amount,premium_rcv_detail_code,remaining_amt, payrec, mode_code,paid_to_code,class_cd) values" -> insert into ins_premium_det (premium_rcv_code,assorted_code, rec_amount,premium_rcv_detail_code,remaining_amt, payrec, mode_code,paid_to_code,class_cd) values | G4: ="('"&D3&"','"&B4&"','"&C4&"',(select max(to_number(i.premium_rcv_detail_code))+1 from ins_premium_det i),'"&C4&"','"&C4&"','03', '"&E4&"','00');" -> ('24Oct240060','040000174574','11581',(select max(to_number(i.premium_rcv_detail_code))+1 from ins_premium_det i),'11581','11581','03', '09000818','00'); | H4: =F4&G4 -> insert into ins_premium_det (premium_rcv_code,assorted_code, rec_amount,premium_rcv_detail_code,remaining_amt, payrec, mode_code,paid_to_code,class_cd) values('24Oct240060','040000174574','11581',(select max(to_number(i.premium_rcv_detail_code))+1 from ins_premium_det i),'11581','11581','03', '09000818','00');
A5: LHR/LHR/D/MO/PC COMP/P/89815/05/2024 | B5: =VLOOKUP(A5,plicyC!B:D,2,0) -> 040000174576 | C5: 6632 | D5: 24Oct240060 | E5: =VLOOKUP(A5,plicyC!B:D,3,0) -> 09000732 | F5: ="insert into ins_premium_det (premium_rcv_code,assorted_code, rec_amount,premium_rcv_detail_code,remaining_amt, payrec, mode_code,paid_to_code,class_cd) values" -> insert into ins_premium_det (premium_rcv_code,assorted_code, rec_amount,premium_rcv_detail_code,remaining_amt, payrec, mode_code,paid_to_code,class_cd) values | G5: ="('"&D4&"','"&B5&"','"&C5&"',(select max(to_number(i.premium_rcv_detail_code))+1 from ins_premium_det i),'"&C5&"','"&C5&"','03', '"&E5&"','00');" -> ('24Oct240060','040000174576','6632',(select max(to_number(i.premium_rcv_detail_code))+1 from ins_premium_det i),'6632','6632','03', '09000732','00'); | H5: =F5&G5 -> insert into ins_premium_det (premium_rcv_code,assorted_code, rec_amount,premium_rcv_detail_code,remaining_amt, payrec, mode_code,paid_to_code,class_cd) values('24Oct240060','040000174576','6632',(select max(to_number(i.premium_rcv_detail_code))+1 from ins_premium_det i),'6632','6632','03', '09000732','00');
A6: LHR/LHR/D/MO/PC COMP/P/90022/05/2024 | B6: =VLOOKUP(A6,plicyC!B:D,2,0) -> 040000174817 | C6: 8753 | D6: 24Oct240060 | E6: =VLOOKUP(A6,plicyC!B:D,3,0) -> 09000845 | F6: ="insert into ins_premium_det (premium_rcv_code,assorted_code, rec_amount,premium_rcv_detail_code,remaining_amt, payrec, mode_code,paid_to_code,class_cd) values" -> insert into ins_premium_det (premium_rcv_code,assorted_code, rec_amount,premium_rcv_detail_code,remaining_amt, payrec, mode_code,paid_to_code,class_cd) values | G6: ="('"&D5&"','"&B6&"','"&C6&"',(select max(to_number(i.premium_rcv_detail_code))+1 from ins_premium_det i),'"&C6&"','"&C6&"','03', '"&E6&"','00');" -> ('24Oct240060','040000174817','8753',(select max(to_number(i.premium_rcv_detail_code))+1 from ins_premium_det i),'8753','8753','03', '09000845','00'); | H6: =F6&G6 -> insert into ins_premium_det (premium_rcv_code,assorted_code, rec_amount,premium_rcv_detail_code,remaining_amt, payrec, mode_code,paid_to_code,class_cd) values('24Oct240060','040000174817','8753',(select max(to_number(i.premium_rcv_detail_code))+1 from ins_premium_det i),'8753','8753','03', '09000845','00');
A7: LHR/LHR/D/MO/PC COMP/P/90024/05/2024 | B7: =VLOOKUP(A7,plicyC!B:D,2,0) -> 040000174819 | C7: 12247 | D7: 24Oct240060 | E7: =VLOOKUP(A7,plicyC!B:D,3,0) -> 09000845 | F7: ="insert into ins_premium_det (premium_rcv_code,assorted_code, rec_amount,premium_rcv_detail_code,remaining_amt, payrec, mode_code,paid_to_code,class_cd) values" -> insert into ins_premium_det (premium_rcv_code,assorted_code, rec_amount,premium_rcv_detail_code,remaining_amt, payrec, mode_code,paid_to_code,class_cd) values | G7: ="('"&D6&"','"&B7&"','"&C7&"',(select max(to_number(i.premium_rcv_detail_code))+1 from ins_premium_det i),'"&C7&"','"&C7&"','03', '"&E7&"','00');" -> ('24Oct240060','040000174819','12247',(select max(to_number(i.premium_rcv_detail_code))+1 from ins_premium_det i),'12247','12247','03', '09000845','00'); | H7: =F7&G7 -> insert into ins_premium_det (premium_rcv_code,assorted_code, rec_amount,premium_rcv_detail_code,remaining_amt, payrec, mode_code,paid_to_code,class_cd) values('24Oct240060','040000174819','12247',(select max(to_number(i.premium_rcv_detail_code))+1 from ins_premium_det i),'12247','12247','03', '09000845','00');
A8: LHR/LHR/D/MO/PC COMP/P/90688/06/2024 | B8: =VLOOKUP(A8,plicyC!B:D,2,0) -> 040000175708 | C8: 8881 | D8: 24Oct240060 | E8: =VLOOKUP(A8,plicyC!B:D,3,0) -> 09000845 | F8: ="insert into ins_premium_det (premium_rcv_code,assorted_code, rec_amount,premium_rcv_detail_code,remaining_amt, payrec, mode_code,paid_to_code,class_cd) values" -> insert into ins_premium_det (premium_rcv_code,assorted_code, rec_amount,premium_rcv_detail_code,remaining_amt, payrec, mode_code,paid_to_code,class_cd) values | G8: ="('"&D7&"','"&B8&"','"&C8&"',(select max(to_number(i.premium_rcv_detail_code))+1 from ins_premium_det i),'"&C8&"','"&C8&"','03', '"&E8&"','00');" -> ('24Oct240060','040000175708','8881',(select max(to_number(i.premium_rcv_detail_code))+1 from ins_premium_det i),'8881','8881','03', '09000845','00'); | H8: =F8&G8 -> insert into ins_premium_det (premium_rcv_code,assorted_code, rec_amount,premium_rcv_detail_code,remaining_amt, payrec, mode_code,paid_to_code,class_cd) values('24Oct240060','040000175708','8881',(select max(to_number(i.premium_rcv_detail_code))+1 from ins_premium_det i),'8881','8881','03', '09000845','00');
A9: LHR/LHR/D/MO/PC TPP/P/96761/09/2024 | B9: =VLOOKUP(A9,plicyC!B:D,2,0) -> 040000183328 | C9: 17000 | D9: 24Oct240060 | E9: =VLOOKUP(A9,plicyC!B:D,3,0) -> 09000862 | F9: ="insert into ins_premium_det (premium_rcv_code,assorted_code, rec_amount,premium_rcv_detail_code,remaining_amt, payrec, mode_code,paid_to_code,class_cd) values" -> insert into ins_premium_det (premium_rcv_code,assorted_code, rec_amount,premium_rcv_detail_code,remaining_amt, payrec, mode_code,paid_to_code,class_cd) values | G9: ="('"&D8&"','"&B9&"','"&C9&"',(select max(to_number(i.premium_rcv_detail_code))+1 from ins_premium_det i),'"&C9&"','"&C9&"','03', '"&E9&"','00');" -> ('24Oct240060','040000183328','17000',(select max(to_number(i.premium_rcv_detail_code))+1 from ins_premium_det i),'17000','17000','03', '09000862','00'); | H9: =F9&G9 -> insert into ins_premium_det (premium_rcv_code,assorted_code, rec_amount,premium_rcv_detail_code,remaining_amt, payrec, mode_code,paid_to_code,class_cd) values('24Oct240060','040000183328','17000',(select max(to_number(i.premium_rcv_detail_code))+1 from ins_premium_det i),'17000','17000','03', '09000862','00');
A10: LHR/LHR/D/MO/PC TPP/P/96763/09/2024 | B10: =VLOOKUP(A10,plicyC!B:D,2,0) -> 040000183330 | C10: 18500 | D10: 24Oct240060 | E10: =VLOOKUP(A10,plicyC!B:D,3,0) -> 09000862 | F10: ="insert into ins_premium_det (premium_rcv_code,assorted_code, rec_amount,premium_rcv_detail_code,remaining_amt, payrec, mode_code,paid_to_code,class_cd) values" -> insert into ins_premium_det (premium_rcv_code,assorted_code, rec_amount,premium_rcv_detail_code,remaining_amt, payrec, mode_code,paid_to_code,class_cd) values | G10: ="('"&D9&"','"&B10&"','"&C10&"',(select max(to_number(i.premium_rcv_detail_code))+1 from ins_premium_det i),'"&C10&"','"&C10&"','03', '"&E10&"','00');" -> ('24Oct240060','040000183330','18500',(select max(to_number(i.premium_rcv_detail_code))+1 from ins_premium_det i),'18500','18500','03', '09000862','00'); | H10: =F10&G10 -> insert into ins_premium_det (premium_rcv_code,assorted_code, rec_amount,premium_rcv_detail_code,remaining_amt, payrec, mode_code,paid_to_code,class_cd) values('24Oct240060','040000183330','18500',(select max(to_number(i.premium_rcv_detail_code))+1 from ins_premium_det i),'18500','18500','03', '09000862','00');
A11: LHR/LHR/D/MO/PC COMP/P/96863/09/2024 | B11: =VLOOKUP(A11,plicyC!B:D,2,0) -> 040000183452 | C11: 31500 | D11: 24Oct240060 | E11: =VLOOKUP(A11,plicyC!B:D,3,0) -> 09000845 | F11: ="insert into ins_premium_det (premium_rcv_code,assorted_code, rec_amount,premium_rcv_detail_code,remaining_amt, payrec, mode_code,paid_to_code,class_cd) values" -> insert into ins_premium_det (premium_rcv_code,assorted_code, rec_amount,premium_rcv_detail_code,remaining_amt, payrec, mode_code,paid_to_code,class_cd) values | G11: ="('"&D10&"','"&B11&"','"&C11&"',(select max(to_number(i.premium_rcv_detail_code))+1 from ins_premium_det i),'"&C11&"','"&C11&"','03', '"&E11&"','00');" -> ('24Oct240060','040000183452','31500',(select max(to_number(i.premium_rcv_detail_code))+1 from ins_premium_det i),'31500','31500','03', '09000845','00'); | H11: =F11&G11 -> insert into ins_premium_det (premium_rcv_code,assorted_code, rec_amount,premium_rcv_detail_code,remaining_amt, payrec, mode_code,paid_to_code,class_cd) values('24Oct240060','040000183452','31500',(select max(to_number(i.premium_rcv_detail_code))+1 from ins_premium_det i),'31500','31500','03', '09000845','00');
A12: LHR/LHR/D/MO/PC COMP/P/96864/09/2024 | B12: =VLOOKUP(A12,plicyC!B:D,2,0) -> 040000183453 | C12: 12436 | D12: 24Oct240060 | E12: =VLOOKUP(A12,plicyC!B:D,3,0) -> 09000845 | F12: ="insert into ins_premium_det (premium_rcv_code,assorted_code, rec_amount,premium_rcv_detail_code,remaining_amt, payrec, mode_code,paid_to_code,class_cd) values" -> insert into ins_premium_det (premium_rcv_code,assorted_code, rec_amount,premium_rcv_detail_code,remaining_amt, payrec, mode_code,paid_to_code,class_cd) values | G12: ="('"&D11&"','"&B12&"','"&C12&"',(select max(to_number(i.premium_rcv_detail_code))+1 from ins_premium_det i),'"&C12&"','"&C12&"','03', '"&E12&"','00');" -> ('24Oct240060','040000183453','12436',(select max(to_number(i.premium_rcv_detail_code))+1 from ins_premium_det i),'12436','12436','03', '09000845','00'); | H12: =F12&G12 -> insert into ins_premium_det (premium_rcv_code,assorted_code, rec_amount,premium_rcv_detail_code,remaining_amt, payrec, mode_code,paid_to_code,class_cd) values('24Oct240060','040000183453','12436',(select max(to_number(i.premium_rcv_detail_code))+1 from ins_premium_det i),'12436','12436','03', '09000845','00');
A13: LHR/LHR/D/MO/PC COMP/P/97125/09/2024 | B13: =VLOOKUP(A13,plicyC!B:D,2,0) -> 040000183776 | C13: 34000 | D13: 24Oct240060 | E13: =VLOOKUP(A13,plicyC!B:D,3,0) -> 09000925 | F13: ="insert into ins_premium_det (premium_rcv_code,assorted_code, rec_amount,premium_rcv_detail_code,remaining_amt, payrec, mode_code,paid_to_code,class_cd) values" -> insert into ins_premium_det (premium_rcv_code,assorted_code, rec_amount,premium_rcv_detail_code,remaining_amt, payrec, mode_code,paid_to_code,class_cd) values | G13: ="('"&D12&"','"&B13&"','"&C13&"',(select max(to_number(i.premium_rcv_detail_code))+1 from ins_premium_det i),'"&C13&"','"&C13&"','03', '"&E13&"','00');" -> ('24Oct240060','040000183776','34000',(select max(to_number(i.premium_rcv_detail_code))+1 from ins_premium_det i),'34000','34000','03', '09000925','00'); | H13: =F13&G13 -> insert into ins_premium_det (premium_rcv_code,assorted_code, rec_amount,premium_rcv_detail_code,remaining_amt, payrec, mode_code,paid_to_code,class_cd) values('24Oct240060','040000183776','34000',(select max(to_number(i.premium_rcv_detail_code))+1 from ins_premium_det i),'34000','34000','03', '09000925','00');
... A32: LHR/LHR/D/MO/PC COMP/P/84259/02/2024 | B32: =VLOOKUP(A32,plicyC!B:D,2,0) -> 040000166787 | C32: 2891 | D32: 24Oct240060 | E32: =VLOOKUP(A32,plicyC!B:D,3,0) -> 09000477 | F32: ="insert into ins_premium_det (premium_rcv_code,assorted_code, rec_amount,premium_rcv_detail_code,remaining_amt, payrec, mode_code,paid_to_code,class_cd) values" -> insert into ins_premium_det (premium_rcv_code,assorted_code, rec_amount,premium_rcv_detail_code,remaining_amt, payrec, mode_code,paid_to_code,class_cd) values | G32: ="('"&D31&"','"&B32&"','"&C32&"',(select max(to_number(i.premium_rcv_detail_code))+1 from ins_premium_det i),'"&C32&"','"&C32&"','03', '"&E32&"','00');" -> ('24Oct240060','040000166787','2891',(select max(to_number(i.premium_rcv_detail_code))+1 from ins_premium_det i),'2891','2891','03', '09000477','00'); | H32: =F32&G32 -> insert into ins_premium_det (premium_rcv_code,assorted_code, rec_amount,premium_rcv_detail_code,remaining_amt, payrec, mode_code,paid_to_code,class_cd) values('24Oct240060','040000166787','2891',(select max(to_number(i.premium_rcv_detail_code))+1 from ins_premium_det i),'2891','2891','03', '09000477','00');
C34: =SUM(C2:C32) -> 406256

Sheet Sheet4
A1: LHR/LHR/D/MO/PC COMP/P/87895/04/2024 | B1: /04/2024 | D1: 87895 | E1: ="ia.assorted_string like '%"&D1&B1&"%' or" -> ia.assorted_string like '%87895/04/2024%' or
A2: LHR/LHR/D/MO/PC COMP/P/89811/05/2024 | B2: /05/2024 | D2: 89811 | E2: ="ia.assorted_string like '%"&D2&B2&"%' or" -> ia.assorted_string like '%89811/05/2024%' or
A3: LHR/LHR/D/MO/PC COMP/P/89813/05/2024 | B3: /05/2024 | D3: 89813 | E3: ="ia.assorted_string like '%"&D3&B3&"%' or" -> ia.assorted_string like '%89813/05/2024%' or
A4: LHR/LHR/D/MO/PC COMP/P/89815/05/2024 | B4: /05/2024 | D4: 89815 | E4: ="ia.assorted_string like '%"&D4&B4&"%' or" -> ia.assorted_string like '%89815/05/2024%' or
A5: LHR/LHR/D/MO/PC COMP/P/90022/05/2024 | B5: /05/2024 | D5: 90022 | E5: ="ia.assorted_string like '%"&D5&B5&"%' or" -> ia.assorted_string like '%90022/05/2024%' or
A6: LHR/LHR/D/MO/PC COMP/P/90024/05/2024 | B6: /05/2024 | D6: 90024 | E6: ="ia.assorted_string like '%"&D6&B6&"%' or" -> ia.assorted_string like '%90024/05/2024%' or
A7: LHR/LHR/D/MO/PC COMP/P/90688/06/2024 | B7: /06/2024 | D7: 90688 | E7: ="ia.assorted_string like '%"&D7&B7&"%' or" -> ia.assorted_string like '%90688/06/2024%' or
A8: LHR/LHR/D/MO/PC TPP/P/96761/09/2024 | B8: /09/2024 | D8: 96761 | E8: ="ia.assorted_string like '%"&D8&B8&"%' or" -> ia.assorted_string like '%96761/09/2024%' or
A9: LHR/LHR/D/MO/PC TPP/P/96763/09/2024 | B9: /09/2024 | D9: 96763 | E9: ="ia.assorted_string like '%"&D9&B9&"%' or" -> ia.assorted_string like '%96763/09/2024%' or
A10: LHR/LHR/D/MO/PC COMP/P/96863/09/2024 | B10: /09/2024 | D10: 96863 | E10: ="ia.assorted_string like '%"&D10&B10&"%' or" -> ia.assorted_string like '%96863/09/2024%' or
A11: LHR/LHR/D/MO/PC COMP/P/96864/09/2024 | B11: /09/2024 | D11: 96864 | E11: ="ia.assorted_string like '%"&D11&B11&"%' or" -> ia.assorted_string like '%96864/09/2024%' or
A12: LHR/LHR/D/MO/PC COMP/P/97125/09/2024 | B12: /09/2024 | D12: 97125 | E12: ="ia.assorted_string like '%"&D12&B12&"%' or" -> ia.assorted_string like '%97125/09/2024%' or
... A31: LHR/LHR/D/MO/PC COMP/P/84259/02/2024 | B31: /02/2024 | D31: 84259 | E31: ="ia.assorted_string like '%"&D31&B31&"%' or" -> ia.assorted_string like '%84259/02/2024%' or
A48: LHR/LHR/D/MO/PC COMP/P/87895/04/2024 | B48: -04-2024 | D48: 87895 | E48: ="ia.assorted_string like '%"&D48&B48&"%' or" -> ia.assorted_string like '%87895-04-2024%' or | L48: 87895 | M48: 4 | N48: 2024
A49: LHR/LHR/D/MO/PC COMP/P/89811/05/2024 | B49: -05-2024 | D49: 89811 | E49: ="ia.assorted_string like '%"&D49&B49&"%' or" -> ia.assorted_string like '%89811-05-2024%' or | L49: 89811 | M49: 5 | N49: 2024
A50: LHR/LHR/D/MO/PC COMP/P/89813/05/2024 | B50: -05-2024 | D50: 89813 | E50: ="ia.assorted_string like '%"&D50&B50&"%' or" -> ia.assorted_string like '%89813-05-2024%' or | L50: 89813 | M50: 5 | N50: 2024
A51: LHR/LHR/D/MO/PC COMP/P/89815/05/2024 | B51: -05-2024 | D51: 89815 | E51: ="ia.assorted_string like '%"&D51&B51&"%' or" -> ia.assorted_string like '%89815-05-2024%' or | L51: 89815 | M51: 5 | N51: 2024
A52: LHR/LHR/D/MO/PC COMP/P/90022/05/2024 | B52: -05-2024 | D52: 90022 | E52: ="ia.assorted_string like '%"&D52&B52&"%' or" -> ia.assorted_string like '%90022-05-2024%' or | L52: 90022 | M52: 5 | N52: 2024
A53: LHR/LHR/D/MO/PC COMP/P/90024/05/2024 | B53: -05-2024 | D53: 90024 | E53: ="ia.assorted_string like '%"&D53&B53&"%' or" -> ia.assorted_string like '%90024-05-2024%' or | L53: 90024 | M53: 5 | N53: 2024
A54: LHR/LHR/D/MO/PC COMP/P/90688/06/2024 | B54: -06-2024 | D54: 90688 | E54: ="ia.assorted_string like '%"&D54&B54&"%' or" -> ia.assorted_string like '%90688-06-2024%' or | L54: 90688 | M54: 6 | N54: 2024
A55: LHR/LHR/D/MO/PC TPP/P/96761/09/2024 | B55: -09-2024 | D55: 96761 | E55: ="ia.assorted_string like '%"&D55&B55&"%' or" -> ia.assorted_string like '%96761-09-2024%' or | L55: 96761 | M55: 9 | N55: 2024
A56: LHR/LHR/D/MO/PC TPP/P/96763/09/2024 | B56: -09-2024 | D56: 96763 | E56: ="ia.assorted_string like '%"&D56&B56&"%' or" -> ia.assorted_string like '%96763-09-2024%' or | L56: 96763 | M56: 9 | N56: 2024
A57: LHR/LHR/D/MO/PC COMP/P/96863/09/2024 | B57: -09-2024 | D57: 96863 | E57: ="ia.assorted_string like '%"&D57&B57&"%' or" -> ia.assorted_string like '%96863-09-2024%' or | L57: 96863 | M57: 9 | N57: 2024
A58: LHR/LHR/D/MO/PC COMP/P/96864/09/2024 | B58: -09-2024 | D58: 96864 | E58: ="ia.assorted_string like '%"&D58&B58&"%' or" -> ia.assorted_string like '%96864-09-2024%' or | L58: 96864 | M58: 9 | N58: 2024
A59: LHR/LHR/D/MO/PC COMP/P/97125/09/2024 | B59: -09-2024 | D59: 97125 | E59: ="ia.assorted_string like '%"&D59&B59&"%' or" -> ia.assorted_string like '%97125-09-2024%' or | L59: 97125 | M59: 9 | N59: 2024
... A78: LHR/LHR/D/MO/PC COMP/P/84259/02/2024 | B78: -02-2024 | D78: 84259 | E78: ="ia.assorted_string like '%"&D78&B78&"%' or" -> ia.assorted_string like '%84259-02-2024%' or | L78: 84259 | M78: 2 | N78: 2024

Sheet policyP
B1: FUNC_ASSORTED_STRING(IA.ASSORTED_CODE) | C1: ASSORTED_CODE
A2: 1 | B2: LHR/LHR/D/MO/PC COMP/P/84259/02/2024 | C2: 040000166787
A3: 2 | B3: LHR/LHR/D/MO/PC COMP/P/87895/04/2024 | C3: 040000171867
A4: 3 | B4: LHR/LHR/D/MO/PC COMP/P/99498/10/2024 | C4: 040000186509
A5: 4 | B5: LHR/LHR/D/MO/PC TPP/P/96763/09/2024 | C5: 040000183330
A6: 5 | B6: LHR/LHR/D/MO/PC COMP/P/98639/09/2024 | C6: 040000185493
A7: 6 | B7: LHR/LHR/D/MO/PC COMP/P/96863/09/2024 | C7: 040000183452
A8: 7 | B8: LHR/LHR/D/MO/PC TPP/P/96761/09/2024 | C8: 040000183328
A9: 8 | B9: LHR/LHR/D/MO/PC COMP/P/98918/10/2024 | C9: 040000185801
A10: 9 | B10: LHR/LHR/D/MO/PC COMP/P/97125/09/2024 | C10: 040000183776
A11: 10 | B11: LHR/LHR/D/MO/PC TPP/P/96873/09/2024 | C11: 040000183468
A12: 11 | B12: LHR/LHR/D/MO/PC COMP/P/98919/10/2024 | C12: 040000185802
A13: 12 | B13: LHR/LHR/D/MO/PC TPP/P/98291/09/2024 | C13: 040000185100
... A32: 31 | B32: LHR/LHR/D/MO/PC COMP/P/90688/06/2024 | C32: 040000175708

Sheet plicyC
B1: FUNC_ASSORTED_STRING(IA.ASSORTED_CODE) | C1: ASSORTED_CODE | D1: AGENCY_CODE
A2: 1 | B2: LHR/LHR/D/MO/PC COMP/P/84259/02/2024 | C2: 040000166787 | D2: 09000477
A3: 2 | B3: LHR/LHR/D/MO/PC COMP/P/87895/04/2024 | C3: 040000171867 | D3: 09000521
A4: 3 | B4: LHR/LHR/D/MO/PC COMP/P/99498/10/2024 | C4: 040000186509 | D4: 09000210
A5: 4 | B5: LHR/LHR/D/MO/PC TPP/P/96763/09/2024 | C5: 040000183330 | D5: 09000862
A6: 5 | B6: LHR/LHR/D/MO/PC COMP/P/98639/09/2024 | C6: 040000185493 | D6: 09000806
A7: 6 | B7: LHR/LHR/D/MO/PC COMP/P/96863/09/2024 | C7: 040000183452 | D7: 09000845
A8: 7 | B8: LHR/LHR/D/MO/PC TPP/P/96761/09/2024 | C8: 040000183328 | D8: 09000862
A9: 8 | B9: LHR/LHR/D/MO/PC COMP/P/98918/10/2024 | C9: 040000185801 | D9: 09000878
A10: 9 | B10: LHR/LHR/D/MO/PC COMP/P/97125/09/2024 | C10: 040000183776 | D10: 09000925
A11: 10 | B11: LHR/LHR/D/MO/PC TPP/P/96873/09/2024 | C11: 040000183468 | D11: 09000783
A12: 11 | B12: LHR/LHR/D/MO/PC COMP/P/98919/10/2024 | C12: 040000185802 | D12: 09000748
A13: 12 | B13: LHR/LHR/D/MO/PC TPP/P/98291/09/2024 | C13: 040000185100 | D13: 09000928
... A32: 31 | B32: LHR/LHR/D/MO/PC COMP/P/90688/06/2024 | C32: 040000175708 | D32: 09000845
