Workbook

Sheet Sheet1
A1: Sr.No | B1: POLICY_STRING | C1: Agency Code | D1: Agency Name | E1: OST
A2: 1 | B2: LHR/LHR/D/MO/PC COMP/P/90900/06/2024 | C2: 9000845 | D2: Muhammad Hamza Parvez | E2: 14046
A3: 2 | B3: LHR/LHR/D/MO/PC COMP/P/91269/06/2024 | C3: 9000845 | D3: Muhammad Hamza Parvez | E3: 68974
A4: 3 | B4: LHR/LHR/D/MO/PC COMP/P/91980/06/2024 | C4: 9000845 | D4: Muhammad Hamza Parvez | E4: 12181
A5: 4 | B5: LHR/LHR/D/MO/PC COMP/P/91981/06/2024 | C5: 9000845 | D5: Muhammad Hamza Parvez | E5: 8037
A6: 5 | B6: LHR/LHR/D/MO/PC COMP/P/92018/06/2024 | C6: 9000845 | D6: Muhammad Hamza Parvez | E6: 24500
A7: 6 | B7: LHR/LHR/D/MO/PC COMP/P/92314/07/2024 | C7: 9000509 | D7: Suzuki Motor House Pvt. Ltd. | E7: 8412
A8: 7 | B8: LHR/LHR/D/MO/PC COMP/P/92317/07/2024 | C8: 9000486 | D8: Suzuki Fort Motors | E8: 8265
A9: 8 | B9: LHR/LHR/D/MO/PC COMP/P/92318/07/2024 | C9: 9000486 | D9: Suzuki Fort Motors | E9: 13535
A10: 9 | B10: LHR/LHR/D/MO/PC COMP/P/92365/07/2024 | C10: 9000818 | D10: Syed Suleman Ashraf Gillani | E10: 795
A11: 10 | B11: LHR/LHR/D/MO/PC COMP/P/92385/07/2024 | C11: 9000818 | D11: Syed Suleman Ashraf Gillani | E11: 14179
A12: 11 | B12: LHR/LHR/D/MO/PC COMP/P/92386/07/2024 | C12: 9000818 | D12: Syed Suleman Ashraf Gillani | E12: 10125
A13: 12 | B13: LHR/LHR/D/MO/PC COMP/P/92532/07/2024 | C13: 9000729 | D13: Imran Sharif | E13: 5485
... A57: 56 | B57: LHR/LHR/D/MO/PC COMP/P/96489/08/2024 | C57: 9000898 | D57: Umar Zeb | E57: 14506

Sheet Sheet2
A1: POLICY_STRING | B1: COMM | C1: Agency Code
A2: LHR/LHR/D/MO/PC COMP/P/90900/06/2024 | B2: 14046 | C2: 9000845 | D2: =VLOOKUP(A2,[1]Sheet1!$B:$C,2,0) -> 09000845
A3: LHR/LHR/D/MO/PC COMP/P/91269/06/2024 | B3: 68974 | C3: 9000845 | D3: =VLOOKUP(A3,[1]Sheet1!$B:$C,2,0) -> 09000845
A4: LHR/LHR/D/MO/PC COMP/P/91980/06/2024 | B4: 12181 | C4: 9000845 | D4: =VLOOKUP(A4,[1]Sheet1!$B:$C,2,0) -> 09000845
A5: LHR/LHR/D/MO/PC COMP/P/91981/06/2024 | B5: 8037 | C5: 9000845 | D5: =VLOOKUP(A5,[1]Sheet1!$B:$C,2,0) -> 09000845
A6: LHR/LHR/D/MO/PC COMP/P/92018/06/2024 | B6: 24500 | C6: 9000845 | D6: =VLOOKUP(A6,[1]Sheet1!$B:$C,2,0) -> 09000845
A7: LHR/LHR/D/MO/PC COMP/P/92314/07/2024 | B7: 8412 | C7: 9000509 | D7: =VLOOKUP(A7,[1]Sheet1!$B:$C,2,0) -> 09000509
A8: LHR/LHR/D/MO/PC COMP/P/92317/07/2024 | B8: 8265 | C8: 9000486 | D8: =VLOOKUP(A8,[1]Sheet1!$B:$C,2,0) -> 09000486
A9: LHR/LHR/D/MO/PC COMP/P/92318/07/2024 | B9: 13535 | C9: 9000486 | D9: =VLOOKUP(A9,[1]Sheet1!$B:$C,2,0) -> 09000486
A10: LHR/LHR/D/MO/PC COMP/P/92365/07/2024 | B10: 795 | C10: 9000818 | D10: =VLOOKUP(A10,[1]Sheet1!$B:$C,2,0) -> 09000818
A11: LHR/LHR/D/MO/PC COMP/P/92385/07/2024 | B11: 14179 | C11: 9000818 | D11: =VLOOKUP(A11,[1]Sheet1!$B:$C,2,0) -> 09000818
A12: LHR/LHR/D/MO/PC COMP/P/92386/07/2024 | B12: 10125 | C12: 9000818 | D12: =VLOOKUP(A12,[1]Sheet1!$B:$C,2,0) -> 09000818
A13: LHR/LHR/D/MO/PC COMP/P/92532/07/2024 | B13: 5485 | C13: 9000729 | D13: =VLOOKUP(A13,[1]Sheet1!$B:$C,2,0) -> 09000729
... A57: LHR/LHR/D/MO/PC COMP/P/96489/08/2024 | B57: 14506 | C57: 9000898 | D57: =VLOOKUP(A57,[1]Sheet1!$B:$C,2,0) -> 09000898
B58: =SUM(B2:B57) -> 793565
A60: POLICY_STRING | B60: PREM
A61: LHR/LHR/D/MO/PC COMP/P/90900/06/2024 | B61: 14046
A62: LHR/LHR/D/MO/PC COMP/P/91269/06/2024 | B62: 68974
A63: LHR/LHR/D/MO/PC COMP/P/91980/06/2024 | B63: 12181
A64: LHR/LHR/D/MO/PC COMP/P/91981/06/2024 | B64: 8037
A65: LHR/LHR/D/MO/PC COMP/P/92018/06/2024 | B65: 24500
A66: LHR/LHR/D/MO/PC COMP/P/92314/07/2024 | B66: 8412
A67: LHR/LHR/D/MO/PC COMP/P/92317/07/2024 | B67: 8265
A68: LHR/LHR/D/MO/PC COMP/P/92318/07/2024 | B68: 13535
A69: LHR/LHR/D/MO/PC COMP/P/92365/07/2024 | B69: 795
A70: LHR/LHR/D/MO/PC COMP/P/92385/07/2024 | B70: 14179
A71: LHR/LHR/D/MO/PC COMP/P/92386/07/2024 | B71: 10125
A72: LHR/LHR/D/MO/PC COMP/P/92532/07/2024 | B72: 5485
... A116: LHR/LHR/D/MO/PC COMP/P/96489/08/2024 | B116: 14506
B117: =SUM(B61:B116) -> 793565

Sheet working Commission
A1: POLICY NO. | B1: Assorted_code | C1: Commission | D1: 11Sep240220
A2: LHR/LHR/D/MO/PC COMP/P/90900/06/2024 | B2: =VLOOKUP(A2,[2]Sheet1!$B:$D,3,0) -> 040000176000 | C2: =VLOOKUP(A2,Sheet2!A:B,2,0) -> 14046 | D2: 11Sep240220 | E2: =VLOOKUP(A2,[2]Sheet1!$B:$D,2,0) -> 09000845 | F2: ="insert into ins_premium_det (premium_rcv_code,assorted_code, rec_amount,premium_rcv_detail_code,remaining_amt, payrec, mode_code,paid_to_code,class_cd) values" -> insert into ins_premium_det (premium_rcv_code,assorted_code, rec_amount,premium_rcv_detail_code,remaining_amt, payrec, mode_code,paid_to_code,class_cd) values | G2: ="('"&D1&"','"&B2&"','"&C2&"',(select max(to_number(i.premium_rcv_detail_code))+1 from ins_premium_det i),'"&C2&"','"&C2&"','03', '"&E2&"','00');" -> ('11Sep240220','040000176000','14046',(select max(to_number(i.premium_rcv_detail_code))+1 from ins_premium_det i),'14046','14046','03', '09000845','00'); | H2: =F2&G2 -> insert into ins_premium_det (premium_rcv_code,assorted_code, rec_amount,premium_rcv_detail_code,remaining_amt, payrec, mode_code,paid_to_code,class_cd) values('11Sep240220','040000176000','14046',(select max(to_number(i.premium_rcv_detail_code))+1 from ins_premium_det i),'14046','14046','03', '09000845','00');
A3: LHR/LHR/D/MO/PC COMP/P/91269/06/2024 | B3: =VLOOKUP(A3,[2]Sheet1!$B:$D,3,0) -> 040000176442 | C3: =VLOOKUP(A3,Sheet2!A:B,2,0) -> 68974 | D3: 11Sep240220 | E3: =VLOOKUP(A3,[2]Sheet1!$B:$D,2,0) -> 09000845 | F3: ="insert into ins_premium_det (premium_rcv_code,assorted_code, rec_amount,premium_rcv_detail_code,remaining_amt, payrec, mode_code,paid_to_code,class_cd) values" -> insert into ins_premium_det (premium_rcv_code,assorted_code, rec_amount,premium_rcv_detail_code,remaining_amt, payrec, mode_code,paid_to_code,class_cd) values | G3: ="('"&D2&"','"&B3&"','"&C3&"',(select max(to_number(i.premium_rcv_detail_code))+1 from ins_premium_det i),'"&C3&"','"&C3&"','03', '"&E3&"','00');" -> ('11Sep240220','040000176442','68974',(select max(to_number(i.premium_rcv_detail_code))+1 from ins_premium_det i),'68974','68974','03', '09000845','00'); | H3: =F3&G3 -> insert into ins_premium_det (premium_rcv_code,assorted_code, rec_amount,premium_rcv_detail_code,remaining_amt, payrec, mode_code,paid_to_code,class_cd) values('11Sep240220','040000176442','68974',(select max(to_number(i.premium_rcv_detail_code))+1 from ins_premium_det i),'68974','68974','03', '09000845','00');
A4: LHR/LHR/D/MO/PC COMP/P/91980/06/2024 | B4: =VLOOKUP(A4,[2]Sheet1!$B:$D,3,0) -> 040000177339 | C4: =VLOOKUP(A4,Sheet2!A:B,2,0) -> 12181 | D4: 11Sep240220 | E4: =VLOOKUP(A4,[2]Sheet1!$B:$D,2,0) -> 09000845 | F4: ="insert into ins_premium_det (premium_rcv_code,assorted_code, rec_amount,premium_rcv_detail_code,remaining_amt, payrec, mode_code,paid_to_code,class_cd) values" -> insert into ins_premium_det (premium_rcv_code,assorted_code, rec_amount,premium_rcv_detail_code,remaining_amt, payrec, mode_code,paid_to_code,class_cd) values | G4: ="('"&D3&"','"&B4&"','"&C4&"',(select max(to_number(i.premium_rcv_detail_code))+1 from ins_premium_det i),'"&C4&"','"&C4&"','03', '"&E4&"','00');" -> ('11Sep240220','040000177339','12181',(select max(to_number(i.premium_rcv_detail_code))+1 from ins_premium_det i),'12181','12181','03', '09000845','00'); | H4: =F4&G4 -> insert into ins_premium_det (premium_rcv_code,assorted_code, rec_amount,premium_rcv_detail_code,remaining_amt, payrec, mode_code,paid_to_code,class_cd) values('11Sep240220','040000177339','12181',(select max(to_number(i.premium_rcv_detail_code))+1 from ins_premium_det i),'12181','12181','03', '09000845','00');
A5: LHR/LHR/D/MO/PC COMP/P/91981/06/2024 | B5: =VLOOKUP(A5,[2]Sheet1!$B:$D,3,0) -> 040000177340 | C5: =VLOOKUP(A5,Sheet2!A:B,2,0) -> 8037 | D5: 11Sep240220 | E5: =VLOOKUP(A5,[2]Sheet1!$B:$D,2,0) -> 09000845 | F5: ="insert into ins_premium_det (premium_rcv_code,assorted_code, rec_amount,premium_rcv_detail_code,remaining_amt, payrec, mode_code,paid_to_code,class_cd) values" -> insert into ins_premium_det (premium_rcv_code,assorted_code, rec_amount,premium_rcv_detail_code,remaining_amt, payrec, mode_code,paid_to_code,class_cd) values | G5: ="('"&D4&"','"&B5&"','"&C5&"',(select max(to_number(i.premium_rcv_detail_code))+1 from ins_premium_det i),'"&C5&"','"&C5&"','03', '"&E5&"','00');" -> ('11Sep240220','040000177340','8037',(select max(to_number(i.premium_rcv_detail_code))+1 from ins_premium_det i),'8037','8037','03', '09000845','00'); | H5: =F5&G5 -> insert into ins_premium_det (premium_rcv_code,assorted_code, rec_amount,premium_rcv_detail_code,remaining_amt, payrec, mode_code,paid_to_code,class_cd) values('11Sep240220','040000177340','8037',(select max(to_number(i.premium_rcv_detail_code))+1 from ins_premium_det i),'8037','8037','03', '09000845','00');
A6: LHR/LHR/D/MO/PC COMP/P/92018/06/2024 | B6: =VLOOKUP(A6,[2]Sheet1!$B:$D,3,0) -> 040000177378 | C6: =VLOOKUP(A6,Sheet2!A:B,2,0) -> 24500 | D6: 11Sep240220 | E6: =VLOOKUP(A6,[2]Sheet1!$B:$D,2,0) -> 09000845 | F6: ="insert into ins_premium_det (premium_rcv_code,assorted_code, rec_amount,premium_rcv_detail_code,remaining_amt, payrec, mode_code,paid_to_code,class_cd) values" -> insert into ins_premium_det (premium_rcv_code,assorted_code, rec_amount,premium_rcv_detail_code,remaining_amt, payrec, mode_code,paid_to_code,class_cd) values | G6: ="('"&D5&"','"&B6&"','"&C6&"',(select max(to_number(i.premium_rcv_detail_code))+1 from ins_premium_det i),'"&C6&"','"&C6&"','03', '"&E6&"','00');" -> ('11Sep240220','040000177378','24500',(select max(to_number(i.premium_rcv_detail_code))+1 from ins_premium_det i),'24500','24500','03', '09000845','00'); | H6: =F6&G6 -> insert into ins_premium_det (premium_rcv_code,assorted_code, rec_amount,premium_rcv_detail_code,remaining_amt, payrec, mode_code,paid_to_code,class_cd) values('11Sep240220','040000177378','24500',(select max(to_number(i.premium_rcv_detail_code))+1 from ins_premium_det i),'24500','24500','03', '09000845','00');
A7: LHR/LHR/D/MO/PC COMP/P/92314/07/2024 | B7: =VLOOKUP(A7,[2]Sheet1!$B:$D,3,0) -> 040000177861 | C7: =VLOOKUP(A7,Sheet2!A:B,2,0) -> 8412 | D7: 11Sep240220 | E7: =VLOOKUP(A7,[2]Sheet1!$B:$D,2,0) -> 09000509 | F7: ="insert into ins_premium_det (premium_rcv_code,assorted_code, rec_amount,premium_rcv_detail_code,remaining_amt, payrec, mode_code,paid_to_code,class_cd) values" -> insert into ins_premium_det (premium_rcv_code,assorted_code, rec_amount,premium_rcv_detail_code,remaining_amt, payrec, mode_code,paid_to_code,class_cd) values | G7: ="('"&D6&"','"&B7&"','"&C7&"',(select max(to_number(i.premium_rcv_detail_code))+1 from ins_premium_det i),'"&C7&"','"&C7&"','03', '"&E7&"','00');" -> ('11Sep240220','040000177861','8412',(select max(to_number(i.premium_rcv_detail_code))+1 from ins_premium_det i),'8412','8412','03', '09000509','00'); | H7: =F7&G7 -> insert into ins_premium_det (premium_rcv_code,assorted_code, rec_amount,premium_rcv_detail_code,remaining_amt, payrec, mode_code,paid_to_code,class_cd) values('11Sep240220','040000177861','8412',(select max(to_number(i.premium_rcv_detail_code))+1 from ins_premium_det i),'8412','8412','03', '09000509','00');
A8: LHR/LHR/D/MO/PC COMP/P/92317/07/2024 | B8: =VLOOKUP(A8,[2]Sheet1!$B:$D,3,0) -> 040000177870 | C8: =VLOOKUP(A8,Sheet2!A:B,2,0) -> 8265 | D8: 11Sep240220 | E8: =VLOOKUP(A8,[2]Sheet1!$B:$D,2,0) -> 09000486 | F8: ="insert into ins_premium_det (premium_rcv_code,assorted_code, rec_amount,premium_rcv_detail_code,remaining_amt, payrec, mode_code,paid_to_code,class_cd) values" -> insert into ins_premium_det (premium_rcv_code,assorted_code, rec_amount,premium_rcv_detail_code,remaining_amt, payrec, mode_code,paid_to_code,class_cd) values | G8: ="('"&D7&"','"&B8&"','"&C8&"',(select max(to_number(i.premium_rcv_detail_code))+1 from ins_premium_det i),'"&C8&"','"&C8&"','03', '"&E8&"','00');" -> ('11Sep240220','040000177870','8265',(select max(to_number(i.premium_rcv_detail_code))+1 from ins_premium_det i),'8265','8265','03', '09000486','00'); | H8: =F8&G8 -> insert into ins_premium_det (premium_rcv_code,assorted_code, rec_amount,premium_rcv_detail_code,remaining_amt, payrec, mode_code,paid_to_code,class_cd) values('11Sep240220','040000177870','8265',(select max(to_number(i.premium_rcv_detail_code))+1 from ins_premium_det i),'8265','8265','03', '09000486','00');
A9: LHR/LHR/D/MO/PC COMP/P/92318/07/2024 | B9: =VLOOKUP(A9,[2]Sheet1!$B:$D,3,0) -> 040000177871 | C9: =VLOOKUP(A9,Sheet2!A:B,2,0) -> 13535 | D9: 11Sep240220 | E9: =VLOOKUP(A9,[2]Sheet1!$B:$D,2,0) -> 09000486 | F9: ="insert into ins_premium_det (premium_rcv_code,assorted_code, rec_amount,premium_rcv_detail_code,remaining_amt, payrec, mode_code,paid_to_code,class_cd) values" -> insert into ins_premium_det (premium_rcv_code,assorted_code, rec_amount,premium_rcv_detail_code,remaining_amt, payrec, mode_code,paid_to_code,class_cd) values | G9: ="('"&D8&"','"&B9&"','"&C9&"',(select max(to_number(i.premium_rcv_detail_code))+1 from ins_premium_det i),'"&C9&"','"&C9&"','03', '"&E9&"','00');" -> ('11Sep240220','040000177871','13535',(select max(to_number(i.premium_rcv_detail_code))+1 from ins_premium_det i),'13535','13535','03', '09000486','00'); | H9: =F9&G9 -> insert into ins_premium_det (premium_rcv_code,assorted_code, rec_amount,premium_rcv_detail_code,remaining_amt, payrec, mode_code,paid_to_code,class_cd) values('11Sep240220','040000177871','13535',(select max(to_number(i.premium_rcv_detail_code))+1 from ins_premium_det i),'13535','13535','03', '09000486','00');
A10: LHR/LHR/D/MO/PC COMP/P/92365/07/2024 | B10: =VLOOKUP(A10,[2]Sheet1!$B:$D,3,0) -> 040000177954 | C10: =VLOOKUP(A10,Sheet2!A:B,2,0) -> 795 | D10: 11Sep240220 | E10: =VLOOKUP(A10,[2]Sheet1!$B:$D,2,0) -> 09000818 | F10: ="insert into ins_premium_det (premium_rcv_code,assorted_code, rec_amount,premium_rcv_detail_code,remaining_amt, payrec, mode_code,paid_to_code,class_cd) values" -> insert into ins_premium_det (premium_rcv_code,assorted_code, rec_amount,premium_rcv_detail_code,remaining_amt, payrec, mode_code,paid_to_code,class_cd) values | G10: ="('"&D9&"','"&B10&"','"&C10&"',(select max(to_number(i.premium_rcv_detail_code))+1 from ins_premium_det i),'"&C10&"','"&C10&"','03', '"&E10&"','00');" -> ('11Sep240220','040000177954','795',(select max(to_number(i.premium_rcv_detail_code))+1 from ins_premium_det i),'795','795','03', '09000818','00'); | H10: =F10&G10 -> insert into ins_premium_det (premium_rcv_code,assorted_code, rec_amount,premium_rcv_detail_code,remaining_amt, payrec, mode_code,paid_to_code,class_cd) values('11Sep240220','040000177954','795',(select max(to_number(i.premium_rcv_detail_code))+1 from ins_premium_det i),'795','795','03', '09000818','00');
A11: LHR/LHR/D/MO/PC COMP/P/92385/07/2024 | B11: =VLOOKUP(A11,[2]Sheet1!$B:$D,3,0) -> 040000177978 | C11: =VLOOKUP(A11,Sheet2!A:B,2,0) -> 14179 | D11: 11Sep240220 | E11: =VLOOKUP(A11,[2]Sheet1!$B:$D,2,0) -> 09000818 | F11: ="insert into ins_premium_det (premium_rcv_code,assorted_code, rec_amount,premium_rcv_detail_code,remaining_amt, payrec, mode_code,paid_to_code,class_cd) values" -> insert into ins_premium_det (premium_rcv_code,assorted_code, rec_amount,premium_rcv_detail_code,remaining_amt, payrec, mode_code,paid_to_code,class_cd) values | G11: ="('"&D10&"','"&B11&"','"&C11&"',(select max(to_number(i.premium_rcv_detail_code))+1 from ins_premium_det i),'"&C11&"','"&C11&"','03', '"&E11&"','00');" -> ('11Sep240220','040000177978','14179',(select max(to_number(i.premium_rcv_detail_code))+1 from ins_premium_det i),'14179','14179','03', '09000818','00'); | H11: =F11&G11 -> insert into ins_premium_det (premium_rcv_code,assorted_code, rec_amount,premium_rcv_detail_code,remaining_amt, payrec, mode_code,paid_to_code,class_cd) values('11Sep240220','040000177978','14179',(select max(to_number(i.premium_rcv_detail_code))+1 from ins_premium_det i),'14179','14179','03', '09000818','00');
A12: LHR/LHR/D/MO/PC COMP/P/92386/07/2024 | B12: =VLOOKUP(A12,[2]Sheet1!$B:$D,3,0) -> 040000177979 | C12: =VLOOKUP(A12,Sheet2!A:B,2,0) -> 10125 | D12: 11Sep240220 | E12: =VLOOKUP(A12,[2]Sheet1!$B:$D,2,0) -> 09000818 | F12: ="insert into ins_premium_det (premium_rcv_code,assorted_code, rec_amount,premium_rcv_detail_code,remaining_amt, payrec, mode_code,paid_to_code,class_cd) values" -> insert into ins_premium_det (premium_rcv_code,assorted_code, rec_amount,premium_rcv_detail_code,remaining_amt, payrec, mode_code,paid_to_code,class_cd) values | G12: ="('"&D11&"','"&B12&"','"&C12&"',(select max(to_number(i.premium_rcv_detail_code))+1 from ins_premium_det i),'"&C12&"','"&C12&"','03', '"&E12&"','00');" -> ('11Sep240220','040000177979','10125',(select max(to_number(i.premium_rcv_detail_code))+1 from ins_premium_det i),'10125','10125','03', '09000818','00'); | H12: =F12&G12 -> insert into ins_premium_det (premium_rcv_code,assorted_code, rec_amount,premium_rcv_detail_code,remaining_amt, payrec, mode_code,paid_to_code,class_cd) values('11Sep240220','040000177979','10125',(select max(to_number(i.premium_rcv_detail_code))+1 from ins_premium_det i),'10125','10125','03', '09000818','00');
A13: LHR/LHR/D/MO/PC COMP/P/92532/07/2024 | B13: =VLOOKUP(A13,[2]Sheet1!$B:$D,3,0) -> 040000178156 | C13: =VLOOKUP(A13,Sheet2!A:B,2,0) -> 5485 | D13: 11Sep240220 | E13: =VLOOKUP(A13,[2]Sheet1!$B:$D,2,0) -> 09000729 | F13: ="insert into ins_premium_det (premium_rcv_code,assorted_code, rec_amount,premium_rcv_detail_code,remaining_amt, payrec, mode_code,paid_to_code,class_cd) values" -> insert into ins_premium_det (premium_rcv_code,assorted_code, rec_amount,premium_rcv_detail_code,remaining_amt, payrec, mode_code,paid_to_code,class_cd) values | G13: ="('"&D12&"','"&B13&"','"&C13&"',(select max(to_number(i.premium_rcv_detail_code))+1 from ins_premium_det i),'"&C13&"','"&C13&"','03', '"&E13&"','00');" -> ('11Sep240220','040000178156','5485',(select max(to_number(i.premium_rcv_detail_code))+1 from ins_premium_det i),'5485','5485','03', '09000729','00'); | H13: =F13&G13 -> insert into ins_premium_det (premium_rcv_code,assorted_code, rec_amount,premium_rcv_detail_code,remaining_amt, payrec, mode_code,paid_to_code,class_cd) values('11Sep240220','040000178156','5485',(select max(to_number(i.premium_rcv_detail_code))+1 from ins_premium_det i),'5485','5485','03', '09000729','00');
... A57: LHR/LHR/D/MO/PC COMP/P/96489/08/2024 | B57: =VLOOKUP(A57,[2]Sheet1!$B:$D,3,0) -> 040000183026 | C57: =VLOOKUP(A57,Sheet2!A:B,2,0) -> 14506 | D57: 11Sep240220 | E57: =VLOOKUP(A57,[2]Sheet1!$B:$D,2,0) -> 09000898 | F57: ="insert into ins_premium_det (premium_rcv_code,assorted_code, rec_amount,premium_rcv_detail_code,remaining_amt, payrec, mode_code,paid_to_code,class_cd) values" -> insert into ins_premium_det (premium_rcv_code,assorted_code, rec_amount,premium_rcv_detail_code,remaining_amt, payrec, mode_code,paid_to_code,class_cd) values | G57: ="('"&D56&"','"&B57&"','"&C57&"',(select max(to_number(i.premium_rcv_detail_code))+1 from ins_premium_det i),'"&C57&"','"&C57&"','03', '"&E57&"','00');" -> ('11Sep240220','040000183026','14506',(select max(to_number(i.premium_rcv_detail_code))+1 from ins_premium_det i),'14506','14506','03', '09000898','00'); | H57: =F57&G57 -> insert into ins_premium_det (premium_rcv_code,assorted_code, rec_amount,premium_rcv_detail_code,remaining_amt, payrec, mode_code,paid_to_code,class_cd) values('11Sep240220','040000183026','14506',(select max(to_number(i.premium_rcv_detail_code))+1 from ins_premium_det i),'14506','14506','03', '09000898','00');

Sheet Sheet4
A2: LHR/LHR/D/MO/PC COMP/P/90900/06/2024 | B2: -06-2024 | D2: 90900 | E2: ="ia.assorted_string like '%"&D2&B2&"%' or" -> ia.assorted_string like '%90900-06-2024%' or
A3: LHR/LHR/D/MO/PC COMP/P/91269/06/2024 | B3: -06-2024 | D3: 91269 | E3: ="ia.assorted_string like '%"&D3&B3&"%' or" -> ia.assorted_string like '%91269-06-2024%' or
A4: LHR/LHR/D/MO/PC COMP/P/91980/06/2024 | B4: -06-2024 | D4: 91980 | E4: ="ia.assorted_string like '%"&D4&B4&"%' or" -> ia.assorted_string like '%91980-06-2024%' or
A5: LHR/LHR/D/MO/PC COMP/P/91981/06/2024 | B5: -06-2024 | D5: 91981 | E5: ="ia.assorted_string like '%"&D5&B5&"%' or" -> ia.assorted_string like '%91981-06-2024%' or
A6: LHR/LHR/D/MO/PC COMP/P/92018/06/2024 | B6: -06-2024 | D6: 92018 | E6: ="ia.assorted_string like '%"&D6&B6&"%' or" -> ia.assorted_string like '%92018-06-2024%' or
A7: LHR/LHR/D/MO/PC COMP/P/92314/07/2024 | B7: -07-2024 | D7: 92314 | E7: ="ia.assorted_string like '%"&D7&B7&"%' or" -> ia.assorted_string like '%92314-07-2024%' or
A8: LHR/LHR/D/MO/PC COMP/P/92317/07/2024 | B8: -07-2024 | D8: 92317 | E8: ="ia.assorted_string like '%"&D8&B8&"%' or" -> ia.assorted_string like '%92317-07-2024%' or
A9: LHR/LHR/D/MO/PC COMP/P/92318/07/2024 | B9: -07-2024 | D9: 92318 | E9: ="ia.assorted_string like '%"&D9&B9&"%' or" -> ia.assorted_string like '%92318-07-2024%' or
A10: LHR/LHR/D/MO/PC COMP/P/92365/07/2024 | B10: -07-2024 | D10: 92365 | E10: ="ia.assorted_string like '%"&D10&B10&"%' or" -> ia.assorted_string like '%92365-07-2024%' or
A11: LHR/LHR/D/MO/PC COMP/P/92385/07/2024 | B11: -07-2024 | D11: 92385 | E11: ="ia.assorted_string like '%"&D11&B11&"%' or" -> ia.assorted_string like '%92385-07-2024%' or
A12: LHR/LHR/D/MO/PC COMP/P/92386/07/2024 | B12: -07-2024 | D12: 92386 | E12: ="ia.assorted_string like '%"&D12&B12&"%' or" -> ia.assorted_string like '%92386-07-2024%' or
A13: LHR/LHR/D/MO/PC COMP/P/92532/07/2024 | B13: -07-2024 | D13: 92532 | E13: ="ia.assorted_string like '%"&D13&B13&"%' or" -> ia.assorted_string like '%92532-07-2024%' or
... A57: LHR/LHR/D/MO/PC COMP/P/96489/08/2024 | B57: -08-2024 | D57: 96489 | E57: ="ia.assorted_string like '%"&D57&B57&"%' or" -> ia.assorted_string like '%96489-08-2024%' or

Sheet working Premium
A1: POLICY NO. | B1: Assorted_code | C1: Premium | D1: 11Sep240220
A2: LHR/LHR/D/MO/PC COMP/P/90900/06/2024 | B2: =VLOOKUP(A2,[3]Sheet1!$B:$C,2,0) -> 040000176000 | C2: =VLOOKUP(A2,Sheet2!A61:B116,2,0) -> 14046 | D2: 11Sep240220 | E2: ="insert into ins_premium_det (premium_rcv_code,assorted_code, rec_amount,premium_rcv_detail_code,remaining_amt, payrec, mode_code,coinsurance_code,class_cd,IT_REMARKS) values" -> insert into ins_premium_det (premium_rcv_code,assorted_code, rec_amount,premium_rcv_detail_code,remaining_amt, payrec, mode_code,coinsurance_code,class_cd,IT_REMARKS) values | F2: ="('"&D1&"','"&B2&"','"&C2&"',(select max(to_number(i.premium_rcv_detail_code))+1 from ins_premium_det i),'"&C2&"','"&C2&"','02', '11000003','00','Request By Omair Ali 09-Sep-2024 Uploaded Premium');" -> ('11Sep240220','040000176000','14046',(select max(to_number(i.premium_rcv_detail_code))+1 from ins_premium_det i),'14046','14046','02', '11000003','00','Request By Omair Ali 09-Sep-2024 Uploaded Premium'); | G2: =E2&F2 -> insert into ins_premium_det (premium_rcv_code,assorted_code, rec_amount,premium_rcv_detail_code,remaining_amt, payrec, mode_code,coinsurance_code,class_cd,IT_REMARKS) values('11Sep240220','040000176000','14046',(select max(to_number(i.premium_rcv_detail_code))+1 from ins_premium_det i),'14046','14046','02', '11000003','00','Request By Omair Ali 09-Sep-2024 Uploaded Premium');
A3: LHR/LHR/D/MO/PC COMP/P/91269/06/2024 | B3: =VLOOKUP(A3,[3]Sheet1!$B:$C,2,0) -> 040000176442 | C3: =VLOOKUP(A3,Sheet2!A62:B117,2,0) -> 68974 | D3: 11Sep240220 | E3: ="insert into ins_premium_det (premium_rcv_code,assorted_code, rec_amount,premium_rcv_detail_code,remaining_amt, payrec, mode_code,coinsurance_code,class_cd,IT_REMARKS) values" -> insert into ins_premium_det (premium_rcv_code,assorted_code, rec_amount,premium_rcv_detail_code,remaining_amt, payrec, mode_code,coinsurance_code,class_cd,IT_REMARKS) values | F3: ="('"&D2&"','"&B3&"','"&C3&"',(select max(to_number(i.premium_rcv_detail_code))+1 from ins_premium_det i),'"&C3&"','"&C3&"','02', '11000003','00','Request By Omair Ali 09-Sep-2024 Uploaded Premium');" -> ('11Sep240220','040000176442','68974',(select max(to_number(i.premium_rcv_detail_code))+1 from ins_premium_det i),'68974','68974','02', '11000003','00','Request By Omair Ali 09-Sep-2024 Uploaded Premium'); | G3: =E3&F3 -> insert into ins_premium_det (premium_rcv_code,assorted_code, rec_amount,premium_rcv_detail_code,remaining_amt, payrec, mode_code,coinsurance_code,class_cd,IT_REMARKS) values('11Sep240220','040000176442','68974',(select max(to_number(i.premium_rcv_detail_code))+1 from ins_premium_det i),'68974','68974','02', '11000003','00','Request By Omair Ali 09-Sep-2024 Uploaded Premium');
A4: LHR/LHR/D/MO/PC COMP/P/91980/06/2024 | B4: =VLOOKUP(A4,[3]Sheet1!$B:$C,2,0) -> 040000177339 | C4: =VLOOKUP(A4,Sheet2!A63:B118,2,0) -> 12181 | D4: 11Sep240220 | E4: ="insert into ins_premium_det (premium_rcv_code,assorted_code, rec_amount,premium_rcv_detail_code,remaining_amt, payrec, mode_code,coinsurance_code,class_cd,IT_REMARKS) values" -> insert into ins_premium_det (premium_rcv_code,assorted_code, rec_amount,premium_rcv_detail_code,remaining_amt, payrec, mode_code,coinsurance_code,class_cd,IT_REMARKS) values | F4: ="('"&D3&"','"&B4&"','"&C4&"',(select max(to_number(i.premium_rcv_detail_code))+1 from ins_premium_det i),'"&C4&"','"&C4&"','02', '11000003','00','Request By Omair Ali 09-Sep-2024 Uploaded Premium');" -> ('11Sep240220','040000177339','12181',(select max(to_number(i.premium_rcv_detail_code))+1 from ins_premium_det i),'12181','12181','02', '11000003','00','Request By Omair Ali 09-Sep-2024 Uploaded Premium'); | G4: =E4&F4 -> insert into ins_premium_det (premium_rcv_code,assorted_code, rec_amount,premium_rcv_detail_code,remaining_amt, payrec, mode_code,coinsurance_code,class_cd,IT_REMARKS) values('11Sep240220','040000177339','12181',(select max(to_number(i.premium_rcv_detail_code))+1 from ins_premium_det i),'12181','12181','02', '11000003','00','Request By Omair Ali 09-Sep-2024 Uploaded Premium');
A5: LHR/LHR/D/MO/PC COMP/P/91981/06/2024 | B5: =VLOOKUP(A5,[3]Sheet1!$B:$C,2,0) -> 040000177340 | C5: =VLOOKUP(A5,Sheet2!A64:B119,2,0) -> 8037 | D5: 11Sep240220 | E5: ="insert into ins_premium_det (premium_rcv_code,assorted_code, rec_amount,premium_rcv_detail_code,remaining_amt, payrec, mode_code,coinsurance_code,class_cd,IT_REMARKS) values" -> insert into ins_premium_det (premium_rcv_code,assorted_code, rec_amount,premium_rcv_detail_code,remaining_amt, payrec, mode_code,coinsurance_code,class_cd,IT_REMARKS) values | F5: ="('"&D4&"','"&B5&"','"&C5&"',(select max(to_number(i.premium_rcv_detail_code))+1 from ins_premium_det i),'"&C5&"','"&C5&"','02', '11000003','00','Request By Omair Ali 09-Sep-2024 Uploaded Premium');" -> ('11Sep240220','040000177340','8037',(select max(to_number(i.premium_rcv_detail_code))+1 from ins_premium_det i),'8037','8037','02', '11000003','00','Request By Omair Ali 09-Sep-2024 Uploaded Premium'); | G5: =E5&F5 -> insert into ins_premium_det (premium_rcv_code,assorted_code, rec_amount,premium_rcv_detail_code,remaining_amt, payrec, mode_code,coinsurance_code,class_cd,IT_REMARKS) values('11Sep240220','040000177340','8037',(select max(to_number(i.premium_rcv_detail_code))+1 from ins_premium_det i),'8037','8037','02', '11000003','00','Request By Omair Ali 09-Sep-2024 Uploaded Premium');
A6: LHR/LHR/D/MO/PC COMP/P/92018/06/2024 | B6: =VLOOKUP(A6,[3]Sheet1!$B:$C,2,0) -> 040000177378 | C6: =VLOOKUP(A6,Sheet2!A65:B120,2,0) -> 24500 | D6: 11Sep240220 | E6: ="insert into ins_premium_det (premium_rcv_code,assorted_code, rec_amount,premium_rcv_detail_code,remaining_amt, payrec, mode_code,coinsurance_code,class_cd,IT_REMARKS) values" -> insert into ins_premium_det (premium_rcv_code,assorted_code, rec_amount,premium_rcv_detail_code,remaining_amt, payrec, mode_code,coinsurance_code,class_cd,IT_REMARKS) values | F6: ="('"&D5&"','"&B6&"','"&C6&"',(select max(to_number(i.premium_rcv_detail_code))+1 from ins_premium_det i),'"&C6&"','"&C6&"','02', '11000003','00','Request By Omair Ali 09-Sep-2024 Uploaded Premium');" -> ('11Sep240220','040000177378','24500',(select max(to_number(i.premium_rcv_detail_code))+1 from ins_premium_det i),'24500','24500','02', '11000003','00','Request By Omair Ali 09-Sep-2024 Uploaded Premium'); | G6: =E6&F6 -> insert into ins_premium_det (premium_rcv_code,assorted_code, rec_amount,premium_rcv_detail_code,remaining_amt, payrec, mode_code,coinsurance_code,class_cd,IT_REMARKS) values('11Sep240220','040000177378','24500',(select max(to_number(i.premium_rcv_detail_code))+1 from ins_premium_det i),'24500','24500','02', '11000003','00','Request By Omair Ali 09-Sep-2024 Uploaded Premium');
A7: LHR/LHR/D/MO/PC COMP/P/92314/07/2024 | B7: =VLOOKUP(A7,[3]Sheet1!$B:$C,2,0) -> 040000177861 | C7: =VLOOKUP(A7,Sheet2!A66:B121,2,0) -> 8412 | D7: 11Sep240220 | E7: ="insert into ins_premium_det (premium_rcv_code,assorted_code, rec_amount,premium_rcv_detail_code,remaining_amt, payrec, mode_code,coinsurance_code,class_cd,IT_REMARKS) values" -> insert into ins_premium_det (premium_rcv_code,assorted_code, rec_amount,premium_rcv_detail_code,remaining_amt, payrec, mode_code,coinsurance_code,class_cd,IT_REMARKS) values | F7: ="('"&D6&"','"&B7&"','"&C7&"',(select max(to_number(i.premium_rcv_detail_code))+1 from ins_premium_det i),'"&C7&"','"&C7&"','02', '11000003','00','Request By Omair Ali 09-Sep-2024 Uploaded Premium');" -> ('11Sep240220','040000177861','8412',(select max(to_number(i.premium_rcv_detail_code))+1 from ins_premium_det i),'8412','8412','02', '11000003','00','Request By Omair Ali 09-Sep-2024 Uploaded Premium'); | G7: =E7&F7 -> insert into ins_premium_det (premium_rcv_code,assorted_code, rec_amount,premium_rcv_detail_code,remaining_amt, payrec, mode_code,coinsurance_code,class_cd,IT_REMARKS) values('11Sep240220','040000177861','8412',(select max(to_number(i.premium_rcv_detail_code))+1 from ins_premium_det i),'8412','8412','02', '11000003','00','Request By Omair Ali 09-Sep-2024 Uploaded Premium');
A8: LHR/LHR/D/MO/PC COMP/P/92317/07/2024 | B8: =VLOOKUP(A8,[3]Sheet1!$B:$C,2,0) -> 040000177870 | C8: =VLOOKUP(A8,Sheet2!A67:B122,2,0) -> 8265 | D8: 11Sep240220 | E8: ="insert into ins_premium_det (premium_rcv_code,assorted_code, rec_amount,premium_rcv_detail_code,remaining_amt, payrec, mode_code,coinsurance_code,class_cd,IT_REMARKS) values" -> insert into ins_premium_det (premium_rcv_code,assorted_code, rec_amount,premium_rcv_detail_code,remaining_amt, payrec, mode_code,coinsurance_code,class_cd,IT_REMARKS) values | F8: ="('"&D7&"','"&B8&"','"&C8&"',(select max(to_number(i.premium_rcv_detail_code))+1 from ins_premium_det i),'"&C8&"','"&C8&"','02', '11000003','00','Request By Omair Ali 09-Sep-2024 Uploaded Premium');" -> ('11Sep240220','040000177870','8265',(select max(to_number(i.premium_rcv_detail_code))+1 from ins_premium_det i),'8265','8265','02', '11000003','00','Request By Omair Ali 09-Sep-2024 Uploaded Premium'); | G8: =E8&F8 -> insert into ins_premium_det (premium_rcv_code,assorted_code, rec_amount,premium_rcv_detail_code,remaining_amt, payrec, mode_code,coinsurance_code,class_cd,IT_REMARKS) values('11Sep240220','040000177870','8265',(select max(to_number(i.premium_rcv_detail_code))+1 from ins_premium_det i),'8265','8265','02', '11000003','00','Request By Omair Ali 09-Sep-2024 Uploaded Premium');
A9: LHR/LHR/D/MO/PC COMP/P/92318/07/2024 | B9: =VLOOKUP(A9,[3]Sheet1!$B:$C,2,0) -> 040000177871 | C9: =VLOOKUP(A9,Sheet2!A68:B123,2,0) -> 13535 | D9: 11Sep240220 | E9: ="insert into ins_premium_det (premium_rcv_code,assorted_code, rec_amount,premium_rcv_detail_code,remaining_amt, payrec, mode_code,coinsurance_code,class_cd,IT_REMARKS) values" -> insert into ins_premium_det (premium_rcv_code,assorted_code, rec_amount,premium_rcv_detail_code,remaining_amt, payrec, mode_code,coinsurance_code,class_cd,IT_REMARKS) values | F9: ="('"&D8&"','"&B9&"','"&C9&"',(select max(to_number(i.premium_rcv_detail_code))+1 from ins_premium_det i),'"&C9&"','"&C9&"','02', '11000003','00','Request By Omair Ali 09-Sep-2024 Uploaded Premium');" -> ('11Sep240220','040000177871','13535',(select max(to_number(i.premium_rcv_detail_code))+1 from ins_premium_det i),'13535','13535','02', '11000003','00','Request By Omair Ali 09-Sep-2024 Uploaded Premium'); | G9: =E9&F9 -> insert into ins_premium_det (premium_rcv_code,assorted_code, rec_amount,premium_rcv_detail_code,remaining_amt, payrec, mode_code,coinsurance_code,class_cd,IT_REMARKS) values('11Sep240220','040000177871','13535',(select max(to_number(i.premium_rcv_detail_code))+1 from ins_premium_det i),'13535','13535','02', '11000003','00','Request By Omair Ali 09-Sep-2024 Uploaded Premium');
A10: LHR/LHR/D/MO/PC COMP/P/92365/07/2024 | B10: =VLOOKUP(A10,[3]Sheet1!$B:$C,2,0) -> 040000177954 | C10: =VLOOKUP(A10,Sheet2!A69:B124,2,0) -> 795 | D10: 11Sep240220 | E10: ="insert into ins_premium_det (premium_rcv_code,assorted_code, rec_amount,premium_rcv_detail_code,remaining_amt, payrec, mode_code,coinsurance_code,class_cd,IT_REMARKS) values" -> insert into ins_premium_det (premium_rcv_code,assorted_code, rec_amount,premium_rcv_detail_code,remaining_amt, payrec, mode_code,coinsurance_code,class_cd,IT_REMARKS) values | F10: ="('"&D9&"','"&B10&"','"&C10&"',(select max(to_number(i.premium_rcv_detail_code))+1 from ins_premium_det i),'"&C10&"','"&C10&"','02', '11000003','00','Request By Omair Ali 09-Sep-2024 Uploaded Premium');" -> ('11Sep240220','040000177954','795',(select max(to_number(i.premium_rcv_detail_code))+1 from ins_premium_det i),'795','795','02', '11000003','00','Request By Omair Ali 09-Sep-2024 Uploaded Premium'); | G10: =E10&F10 -> insert into ins_premium_det (premium_rcv_code,assorted_code, rec_amount,premium_rcv_detail_code,remaining_amt, payrec, mode_code,coinsurance_code,class_cd,IT_REMARKS) values('11Sep240220','040000177954','795',(select max(to_number(i.premium_rcv_detail_code))+1 from ins_premium_det i),'795','795','02', '11000003','00','Request By Omair Ali 09-Sep-2024 Uploaded Premium');
A11: LHR/LHR/D/MO/PC COMP/P/92385/07/2024 | B11: =VLOOKUP(A11,[3]Sheet1!$B:$C,2,0) -> 040000177978 | C11: =VLOOKUP(A11,Sheet2!A70:B125,2,0) -> 14179 | D11: 11Sep240220 | E11: ="insert into ins_premium_det (premium_rcv_code,assorted_code, rec_amount,premium_rcv_detail_code,remaining_amt, payrec, mode_code,coinsurance_code,class_cd,IT_REMARKS) values" -> insert into ins_premium_det (premium_rcv_code,assorted_code, rec_amount,premium_rcv_detail_code,remaining_amt, payrec, mode_code,coinsurance_code,class_cd,IT_REMARKS) values | F11: ="('"&D10&"','"&B11&"','"&C11&"',(select max(to_number(i.premium_rcv_detail_code))+1 from ins_premium_det i),'"&C11&"','"&C11&"','02', '11000003','00','Request By Omair Ali 09-Sep-2024 Uploaded Premium');" -> ('11Sep240220','040000177978','14179',(select max(to_number(i.premium_rcv_detail_code))+1 from ins_premium_det i),'14179','14179','02', '11000003','00','Request By Omair Ali 09-Sep-2024 Uploaded Premium'); | G11: =E11&F11 -> insert into ins_premium_det (premium_rcv_code,assorted_code, rec_amount,premium_rcv_detail_code,remaining_amt, payrec, mode_code,coinsurance_code,class_cd,IT_REMARKS) values('11Sep240220','040000177978','14179',(select max(to_number(i.premium_rcv_detail_code))+1 from ins_premium_det i),'14179','14179','02', '11000003','00','Request By Omair Ali 09-Sep-2024 Uploaded Premium');
A12: LHR/LHR/D/MO/PC COMP/P/92386/07/2024 | B12: =VLOOKUP(A12,[3]Sheet1!$B:$C,2,0) -> 040000177979 | C12: =VLOOKUP(A12,Sheet2!A71:B126,2,0) -> 10125 | D12: 11Sep240220 | E12: ="insert into ins_premium_det (premium_rcv_code,assorted_code, rec_amount,premium_rcv_detail_code,remaining_amt, payrec, mode_code,coinsurance_code,class_cd,IT_REMARKS) values" -> insert into ins_premium_det (premium_rcv_code,assorted_code, rec_amount,premium_rcv_detail_code,remaining_amt, payrec, mode_code,coinsurance_code,class_cd,IT_REMARKS) values | F12: ="('"&D11&"','"&B12&"','"&C12&"',(select max(to_number(i.premium_rcv_detail_code))+1 from ins_premium_det i),'"&C12&"','"&C12&"','02', '11000003','00','Request By Omair Ali 09-Sep-2024 Uploaded Premium');" -> ('11Sep240220','040000177979','10125',(select max(to_number(i.premium_rcv_detail_code))+1 from ins_premium_det i),'10125','10125','02', '11000003','00','Request By Omair Ali 09-Sep-2024 Uploaded Premium'); | G12: =E12&F12 -> insert into ins_premium_det (premium_rcv_code,assorted_code, rec_amount,premium_rcv_detail_code,remaining_amt, payrec, mode_code,coinsurance_code,class_cd,IT_REMARKS) values('11Sep240220','040000177979','10125',(select max(to_number(i.premium_rcv_detail_code))+1 from ins_premium_det i),'10125','10125','02', '11000003','00','Request By Omair Ali 09-Sep-2024 Uploaded Premium');
A13: LHR/LHR/D/MO/PC COMP/P/92532/07/2024 | B13: =VLOOKUP(A13,[3]Sheet1!$B:$C,2,0) -> 040000178156 | C13: =VLOOKUP(A13,Sheet2!A72:B127,2,0) -> 5485 | D13: 11Sep240220 | E13: ="insert into ins_premium_det (premium_rcv_code,assorted_code, rec_amount,premium_rcv_detail_code,remaining_amt, payrec, mode_code,coinsurance_code,class_cd,IT_REMARKS) values" -> insert into ins_premium_det (premium_rcv_code,assorted_code, rec_amount,premium_rcv_detail_code,remaining_amt, payrec, mode_code,coinsurance_code,class_cd,IT_REMARKS) values | F13: ="('"&D12&"','"&B13&"','"&C13&"',(select max(to_number(i.premium_rcv_detail_code))+1 from ins_premium_det i),'"&C13&"','"&C13&"','02', '11000003','00','Request By Omair Ali 09-Sep-2024 Uploaded Premium');" -> ('11Sep240220','040000178156','5485',(select max(to_number(i.premium_rcv_detail_code))+1 from ins_premium_det i),'5485','5485','02', '11000003','00','Request By Omair Ali 09-Sep-2024 Uploaded Premium'); | G13: =E13&F13 -> insert into ins_premium_det (premium_rcv_code,assorted_code, rec_amount,premium_rcv_detail_code,remaining_amt, payrec, mode_code,coinsurance_code,class_cd,IT_REMARKS) values('11Sep240220','040000178156','5485',(select max(to_number(i.premium_rcv_detail_code))+1 from ins_premium_det i),'5485','5485','02', '11000003','00','Request By Omair Ali 09-Sep-2024 Uploaded Premium');
... A57: LHR/LHR/D/MO/PC COMP/P/96489/08/2024 | B57: =VLOOKUP(A57,[3]Sheet1!$B:$C,2,0) -> 040000183026 | C57: =VLOOKUP(A57,Sheet2!A116:B171,2,0) -> 14506 | D57: 11Sep240220 | E57: ="insert into ins_premium_det (premium_rcv_code,assorted_code, rec_amount,premium_rcv_detail_code,remaining_amt, payrec, mode_code,coinsurance_code,class_cd,IT_REMARKS) values" -> insert into ins_premium_det (premium_rcv_code,assorted_code, rec_amount,premium_rcv_detail_code,remaining_amt, payrec, mode_code,coinsurance_code,class_cd,IT_REMARKS) values | F57: ="('"&D56&"','"&B57&"','"&C57&"',(select max(to_number(i.premium_rcv_detail_code))+1 from ins_premium_det i),'"&C57&"','"&C57&"','02', '11000003','00','Request By Omair Ali 09-Sep-2024 Uploaded Premium');" -> ('11Sep240220','040000183026','14506',(select max(to_number(i.premium_rcv_detail_code))+1 from ins_premium_det i),'14506','14506','02', '11000003','00','Request By Omair Ali 09-Sep-2024 Uploaded Premium'); | G57: =E57&F57 -> insert into ins_premium_det (premium_rcv_code,assorted_code, rec_amount,premium_rcv_detail_code,remaining_amt, payrec, mode_code,coinsurance_code,class_cd,IT_REMARKS) values('11Sep240220','040000183026','14506',(select max(to_number(i.premium_rcv_detail_code))+1 from ins_premium_det i),'14506','14506','02', '11000003','00','Request By Omair Ali 09-Sep-2024 Uploaded Premium');

Sheet Sheet6
A1: LHR/LHR/D/MO/PC COMP/P/90900/06/2024 | B1: -06-2024 | D1: 90900 | E1: ="ia.assorted_string like '%"&D1&B1&"%' or" -> ia.assorted_string like '%90900-06-2024%' or
A2: LHR/LHR/D/MO/PC COMP/P/91269/06/2024 | B2: -06-2024 | D2: 91269 | E2: ="ia.assorted_string like '%"&D2&B2&"%' or" -> ia.assorted_string like '%91269-06-2024%' or
A3: LHR/LHR/D/MO/PC COMP/P/91980/06/2024 | B3: -06-2024 | D3: 91980 | E3: ="ia.assorted_string like '%"&D3&B3&"%' or" -> ia.assorted_string like '%91980-06-2024%' or
A4: LHR/LHR/D/MO/PC COMP/P/91981/06/2024 | B4: -06-2024 | D4: 91981 | E4: ="ia.assorted_string like '%"&D4&B4&"%' or" -> ia.assorted_string like '%91981-06-2024%' or
A5: LHR/LHR/D/MO/PC COMP/P/92018/06/2024 | B5: -06-2024 | D5: 92018 | E5: ="ia.assorted_string like '%"&D5&B5&"%' or" -> ia.assorted_string like '%92018-06-2024%' or
A6: LHR/LHR/D/MO/PC COMP/P/92314/07/2024 | B6: -07-2024 | D6: 92314 | E6: ="ia.assorted_string like '%"&D6&B6&"%' or" -> ia.assorted_string like '%92314-07-2024%' or
A7: LHR/LHR/D/MO/PC COMP/P/92317/07/2024 | B7: -07-2024 | D7: 92317 | E7: ="ia.assorted_string like '%"&D7&B7&"%' or" -> ia.assorted_string like '%92317-07-2024%' or
A8: LHR/LHR/D/MO/PC COMP/P/92318/07/2024 | B8: -07-2024 | D8: 92318 | E8: ="ia.assorted_string like '%"&D8&B8&"%' or" -> ia.assorted_string like '%92318-07-2024%' or
A9: LHR/LHR/D/MO/PC COMP/P/92365/07/2024 | B9: -07-2024 | D9: 92365 | E9: ="ia.assorted_string like '%"&D9&B9&"%' or" -> ia.assorted_string like '%92365-07-2024%' or
A10: LHR/LHR/D/MO/PC COMP/P/92385/07/2024 | B10: -07-2024 | D10: 92385 | E10: ="ia.assorted_string like '%"&D10&B10&"%' or" -> ia.assorted_string like '%92385-07-2024%' or
A11: LHR/LHR/D/MO/PC COMP/P/92386/07/2024 | B11: -07-2024 | D11: 92386 | E11: ="ia.assorted_string like '%"&D11&B11&"%' or" -> ia.assorted_string like '%92386-07-2024%' or
A12: LHR/LHR/D/MO/PC COMP/P/92532/07/2024 | B12: -07-2024 | D12: 92532 | E12: ="ia.assorted_string like '%"&D12&B12&"%' or" -> ia.assorted_string like '%92532-07-2024%' or
... A56: LHR/LHR/D/MO/PC COMP/P/96489/08/2024 | B56: -08-2024 | D56: 96489 | E56: ="ia.assorted_string like '%"&D56&B56&"%' or" -> ia.assorted_string like '%96489-08-2024%' or
