Workbook

Sheet Park in advance
A1: S.No | B1: Contract No. | C1: Customer Name | D1: CNIC No. | E1: Engine No. | F1: Chassis No. | G1: Premium | H1: ACC Number | I1: ACC Branch | J1: INSURANCE CO. | K1: Policy # | L1: Endorsement No. | M1: Tms premium | N1: Difference
A2: 1 | B2: 9976AD1243620007 | C2: NAFEESA SHABBAR | D2: 42201-0642598-6 | E2: 1GD1684167 | F2: GUN126R-5567644 | G2: 242620 | H2: 0006437055 | I2: 106 | J2: SALAAM TAKAFUL PAKISTAN | K2: 0 | M2: #N/A | N2: #N/A
A3: 2 | B3: 997AFRR250310025 | C3: MUHAMMAD AKBAR | D3: 33100-2595054-7 | E3: R06AR1002363 | F3: NF1ADE17V00102377 | G3: 48983 | H3: 0006437055 | I3: 106 | J3: SALAAM TAKAFUL PAKISTAN | K3: 0 | M3: #N/A | N3: #N/A
A4: 3 | B4: 997AFRR250310026 | C4: AZIM FAISAL | D4: 42401-8323701-5 | E4: 51030529 | F4: 047597 | G4: 89565 | H4: 0006437055 | I4: 106 | J4: SALAAM TAKAFUL PAKISTAN | K4: 0 | M4: #N/A | N4: #N/A
G5: =SUM(G2:G4) -> 381168
G9: 381168

Sheet PAYMENT ON MONTH OF JAN-2025
A1: S.No. | B1: Contract No. | C1: Customer Name | D1: CNIC No. | E1: Engine No. | F1: Chassis No. | G1: Premium | H1: ACC Number | I1: ACC Branch | J1: INSURANCE CO. | K1: Policy # | L1: Endorsement No. | M1: Tms premium | N1: Difference
A2: 1 | B2: 9976AD1243300002 | C2: MOZZAM MEHMOOD ALI | D2: 42101-4127287-5 | E2: 6R332326 | F2: 1232363 | G2: 54140 | H2: 0006437055 | I2: 106 | J2: SALAAM TAKAFUL PAKISTAN | K2: KHI/HO/D/MO/PC COMP/C/105332/1/01/2025 | L2: KHI/HO/D/MO/PC COMP/E/52321/00001/02/2025 | M2: 47373 | N2: =G2-M2 -> 6767
A3: 2 | B3: 9976AD1250220003 | C3: MUHAMMAD USMAN YAQOOB | D3: 37405-9697482-1 | E3: 244H0007907 | F3: 2013250 | G3: 188919 | H3: 0006437055 | I3: 106 | J3: SALAAM TAKAFUL PAKISTAN | K3: KHI/HO/D/MO/PC COMP/C/105332/97/01/2025 | L3: KHI/HO/D/MO/PC COMP/C/105332/97/01/2025 | M3: 188919 | N3: 0
A4: 3 | B4: 9976AD2250270003 | C4: GHAZNFAR ALI | D4: 36602-3276971-9 | E4: 6R337147 | F4: 1237192 | G4: 60900 | H4: 0006437055 | I4: 106 | J4: SALAAM TAKAFUL PAKISTAN | K4: KHI/HO/D/MO/PC COMP/C/105332/118/01/2025 | L4: KHI/HO/D/MO/PC COMP/E/52321/00118/02/2025 | M4: 53288 | N4: =G4-M4 -> 7612
A5: 4 | B5: 9976AP1250080006 | C5: SHUMAILA QURESHI | D5: 42501-5237561-2 | E5: G3LAKP168992 | F5: 700774 | G5: 42000 | H5: 0006437055 | I5: 106 | J5: SALAAM TAKAFUL PAKISTAN | K5: KHI/HO/D/MO/PC COMP/C/105332/5/01/2025 | L5: KHI/HO/D/MO/PC COMP/C/105332/5/01/2025 | M5: 42000 | N5: 0
A6: 5 | B6: 9976AP1250080007 | C6: HAFIZ MUHAMMAD YOOSUF | D6: 35202-2957078-9 | E6: L12B51029644 | F6: NFBGN8620RR046857 | G6: 82583 | H6: 0006437055 | I6: 106 | J6: SALAAM TAKAFUL PAKISTAN | K6: KHI/HO/D/MO/PC COMP/C/105332/2/01/2025 | L6: KHI/HO/D/MO/PC COMP/C/105332/2/01/2025 | M6: 82583 | N6: 0
A7: 6 | B7: 9976AP1250090013 | C7: MOHSIN TARIQ | D7: 35202-7819761-7 | E7: 10229402 | F7: RR046334 | G7: 70785 | H7: 0006437055 | I7: 106 | J7: SALAAM TAKAFUL PAKISTAN | K7: KHI/HO/D/MO/PC COMP/C/105332/9/01/2025 | L7: KHI/HO/D/MO/PC COMP/E/52321/00009/02/2025 | M7: 82583 | N7: =G7-M7 -> -11798
A8: 7 | B8: 9976AP1250090016 | C8: SALEHA WAJAHAT | D8: 42201-5538754-0 | E8: 2A71687 | F8: 7048908 | G8: 83300 | H8: 0006437055 | I8: 106 | J8: SALAAM TAKAFUL PAKISTAN | K8: KHI/HO/D/MO/PC COMP/C/105332/11/01/2025 | L8: KHI/HO/D/MO/PC COMP/C/105332/11/01/2025 | M8: 83300 | N8: 0
A9: 8 | B9: 9976AP1250100001 | C9: AWAIS SAFDAR | D9: 35202-2784905-3 | E9: PKF630879 | F9: SF410PK537749 | G9: 28875 | H9: 0006437055 | I9: 106 | J9: SALAAM TAKAFUL PAKISTAN | K9: KHI/HO/D/MO/PC COMP/C/105332/12/01/2025 | L9: KHI/HO/D/MO/PC COMP/C/105332/12/01/2025 | M9: 28875 | N9: 0
A10: 9 | B10: 9976AP1250100002 | C10: ARISH WASEEM | D10: 35202-3887272-1 | E10: 1029959 | F10: 047059 | G10: 82583 | H10: 0006437055 | I10: 106 | J10: SALAAM TAKAFUL PAKISTAN | K10: KHI/HO/D/MO/PC COMP/C/105332/13/01/2025 | L10: KHI/HO/D/MO/PC COMP/C/105332/13/01/2025 | M10: 82583 | N10: 0
A11: 10 | B11: 9976AP1250100005 | C11: SHEHARYAR HASSAN QADRI | D11: 35202-2689819-5 | E11: 9Z01206 | F11: ZVG10R0900248 | G11: 173250 | H11: 0006437055 | I11: 106 | J11: SALAAM TAKAFUL PAKISTAN | K11: KHI/HO/D/MO/PC COMP/C/105332/6/01/2025 | L11: KHI/HO/D/MO/PC COMP/C/105332/6/01/2025 | M11: 173250 | N11: 0
A12: 11 | B12: 9976AP1250130009 | C12: RABIA WAHAB | D12: 35201-5264118-2 | E12: 6R298313 | F12: NF1AET306H1198313 | G12: 43400 | H12: 0006437055 | I12: 106 | J12: SALAAM TAKAFUL PAKISTAN | K12: KHI/HO/D/MO/PC COMP/C/105332/20/01/2025 | L12: KHI/HO/D/MO/PC COMP/C/105332/20/01/2025 | M12: 43400 | N12: 0
A13: 12 | B13: 9976AP1250140001 | C13: MUHAMMAD IRFAN | D13: 35201-1549704-1 | E13: 335098 | F13: 1234919 | G13: 47373 | H13: 0006437055 | I13: 106 | J13: SALAAM TAKAFUL PAKISTAN | K13: KHI/HO/D/MO/PC COMP/C/105332/25/01/2025 | L13: KHI/HO/D/MO/PC COMP/C/105332/25/01/2025 | M13: 47373 | N13: 0
A14: 13 | B14: 9976AP1250150003 | C14: ISHFAQ AHMAD | D14: 14301-7912654-7 | E14: PK10K141282 | F14: NF1AVK31H10042141 | G14: 41125 | H14: 0006437055 | I14: 106 | J14: SALAAM TAKAFUL PAKISTAN | K14: KHI/HO/D/MO/PC COMP/C/105332/30/01/2025 | L14: KHI/HO/D/MO/PC COMP/C/105332/30/01/2025 | M14: 41125 | N14: 0
A15: 14 | B15: 9976AP1250160005 | C15: SYED HAMEED UDDIN-ASAAN ACCOUNT | D15: 42201-6761440-7 | E15: 6R116188 | F15: H1016195 | G15: 35000 | H15: 0006437055 | I15: 106 | J15: SALAAM TAKAFUL PAKISTAN | K15: KHI/HO/D/MO/PC COMP/C/105332/28/01/2025 | L15: KHI/HO/D/MO/PC COMP/C/105332/28/01/2025 | M15: 35000 | N15: 0
A16: 15 | B16: 9976AP1250160006 | C16: SYLVESTER JOHN | D16: 42301-5363287-7 | E16: 6R129136 | F16: H1029131 | G16: 43575 | H16: 0006437055 | I16: 106 | J16: SALAAM TAKAFUL PAKISTAN | K16: KHI/HO/D/MO/PC COMP/C/105332/21/01/2025 | L16: KHI/HO/D/MO/PC COMP/C/105332/21/01/2025 | M16: 43575 | N16: 0
A17: 16 | B17: 9976AP1250160009 | C17: MUHAMMAD BILAL KHALI | D17: 35201-9133356-5 | E17: 6R297664 | F17: NF1AET306H1197660 | G17: 40775 | H17: 0006437055 | I17: 106 | J17: SALAAM TAKAFUL PAKISTAN | K17: KHI/HO/D/MO/PC COMP/C/105332/39/01/2025 | L17: KHI/HO/D/MO/PC COMP/C/105332/39/01/2025 | M17: 40775 | N17: 0
A18: 17 | B18: 9976AP1250170011 | C18: KASHIF BILAL AHMED | D18: 61101-1884641-1 | E18: 6R334765 | F18: 1234879 | G18: 53288 | H18: 0006437055 | I18: 106 | J18: SALAAM TAKAFUL PAKISTAN | K18: KHI/HO/D/MO/PC COMP/C/105332/50/01/2025 | L18: KHI/HO/D/MO/PC COMP/C/105332/50/01/2025 | M18: 53288 | N18: 0
A19: 18 | B19: 9976AP1250170013 | C19: AHMAR ARIF | D19: 35201-5783712-5 | E19: 6R335479 | F19: NF1AET306H1235343 | G19: 47373 | H19: 0006437055 | I19: 106 | J19: SALAAM TAKAFUL PAKISTAN | K19: KHI/HO/D/MO/PC COMP/C/105332/35/01/2025 | L19: KHI/HO/D/MO/PC COMP/C/105332/35/01/2025 | M19: 47373 | N19: 0
... A57: 56 | B57: 9976AP1250310094 | C57: ZEESHAN SAEED | D57: 42201-9673343-9 | E57: 657264 | F57: 1001947 | G57: 127733 | H57: 0006437055 | I57: 106 | J57: SALAAM TAKAFUL PAKISTAN | K57: KHI/HO/D/MO/PC COMP/C/105332/130/01/2025 | L57: KHI/HO/D/MO/PC COMP/C/105332/130/01/2025 | M57: 127733 | N57: 0
A58: 57 | B58: 9976AP1250310095 | C58: MAQBOOL AHMED | D58: 41301-0609394-1 | E58: 321063 | F58: 1001923 | G58: 133485 | H58: 0006437055 | I58: 106 | J58: SALAAM TAKAFUL PAKISTAN | K58: KHI/HO/D/MO/PC COMP/C/105332/143/01/2025 | L58: KHI/HO/D/MO/PC COMP/E/52321/00143/02/2025 | M58: 155733 | N58: =G58-M58 -> -22248
A59: 58 | B59: 9976AP1250310096 | C59: FAHAD YOUNUS | D59: 42101-4113518-1 | E59: 6R244421 | F59: H1144418 | G59: 42000 | H59: 0006437055 | I59: 106 | J59: SALAAM TAKAFUL PAKISTAN | K59: KHI/HO/D/MO/PC COMP/C/105332/137/01/2025 | L59: KHI/HO/D/MO/PC COMP/C/105332/137/01/2025 | M59: 42000 | N59: 0
A60: 59 | B60: 9976AP1250310098 | C60: SAQIB ALI | D60: 42101-1813587-7 | E60: 6R118693 | F60: 1018707 | G60: 35875 | H60: 0006437055 | I60: 106 | J60: SALAAM TAKAFUL PAKISTAN | K60: KHI/HO/D/MO/PC COMP/C/105332/139/01/2025 | L60: KHI/HO/D/MO/PC COMP/C/105332/139/01/2025 | M60: 35875 | N60: 0
A61: 60 | B61: 9976AP1250310099 | C61: HASEEB TAHIR | D61: 42201-2244878-7 | E61: Q093358 | F61: 70832 | G61: 96250 | H61: 0006437055 | I61: 106 | J61: SALAAM TAKAFUL PAKISTAN | K61: KHI/HO/D/MO/PC COMP/C/105332/141/01/2025 | L61: KHI/HO/D/MO/PC COMP/C/105332/141/01/2025 | M61: 96250 | N61: 0
A62: 61 | B62: 9976AP1250310100 | C62: MUHAMMAD RIZWAN | D62: 42101-6296168-7 | E62: 337177 | F62: 1237197 | G62: 53288 | H62: 0006437055 | I62: 106 | J62: SALAAM TAKAFUL PAKISTAN | K62: KHI/HO/D/MO/PC COMP/C/105332/147/01/2025 | L62: KHI/HO/D/MO/PC COMP/C/105332/147/01/2025 | M62: 53288 | N62: 0
A63: 62 | B63: 9976AP1250310102 | C63: MUHAMMAD QADEER | D63: 42301-2656104-1 | E63: 035686 | F63: 714345 | G63: 67375 | H63: 0006437055 | I63: 106 | J63: SALAAM TAKAFUL PAKISTAN | K63: KHI/HO/D/MO/PC COMP/C/105332/159/01/2025 | L63: KHI/HO/D/MO/PC COMP/C/105332/159/01/2025 | M63: 67375 | N63: 0
A64: 63 | B64: 9976AP1250310103 | C64: MUHAMMAD IMRAN MATEEN | D64: 42000-0555403-9 | E64: 6R236806 | F64: 1226860 | G64: 50750 | H64: 0006437055 | I64: 106 | J64: SALAAM TAKAFUL PAKISTAN | K64: KHI/HO/D/MO/PC COMP/C/105332/150/01/2025 | L64: KHI/HO/D/MO/PC COMP/C/105332/150/01/2025 | M64: 50750 | N64: 0
A65: 64 | B65: 9976AP1250310104 | C65: SYED RAHEEM SHAH | D65: 42401-2016090-9 | E65: A101949 | F65: 6079449 | G65: 96250 | H65: 0006437055 | I65: 106 | J65: SALAAM TAKAFUL PAKISTAN | K65: KHI/HO/D/MO/PC COMP/C/105332/153/01/2025 | L65: KHI/HO/D/MO/PC COMP/C/105332/153/01/2025 | M65: 96250 | N65: 0
A66: 65 | B66: 9976AP1250310105 | C66: NAVEED ASGHAR | D66: 31302-2875667-5 | E66: 338104 | F66: 1238063 | G66: 53288 | H66: 0006437055 | I66: 106 | J66: SALAAM TAKAFUL PAKISTAN | K66: KHI/HO/D/MO/PC COMP/C/105332/149/01/2025 | L66: KHI/HO/D/MO/PC COMP/C/105332/149/01/2025 | M66: 53288 | N66: 0
A67: 66 | B67: 9976AP2250060001 | C67: NOMAN JAMAL | D67: 42401-2041909-5 | E67: 6R317840 | F67: 1217842 | G67: 42000 | H67: 0006437055 | I67: 106 | J67: SALAAM TAKAFUL PAKISTAN | K67: KHI/HO/D/MO/PC COMP/C/105332/3/01/2025 | L67: KHI/HO/D/MO/PC COMP/C/105332/3/01/2025 | M67: 42000 | N67: 0
A68: 67 | B68: 9976AP2250090005 | C68: KASHIF ALI | D68: 42501-6752298-5 | E68: PK10K125689 | F68: NF1AV31H10025655 | G68: 36750 | H68: 0006437055 | I68: 106 | J68: SALAAM TAKAFUL PAKISTAN | K68: KHI/HO/D/MO/PC COMP/C/105332/7/01/2025 | L68: KHI/HO/D/MO/PC COMP/C/105332/7/01/2025 | M68: 36750 | N68: 0
A69: 68 | B69: 9976AP2250130002 | C69: FAIZAN ZAHID | D69: 35202-6412030-7 | E69: L15Z14800667 | F69: NFBDG1831KR017349 | G69: 77875 | H69: 0006437055 | I69: 106 | J69: SALAAM TAKAFUL PAKISTAN | K69: KHI/HO/D/MO/PC COMP/C/105332/16/01/2025 | L69: KHI/HO/D/MO/PC COMP/C/105332/16/01/2025 | M69: 77875 | N69: 0
A70: 69 | B70: 9976AP2250130003 | C70: ABDUL RAZZAQ | D70: 35201-6912917-9 | E70: 6R335248 | F70: NF1AET306H1235114 | G70: 47373 | H70: 0006437055 | I70: 106 | J70: SALAAM TAKAFUL PAKISTAN | K70: KHI/HO/D/MO/PC COMP/C/105332/18/01/2025 | L70: KHI/HO/D/MO/PC COMP/C/105332/18/01/2025 | M70: 47373 | N70: 0
... A107: 106 | B107: 997AFRA243470003 | C107: NADEEM NAYAR | D107: 33100-8814208-5 | E107: L12B51030054 | F107: NFBGN625SR047167 | G107: 94380 | H107: 0006437055 | I107: 106 | J107: SALAAM TAKAFUL PAKISTAN | K107: KHI/HO/D/MO/PC COMP/C/105332/41/01/2025 | L107: KHI/HO/D/MO/PC COMP/C/105332/41/01/2025 | M107: 94380 | N107: 0
A108: 107 | B108: 997AFRA243610006 | C108: AHMED RAZA | D108: 38402-8124185-3 | E108: 503732 | F108: 1002426 | G108: 75980 | H108: 0006437055 | I108: 106 | J108: SALAAM TAKAFUL PAKISTAN | K108: KHI/HO/D/MO/PC COMP/C/105332/40/01/2025 | L108: KHI/HO/D/MO/PC COMP/E/52321/00040/02/2025 | M108: 66483 | N108: =G108-M108 -> 9497
A109: 108 | B109: 997AFRR250070003 | C109: KHALID MAHMOOD | D109: 34502-4098589-1 | E109: L12B51010990 | F109: NFBGN8620NR018955 | G109: 75250 | H109: 0006437055 | I109: 106 | J109: SALAAM TAKAFUL PAKISTAN | K109: KHI/HO/D/MO/PC COMP/C/105332/4/01/2025 | L109: KHI/HO/D/MO/PC COMP/C/105332/4/01/2025 | M109: 75250 | N109: 0
A110: 109 | B110: 997AFRR250100001 | C110: HAMZA SHAFQAT | D110: 34201-6330283-5 | E110: 638416 | F110: 545264 | G110: 34000 | H110: 0006437055 | I110: 106 | J110: SALAAM TAKAFUL PAKISTAN | K110: KHI/HO/D/MO/PC COMP/C/105332/14/01/2025 | L110: KHI/HO/D/MO/PC COMP/C/105332/14/01/2025 | M110: 34000 | N110: 0
A111: 110 | B111: 997AFRR250130002 | C111: SYED ALI RAZA SHAH | D111: 35202-5088705-9 | E111: JL473QFM3CAD517891 | F111: NKMA2ASE5M1003785 | G111: 70000 | H111: 0006437055 | I111: 106 | J111: SALAAM TAKAFUL PAKISTAN | K111: KHI/HO/D/MO/PC COMP/C/105332/17/01/2025 | L111: KHI/HO/D/MO/PC COMP/C/105332/17/01/2025 | M111: 70000 | N111: 0
A112: 111 | B112: 997AFRR250130003 | C112: MUHAMMAD HASSAN ABDULLAH | D112: 42101-0204122-5 | E112: Q334194 | F112: 7033403 | G112: 68700 | H112: 0006437055 | I112: 106 | J112: SALAAM TAKAFUL PAKISTAN | K112: KHI/HO/D/MO/PC COMP/C/105332/10/01/2025 | L112: KHI/HO/D/MO/PC COMP/C/105332/10/01/2025 | M112: 68700 | N112: 0
A113: 112 | B113: 997AFRR250150001 | C113: MUHAMMAD AHSAN | D113: 35202-7042221-5 | E113: L15Z13508351 | F113: NFBDG1838JR008355 | G113: 62125 | H113: 0006437055 | I113: 106 | J113: SALAAM TAKAFUL PAKISTAN | K113: KHI/HO/D/MO/PC COMP/C/105332/32/01/2025 | L113: KHI/HO/D/MO/PC COMP/C/105332/32/01/2025 | M113: 62125 | N113: 0
A114: 113 | B114: 997AFRR250150003 | C114: MOHSIN SHAH | D114: 42401-0281518-9 | E114: 2A71668 | F114: NSP150R-7048921 | G114: 83300 | H114: 0006437055 | I114: 106 | J114: SALAAM TAKAFUL PAKISTAN | K114: KHI/HO/D/MO/PC COMP/C/105332/36/01/2025 | L114: KHI/HO/D/MO/PC COMP/C/105332/36/01/2025 | M114: 83300 | N114: 0
A115: 114 | B115: 997AFRR250160006 | C115: SAMIA ANSARI | D115: 42101-9752398-4 | E115: 2A04892 | F115: 9502189 | G115: 68250 | H115: 0006437055 | I115: 106 | J115: SALAAM TAKAFUL PAKISTAN | K115: KHI/HO/D/MO/PC COMP/C/105332/38/01/2025 | L115: KHI/HO/D/MO/PC COMP/C/105332/38/01/2025 | M115: 68250 | N115: 0
A116: 115 | B116: 997AFRR250160007 | C116: JAMSHED YOUNAS | D116: 35401-6951581-3 | E116: Q055372 | F116: ZRE171R6032867 | G116: 86975 | H116: 0006437055 | I116: 106 | J116: SALAAM TAKAFUL PAKISTAN | K116: KHI/HO/D/MO/PC COMP/C/105332/29/01/2025 | L116: KHI/HO/D/MO/PC COMP/E/52321/00029/02/2025 | M116: 84490 | N116: =G116-M116 -> 2485
A117: 116 | B117: 997AFRR250160008 | C117: SYED MUHAMMAD FAIQ SHAH | D117: 41204-9154440-5 | E117: Z532968 | F117: NZE170R4159456 | G117: 73500 | H117: 0006437055 | I117: 106 | J117: SALAAM TAKAFUL PAKISTAN | K117: KHI/HO/D/MO/PC COMP/C/105332/43/01/2025 | L117: KHI/HO/D/MO/PC COMP/C/105332/43/01/2025 | M117: 73500 | N117: 0
A118: 117 | B118: 997AFRR250170012 | C118: YASIR QADIR | D118: 35202-7136448-5 | E118: R18Z12915698 | F118: NFBFC6667HR019081 | G118: 74900 | H118: 0006437055 | I118: 106 | J118: SALAAM TAKAFUL PAKISTAN | K118: KHI/HO/D/MO/PC COMP/C/105332/53/01/2025 | L118: KHI/HO/D/MO/PC COMP/C/105332/53/01/2025 | M118: 74900 | N118: 0
A119: 118 | B119: 997AFRR250170013 | C119: MUHAMMAD JAMAL KHAN | D119: 42201-5350282-3 | E119: SFG15T-21028553 | F119: 22133165 | G119: 78750 | H119: 0006437055 | I119: 106 | J119: SALAAM TAKAFUL PAKISTAN | K119: KHI/HO/D/MO/PC COMP/C/105332/47/01/2025 | L119: KHI/HO/D/MO/PC COMP/C/105332/47/01/2025 | M119: 78750 | N119: 0
A120: 119 | B120: 997AFRR250200014 | C120: NOOR MUHAMMAD MUSTAFA | D120: 42201-0581329-7 | E120: 6R115121 | F120: 1015640 | G120: 36750 | H120: 0006437055 | I120: 106 | J120: SALAAM TAKAFUL PAKISTAN | K120: KHI/HO/D/MO/PC COMP/C/105332/48/01/2025 | L120: KHI/HO/D/MO/PC COMP/C/105332/48/01/2025 | M120: 36750 | N120: 0
A121: 120 | B121: 997AFRR250200015 | C121: WALEED AHMAD KHAN | D121: 33100-7333570-3 | E121: G3LALP059136 | F121: NNATA52AZKP703170 | G121: 42875 | H121: 0006437055 | I121: 106 | J121: SALAAM TAKAFUL PAKISTAN | K121: KHI/HO/D/MO/PC COMP/C/105332/52/01/2025 | L121: KHI/HO/D/MO/PC COMP/C/105332/52/01/2025 | M121: 42875 | N121: 0
A122: 121 | B122: 997AFRR250200016 | C122: SHIRJEEL KHAN GHAURI | D122: 42101-1662984-9 | E122: L13Z17534676 | F122: R254616 | G122: 57750 | H122: 0006437055 | I122: 106 | J122: SALAAM TAKAFUL PAKISTAN | K122: KHI/HO/D/MO/PC COMP/C/105332/59/01/2025 | L122: KHI/HO/D/MO/PC COMP/C/105332/59/01/2025 | M122: 57750 | N122: 0
A123: 122 | B123: 997AFRR250220007 | C123: FAZUL MUHAMMAD | D123: 43203-1355952-5 | E123: 51030415 | F123: 047514 | G123: 82583 | H123: 0006437055 | I123: 106 | J123: SALAAM TAKAFUL PAKISTAN | K123: KHI/HO/D/MO/PC COMP/C/105332/70/01/2025 | L123: KHI/HO/D/MO/PC COMP/C/105332/70/01/2025 | M123: 82583 | N123: 0
A124: 123 | B124: 997AFRR250230011 | C124: SHABBIR HUSSAIN BUTT | D124: 61101-2003524-1 | E124: R18Z12920303 | F124: 023681 | G124: 87000 | H124: 0006437055 | I124: 106 | J124: SALAAM TAKAFUL PAKISTAN | K124: KHI/HO/D/MO/PC COMP/C/105332/83/01/2025 | L124: KHI/HO/D/MO/PC COMP/C/105332/83/01/2025 | M124: 87000 | N124: 0
A125: 124 | B125: 997AFRR250230012 | C125: MUHAMMAD SHOAIB ANSARI | D125: 42101-2399136-9 | E125: 6R336613 | F125: 1236657 | G125: 53288 | H125: 0006437055 | I125: 106 | J125: SALAAM TAKAFUL PAKISTAN | K125: KHI/HO/D/MO/PC COMP/C/105332/79/01/2025 | L125: KHI/HO/D/MO/PC COMP/C/105332/79/01/2025 | M125: 53288 | N125: 0
A126: 125 | B126: 997AFRR250230013 | C126: HAMMAD ALI | D126: 35202-0387920-9 | E126: PK10K148936 | F126: NF1AVK31H10048720 | G126: 41125 | H126: 0006437055 | I126: 106 | J126: SALAAM TAKAFUL PAKISTAN | K126: KHI/HO/D/MO/PC COMP/C/105332/76/01/2025 | L126: KHI/HO/D/MO/PC COMP/C/105332/76/01/2025 | M126: 41125 | N126: 0
A127: 126 | B127: 997AFRR250240020 | C127: IMTIAZ AHMAD | D127: 42201-7406634-9 | E127: L12B51019424 | F127: 033999 | G127: 73500 | H127: 0006437055 | I127: 106 | J127: SALAAM TAKAFUL PAKISTAN | K127: KHI/HO/D/MO/PC COMP/C/105332/85/01/2025 | L127: KHI/HO/D/MO/PC COMP/C/105332/85/01/2025 | M127: 73500 | N127: 0
A128: 127 | B128: 997AFRR250290009 | C128: JAFFER HAROON LAWAI | D128: 42301-0984906-7 | E128: G4LCRS385068 | F128: 704005 | G128: 83423 | H128: 0006437055 | I128: 106 | J128: SALAAM TAKAFUL PAKISTAN | K128: KHI/HO/D/MO/PC COMP/C/105332/88/01/2025 | L128: KHI/HO/D/MO/PC COMP/C/105332/88/01/2025 | M128: 83423 | N128: 0
... A130: 129 | B130: 997AFRR250300020 | C130: AZEEM AHMED BOLIA | D130: 42101-5064336-5 | E130: 24431530425 | F130: NF9EFUA54S2012967 | G130: 208697 | H130: 0006437055 | I130: 106 | J130: SALAAM TAKAFUL PAKISTAN | K130: KHI/HO/D/MO/PC COMP/C/105332/112/01/2025 | L130: KHI/HO/D/MO/PC COMP/C/105332/112/01/2025 | M130: 208696 | N130: -1
A131: 130 | B131: 997AFRR250310022 | C131: MUHAMMAD EHSAN KHAN | D131: 37405-9138788-5 | E131: 1017190 | F131: SR047704 | G131: 117580 | H131: 0006437055 | I131: 106 | J131: SALAAM TAKAFUL PAKISTAN | K131: KHI/HO/D/MO/PC COMP/C/105332/129/01/2025 | L131: KHI/HO/D/MO/PC COMP/E/52321/00129/02/2025 | M131: 102883 | N131: =G131-M131 -> 14697
A132: 131 | B132: 997AFRR250310024 | C132: MUHAMMAD AHSAN | D132: 41103-5227238-3 | E132: G4LCRS385068 | F132: 1237218 | G132: 47373 | H132: 0006437055 | I132: 106 | J132: SALAAM TAKAFUL PAKISTAN | K132: KHI/HO/D/MO/PC COMP/C/105332/88/01/2025 | L132: KHI/HO/D/MO/PC COMP/E/52321/00088/02/2025 | M132: 83423 | N132: =G132-M132 -> -36050
A133: 132 | B133: 997AFRR250310027 | C133: KASHAN AHMED | D133: 42101-5241277-1 | E133: 1024899 | F133: 207552 | G133: 82583 | H133: 0006437055 | I133: 106 | J133: SALAAM TAKAFUL PAKISTAN | K133: KHI/HO/D/MO/PC COMP/C/105332/138/01/2025 | L133: KHI/HO/D/MO/PC COMP/C/105332/138/01/2025 | M133: 82583 | N133: 0
A134: 133 | B134: 997AFRR250310028 | C134: SYED HASHAM UL HASAN | D134: 42101-8302415-3 | E134: 6R221941 | F134: H1121948 | G134: 47688 | H134: 0006437055 | I134: 106 | J134: SALAAM TAKAFUL PAKISTAN | K134: KHI/HO/D/MO/PC COMP/C/105332/100/01/2025 | L134: KHI/HO/D/MO/PC COMP/C/105332/100/01/2025 | M134: 47688 | N134: 0
A135: 134 | B135: 997AFRR250310029 | C135: SHAFQAT HUSSAIN | D135: 42301-0887193-1 | E135: 1025450 | F135: 208118 | G135: 82583 | H135: 0006437055 | I135: 106 | J135: SALAAM TAKAFUL PAKISTAN | K135: KHI/HO/D/MO/PC COMP/C/105332/125/01/2025 | L135: KHI/HO/D/MO/PC COMP/C/105332/125/01/2025 | M135: 82583 | N135: 0
A136: 135 | B136: 997AFRR250310031 | C136: PARVEEN PATSY | D136: 42201-9830885-6 | E136: 6R337461 | F136: 1237603 | G136: 47373 | H136: 0006437055 | I136: 106 | J136: SALAAM TAKAFUL PAKISTAN | K136: KHI/HO/D/MO/PC COMP/C/105332/119/01/2025 | L136: KHI/HO/D/MO/PC COMP/C/105332/119/01/2025 | M136: 47373 | N136: 0
A137: 136 | B137: 997AFRR250310036 | C137: MUHAMMAD SHEHZAD | D137: 38301-7896054-3 | E137: PK10K117151 | F137: H10017041 | G137: 38500 | H137: 0006437055 | I137: 106 | J137: SALAAM TAKAFUL PAKISTAN | K137: KHI/HO/D/MO/PC COMP/C/105332/95/01/2025 | L137: KHI/HO/D/MO/PC COMP/C/105332/95/01/2025 | M137: 38500 | N137: 0
A138: 137 | B138: 997AFRR250310038 | C138: GUL GHANI | D138: 42501-4039000-7 | E138: 337532 | F138: 1237599 | G138: 47373 | H138: 0006437055 | I138: 106 | J138: SALAAM TAKAFUL PAKISTAN | K138: KHI/HO/D/MO/PC COMP/C/105332/131/01/2025 | L138: KHI/HO/D/MO/PC COMP/C/105332/131/01/2025 | M138: 47373 | N138: 0
A139: 138 | B139: 997AFRR250310040 | C139: ASHFAQ AHMAD | D139: 33100-0678369-5 | E139: Q317435 | F139: 7016491 | G139: 65188 | H139: 0006437055 | I139: 106 | J139: SALAAM TAKAFUL PAKISTAN | K139: KHI/HO/D/MO/PC COMP/C/105332/154/01/2025 | L139: KHI/HO/D/MO/PC COMP/C/105332/154/01/2025 | M139: 65188 | N139: 0
A140: 139 | B140: 997AFRR250310041 | C140: MUHAMMAD NAEEM BABAR | D140: 42501-5586461-3 | E140: L15Z13510720 | F140: R010714 | G140: 73500 | H140: 0006437055 | I140: 106 | J140: SALAAM TAKAFUL PAKISTAN | K140: KHI/HO/D/MO/PC COMP/C/105332/152/01/2025 | L140: KHI/HO/D/MO/PC COMP/C/105332/152/01/2025 | M140: 73500 | N140: 0
A141: 140 | B141: 997AFRR250310042 | C141: HAYAT ULLAH KHAN | D141: 38301-2644389-9 | E141: PK10K143247 | F141: NF1AVK31H10043236 | G141: 46550 | H141: 0006437055 | I141: 106 | J141: SALAAM TAKAFUL PAKISTAN | K141: KHI/HO/D/MO/PC COMP/C/105332/156/01/2025 | L141: KHI/HO/D/MO/PC COMP/C/105332/156/01/2025 | M141: 46550 | N141: 0
A142: 141 | B142: 997AFRR250310044 | C142: ALI | D142: 91105-2484350-9 | E142: PK10B114636 | F142: PK10014631 | G142: 29750 | H142: 0006437055 | I142: 106 | J142: SALAAM TAKAFUL PAKISTAN | K142: KHI/HO/D/MO/PC COMP/C/105332/145/01/2025 | L142: KHI/HO/D/MO/PC COMP/C/105332/145/01/2025 | M142: 29750 | N142: 0
A143: 142 | B143: 997AFRR250310045 | C143: ZUBAIR ISLAM UDDIN | D143: 42201-9649260-9 | E143: 338606 | F143: 1238623 | G143: 47373 | H143: 0006437055 | I143: 106 | J143: SALAAM TAKAFUL PAKISTAN | K143: KHI/HO/D/MO/PC COMP/C/105332/157/01/2025 | L143: KHI/HO/D/MO/PC COMP/C/105332/157/01/2025 | M143: 47373 | N143: 0
A144: 143 | B144: 997AFRR250340001 | C144: UMAIR HASSAN | D144: 38401-4892487-3 | E144: 81007155 | F144: 017585 | G144: 96000 | H144: 0006437055 | I144: 106 | J144: SALAAM TAKAFUL PAKISTAN | K144: KHI/HO/D/MO/PC COMP/C/105332/160/01/2025 | L144: KHI/HO/D/MO/PC COMP/C/105332/160/01/2025 | M144: 96000 | N144: 0
... A151: 150 | B151: 997APD2250230002 | C151: ZAHEER UD DIN BABAR | D151: 36401-8448001-7 | E151: 6R157222 | F151: NF1AET306H1057215 | G151: 45325 | H151: 0006437055 | I151: 106 | J151: SALAAM TAKAFUL PAKISTAN | K151: KHI/HO/D/MO/PC COMP/C/105332/78/01/2025 | L151: KHI/HO/D/MO/PC COMP/C/105332/78/01/2025 | M151: 45325 | N151: 0
G153: =SUM(G2:G152) -> 9861273 | M153: 9890310 | N153: -29039

Sheet woking
A1: POLICY NO. | B1: Assorted_code | D1: Premium | E1: 20Feb250031
A2: KHI/HO/D/MO/PC COMP/C/105332/1/01/2025 | B2: 070000173661 | C2: 47373 | D2: =ROUND(C2,0) -> 47373 | E2: 20Feb250031 | F2: ="insert into ins_premium_det (premium_rcv_code,assorted_code, rec_amount,premium_rcv_detail_code,remaining_amt, payrec, mode_code,coinsurance_code,class_cd,it_remarks) values" -> insert into ins_premium_det (premium_rcv_code,assorted_code, rec_amount,premium_rcv_detail_code,remaining_amt, payrec, mode_code,coinsurance_code,class_cd,it_remarks) values | G2: ="('"&E2&"','"&B2&"','"&D2&"',(select max(to_number(i.premium_rcv_detail_code))+1 from ins_premium_det i),'"&D2&"','"&D2&"','02', '11000003','00','Request by Mr.Saqib Saleem 20-Feb-2025');" -> ('20Feb250031','070000173661','47373',(select max(to_number(i.premium_rcv_detail_code))+1 from ins_premium_det i),'47373','47373','02', '11000003','00','Request by Mr.Saqib Saleem 20-Feb-2025'); | H2: =F2&G2 -> insert into ins_premium_det (premium_rcv_code,assorted_code, rec_amount,premium_rcv_detail_code,remaining_amt, payrec, mode_code,coinsurance_code,class_cd,it_remarks) values('20Feb250031','070000173661','47373',(select max(to_number(i.premium_rcv_detail_code))+1 from ins_premium_det i),'47373','47373','02', '11000003','00','Request by Mr.Saqib Saleem 20-Feb-2025');
A3: KHI/HO/D/MO/PC COMP/C/105332/97/01/2025 | B3: =VLOOKUP(A3,policy!B:C,2,0) -> 070000174830 | C3: 188919 | D3: =ROUND(C3,0) -> 188919 | E3: 20Feb250031 | F3: ="insert into ins_premium_det (premium_rcv_code,assorted_code, rec_amount,premium_rcv_detail_code,remaining_amt, payrec, mode_code,coinsurance_code,class_cd,it_remarks) values" -> insert into ins_premium_det (premium_rcv_code,assorted_code, rec_amount,premium_rcv_detail_code,remaining_amt, payrec, mode_code,coinsurance_code,class_cd,it_remarks) values | G3: ="('"&E3&"','"&B3&"','"&D3&"',(select max(to_number(i.premium_rcv_detail_code))+1 from ins_premium_det i),'"&D3&"','"&D3&"','02', '11000003','00','Request by Mr.Saqib Saleem 20-Feb-2025');" -> ('20Feb250031','070000174830','188919',(select max(to_number(i.premium_rcv_detail_code))+1 from ins_premium_det i),'188919','188919','02', '11000003','00','Request by Mr.Saqib Saleem 20-Feb-2025'); | H3: =F3&G3 -> insert into ins_premium_det (premium_rcv_code,assorted_code, rec_amount,premium_rcv_detail_code,remaining_amt, payrec, mode_code,coinsurance_code,class_cd,it_remarks) values('20Feb250031','070000174830','188919',(select max(to_number(i.premium_rcv_detail_code))+1 from ins_premium_det i),'188919','188919','02', '11000003','00','Request by Mr.Saqib Saleem 20-Feb-2025');
A4: KHI/HO/D/MO/PC COMP/C/105332/118/01/2025 | B4: 070000175366 | C4: 53288 | D4: =ROUND(C4,0) -> 53288 | E4: 20Feb250031 | F4: ="insert into ins_premium_det (premium_rcv_code,assorted_code, rec_amount,premium_rcv_detail_code,remaining_amt, payrec, mode_code,coinsurance_code,class_cd,it_remarks) values" -> insert into ins_premium_det (premium_rcv_code,assorted_code, rec_amount,premium_rcv_detail_code,remaining_amt, payrec, mode_code,coinsurance_code,class_cd,it_remarks) values | G4: ="('"&E4&"','"&B4&"','"&D4&"',(select max(to_number(i.premium_rcv_detail_code))+1 from ins_premium_det i),'"&D4&"','"&D4&"','02', '11000003','00','Request by Mr.Saqib Saleem 20-Feb-2025');" -> ('20Feb250031','070000175366','53288',(select max(to_number(i.premium_rcv_detail_code))+1 from ins_premium_det i),'53288','53288','02', '11000003','00','Request by Mr.Saqib Saleem 20-Feb-2025'); | H4: =F4&G4 -> insert into ins_premium_det (premium_rcv_code,assorted_code, rec_amount,premium_rcv_detail_code,remaining_amt, payrec, mode_code,coinsurance_code,class_cd,it_remarks) values('20Feb250031','070000175366','53288',(select max(to_number(i.premium_rcv_detail_code))+1 from ins_premium_det i),'53288','53288','02', '11000003','00','Request by Mr.Saqib Saleem 20-Feb-2025');
A5: KHI/HO/D/MO/PC COMP/C/105332/5/01/2025 | B5: =VLOOKUP(A5,policy!B:C,2,0) -> 070000173685 | C5: 42000 | D5: =ROUND(C5,0) -> 42000 | E5: 20Feb250031 | F5: ="insert into ins_premium_det (premium_rcv_code,assorted_code, rec_amount,premium_rcv_detail_code,remaining_amt, payrec, mode_code,coinsurance_code,class_cd,it_remarks) values" -> insert into ins_premium_det (premium_rcv_code,assorted_code, rec_amount,premium_rcv_detail_code,remaining_amt, payrec, mode_code,coinsurance_code,class_cd,it_remarks) values | G5: ="('"&E5&"','"&B5&"','"&D5&"',(select max(to_number(i.premium_rcv_detail_code))+1 from ins_premium_det i),'"&D5&"','"&D5&"','02', '11000003','00','Request by Mr.Saqib Saleem 20-Feb-2025');" -> ('20Feb250031','070000173685','42000',(select max(to_number(i.premium_rcv_detail_code))+1 from ins_premium_det i),'42000','42000','02', '11000003','00','Request by Mr.Saqib Saleem 20-Feb-2025'); | H5: =F5&G5 -> insert into ins_premium_det (premium_rcv_code,assorted_code, rec_amount,premium_rcv_detail_code,remaining_amt, payrec, mode_code,coinsurance_code,class_cd,it_remarks) values('20Feb250031','070000173685','42000',(select max(to_number(i.premium_rcv_detail_code))+1 from ins_premium_det i),'42000','42000','02', '11000003','00','Request by Mr.Saqib Saleem 20-Feb-2025');
A6: KHI/HO/D/MO/PC COMP/C/105332/2/01/2025 | B6: =VLOOKUP(A6,policy!B:C,2,0) -> 070000173665 | C6: 82583 | D6: =ROUND(C6,0) -> 82583 | E6: 20Feb250031 | F6: ="insert into ins_premium_det (premium_rcv_code,assorted_code, rec_amount,premium_rcv_detail_code,remaining_amt, payrec, mode_code,coinsurance_code,class_cd,it_remarks) values" -> insert into ins_premium_det (premium_rcv_code,assorted_code, rec_amount,premium_rcv_detail_code,remaining_amt, payrec, mode_code,coinsurance_code,class_cd,it_remarks) values | G6: ="('"&E6&"','"&B6&"','"&D6&"',(select max(to_number(i.premium_rcv_detail_code))+1 from ins_premium_det i),'"&D6&"','"&D6&"','02', '11000003','00','Request by Mr.Saqib Saleem 20-Feb-2025');" -> ('20Feb250031','070000173665','82583',(select max(to_number(i.premium_rcv_detail_code))+1 from ins_premium_det i),'82583','82583','02', '11000003','00','Request by Mr.Saqib Saleem 20-Feb-2025'); | H6: =F6&G6 -> insert into ins_premium_det (premium_rcv_code,assorted_code, rec_amount,premium_rcv_detail_code,remaining_amt, payrec, mode_code,coinsurance_code,class_cd,it_remarks) values('20Feb250031','070000173665','82583',(select max(to_number(i.premium_rcv_detail_code))+1 from ins_premium_det i),'82583','82583','02', '11000003','00','Request by Mr.Saqib Saleem 20-Feb-2025');
A7: KHI/HO/D/MO/PC COMP/C/105332/9/01/2025 | B7: 070000173818 | C7: 82583 | D7: =ROUND(C7,0) -> 82583 | E7: 20Feb250031 | F7: ="insert into ins_premium_det (premium_rcv_code,assorted_code, rec_amount,premium_rcv_detail_code,remaining_amt, payrec, mode_code,coinsurance_code,class_cd,it_remarks) values" -> insert into ins_premium_det (premium_rcv_code,assorted_code, rec_amount,premium_rcv_detail_code,remaining_amt, payrec, mode_code,coinsurance_code,class_cd,it_remarks) values | G7: ="('"&E7&"','"&B7&"','"&D7&"',(select max(to_number(i.premium_rcv_detail_code))+1 from ins_premium_det i),'"&D7&"','"&D7&"','02', '11000003','00','Request by Mr.Saqib Saleem 20-Feb-2025');" -> ('20Feb250031','070000173818','82583',(select max(to_number(i.premium_rcv_detail_code))+1 from ins_premium_det i),'82583','82583','02', '11000003','00','Request by Mr.Saqib Saleem 20-Feb-2025'); | H7: =F7&G7 -> insert into ins_premium_det (premium_rcv_code,assorted_code, rec_amount,premium_rcv_detail_code,remaining_amt, payrec, mode_code,coinsurance_code,class_cd,it_remarks) values('20Feb250031','070000173818','82583',(select max(to_number(i.premium_rcv_detail_code))+1 from ins_premium_det i),'82583','82583','02', '11000003','00','Request by Mr.Saqib Saleem 20-Feb-2025');
A8: KHI/HO/D/MO/PC COMP/C/105332/11/01/2025 | B8: =VLOOKUP(A8,policy!B:C,2,0) -> 070000173829 | C8: 83300 | D8: =ROUND(C8,0) -> 83300 | E8: 20Feb250031 | F8: ="insert into ins_premium_det (premium_rcv_code,assorted_code, rec_amount,premium_rcv_detail_code,remaining_amt, payrec, mode_code,coinsurance_code,class_cd,it_remarks) values" -> insert into ins_premium_det (premium_rcv_code,assorted_code, rec_amount,premium_rcv_detail_code,remaining_amt, payrec, mode_code,coinsurance_code,class_cd,it_remarks) values | G8: ="('"&E8&"','"&B8&"','"&D8&"',(select max(to_number(i.premium_rcv_detail_code))+1 from ins_premium_det i),'"&D8&"','"&D8&"','02', '11000003','00','Request by Mr.Saqib Saleem 20-Feb-2025');" -> ('20Feb250031','070000173829','83300',(select max(to_number(i.premium_rcv_detail_code))+1 from ins_premium_det i),'83300','83300','02', '11000003','00','Request by Mr.Saqib Saleem 20-Feb-2025'); | H8: =F8&G8 -> insert into ins_premium_det (premium_rcv_code,assorted_code, rec_amount,premium_rcv_detail_code,remaining_amt, payrec, mode_code,coinsurance_code,class_cd,it_remarks) values('20Feb250031','070000173829','83300',(select max(to_number(i.premium_rcv_detail_code))+1 from ins_premium_det i),'83300','83300','02', '11000003','00','Request by Mr.Saqib Saleem 20-Feb-2025');
A9: KHI/HO/D/MO/PC COMP/C/105332/12/01/2025 | B9: =VLOOKUP(A9,policy!B:C,2,0) -> 070000173834 | C9: 28875 | D9: =ROUND(C9,0) -> 28875 | E9: 20Feb250031 | F9: ="insert into ins_premium_det (premium_rcv_code,assorted_code, rec_amount,premium_rcv_detail_code,remaining_amt, payrec, mode_code,coinsurance_code,class_cd,it_remarks) values" -> insert into ins_premium_det (premium_rcv_code,assorted_code, rec_amount,premium_rcv_detail_code,remaining_amt, payrec, mode_code,coinsurance_code,class_cd,it_remarks) values | G9: ="('"&E9&"','"&B9&"','"&D9&"',(select max(to_number(i.premium_rcv_detail_code))+1 from ins_premium_det i),'"&D9&"','"&D9&"','02', '11000003','00','Request by Mr.Saqib Saleem 20-Feb-2025');" -> ('20Feb250031','070000173834','28875',(select max(to_number(i.premium_rcv_detail_code))+1 from ins_premium_det i),'28875','28875','02', '11000003','00','Request by Mr.Saqib Saleem 20-Feb-2025'); | H9: =F9&G9 -> insert into ins_premium_det (premium_rcv_code,assorted_code, rec_amount,premium_rcv_detail_code,remaining_amt, payrec, mode_code,coinsurance_code,class_cd,it_remarks) values('20Feb250031','070000173834','28875',(select max(to_number(i.premium_rcv_detail_code))+1 from ins_premium_det i),'28875','28875','02', '11000003','00','Request by Mr.Saqib Saleem 20-Feb-2025');
A10: KHI/HO/D/MO/PC COMP/C/105332/13/01/2025 | B10: =VLOOKUP(A10,policy!B:C,2,0) -> 070000173844 | C10: 82583 | D10: =ROUND(C10,0) -> 82583 | E10: 20Feb250031 | F10: ="insert into ins_premium_det (premium_rcv_code,assorted_code, rec_amount,premium_rcv_detail_code,remaining_amt, payrec, mode_code,coinsurance_code,class_cd,it_remarks) values" -> insert into ins_premium_det (premium_rcv_code,assorted_code, rec_amount,premium_rcv_detail_code,remaining_amt, payrec, mode_code,coinsurance_code,class_cd,it_remarks) values | G10: ="('"&E10&"','"&B10&"','"&D10&"',(select max(to_number(i.premium_rcv_detail_code))+1 from ins_premium_det i),'"&D10&"','"&D10&"','02', '11000003','00','Request by Mr.Saqib Saleem 20-Feb-2025');" -> ('20Feb250031','070000173844','82583',(select max(to_number(i.premium_rcv_detail_code))+1 from ins_premium_det i),'82583','82583','02', '11000003','00','Request by Mr.Saqib Saleem 20-Feb-2025'); | H10: =F10&G10 -> insert into ins_premium_det (premium_rcv_code,assorted_code, rec_amount,premium_rcv_detail_code,remaining_amt, payrec, mode_code,coinsurance_code,class_cd,it_remarks) values('20Feb250031','070000173844','82583',(select max(to_number(i.premium_rcv_detail_code))+1 from ins_premium_det i),'82583','82583','02', '11000003','00','Request by Mr.Saqib Saleem 20-Feb-2025');
A11: KHI/HO/D/MO/PC COMP/C/105332/6/01/2025 | B11: =VLOOKUP(A11,policy!B:C,2,0) -> 070000173811 | C11: 173250 | D11: =ROUND(C11,0) -> 173250 | E11: 20Feb250031 | F11: ="insert into ins_premium_det (premium_rcv_code,assorted_code, rec_amount,premium_rcv_detail_code,remaining_amt, payrec, mode_code,coinsurance_code,class_cd,it_remarks) values" -> insert into ins_premium_det (premium_rcv_code,assorted_code, rec_amount,premium_rcv_detail_code,remaining_amt, payrec, mode_code,coinsurance_code,class_cd,it_remarks) values | G11: ="('"&E11&"','"&B11&"','"&D11&"',(select max(to_number(i.premium_rcv_detail_code))+1 from ins_premium_det i),'"&D11&"','"&D11&"','02', '11000003','00','Request by Mr.Saqib Saleem 20-Feb-2025');" -> ('20Feb250031','070000173811','173250',(select max(to_number(i.premium_rcv_detail_code))+1 from ins_premium_det i),'173250','173250','02', '11000003','00','Request by Mr.Saqib Saleem 20-Feb-2025'); | H11: =F11&G11 -> insert into ins_premium_det (premium_rcv_code,assorted_code, rec_amount,premium_rcv_detail_code,remaining_amt, payrec, mode_code,coinsurance_code,class_cd,it_remarks) values('20Feb250031','070000173811','173250',(select max(to_number(i.premium_rcv_detail_code))+1 from ins_premium_det i),'173250','173250','02', '11000003','00','Request by Mr.Saqib Saleem 20-Feb-2025');
A12: KHI/HO/D/MO/PC COMP/C/105332/20/01/2025 | B12: =VLOOKUP(A12,policy!B:C,2,0) -> 070000173898 | C12: 43400 | D12: =ROUND(C12,0) -> 43400 | E12: 20Feb250031 | F12: ="insert into ins_premium_det (premium_rcv_code,assorted_code, rec_amount,premium_rcv_detail_code,remaining_amt, payrec, mode_code,coinsurance_code,class_cd,it_remarks) values" -> insert into ins_premium_det (premium_rcv_code,assorted_code, rec_amount,premium_rcv_detail_code,remaining_amt, payrec, mode_code,coinsurance_code,class_cd,it_remarks) values | G12: ="('"&E12&"','"&B12&"','"&D12&"',(select max(to_number(i.premium_rcv_detail_code))+1 from ins_premium_det i),'"&D12&"','"&D12&"','02', '11000003','00','Request by Mr.Saqib Saleem 20-Feb-2025');" -> ('20Feb250031','070000173898','43400',(select max(to_number(i.premium_rcv_detail_code))+1 from ins_premium_det i),'43400','43400','02', '11000003','00','Request by Mr.Saqib Saleem 20-Feb-2025'); | H12: =F12&G12 -> insert into ins_premium_det (premium_rcv_code,assorted_code, rec_amount,premium_rcv_detail_code,remaining_amt, payrec, mode_code,coinsurance_code,class_cd,it_remarks) values('20Feb250031','070000173898','43400',(select max(to_number(i.premium_rcv_detail_code))+1 from ins_premium_det i),'43400','43400','02', '11000003','00','Request by Mr.Saqib Saleem 20-Feb-2025');
A13: KHI/HO/D/MO/PC COMP/C/105332/25/01/2025 | B13: =VLOOKUP(A13,policy!B:C,2,0) -> 070000173926 | C13: 47373 | D13: =ROUND(C13,0) -> 47373 | E13: 20Feb250031 | F13: ="insert into ins_premium_det (premium_rcv_code,assorted_code, rec_amount,premium_rcv_detail_code,remaining_amt, payrec, mode_code,coinsurance_code,class_cd,it_remarks) values" -> insert into ins_premium_det (premium_rcv_code,assorted_code, rec_amount,premium_rcv_detail_code,remaining_amt, payrec, mode_code,coinsurance_code,class_cd,it_remarks) values | G13: ="('"&E13&"','"&B13&"','"&D13&"',(select max(to_number(i.premium_rcv_detail_code))+1 from ins_premium_det i),'"&D13&"','"&D13&"','02', '11000003','00','Request by Mr.Saqib Saleem 20-Feb-2025');" -> ('20Feb250031','070000173926','47373',(select max(to_number(i.premium_rcv_detail_code))+1 from ins_premium_det i),'47373','47373','02', '11000003','00','Request by Mr.Saqib Saleem 20-Feb-2025'); | H13: =F13&G13 -> insert into ins_premium_det (premium_rcv_code,assorted_code, rec_amount,premium_rcv_detail_code,remaining_amt, payrec, mode_code,coinsurance_code,class_cd,it_remarks) values('20Feb250031','070000173926','47373',(select max(to_number(i.premium_rcv_detail_code))+1 from ins_premium_det i),'47373','47373','02', '11000003','00','Request by Mr.Saqib Saleem 20-Feb-2025');
A14: KHI/HO/D/MO/PC COMP/C/105332/30/01/2025 | B14: =VLOOKUP(A14,policy!B:C,2,0) -> 070000173989 | C14: 41125 | D14: =ROUND(C14,0) -> 41125 | E14: 20Feb250031 | F14: ="insert into ins_premium_det (premium_rcv_code,assorted_code, rec_amount,premium_rcv_detail_code,remaining_amt, payrec, mode_code,coinsurance_code,class_cd,it_remarks) values" -> insert into ins_premium_det (premium_rcv_code,assorted_code, rec_amount,premium_rcv_detail_code,remaining_amt, payrec, mode_code,coinsurance_code,class_cd,it_remarks) values | G14: ="('"&E14&"','"&B14&"','"&D14&"',(select max(to_number(i.premium_rcv_detail_code))+1 from ins_premium_det i),'"&D14&"','"&D14&"','02', '11000003','00','Request by Mr.Saqib Saleem 20-Feb-2025');" -> ('20Feb250031','070000173989','41125',(select max(to_number(i.premium_rcv_detail_code))+1 from ins_premium_det i),'41125','41125','02', '11000003','00','Request by Mr.Saqib Saleem 20-Feb-2025'); | H14: =F14&G14 -> insert into ins_premium_det (premium_rcv_code,assorted_code, rec_amount,premium_rcv_detail_code,remaining_amt, payrec, mode_code,coinsurance_code,class_cd,it_remarks) values('20Feb250031','070000173989','41125',(select max(to_number(i.premium_rcv_detail_code))+1 from ins_premium_det i),'41125','41125','02', '11000003','00','Request by Mr.Saqib Saleem 20-Feb-2025');
A15: KHI/HO/D/MO/PC COMP/C/105332/28/01/2025 | B15: =VLOOKUP(A15,policy!B:C,2,0) -> 070000173931 | C15: 35000 | D15: =ROUND(C15,0) -> 35000 | E15: 20Feb250031 | F15: ="insert into ins_premium_det (premium_rcv_code,assorted_code, rec_amount,premium_rcv_detail_code,remaining_amt, payrec, mode_code,coinsurance_code,class_cd,it_remarks) values" -> insert into ins_premium_det (premium_rcv_code,assorted_code, rec_amount,premium_rcv_detail_code,remaining_amt, payrec, mode_code,coinsurance_code,class_cd,it_remarks) values | G15: ="('"&E15&"','"&B15&"','"&D15&"',(select max(to_number(i.premium_rcv_detail_code))+1 from ins_premium_det i),'"&D15&"','"&D15&"','02', '11000003','00','Request by Mr.Saqib Saleem 20-Feb-2025');" -> ('20Feb250031','070000173931','35000',(select max(to_number(i.premium_rcv_detail_code))+1 from ins_premium_det i),'35000','35000','02', '11000003','00','Request by Mr.Saqib Saleem 20-Feb-2025'); | H15: =F15&G15 -> insert into ins_premium_det (premium_rcv_code,assorted_code, rec_amount,premium_rcv_detail_code,remaining_amt, payrec, mode_code,coinsurance_code,class_cd,it_remarks) values('20Feb250031','070000173931','35000',(select max(to_number(i.premium_rcv_detail_code))+1 from ins_premium_det i),'35000','35000','02', '11000003','00','Request by Mr.Saqib Saleem 20-Feb-2025');
A16: KHI/HO/D/MO/PC COMP/C/105332/21/01/2025 | B16: =VLOOKUP(A16,policy!B:C,2,0) -> 070000173917 | C16: 43575 | D16: =ROUND(C16,0) -> 43575 | E16: 20Feb250031 | F16: ="insert into ins_premium_det (premium_rcv_code,assorted_code, rec_amount,premium_rcv_detail_code,remaining_amt, payrec, mode_code,coinsurance_code,class_cd,it_remarks) values" -> insert into ins_premium_det (premium_rcv_code,assorted_code, rec_amount,premium_rcv_detail_code,remaining_amt, payrec, mode_code,coinsurance_code,class_cd,it_remarks) values | G16: ="('"&E16&"','"&B16&"','"&D16&"',(select max(to_number(i.premium_rcv_detail_code))+1 from ins_premium_det i),'"&D16&"','"&D16&"','02', '11000003','00','Request by Mr.Saqib Saleem 20-Feb-2025');" -> ('20Feb250031','070000173917','43575',(select max(to_number(i.premium_rcv_detail_code))+1 from ins_premium_det i),'43575','43575','02', '11000003','00','Request by Mr.Saqib Saleem 20-Feb-2025'); | H16: =F16&G16 -> insert into ins_premium_det (premium_rcv_code,assorted_code, rec_amount,premium_rcv_detail_code,remaining_amt, payrec, mode_code,coinsurance_code,class_cd,it_remarks) values('20Feb250031','070000173917','43575',(select max(to_number(i.premium_rcv_detail_code))+1 from ins_premium_det i),'43575','43575','02', '11000003','00','Request by Mr.Saqib Saleem 20-Feb-2025');
A17: KHI/HO/D/MO/PC COMP/C/105332/39/01/2025 | B17: =VLOOKUP(A17,policy!B:C,2,0) -> 070000174037 | C17: 40775 | D17: =ROUND(C17,0) -> 40775 | E17: 20Feb250031 | F17: ="insert into ins_premium_det (premium_rcv_code,assorted_code, rec_amount,premium_rcv_detail_code,remaining_amt, payrec, mode_code,coinsurance_code,class_cd,it_remarks) values" -> insert into ins_premium_det (premium_rcv_code,assorted_code, rec_amount,premium_rcv_detail_code,remaining_amt, payrec, mode_code,coinsurance_code,class_cd,it_remarks) values | G17: ="('"&E17&"','"&B17&"','"&D17&"',(select max(to_number(i.premium_rcv_detail_code))+1 from ins_premium_det i),'"&D17&"','"&D17&"','02', '11000003','00','Request by Mr.Saqib Saleem 20-Feb-2025');" -> ('20Feb250031','070000174037','40775',(select max(to_number(i.premium_rcv_detail_code))+1 from ins_premium_det i),'40775','40775','02', '11000003','00','Request by Mr.Saqib Saleem 20-Feb-2025'); | H17: =F17&G17 -> insert into ins_premium_det (premium_rcv_code,assorted_code, rec_amount,premium_rcv_detail_code,remaining_amt, payrec, mode_code,coinsurance_code,class_cd,it_remarks) values('20Feb250031','070000174037','40775',(select max(to_number(i.premium_rcv_detail_code))+1 from ins_premium_det i),'40775','40775','02', '11000003','00','Request by Mr.Saqib Saleem 20-Feb-2025');
A18: KHI/HO/D/MO/PC COMP/C/105332/50/01/2025 | B18: =VLOOKUP(A18,policy!B:C,2,0) -> 070000174064 | C18: 53288 | D18: =ROUND(C18,0) -> 53288 | E18: 20Feb250031 | F18: ="insert into ins_premium_det (premium_rcv_code,assorted_code, rec_amount,premium_rcv_detail_code,remaining_amt, payrec, mode_code,coinsurance_code,class_cd,it_remarks) values" -> insert into ins_premium_det (premium_rcv_code,assorted_code, rec_amount,premium_rcv_detail_code,remaining_amt, payrec, mode_code,coinsurance_code,class_cd,it_remarks) values | G18: ="('"&E18&"','"&B18&"','"&D18&"',(select max(to_number(i.premium_rcv_detail_code))+1 from ins_premium_det i),'"&D18&"','"&D18&"','02', '11000003','00','Request by Mr.Saqib Saleem 20-Feb-2025');" -> ('20Feb250031','070000174064','53288',(select max(to_number(i.premium_rcv_detail_code))+1 from ins_premium_det i),'53288','53288','02', '11000003','00','Request by Mr.Saqib Saleem 20-Feb-2025'); | H18: =F18&G18 -> insert into ins_premium_det (premium_rcv_code,assorted_code, rec_amount,premium_rcv_detail_code,remaining_amt, payrec, mode_code,coinsurance_code,class_cd,it_remarks) values('20Feb250031','070000174064','53288',(select max(to_number(i.premium_rcv_detail_code))+1 from ins_premium_det i),'53288','53288','02', '11000003','00','Request by Mr.Saqib Saleem 20-Feb-2025');
A19: KHI/HO/D/MO/PC COMP/C/105332/35/01/2025 | B19: =VLOOKUP(A19,policy!B:C,2,0) -> 070000174006 | C19: 47373 | D19: =ROUND(C19,0) -> 47373 | E19: 20Feb250031 | F19: ="insert into ins_premium_det (premium_rcv_code,assorted_code, rec_amount,premium_rcv_detail_code,remaining_amt, payrec, mode_code,coinsurance_code,class_cd,it_remarks) values" -> insert into ins_premium_det (premium_rcv_code,assorted_code, rec_amount,premium_rcv_detail_code,remaining_amt, payrec, mode_code,coinsurance_code,class_cd,it_remarks) values | G19: ="('"&E19&"','"&B19&"','"&D19&"',(select max(to_number(i.premium_rcv_detail_code))+1 from ins_premium_det i),'"&D19&"','"&D19&"','02', '11000003','00','Request by Mr.Saqib Saleem 20-Feb-2025');" -> ('20Feb250031','070000174006','47373',(select max(to_number(i.premium_rcv_detail_code))+1 from ins_premium_det i),'47373','47373','02', '11000003','00','Request by Mr.Saqib Saleem 20-Feb-2025'); | H19: =F19&G19 -> insert into ins_premium_det (premium_rcv_code,assorted_code, rec_amount,premium_rcv_detail_code,remaining_amt, payrec, mode_code,coinsurance_code,class_cd,it_remarks) values('20Feb250031','070000174006','47373',(select max(to_number(i.premium_rcv_detail_code))+1 from ins_premium_det i),'47373','47373','02', '11000003','00','Request by Mr.Saqib Saleem 20-Feb-2025');
... A57: KHI/HO/D/MO/PC COMP/C/105332/130/01/2025 | B57: =VLOOKUP(A57,policy!B:C,2,0) -> 070000176236 | C57: 127733 | D57: =ROUND(C57,0) -> 127733 | E57: 20Feb250031 | F57: ="insert into ins_premium_det (premium_rcv_code,assorted_code, rec_amount,premium_rcv_detail_code,remaining_amt, payrec, mode_code,coinsurance_code,class_cd,it_remarks) values" -> insert into ins_premium_det (premium_rcv_code,assorted_code, rec_amount,premium_rcv_detail_code,remaining_amt, payrec, mode_code,coinsurance_code,class_cd,it_remarks) values | G57: ="('"&E57&"','"&B57&"','"&D57&"',(select max(to_number(i.premium_rcv_detail_code))+1 from ins_premium_det i),'"&D57&"','"&D57&"','02', '11000003','00','Request by Mr.Saqib Saleem 20-Feb-2025');" -> ('20Feb250031','070000176236','127733',(select max(to_number(i.premium_rcv_detail_code))+1 from ins_premium_det i),'127733','127733','02', '11000003','00','Request by Mr.Saqib Saleem 20-Feb-2025'); | H57: =F57&G57 -> insert into ins_premium_det (premium_rcv_code,assorted_code, rec_amount,premium_rcv_detail_code,remaining_amt, payrec, mode_code,coinsurance_code,class_cd,it_remarks) values('20Feb250031','070000176236','127733',(select max(to_number(i.premium_rcv_detail_code))+1 from ins_premium_det i),'127733','127733','02', '11000003','00','Request by Mr.Saqib Saleem 20-Feb-2025');
A58: KHI/HO/D/MO/PC COMP/C/105332/143/01/2025 | B58: 070000176328 | C58: 155733 | D58: =ROUND(C58,0) -> 155733 | E58: 20Feb250031 | F58: ="insert into ins_premium_det (premium_rcv_code,assorted_code, rec_amount,premium_rcv_detail_code,remaining_amt, payrec, mode_code,coinsurance_code,class_cd,it_remarks) values" -> insert into ins_premium_det (premium_rcv_code,assorted_code, rec_amount,premium_rcv_detail_code,remaining_amt, payrec, mode_code,coinsurance_code,class_cd,it_remarks) values | G58: ="('"&E58&"','"&B58&"','"&D58&"',(select max(to_number(i.premium_rcv_detail_code))+1 from ins_premium_det i),'"&D58&"','"&D58&"','02', '11000003','00','Request by Mr.Saqib Saleem 20-Feb-2025');" -> ('20Feb250031','070000176328','155733',(select max(to_number(i.premium_rcv_detail_code))+1 from ins_premium_det i),'155733','155733','02', '11000003','00','Request by Mr.Saqib Saleem 20-Feb-2025'); | H58: =F58&G58 -> insert into ins_premium_det (premium_rcv_code,assorted_code, rec_amount,premium_rcv_detail_code,remaining_amt, payrec, mode_code,coinsurance_code,class_cd,it_remarks) values('20Feb250031','070000176328','155733',(select max(to_number(i.premium_rcv_detail_code))+1 from ins_premium_det i),'155733','155733','02', '11000003','00','Request by Mr.Saqib Saleem 20-Feb-2025');
A59: KHI/HO/D/MO/PC COMP/C/105332/137/01/2025 | B59: =VLOOKUP(A59,policy!B:C,2,0) -> 070000176314 | C59: 42000 | D59: =ROUND(C59,0) -> 42000 | E59: 20Feb250031 | F59: ="insert into ins_premium_det (premium_rcv_code,assorted_code, rec_amount,premium_rcv_detail_code,remaining_amt, payrec, mode_code,coinsurance_code,class_cd,it_remarks) values" -> insert into ins_premium_det (premium_rcv_code,assorted_code, rec_amount,premium_rcv_detail_code,remaining_amt, payrec, mode_code,coinsurance_code,class_cd,it_remarks) values | G59: ="('"&E59&"','"&B59&"','"&D59&"',(select max(to_number(i.premium_rcv_detail_code))+1 from ins_premium_det i),'"&D59&"','"&D59&"','02', '11000003','00','Request by Mr.Saqib Saleem 20-Feb-2025');" -> ('20Feb250031','070000176314','42000',(select max(to_number(i.premium_rcv_detail_code))+1 from ins_premium_det i),'42000','42000','02', '11000003','00','Request by Mr.Saqib Saleem 20-Feb-2025'); | H59: =F59&G59 -> insert into ins_premium_det (premium_rcv_code,assorted_code, rec_amount,premium_rcv_detail_code,remaining_amt, payrec, mode_code,coinsurance_code,class_cd,it_remarks) values('20Feb250031','070000176314','42000',(select max(to_number(i.premium_rcv_detail_code))+1 from ins_premium_det i),'42000','42000','02', '11000003','00','Request by Mr.Saqib Saleem 20-Feb-2025');
A60: KHI/HO/D/MO/PC COMP/C/105332/139/01/2025 | B60: =VLOOKUP(A60,policy!B:C,2,0) -> 070000176320 | C60: 35875 | D60: =ROUND(C60,0) -> 35875 | E60: 20Feb250031 | F60: ="insert into ins_premium_det (premium_rcv_code,assorted_code, rec_amount,premium_rcv_detail_code,remaining_amt, payrec, mode_code,coinsurance_code,class_cd,it_remarks) values" -> insert into ins_premium_det (premium_rcv_code,assorted_code, rec_amount,premium_rcv_detail_code,remaining_amt, payrec, mode_code,coinsurance_code,class_cd,it_remarks) values | G60: ="('"&E60&"','"&B60&"','"&D60&"',(select max(to_number(i.premium_rcv_detail_code))+1 from ins_premium_det i),'"&D60&"','"&D60&"','02', '11000003','00','Request by Mr.Saqib Saleem 20-Feb-2025');" -> ('20Feb250031','070000176320','35875',(select max(to_number(i.premium_rcv_detail_code))+1 from ins_premium_det i),'35875','35875','02', '11000003','00','Request by Mr.Saqib Saleem 20-Feb-2025'); | H60: =F60&G60 -> insert into ins_premium_det (premium_rcv_code,assorted_code, rec_amount,premium_rcv_detail_code,remaining_amt, payrec, mode_code,coinsurance_code,class_cd,it_remarks) values('20Feb250031','070000176320','35875',(select max(to_number(i.premium_rcv_detail_code))+1 from ins_premium_det i),'35875','35875','02', '11000003','00','Request by Mr.Saqib Saleem 20-Feb-2025');
A61: KHI/HO/D/MO/PC COMP/C/105332/141/01/2025 | B61: =VLOOKUP(A61,policy!B:C,2,0) -> 070000176324 | C61: 96250 | D61: =ROUND(C61,0) -> 96250 | E61: 20Feb250031 | F61: ="insert into ins_premium_det (premium_rcv_code,assorted_code, rec_amount,premium_rcv_detail_code,remaining_amt, payrec, mode_code,coinsurance_code,class_cd,it_remarks) values" -> insert into ins_premium_det (premium_rcv_code,assorted_code, rec_amount,premium_rcv_detail_code,remaining_amt, payrec, mode_code,coinsurance_code,class_cd,it_remarks) values | G61: ="('"&E61&"','"&B61&"','"&D61&"',(select max(to_number(i.premium_rcv_detail_code))+1 from ins_premium_det i),'"&D61&"','"&D61&"','02', '11000003','00','Request by Mr.Saqib Saleem 20-Feb-2025');" -> ('20Feb250031','070000176324','96250',(select max(to_number(i.premium_rcv_detail_code))+1 from ins_premium_det i),'96250','96250','02', '11000003','00','Request by Mr.Saqib Saleem 20-Feb-2025'); | H61: =F61&G61 -> insert into ins_premium_det (premium_rcv_code,assorted_code, rec_amount,premium_rcv_detail_code,remaining_amt, payrec, mode_code,coinsurance_code,class_cd,it_remarks) values('20Feb250031','070000176324','96250',(select max(to_number(i.premium_rcv_detail_code))+1 from ins_premium_det i),'96250','96250','02', '11000003','00','Request by Mr.Saqib Saleem 20-Feb-2025');
A62: KHI/HO/D/MO/PC COMP/C/105332/147/01/2025 | B62: =VLOOKUP(A62,policy!B:C,2,0) -> 070000176340 | C62: 53288 | D62: =ROUND(C62,0) -> 53288 | E62: 20Feb250031 | F62: ="insert into ins_premium_det (premium_rcv_code,assorted_code, rec_amount,premium_rcv_detail_code,remaining_amt, payrec, mode_code,coinsurance_code,class_cd,it_remarks) values" -> insert into ins_premium_det (premium_rcv_code,assorted_code, rec_amount,premium_rcv_detail_code,remaining_amt, payrec, mode_code,coinsurance_code,class_cd,it_remarks) values | G62: ="('"&E62&"','"&B62&"','"&D62&"',(select max(to_number(i.premium_rcv_detail_code))+1 from ins_premium_det i),'"&D62&"','"&D62&"','02', '11000003','00','Request by Mr.Saqib Saleem 20-Feb-2025');" -> ('20Feb250031','070000176340','53288',(select max(to_number(i.premium_rcv_detail_code))+1 from ins_premium_det i),'53288','53288','02', '11000003','00','Request by Mr.Saqib Saleem 20-Feb-2025'); | H62: =F62&G62 -> insert into ins_premium_det (premium_rcv_code,assorted_code, rec_amount,premium_rcv_detail_code,remaining_amt, payrec, mode_code,coinsurance_code,class_cd,it_remarks) values('20Feb250031','070000176340','53288',(select max(to_number(i.premium_rcv_detail_code))+1 from ins_premium_det i),'53288','53288','02', '11000003','00','Request by Mr.Saqib Saleem 20-Feb-2025');
A63: KHI/HO/D/MO/PC COMP/C/105332/159/01/2025 | B63: =VLOOKUP(A63,policy!B:C,2,0) -> 070000176363 | C63: 67375 | D63: =ROUND(C63,0) -> 67375 | E63: 20Feb250031 | F63: ="insert into ins_premium_det (premium_rcv_code,assorted_code, rec_amount,premium_rcv_detail_code,remaining_amt, payrec, mode_code,coinsurance_code,class_cd,it_remarks) values" -> insert into ins_premium_det (premium_rcv_code,assorted_code, rec_amount,premium_rcv_detail_code,remaining_amt, payrec, mode_code,coinsurance_code,class_cd,it_remarks) values | G63: ="('"&E63&"','"&B63&"','"&D63&"',(select max(to_number(i.premium_rcv_detail_code))+1 from ins_premium_det i),'"&D63&"','"&D63&"','02', '11000003','00','Request by Mr.Saqib Saleem 20-Feb-2025');" -> ('20Feb250031','070000176363','67375',(select max(to_number(i.premium_rcv_detail_code))+1 from ins_premium_det i),'67375','67375','02', '11000003','00','Request by Mr.Saqib Saleem 20-Feb-2025'); | H63: =F63&G63 -> insert into ins_premium_det (premium_rcv_code,assorted_code, rec_amount,premium_rcv_detail_code,remaining_amt, payrec, mode_code,coinsurance_code,class_cd,it_remarks) values('20Feb250031','070000176363','67375',(select max(to_number(i.premium_rcv_detail_code))+1 from ins_premium_det i),'67375','67375','02', '11000003','00','Request by Mr.Saqib Saleem 20-Feb-2025');
A64: KHI/HO/D/MO/PC COMP/C/105332/150/01/2025 | B64: =VLOOKUP(A64,policy!B:C,2,0) -> 070000176351 | C64: 50750 | D64: =ROUND(C64,0) -> 50750 | E64: 20Feb250031 | F64: ="insert into ins_premium_det (premium_rcv_code,assorted_code, rec_amount,premium_rcv_detail_code,remaining_amt, payrec, mode_code,coinsurance_code,class_cd,it_remarks) values" -> insert into ins_premium_det (premium_rcv_code,assorted_code, rec_amount,premium_rcv_detail_code,remaining_amt, payrec, mode_code,coinsurance_code,class_cd,it_remarks) values | G64: ="('"&E64&"','"&B64&"','"&D64&"',(select max(to_number(i.premium_rcv_detail_code))+1 from ins_premium_det i),'"&D64&"','"&D64&"','02', '11000003','00','Request by Mr.Saqib Saleem 20-Feb-2025');" -> ('20Feb250031','070000176351','50750',(select max(to_number(i.premium_rcv_detail_code))+1 from ins_premium_det i),'50750','50750','02', '11000003','00','Request by Mr.Saqib Saleem 20-Feb-2025'); | H64: =F64&G64 -> insert into ins_premium_det (premium_rcv_code,assorted_code, rec_amount,premium_rcv_detail_code,remaining_amt, payrec, mode_code,coinsurance_code,class_cd,it_remarks) values('20Feb250031','070000176351','50750',(select max(to_number(i.premium_rcv_detail_code))+1 from ins_premium_det i),'50750','50750','02', '11000003','00','Request by Mr.Saqib Saleem 20-Feb-2025');
A65: KHI/HO/D/MO/PC COMP/C/105332/153/01/2025 | B65: =VLOOKUP(A65,policy!B:C,2,0) -> 070000176355 | C65: 96250 | D65: =ROUND(C65,0) -> 96250 | E65: 20Feb250031 | F65: ="insert into ins_premium_det (premium_rcv_code,assorted_code, rec_amount,premium_rcv_detail_code,remaining_amt, payrec, mode_code,coinsurance_code,class_cd,it_remarks) values" -> insert into ins_premium_det (premium_rcv_code,assorted_code, rec_amount,premium_rcv_detail_code,remaining_amt, payrec, mode_code,coinsurance_code,class_cd,it_remarks) values | G65: ="('"&E65&"','"&B65&"','"&D65&"',(select max(to_number(i.premium_rcv_detail_code))+1 from ins_premium_det i),'"&D65&"','"&D65&"','02', '11000003','00','Request by Mr.Saqib Saleem 20-Feb-2025');" -> ('20Feb250031','070000176355','96250',(select max(to_number(i.premium_rcv_detail_code))+1 from ins_premium_det i),'96250','96250','02', '11000003','00','Request by Mr.Saqib Saleem 20-Feb-2025'); | H65: =F65&G65 -> insert into ins_premium_det (premium_rcv_code,assorted_code, rec_amount,premium_rcv_detail_code,remaining_amt, payrec, mode_code,coinsurance_code,class_cd,it_remarks) values('20Feb250031','070000176355','96250',(select max(to_number(i.premium_rcv_detail_code))+1 from ins_premium_det i),'96250','96250','02', '11000003','00','Request by Mr.Saqib Saleem 20-Feb-2025');
A66: KHI/HO/D/MO/PC COMP/C/105332/149/01/2025 | B66: =VLOOKUP(A66,policy!B:C,2,0) -> 070000176350 | C66: 53288 | D66: =ROUND(C66,0) -> 53288 | E66: 20Feb250031 | F66: ="insert into ins_premium_det (premium_rcv_code,assorted_code, rec_amount,premium_rcv_detail_code,remaining_amt, payrec, mode_code,coinsurance_code,class_cd,it_remarks) values" -> insert into ins_premium_det (premium_rcv_code,assorted_code, rec_amount,premium_rcv_detail_code,remaining_amt, payrec, mode_code,coinsurance_code,class_cd,it_remarks) values | G66: ="('"&E66&"','"&B66&"','"&D66&"',(select max(to_number(i.premium_rcv_detail_code))+1 from ins_premium_det i),'"&D66&"','"&D66&"','02', '11000003','00','Request by Mr.Saqib Saleem 20-Feb-2025');" -> ('20Feb250031','070000176350','53288',(select max(to_number(i.premium_rcv_detail_code))+1 from ins_premium_det i),'53288','53288','02', '11000003','00','Request by Mr.Saqib Saleem 20-Feb-2025'); | H66: =F66&G66 -> insert into ins_premium_det (premium_rcv_code,assorted_code, rec_amount,premium_rcv_detail_code,remaining_amt, payrec, mode_code,coinsurance_code,class_cd,it_remarks) values('20Feb250031','070000176350','53288',(select max(to_number(i.premium_rcv_detail_code))+1 from ins_premium_det i),'53288','53288','02', '11000003','00','Request by Mr.Saqib Saleem 20-Feb-2025');
A67: KHI/HO/D/MO/PC COMP/C/105332/3/01/2025 | B67: =VLOOKUP(A67,policy!B:C,2,0) -> 070000173679 | C67: 42000 | D67: =ROUND(C67,0) -> 42000 | E67: 20Feb250031 | F67: ="insert into ins_premium_det (premium_rcv_code,assorted_code, rec_amount,premium_rcv_detail_code,remaining_amt, payrec, mode_code,coinsurance_code,class_cd,it_remarks) values" -> insert into ins_premium_det (premium_rcv_code,assorted_code, rec_amount,premium_rcv_detail_code,remaining_amt, payrec, mode_code,coinsurance_code,class_cd,it_remarks) values | G67: ="('"&E67&"','"&B67&"','"&D67&"',(select max(to_number(i.premium_rcv_detail_code))+1 from ins_premium_det i),'"&D67&"','"&D67&"','02', '11000003','00','Request by Mr.Saqib Saleem 20-Feb-2025');" -> ('20Feb250031','070000173679','42000',(select max(to_number(i.premium_rcv_detail_code))+1 from ins_premium_det i),'42000','42000','02', '11000003','00','Request by Mr.Saqib Saleem 20-Feb-2025'); | H67: =F67&G67 -> insert into ins_premium_det (premium_rcv_code,assorted_code, rec_amount,premium_rcv_detail_code,remaining_amt, payrec, mode_code,coinsurance_code,class_cd,it_remarks) values('20Feb250031','070000173679','42000',(select max(to_number(i.premium_rcv_detail_code))+1 from ins_premium_det i),'42000','42000','02', '11000003','00','Request by Mr.Saqib Saleem 20-Feb-2025');
A68: KHI/HO/D/MO/PC COMP/C/105332/7/01/2025 | B68: =VLOOKUP(A68,policy!B:C,2,0) -> 070000173812 | C68: 36750 | D68: =ROUND(C68,0) -> 36750 | E68: 20Feb250031 | F68: ="insert into ins_premium_det (premium_rcv_code,assorted_code, rec_amount,premium_rcv_detail_code,remaining_amt, payrec, mode_code,coinsurance_code,class_cd,it_remarks) values" -> insert into ins_premium_det (premium_rcv_code,assorted_code, rec_amount,premium_rcv_detail_code,remaining_amt, payrec, mode_code,coinsurance_code,class_cd,it_remarks) values | G68: ="('"&E68&"','"&B68&"','"&D68&"',(select max(to_number(i.premium_rcv_detail_code))+1 from ins_premium_det i),'"&D68&"','"&D68&"','02', '11000003','00','Request by Mr.Saqib Saleem 20-Feb-2025');" -> ('20Feb250031','070000173812','36750',(select max(to_number(i.premium_rcv_detail_code))+1 from ins_premium_det i),'36750','36750','02', '11000003','00','Request by Mr.Saqib Saleem 20-Feb-2025'); | H68: =F68&G68 -> insert into ins_premium_det (premium_rcv_code,assorted_code, rec_amount,premium_rcv_detail_code,remaining_amt, payrec, mode_code,coinsurance_code,class_cd,it_remarks) values('20Feb250031','070000173812','36750',(select max(to_number(i.premium_rcv_detail_code))+1 from ins_premium_det i),'36750','36750','02', '11000003','00','Request by Mr.Saqib Saleem 20-Feb-2025');
A69: KHI/HO/D/MO/PC COMP/C/105332/16/01/2025 | B69: =VLOOKUP(A69,policy!B:C,2,0) -> 070000173874 | C69: 77875 | D69: =ROUND(C69,0) -> 77875 | E69: 20Feb250031 | F69: ="insert into ins_premium_det (premium_rcv_code,assorted_code, rec_amount,premium_rcv_detail_code,remaining_amt, payrec, mode_code,coinsurance_code,class_cd,it_remarks) values" -> insert into ins_premium_det (premium_rcv_code,assorted_code, rec_amount,premium_rcv_detail_code,remaining_amt, payrec, mode_code,coinsurance_code,class_cd,it_remarks) values | G69: ="('"&E69&"','"&B69&"','"&D69&"',(select max(to_number(i.premium_rcv_detail_code))+1 from ins_premium_det i),'"&D69&"','"&D69&"','02', '11000003','00','Request by Mr.Saqib Saleem 20-Feb-2025');" -> ('20Feb250031','070000173874','77875',(select max(to_number(i.premium_rcv_detail_code))+1 from ins_premium_det i),'77875','77875','02', '11000003','00','Request by Mr.Saqib Saleem 20-Feb-2025'); | H69: =F69&G69 -> insert into ins_premium_det (premium_rcv_code,assorted_code, rec_amount,premium_rcv_detail_code,remaining_amt, payrec, mode_code,coinsurance_code,class_cd,it_remarks) values('20Feb250031','070000173874','77875',(select max(to_number(i.premium_rcv_detail_code))+1 from ins_premium_det i),'77875','77875','02', '11000003','00','Request by Mr.Saqib Saleem 20-Feb-2025');
A70: KHI/HO/D/MO/PC COMP/C/105332/18/01/2025 | B70: =VLOOKUP(A70,policy!B:C,2,0) -> 070000173893 | C70: 47373 | D70: =ROUND(C70,0) -> 47373 | E70: 20Feb250031 | F70: ="insert into ins_premium_det (premium_rcv_code,assorted_code, rec_amount,premium_rcv_detail_code,remaining_amt, payrec, mode_code,coinsurance_code,class_cd,it_remarks) values" -> insert into ins_premium_det (premium_rcv_code,assorted_code, rec_amount,premium_rcv_detail_code,remaining_amt, payrec, mode_code,coinsurance_code,class_cd,it_remarks) values | G70: ="('"&E70&"','"&B70&"','"&D70&"',(select max(to_number(i.premium_rcv_detail_code))+1 from ins_premium_det i),'"&D70&"','"&D70&"','02', '11000003','00','Request by Mr.Saqib Saleem 20-Feb-2025');" -> ('20Feb250031','070000173893','47373',(select max(to_number(i.premium_rcv_detail_code))+1 from ins_premium_det i),'47373','47373','02', '11000003','00','Request by Mr.Saqib Saleem 20-Feb-2025'); | H70: =F70&G70 -> insert into ins_premium_det (premium_rcv_code,assorted_code, rec_amount,premium_rcv_detail_code,remaining_amt, payrec, mode_code,coinsurance_code,class_cd,it_remarks) values('20Feb250031','070000173893','47373',(select max(to_number(i.premium_rcv_detail_code))+1 from ins_premium_det i),'47373','47373','02', '11000003','00','Request by Mr.Saqib Saleem 20-Feb-2025');
... A107: KHI/HO/D/MO/PC COMP/C/105332/41/01/2025 | B107: =VLOOKUP(A107,policy!B:C,2,0) -> 070000174042 | C107: 94380 | D107: =ROUND(C107,0) -> 94380 | E107: 20Feb250031 | F107: ="insert into ins_premium_det (premium_rcv_code,assorted_code, rec_amount,premium_rcv_detail_code,remaining_amt, payrec, mode_code,coinsurance_code,class_cd,it_remarks) values" -> insert into ins_premium_det (premium_rcv_code,assorted_code, rec_amount,premium_rcv_detail_code,remaining_amt, payrec, mode_code,coinsurance_code,class_cd,it_remarks) values | G107: ="('"&E107&"','"&B107&"','"&D107&"',(select max(to_number(i.premium_rcv_detail_code))+1 from ins_premium_det i),'"&D107&"','"&D107&"','02', '11000003','00','Request by Mr.Saqib Saleem 20-Feb-2025');" -> ('20Feb250031','070000174042','94380',(select max(to_number(i.premium_rcv_detail_code))+1 from ins_premium_det i),'94380','94380','02', '11000003','00','Request by Mr.Saqib Saleem 20-Feb-2025'); | H107: =F107&G107 -> insert into ins_premium_det (premium_rcv_code,assorted_code, rec_amount,premium_rcv_detail_code,remaining_amt, payrec, mode_code,coinsurance_code,class_cd,it_remarks) values('20Feb250031','070000174042','94380',(select max(to_number(i.premium_rcv_detail_code))+1 from ins_premium_det i),'94380','94380','02', '11000003','00','Request by Mr.Saqib Saleem 20-Feb-2025');
A108: KHI/HO/D/MO/PC COMP/C/105332/40/01/2025 | B108: 070000174041 | C108: 66483 | D108: =ROUND(C108,0) -> 66483 | E108: 20Feb250031 | F108: ="insert into ins_premium_det (premium_rcv_code,assorted_code, rec_amount,premium_rcv_detail_code,remaining_amt, payrec, mode_code,coinsurance_code,class_cd,it_remarks) values" -> insert into ins_premium_det (premium_rcv_code,assorted_code, rec_amount,premium_rcv_detail_code,remaining_amt, payrec, mode_code,coinsurance_code,class_cd,it_remarks) values | G108: ="('"&E108&"','"&B108&"','"&D108&"',(select max(to_number(i.premium_rcv_detail_code))+1 from ins_premium_det i),'"&D108&"','"&D108&"','02', '11000003','00','Request by Mr.Saqib Saleem 20-Feb-2025');" -> ('20Feb250031','070000174041','66483',(select max(to_number(i.premium_rcv_detail_code))+1 from ins_premium_det i),'66483','66483','02', '11000003','00','Request by Mr.Saqib Saleem 20-Feb-2025'); | H108: =F108&G108 -> insert into ins_premium_det (premium_rcv_code,assorted_code, rec_amount,premium_rcv_detail_code,remaining_amt, payrec, mode_code,coinsurance_code,class_cd,it_remarks) values('20Feb250031','070000174041','66483',(select max(to_number(i.premium_rcv_detail_code))+1 from ins_premium_det i),'66483','66483','02', '11000003','00','Request by Mr.Saqib Saleem 20-Feb-2025');
A109: KHI/HO/D/MO/PC COMP/C/105332/4/01/2025 | B109: =VLOOKUP(A109,policy!B:C,2,0) -> 070000173680 | C109: 75250 | D109: =ROUND(C109,0) -> 75250 | E109: 20Feb250031 | F109: ="insert into ins_premium_det (premium_rcv_code,assorted_code, rec_amount,premium_rcv_detail_code,remaining_amt, payrec, mode_code,coinsurance_code,class_cd,it_remarks) values" -> insert into ins_premium_det (premium_rcv_code,assorted_code, rec_amount,premium_rcv_detail_code,remaining_amt, payrec, mode_code,coinsurance_code,class_cd,it_remarks) values | G109: ="('"&E109&"','"&B109&"','"&D109&"',(select max(to_number(i.premium_rcv_detail_code))+1 from ins_premium_det i),'"&D109&"','"&D109&"','02', '11000003','00','Request by Mr.Saqib Saleem 20-Feb-2025');" -> ('20Feb250031','070000173680','75250',(select max(to_number(i.premium_rcv_detail_code))+1 from ins_premium_det i),'75250','75250','02', '11000003','00','Request by Mr.Saqib Saleem 20-Feb-2025'); | H109: =F109&G109 -> insert into ins_premium_det (premium_rcv_code,assorted_code, rec_amount,premium_rcv_detail_code,remaining_amt, payrec, mode_code,coinsurance_code,class_cd,it_remarks) values('20Feb250031','070000173680','75250',(select max(to_number(i.premium_rcv_detail_code))+1 from ins_premium_det i),'75250','75250','02', '11000003','00','Request by Mr.Saqib Saleem 20-Feb-2025');
A110: KHI/HO/D/MO/PC COMP/C/105332/14/01/2025 | B110: =VLOOKUP(A110,policy!B:C,2,0) -> 070000173846 | C110: 34000 | D110: =ROUND(C110,0) -> 34000 | E110: 20Feb250031 | F110: ="insert into ins_premium_det (premium_rcv_code,assorted_code, rec_amount,premium_rcv_detail_code,remaining_amt, payrec, mode_code,coinsurance_code,class_cd,it_remarks) values" -> insert into ins_premium_det (premium_rcv_code,assorted_code, rec_amount,premium_rcv_detail_code,remaining_amt, payrec, mode_code,coinsurance_code,class_cd,it_remarks) values | G110: ="('"&E110&"','"&B110&"','"&D110&"',(select max(to_number(i.premium_rcv_detail_code))+1 from ins_premium_det i),'"&D110&"','"&D110&"','02', '11000003','00','Request by Mr.Saqib Saleem 20-Feb-2025');" -> ('20Feb250031','070000173846','34000',(select max(to_number(i.premium_rcv_detail_code))+1 from ins_premium_det i),'34000','34000','02', '11000003','00','Request by Mr.Saqib Saleem 20-Feb-2025'); | H110: =F110&G110 -> insert into ins_premium_det (premium_rcv_code,assorted_code, rec_amount,premium_rcv_detail_code,remaining_amt, payrec, mode_code,coinsurance_code,class_cd,it_remarks) values('20Feb250031','070000173846','34000',(select max(to_number(i.premium_rcv_detail_code))+1 from ins_premium_det i),'34000','34000','02', '11000003','00','Request by Mr.Saqib Saleem 20-Feb-2025');
A111: KHI/HO/D/MO/PC COMP/C/105332/17/01/2025 | B111: =VLOOKUP(A111,policy!B:C,2,0) -> 070000173881 | C111: 70000 | D111: =ROUND(C111,0) -> 70000 | E111: 20Feb250031 | F111: ="insert into ins_premium_det (premium_rcv_code,assorted_code, rec_amount,premium_rcv_detail_code,remaining_amt, payrec, mode_code,coinsurance_code,class_cd,it_remarks) values" -> insert into ins_premium_det (premium_rcv_code,assorted_code, rec_amount,premium_rcv_detail_code,remaining_amt, payrec, mode_code,coinsurance_code,class_cd,it_remarks) values | G111: ="('"&E111&"','"&B111&"','"&D111&"',(select max(to_number(i.premium_rcv_detail_code))+1 from ins_premium_det i),'"&D111&"','"&D111&"','02', '11000003','00','Request by Mr.Saqib Saleem 20-Feb-2025');" -> ('20Feb250031','070000173881','70000',(select max(to_number(i.premium_rcv_detail_code))+1 from ins_premium_det i),'70000','70000','02', '11000003','00','Request by Mr.Saqib Saleem 20-Feb-2025'); | H111: =F111&G111 -> insert into ins_premium_det (premium_rcv_code,assorted_code, rec_amount,premium_rcv_detail_code,remaining_amt, payrec, mode_code,coinsurance_code,class_cd,it_remarks) values('20Feb250031','070000173881','70000',(select max(to_number(i.premium_rcv_detail_code))+1 from ins_premium_det i),'70000','70000','02', '11000003','00','Request by Mr.Saqib Saleem 20-Feb-2025');
A112: KHI/HO/D/MO/PC COMP/C/105332/10/01/2025 | B112: =VLOOKUP(A112,policy!B:C,2,0) -> 070000173828 | C112: 68700 | D112: =ROUND(C112,0) -> 68700 | E112: 20Feb250031 | F112: ="insert into ins_premium_det (premium_rcv_code,assorted_code, rec_amount,premium_rcv_detail_code,remaining_amt, payrec, mode_code,coinsurance_code,class_cd,it_remarks) values" -> insert into ins_premium_det (premium_rcv_code,assorted_code, rec_amount,premium_rcv_detail_code,remaining_amt, payrec, mode_code,coinsurance_code,class_cd,it_remarks) values | G112: ="('"&E112&"','"&B112&"','"&D112&"',(select max(to_number(i.premium_rcv_detail_code))+1 from ins_premium_det i),'"&D112&"','"&D112&"','02', '11000003','00','Request by Mr.Saqib Saleem 20-Feb-2025');" -> ('20Feb250031','070000173828','68700',(select max(to_number(i.premium_rcv_detail_code))+1 from ins_premium_det i),'68700','68700','02', '11000003','00','Request by Mr.Saqib Saleem 20-Feb-2025'); | H112: =F112&G112 -> insert into ins_premium_det (premium_rcv_code,assorted_code, rec_amount,premium_rcv_detail_code,remaining_amt, payrec, mode_code,coinsurance_code,class_cd,it_remarks) values('20Feb250031','070000173828','68700',(select max(to_number(i.premium_rcv_detail_code))+1 from ins_premium_det i),'68700','68700','02', '11000003','00','Request by Mr.Saqib Saleem 20-Feb-2025');
A113: KHI/HO/D/MO/PC COMP/C/105332/32/01/2025 | B113: =VLOOKUP(A113,policy!B:C,2,0) -> 070000173993 | C113: 62125 | D113: =ROUND(C113,0) -> 62125 | E113: 20Feb250031 | F113: ="insert into ins_premium_det (premium_rcv_code,assorted_code, rec_amount,premium_rcv_detail_code,remaining_amt, payrec, mode_code,coinsurance_code,class_cd,it_remarks) values" -> insert into ins_premium_det (premium_rcv_code,assorted_code, rec_amount,premium_rcv_detail_code,remaining_amt, payrec, mode_code,coinsurance_code,class_cd,it_remarks) values | G113: ="('"&E113&"','"&B113&"','"&D113&"',(select max(to_number(i.premium_rcv_detail_code))+1 from ins_premium_det i),'"&D113&"','"&D113&"','02', '11000003','00','Request by Mr.Saqib Saleem 20-Feb-2025');" -> ('20Feb250031','070000173993','62125',(select max(to_number(i.premium_rcv_detail_code))+1 from ins_premium_det i),'62125','62125','02', '11000003','00','Request by Mr.Saqib Saleem 20-Feb-2025'); | H113: =F113&G113 -> insert into ins_premium_det (premium_rcv_code,assorted_code, rec_amount,premium_rcv_detail_code,remaining_amt, payrec, mode_code,coinsurance_code,class_cd,it_remarks) values('20Feb250031','070000173993','62125',(select max(to_number(i.premium_rcv_detail_code))+1 from ins_premium_det i),'62125','62125','02', '11000003','00','Request by Mr.Saqib Saleem 20-Feb-2025');
A114: KHI/HO/D/MO/PC COMP/C/105332/36/01/2025 | B114: =VLOOKUP(A114,policy!B:C,2,0) -> 070000174007 | C114: 83300 | D114: =ROUND(C114,0) -> 83300 | E114: 20Feb250031 | F114: ="insert into ins_premium_det (premium_rcv_code,assorted_code, rec_amount,premium_rcv_detail_code,remaining_amt, payrec, mode_code,coinsurance_code,class_cd,it_remarks) values" -> insert into ins_premium_det (premium_rcv_code,assorted_code, rec_amount,premium_rcv_detail_code,remaining_amt, payrec, mode_code,coinsurance_code,class_cd,it_remarks) values | G114: ="('"&E114&"','"&B114&"','"&D114&"',(select max(to_number(i.premium_rcv_detail_code))+1 from ins_premium_det i),'"&D114&"','"&D114&"','02', '11000003','00','Request by Mr.Saqib Saleem 20-Feb-2025');" -> ('20Feb250031','070000174007','83300',(select max(to_number(i.premium_rcv_detail_code))+1 from ins_premium_det i),'83300','83300','02', '11000003','00','Request by Mr.Saqib Saleem 20-Feb-2025'); | H114: =F114&G114 -> insert into ins_premium_det (premium_rcv_code,assorted_code, rec_amount,premium_rcv_detail_code,remaining_amt, payrec, mode_code,coinsurance_code,class_cd,it_remarks) values('20Feb250031','070000174007','83300',(select max(to_number(i.premium_rcv_detail_code))+1 from ins_premium_det i),'83300','83300','02', '11000003','00','Request by Mr.Saqib Saleem 20-Feb-2025');
A115: KHI/HO/D/MO/PC COMP/C/105332/38/01/2025 | B115: =VLOOKUP(A115,policy!B:C,2,0) -> 070000174011 | C115: 68250 | D115: =ROUND(C115,0) -> 68250 | E115: 20Feb250031 | F115: ="insert into ins_premium_det (premium_rcv_code,assorted_code, rec_amount,premium_rcv_detail_code,remaining_amt, payrec, mode_code,coinsurance_code,class_cd,it_remarks) values" -> insert into ins_premium_det (premium_rcv_code,assorted_code, rec_amount,premium_rcv_detail_code,remaining_amt, payrec, mode_code,coinsurance_code,class_cd,it_remarks) values | G115: ="('"&E115&"','"&B115&"','"&D115&"',(select max(to_number(i.premium_rcv_detail_code))+1 from ins_premium_det i),'"&D115&"','"&D115&"','02', '11000003','00','Request by Mr.Saqib Saleem 20-Feb-2025');" -> ('20Feb250031','070000174011','68250',(select max(to_number(i.premium_rcv_detail_code))+1 from ins_premium_det i),'68250','68250','02', '11000003','00','Request by Mr.Saqib Saleem 20-Feb-2025'); | H115: =F115&G115 -> insert into ins_premium_det (premium_rcv_code,assorted_code, rec_amount,premium_rcv_detail_code,remaining_amt, payrec, mode_code,coinsurance_code,class_cd,it_remarks) values('20Feb250031','070000174011','68250',(select max(to_number(i.premium_rcv_detail_code))+1 from ins_premium_det i),'68250','68250','02', '11000003','00','Request by Mr.Saqib Saleem 20-Feb-2025');
A116: KHI/HO/D/MO/PC COMP/C/105332/29/01/2025 | B116: 070000173934 | C116: 84490 | D116: =ROUND(C116,0) -> 84490 | E116: 20Feb250031 | F116: ="insert into ins_premium_det (premium_rcv_code,assorted_code, rec_amount,premium_rcv_detail_code,remaining_amt, payrec, mode_code,coinsurance_code,class_cd,it_remarks) values" -> insert into ins_premium_det (premium_rcv_code,assorted_code, rec_amount,premium_rcv_detail_code,remaining_amt, payrec, mode_code,coinsurance_code,class_cd,it_remarks) values | G116: ="('"&E116&"','"&B116&"','"&D116&"',(select max(to_number(i.premium_rcv_detail_code))+1 from ins_premium_det i),'"&D116&"','"&D116&"','02', '11000003','00','Request by Mr.Saqib Saleem 20-Feb-2025');" -> ('20Feb250031','070000173934','84490',(select max(to_number(i.premium_rcv_detail_code))+1 from ins_premium_det i),'84490','84490','02', '11000003','00','Request by Mr.Saqib Saleem 20-Feb-2025'); | H116: =F116&G116 -> insert into ins_premium_det (premium_rcv_code,assorted_code, rec_amount,premium_rcv_detail_code,remaining_amt, payrec, mode_code,coinsurance_code,class_cd,it_remarks) values('20Feb250031','070000173934','84490',(select max(to_number(i.premium_rcv_detail_code))+1 from ins_premium_det i),'84490','84490','02', '11000003','00','Request by Mr.Saqib Saleem 20-Feb-2025');
A117: KHI/HO/D/MO/PC COMP/C/105332/43/01/2025 | B117: =VLOOKUP(A117,policy!B:C,2,0) -> 070000174052 | C117: 73500 | D117: =ROUND(C117,0) -> 73500 | E117: 20Feb250031 | F117: ="insert into ins_premium_det (premium_rcv_code,assorted_code, rec_amount,premium_rcv_detail_code,remaining_amt, payrec, mode_code,coinsurance_code,class_cd,it_remarks) values" -> insert into ins_premium_det (premium_rcv_code,assorted_code, rec_amount,premium_rcv_detail_code,remaining_amt, payrec, mode_code,coinsurance_code,class_cd,it_remarks) values | G117: ="('"&E117&"','"&B117&"','"&D117&"',(select max(to_number(i.premium_rcv_detail_code))+1 from ins_premium_det i),'"&D117&"','"&D117&"','02', '11000003','00','Request by Mr.Saqib Saleem 20-Feb-2025');" -> ('20Feb250031','070000174052','73500',(select max(to_number(i.premium_rcv_detail_code))+1 from ins_premium_det i),'73500','73500','02', '11000003','00','Request by Mr.Saqib Saleem 20-Feb-2025'); | H117: =F117&G117 -> insert into ins_premium_det (premium_rcv_code,assorted_code, rec_amount,premium_rcv_detail_code,remaining_amt, payrec, mode_code,coinsurance_code,class_cd,it_remarks) values('20Feb250031','070000174052','73500',(select max(to_number(i.premium_rcv_detail_code))+1 from ins_premium_det i),'73500','73500','02', '11000003','00','Request by Mr.Saqib Saleem 20-Feb-2025');
A118: KHI/HO/D/MO/PC COMP/C/105332/53/01/2025 | B118: =VLOOKUP(A118,policy!B:C,2,0) -> 070000174090 | C118: 74900 | D118: =ROUND(C118,0) -> 74900 | E118: 20Feb250031 | F118: ="insert into ins_premium_det (premium_rcv_code,assorted_code, rec_amount,premium_rcv_detail_code,remaining_amt, payrec, mode_code,coinsurance_code,class_cd,it_remarks) values" -> insert into ins_premium_det (premium_rcv_code,assorted_code, rec_amount,premium_rcv_detail_code,remaining_amt, payrec, mode_code,coinsurance_code,class_cd,it_remarks) values | G118: ="('"&E118&"','"&B118&"','"&D118&"',(select max(to_number(i.premium_rcv_detail_code))+1 from ins_premium_det i),'"&D118&"','"&D118&"','02', '11000003','00','Request by Mr.Saqib Saleem 20-Feb-2025');" -> ('20Feb250031','070000174090','74900',(select max(to_number(i.premium_rcv_detail_code))+1 from ins_premium_det i),'74900','74900','02', '11000003','00','Request by Mr.Saqib Saleem 20-Feb-2025'); | H118: =F118&G118 -> insert into ins_premium_det (premium_rcv_code,assorted_code, rec_amount,premium_rcv_detail_code,remaining_amt, payrec, mode_code,coinsurance_code,class_cd,it_remarks) values('20Feb250031','070000174090','74900',(select max(to_number(i.premium_rcv_detail_code))+1 from ins_premium_det i),'74900','74900','02', '11000003','00','Request by Mr.Saqib Saleem 20-Feb-2025');
A119: KHI/HO/D/MO/PC COMP/C/105332/47/01/2025 | B119: =VLOOKUP(A119,policy!B:C,2,0) -> 070000174060 | C119: 78750 | D119: =ROUND(C119,0) -> 78750 | E119: 20Feb250031 | F119: ="insert into ins_premium_det (premium_rcv_code,assorted_code, rec_amount,premium_rcv_detail_code,remaining_amt, payrec, mode_code,coinsurance_code,class_cd,it_remarks) values" -> insert into ins_premium_det (premium_rcv_code,assorted_code, rec_amount,premium_rcv_detail_code,remaining_amt, payrec, mode_code,coinsurance_code,class_cd,it_remarks) values | G119: ="('"&E119&"','"&B119&"','"&D119&"',(select max(to_number(i.premium_rcv_detail_code))+1 from ins_premium_det i),'"&D119&"','"&D119&"','02', '11000003','00','Request by Mr.Saqib Saleem 20-Feb-2025');" -> ('20Feb250031','070000174060','78750',(select max(to_number(i.premium_rcv_detail_code))+1 from ins_premium_det i),'78750','78750','02', '11000003','00','Request by Mr.Saqib Saleem 20-Feb-2025'); | H119: =F119&G119 -> insert into ins_premium_det (premium_rcv_code,assorted_code, rec_amount,premium_rcv_detail_code,remaining_amt, payrec, mode_code,coinsurance_code,class_cd,it_remarks) values('20Feb250031','070000174060','78750',(select max(to_number(i.premium_rcv_detail_code))+1 from ins_premium_det i),'78750','78750','02', '11000003','00','Request by Mr.Saqib Saleem 20-Feb-2025');
A120: KHI/HO/D/MO/PC COMP/C/105332/48/01/2025 | B120: =VLOOKUP(A120,policy!B:C,2,0) -> 070000174061 | C120: 36750 | D120: =ROUND(C120,0) -> 36750 | E120: 20Feb250031 | F120: ="insert into ins_premium_det (premium_rcv_code,assorted_code, rec_amount,premium_rcv_detail_code,remaining_amt, payrec, mode_code,coinsurance_code,class_cd,it_remarks) values" -> insert into ins_premium_det (premium_rcv_code,assorted_code, rec_amount,premium_rcv_detail_code,remaining_amt, payrec, mode_code,coinsurance_code,class_cd,it_remarks) values | G120: ="('"&E120&"','"&B120&"','"&D120&"',(select max(to_number(i.premium_rcv_detail_code))+1 from ins_premium_det i),'"&D120&"','"&D120&"','02', '11000003','00','Request by Mr.Saqib Saleem 20-Feb-2025');" -> ('20Feb250031','070000174061','36750',(select max(to_number(i.premium_rcv_detail_code))+1 from ins_premium_det i),'36750','36750','02', '11000003','00','Request by Mr.Saqib Saleem 20-Feb-2025'); | H120: =F120&G120 -> insert into ins_premium_det (premium_rcv_code,assorted_code, rec_amount,premium_rcv_detail_code,remaining_amt, payrec, mode_code,coinsurance_code,class_cd,it_remarks) values('20Feb250031','070000174061','36750',(select max(to_number(i.premium_rcv_detail_code))+1 from ins_premium_det i),'36750','36750','02', '11000003','00','Request by Mr.Saqib Saleem 20-Feb-2025');
A121: KHI/HO/D/MO/PC COMP/C/105332/52/01/2025 | B121: =VLOOKUP(A121,policy!B:C,2,0) -> 070000174087 | C121: 42875 | D121: =ROUND(C121,0) -> 42875 | E121: 20Feb250031 | F121: ="insert into ins_premium_det (premium_rcv_code,assorted_code, rec_amount,premium_rcv_detail_code,remaining_amt, payrec, mode_code,coinsurance_code,class_cd,it_remarks) values" -> insert into ins_premium_det (premium_rcv_code,assorted_code, rec_amount,premium_rcv_detail_code,remaining_amt, payrec, mode_code,coinsurance_code,class_cd,it_remarks) values | G121: ="('"&E121&"','"&B121&"','"&D121&"',(select max(to_number(i.premium_rcv_detail_code))+1 from ins_premium_det i),'"&D121&"','"&D121&"','02', '11000003','00','Request by Mr.Saqib Saleem 20-Feb-2025');" -> ('20Feb250031','070000174087','42875',(select max(to_number(i.premium_rcv_detail_code))+1 from ins_premium_det i),'42875','42875','02', '11000003','00','Request by Mr.Saqib Saleem 20-Feb-2025'); | H121: =F121&G121 -> insert into ins_premium_det (premium_rcv_code,assorted_code, rec_amount,premium_rcv_detail_code,remaining_amt, payrec, mode_code,coinsurance_code,class_cd,it_remarks) values('20Feb250031','070000174087','42875',(select max(to_number(i.premium_rcv_detail_code))+1 from ins_premium_det i),'42875','42875','02', '11000003','00','Request by Mr.Saqib Saleem 20-Feb-2025');
A122: KHI/HO/D/MO/PC COMP/C/105332/59/01/2025 | B122: =VLOOKUP(A122,policy!B:C,2,0) -> 070000174104 | C122: 57750 | D122: =ROUND(C122,0) -> 57750 | E122: 20Feb250031 | F122: ="insert into ins_premium_det (premium_rcv_code,assorted_code, rec_amount,premium_rcv_detail_code,remaining_amt, payrec, mode_code,coinsurance_code,class_cd,it_remarks) values" -> insert into ins_premium_det (premium_rcv_code,assorted_code, rec_amount,premium_rcv_detail_code,remaining_amt, payrec, mode_code,coinsurance_code,class_cd,it_remarks) values | G122: ="('"&E122&"','"&B122&"','"&D122&"',(select max(to_number(i.premium_rcv_detail_code))+1 from ins_premium_det i),'"&D122&"','"&D122&"','02', '11000003','00','Request by Mr.Saqib Saleem 20-Feb-2025');" -> ('20Feb250031','070000174104','57750',(select max(to_number(i.premium_rcv_detail_code))+1 from ins_premium_det i),'57750','57750','02', '11000003','00','Request by Mr.Saqib Saleem 20-Feb-2025'); | H122: =F122&G122 -> insert into ins_premium_det (premium_rcv_code,assorted_code, rec_amount,premium_rcv_detail_code,remaining_amt, payrec, mode_code,coinsurance_code,class_cd,it_remarks) values('20Feb250031','070000174104','57750',(select max(to_number(i.premium_rcv_detail_code))+1 from ins_premium_det i),'57750','57750','02', '11000003','00','Request by Mr.Saqib Saleem 20-Feb-2025');
A123: KHI/HO/D/MO/PC COMP/C/105332/70/01/2025 | B123: =VLOOKUP(A123,policy!B:C,2,0) -> 070000174160 | C123: 82583 | D123: =ROUND(C123,0) -> 82583 | E123: 20Feb250031 | F123: ="insert into ins_premium_det (premium_rcv_code,assorted_code, rec_amount,premium_rcv_detail_code,remaining_amt, payrec, mode_code,coinsurance_code,class_cd,it_remarks) values" -> insert into ins_premium_det (premium_rcv_code,assorted_code, rec_amount,premium_rcv_detail_code,remaining_amt, payrec, mode_code,coinsurance_code,class_cd,it_remarks) values | G123: ="('"&E123&"','"&B123&"','"&D123&"',(select max(to_number(i.premium_rcv_detail_code))+1 from ins_premium_det i),'"&D123&"','"&D123&"','02', '11000003','00','Request by Mr.Saqib Saleem 20-Feb-2025');" -> ('20Feb250031','070000174160','82583',(select max(to_number(i.premium_rcv_detail_code))+1 from ins_premium_det i),'82583','82583','02', '11000003','00','Request by Mr.Saqib Saleem 20-Feb-2025'); | H123: =F123&G123 -> insert into ins_premium_det (premium_rcv_code,assorted_code, rec_amount,premium_rcv_detail_code,remaining_amt, payrec, mode_code,coinsurance_code,class_cd,it_remarks) values('20Feb250031','070000174160','82583',(select max(to_number(i.premium_rcv_detail_code))+1 from ins_premium_det i),'82583','82583','02', '11000003','00','Request by Mr.Saqib Saleem 20-Feb-2025');
A124: KHI/HO/D/MO/PC COMP/C/105332/83/01/2025 | B124: =VLOOKUP(A124,policy!B:C,2,0) -> 070000174441 | C124: 87000 | D124: =ROUND(C124,0) -> 87000 | E124: 20Feb250031 | F124: ="insert into ins_premium_det (premium_rcv_code,assorted_code, rec_amount,premium_rcv_detail_code,remaining_amt, payrec, mode_code,coinsurance_code,class_cd,it_remarks) values" -> insert into ins_premium_det (premium_rcv_code,assorted_code, rec_amount,premium_rcv_detail_code,remaining_amt, payrec, mode_code,coinsurance_code,class_cd,it_remarks) values | G124: ="('"&E124&"','"&B124&"','"&D124&"',(select max(to_number(i.premium_rcv_detail_code))+1 from ins_premium_det i),'"&D124&"','"&D124&"','02', '11000003','00','Request by Mr.Saqib Saleem 20-Feb-2025');" -> ('20Feb250031','070000174441','87000',(select max(to_number(i.premium_rcv_detail_code))+1 from ins_premium_det i),'87000','87000','02', '11000003','00','Request by Mr.Saqib Saleem 20-Feb-2025'); | H124: =F124&G124 -> insert into ins_premium_det (premium_rcv_code,assorted_code, rec_amount,premium_rcv_detail_code,remaining_amt, payrec, mode_code,coinsurance_code,class_cd,it_remarks) values('20Feb250031','070000174441','87000',(select max(to_number(i.premium_rcv_detail_code))+1 from ins_premium_det i),'87000','87000','02', '11000003','00','Request by Mr.Saqib Saleem 20-Feb-2025');
A125: KHI/HO/D/MO/PC COMP/C/105332/79/01/2025 | B125: =VLOOKUP(A125,policy!B:C,2,0) -> 070000174419 | C125: 53288 | D125: =ROUND(C125,0) -> 53288 | E125: 20Feb250031 | F125: ="insert into ins_premium_det (premium_rcv_code,assorted_code, rec_amount,premium_rcv_detail_code,remaining_amt, payrec, mode_code,coinsurance_code,class_cd,it_remarks) values" -> insert into ins_premium_det (premium_rcv_code,assorted_code, rec_amount,premium_rcv_detail_code,remaining_amt, payrec, mode_code,coinsurance_code,class_cd,it_remarks) values | G125: ="('"&E125&"','"&B125&"','"&D125&"',(select max(to_number(i.premium_rcv_detail_code))+1 from ins_premium_det i),'"&D125&"','"&D125&"','02', '11000003','00','Request by Mr.Saqib Saleem 20-Feb-2025');" -> ('20Feb250031','070000174419','53288',(select max(to_number(i.premium_rcv_detail_code))+1 from ins_premium_det i),'53288','53288','02', '11000003','00','Request by Mr.Saqib Saleem 20-Feb-2025'); | H125: =F125&G125 -> insert into ins_premium_det (premium_rcv_code,assorted_code, rec_amount,premium_rcv_detail_code,remaining_amt, payrec, mode_code,coinsurance_code,class_cd,it_remarks) values('20Feb250031','070000174419','53288',(select max(to_number(i.premium_rcv_detail_code))+1 from ins_premium_det i),'53288','53288','02', '11000003','00','Request by Mr.Saqib Saleem 20-Feb-2025');
A126: KHI/HO/D/MO/PC COMP/C/105332/76/01/2025 | B126: =VLOOKUP(A126,policy!B:C,2,0) -> 070000174201 | C126: 41125 | D126: =ROUND(C126,0) -> 41125 | E126: 20Feb250031 | F126: ="insert into ins_premium_det (premium_rcv_code,assorted_code, rec_amount,premium_rcv_detail_code,remaining_amt, payrec, mode_code,coinsurance_code,class_cd,it_remarks) values" -> insert into ins_premium_det (premium_rcv_code,assorted_code, rec_amount,premium_rcv_detail_code,remaining_amt, payrec, mode_code,coinsurance_code,class_cd,it_remarks) values | G126: ="('"&E126&"','"&B126&"','"&D126&"',(select max(to_number(i.premium_rcv_detail_code))+1 from ins_premium_det i),'"&D126&"','"&D126&"','02', '11000003','00','Request by Mr.Saqib Saleem 20-Feb-2025');" -> ('20Feb250031','070000174201','41125',(select max(to_number(i.premium_rcv_detail_code))+1 from ins_premium_det i),'41125','41125','02', '11000003','00','Request by Mr.Saqib Saleem 20-Feb-2025'); | H126: =F126&G126 -> insert into ins_premium_det (premium_rcv_code,assorted_code, rec_amount,premium_rcv_detail_code,remaining_amt, payrec, mode_code,coinsurance_code,class_cd,it_remarks) values('20Feb250031','070000174201','41125',(select max(to_number(i.premium_rcv_detail_code))+1 from ins_premium_det i),'41125','41125','02', '11000003','00','Request by Mr.Saqib Saleem 20-Feb-2025');
A127: KHI/HO/D/MO/PC COMP/C/105332/85/01/2025 | B127: =VLOOKUP(A127,policy!B:C,2,0) -> 070000174450 | C127: 73500 | D127: =ROUND(C127,0) -> 73500 | E127: 20Feb250031 | F127: ="insert into ins_premium_det (premium_rcv_code,assorted_code, rec_amount,premium_rcv_detail_code,remaining_amt, payrec, mode_code,coinsurance_code,class_cd,it_remarks) values" -> insert into ins_premium_det (premium_rcv_code,assorted_code, rec_amount,premium_rcv_detail_code,remaining_amt, payrec, mode_code,coinsurance_code,class_cd,it_remarks) values | G127: ="('"&E127&"','"&B127&"','"&D127&"',(select max(to_number(i.premium_rcv_detail_code))+1 from ins_premium_det i),'"&D127&"','"&D127&"','02', '11000003','00','Request by Mr.Saqib Saleem 20-Feb-2025');" -> ('20Feb250031','070000174450','73500',(select max(to_number(i.premium_rcv_detail_code))+1 from ins_premium_det i),'73500','73500','02', '11000003','00','Request by Mr.Saqib Saleem 20-Feb-2025'); | H127: =F127&G127 -> insert into ins_premium_det (premium_rcv_code,assorted_code, rec_amount,premium_rcv_detail_code,remaining_amt, payrec, mode_code,coinsurance_code,class_cd,it_remarks) values('20Feb250031','070000174450','73500',(select max(to_number(i.premium_rcv_detail_code))+1 from ins_premium_det i),'73500','73500','02', '11000003','00','Request by Mr.Saqib Saleem 20-Feb-2025');
A128: KHI/HO/D/MO/PC COMP/C/105332/88/01/2025 | B128: =VLOOKUP(A128,policy!B:C,2,0) -> 070000174810 | C128: 83423 | D128: =ROUND(C128,0) -> 83423 | E128: 20Feb250031 | F128: ="insert into ins_premium_det (premium_rcv_code,assorted_code, rec_amount,premium_rcv_detail_code,remaining_amt, payrec, mode_code,coinsurance_code,class_cd,it_remarks) values" -> insert into ins_premium_det (premium_rcv_code,assorted_code, rec_amount,premium_rcv_detail_code,remaining_amt, payrec, mode_code,coinsurance_code,class_cd,it_remarks) values | G128: ="('"&E128&"','"&B128&"','"&D128&"',(select max(to_number(i.premium_rcv_detail_code))+1 from ins_premium_det i),'"&D128&"','"&D128&"','02', '11000003','00','Request by Mr.Saqib Saleem 20-Feb-2025');" -> ('20Feb250031','070000174810','83423',(select max(to_number(i.premium_rcv_detail_code))+1 from ins_premium_det i),'83423','83423','02', '11000003','00','Request by Mr.Saqib Saleem 20-Feb-2025'); | H128: =F128&G128 -> insert into ins_premium_det (premium_rcv_code,assorted_code, rec_amount,premium_rcv_detail_code,remaining_amt, payrec, mode_code,coinsurance_code,class_cd,it_remarks) values('20Feb250031','070000174810','83423',(select max(to_number(i.premium_rcv_detail_code))+1 from ins_premium_det i),'83423','83423','02', '11000003','00','Request by Mr.Saqib Saleem 20-Feb-2025');
... A130: KHI/HO/D/MO/PC COMP/C/105332/112/01/2025 | B130: =VLOOKUP(A130,policy!B:C,2,0) -> 070000175141 | C130: 208696 | D130: =ROUND(C130,0) -> 208696 | E130: 20Feb250031 | F130: ="insert into ins_premium_det (premium_rcv_code,assorted_code, rec_amount,premium_rcv_detail_code,remaining_amt, payrec, mode_code,coinsurance_code,class_cd,it_remarks) values" -> insert into ins_premium_det (premium_rcv_code,assorted_code, rec_amount,premium_rcv_detail_code,remaining_amt, payrec, mode_code,coinsurance_code,class_cd,it_remarks) values | G130: ="('"&E130&"','"&B130&"','"&D130&"',(select max(to_number(i.premium_rcv_detail_code))+1 from ins_premium_det i),'"&D130&"','"&D130&"','02', '11000003','00','Request by Mr.Saqib Saleem 20-Feb-2025');" -> ('20Feb250031','070000175141','208696',(select max(to_number(i.premium_rcv_detail_code))+1 from ins_premium_det i),'208696','208696','02', '11000003','00','Request by Mr.Saqib Saleem 20-Feb-2025'); | H130: =F130&G130 -> insert into ins_premium_det (premium_rcv_code,assorted_code, rec_amount,premium_rcv_detail_code,remaining_amt, payrec, mode_code,coinsurance_code,class_cd,it_remarks) values('20Feb250031','070000175141','208696',(select max(to_number(i.premium_rcv_detail_code))+1 from ins_premium_det i),'208696','208696','02', '11000003','00','Request by Mr.Saqib Saleem 20-Feb-2025');
A131: KHI/HO/D/MO/PC COMP/C/105332/129/01/2025 | B131: 070000176206 | C131: 102883 | D131: =ROUND(C131,0) -> 102883 | E131: 20Feb250031 | F131: ="insert into ins_premium_det (premium_rcv_code,assorted_code, rec_amount,premium_rcv_detail_code,remaining_amt, payrec, mode_code,coinsurance_code,class_cd,it_remarks) values" -> insert into ins_premium_det (premium_rcv_code,assorted_code, rec_amount,premium_rcv_detail_code,remaining_amt, payrec, mode_code,coinsurance_code,class_cd,it_remarks) values | G131: ="('"&E131&"','"&B131&"','"&D131&"',(select max(to_number(i.premium_rcv_detail_code))+1 from ins_premium_det i),'"&D131&"','"&D131&"','02', '11000003','00','Request by Mr.Saqib Saleem 20-Feb-2025');" -> ('20Feb250031','070000176206','102883',(select max(to_number(i.premium_rcv_detail_code))+1 from ins_premium_det i),'102883','102883','02', '11000003','00','Request by Mr.Saqib Saleem 20-Feb-2025'); | H131: =F131&G131 -> insert into ins_premium_det (premium_rcv_code,assorted_code, rec_amount,premium_rcv_detail_code,remaining_amt, payrec, mode_code,coinsurance_code,class_cd,it_remarks) values('20Feb250031','070000176206','102883',(select max(to_number(i.premium_rcv_detail_code))+1 from ins_premium_det i),'102883','102883','02', '11000003','00','Request by Mr.Saqib Saleem 20-Feb-2025');
A132: KHI/HO/D/MO/PC COMP/C/105332/88/01/2025 | B132: =VLOOKUP(A132,policy!B:C,2,0) -> 070000174810 | C132: 83423 | D132: =ROUND(C132,0) -> 83423 | E132: 20Feb250031 | F132: ="insert into ins_premium_det (premium_rcv_code,assorted_code, rec_amount,premium_rcv_detail_code,remaining_amt, payrec, mode_code,coinsurance_code,class_cd,it_remarks) values" -> insert into ins_premium_det (premium_rcv_code,assorted_code, rec_amount,premium_rcv_detail_code,remaining_amt, payrec, mode_code,coinsurance_code,class_cd,it_remarks) values | G132: ="('"&E132&"','"&B132&"','"&D132&"',(select max(to_number(i.premium_rcv_detail_code))+1 from ins_premium_det i),'"&D132&"','"&D132&"','02', '11000003','00','Request by Mr.Saqib Saleem 20-Feb-2025');" -> ('20Feb250031','070000174810','83423',(select max(to_number(i.premium_rcv_detail_code))+1 from ins_premium_det i),'83423','83423','02', '11000003','00','Request by Mr.Saqib Saleem 20-Feb-2025'); | H132: =F132&G132 -> insert into ins_premium_det (premium_rcv_code,assorted_code, rec_amount,premium_rcv_detail_code,remaining_amt, payrec, mode_code,coinsurance_code,class_cd,it_remarks) values('20Feb250031','070000174810','83423',(select max(to_number(i.premium_rcv_detail_code))+1 from ins_premium_det i),'83423','83423','02', '11000003','00','Request by Mr.Saqib Saleem 20-Feb-2025');
A133: KHI/HO/D/MO/PC COMP/C/105332/138/01/2025 | B133: =VLOOKUP(A133,policy!B:C,2,0) -> 070000176315 | C133: 82583 | D133: =ROUND(C133,0) -> 82583 | E133: 20Feb250031 | F133: ="insert into ins_premium_det (premium_rcv_code,assorted_code, rec_amount,premium_rcv_detail_code,remaining_amt, payrec, mode_code,coinsurance_code,class_cd,it_remarks) values" -> insert into ins_premium_det (premium_rcv_code,assorted_code, rec_amount,premium_rcv_detail_code,remaining_amt, payrec, mode_code,coinsurance_code,class_cd,it_remarks) values | G133: ="('"&E133&"','"&B133&"','"&D133&"',(select max(to_number(i.premium_rcv_detail_code))+1 from ins_premium_det i),'"&D133&"','"&D133&"','02', '11000003','00','Request by Mr.Saqib Saleem 20-Feb-2025');" -> ('20Feb250031','070000176315','82583',(select max(to_number(i.premium_rcv_detail_code))+1 from ins_premium_det i),'82583','82583','02', '11000003','00','Request by Mr.Saqib Saleem 20-Feb-2025'); | H133: =F133&G133 -> insert into ins_premium_det (premium_rcv_code,assorted_code, rec_amount,premium_rcv_detail_code,remaining_amt, payrec, mode_code,coinsurance_code,class_cd,it_remarks) values('20Feb250031','070000176315','82583',(select max(to_number(i.premium_rcv_detail_code))+1 from ins_premium_det i),'82583','82583','02', '11000003','00','Request by Mr.Saqib Saleem 20-Feb-2025');
A134: KHI/HO/D/MO/PC COMP/C/105332/100/01/2025 | B134: =VLOOKUP(A134,policy!B:C,2,0) -> 070000174982 | C134: 47688 | D134: =ROUND(C134,0) -> 47688 | E134: 20Feb250031 | F134: ="insert into ins_premium_det (premium_rcv_code,assorted_code, rec_amount,premium_rcv_detail_code,remaining_amt, payrec, mode_code,coinsurance_code,class_cd,it_remarks) values" -> insert into ins_premium_det (premium_rcv_code,assorted_code, rec_amount,premium_rcv_detail_code,remaining_amt, payrec, mode_code,coinsurance_code,class_cd,it_remarks) values | G134: ="('"&E134&"','"&B134&"','"&D134&"',(select max(to_number(i.premium_rcv_detail_code))+1 from ins_premium_det i),'"&D134&"','"&D134&"','02', '11000003','00','Request by Mr.Saqib Saleem 20-Feb-2025');" -> ('20Feb250031','070000174982','47688',(select max(to_number(i.premium_rcv_detail_code))+1 from ins_premium_det i),'47688','47688','02', '11000003','00','Request by Mr.Saqib Saleem 20-Feb-2025'); | H134: =F134&G134 -> insert into ins_premium_det (premium_rcv_code,assorted_code, rec_amount,premium_rcv_detail_code,remaining_amt, payrec, mode_code,coinsurance_code,class_cd,it_remarks) values('20Feb250031','070000174982','47688',(select max(to_number(i.premium_rcv_detail_code))+1 from ins_premium_det i),'47688','47688','02', '11000003','00','Request by Mr.Saqib Saleem 20-Feb-2025');
A135: KHI/HO/D/MO/PC COMP/C/105332/125/01/2025 | B135: =VLOOKUP(A135,policy!B:C,2,0) -> 070000175571 | C135: 82583 | D135: =ROUND(C135,0) -> 82583 | E135: 20Feb250031 | F135: ="insert into ins_premium_det (premium_rcv_code,assorted_code, rec_amount,premium_rcv_detail_code,remaining_amt, payrec, mode_code,coinsurance_code,class_cd,it_remarks) values" -> insert into ins_premium_det (premium_rcv_code,assorted_code, rec_amount,premium_rcv_detail_code,remaining_amt, payrec, mode_code,coinsurance_code,class_cd,it_remarks) values | G135: ="('"&E135&"','"&B135&"','"&D135&"',(select max(to_number(i.premium_rcv_detail_code))+1 from ins_premium_det i),'"&D135&"','"&D135&"','02', '11000003','00','Request by Mr.Saqib Saleem 20-Feb-2025');" -> ('20Feb250031','070000175571','82583',(select max(to_number(i.premium_rcv_detail_code))+1 from ins_premium_det i),'82583','82583','02', '11000003','00','Request by Mr.Saqib Saleem 20-Feb-2025'); | H135: =F135&G135 -> insert into ins_premium_det (premium_rcv_code,assorted_code, rec_amount,premium_rcv_detail_code,remaining_amt, payrec, mode_code,coinsurance_code,class_cd,it_remarks) values('20Feb250031','070000175571','82583',(select max(to_number(i.premium_rcv_detail_code))+1 from ins_premium_det i),'82583','82583','02', '11000003','00','Request by Mr.Saqib Saleem 20-Feb-2025');
A136: KHI/HO/D/MO/PC COMP/C/105332/119/01/2025 | B136: =VLOOKUP(A136,policy!B:C,2,0) -> 070000175430 | C136: 47373 | D136: =ROUND(C136,0) -> 47373 | E136: 20Feb250031 | F136: ="insert into ins_premium_det (premium_rcv_code,assorted_code, rec_amount,premium_rcv_detail_code,remaining_amt, payrec, mode_code,coinsurance_code,class_cd,it_remarks) values" -> insert into ins_premium_det (premium_rcv_code,assorted_code, rec_amount,premium_rcv_detail_code,remaining_amt, payrec, mode_code,coinsurance_code,class_cd,it_remarks) values | G136: ="('"&E136&"','"&B136&"','"&D136&"',(select max(to_number(i.premium_rcv_detail_code))+1 from ins_premium_det i),'"&D136&"','"&D136&"','02', '11000003','00','Request by Mr.Saqib Saleem 20-Feb-2025');" -> ('20Feb250031','070000175430','47373',(select max(to_number(i.premium_rcv_detail_code))+1 from ins_premium_det i),'47373','47373','02', '11000003','00','Request by Mr.Saqib Saleem 20-Feb-2025'); | H136: =F136&G136 -> insert into ins_premium_det (premium_rcv_code,assorted_code, rec_amount,premium_rcv_detail_code,remaining_amt, payrec, mode_code,coinsurance_code,class_cd,it_remarks) values('20Feb250031','070000175430','47373',(select max(to_number(i.premium_rcv_detail_code))+1 from ins_premium_det i),'47373','47373','02', '11000003','00','Request by Mr.Saqib Saleem 20-Feb-2025');
A137: KHI/HO/D/MO/PC COMP/C/105332/95/01/2025 | B137: =VLOOKUP(A137,policy!B:C,2,0) -> 070000174822 | C137: 38500 | D137: =ROUND(C137,0) -> 38500 | E137: 20Feb250031 | F137: ="insert into ins_premium_det (premium_rcv_code,assorted_code, rec_amount,premium_rcv_detail_code,remaining_amt, payrec, mode_code,coinsurance_code,class_cd,it_remarks) values" -> insert into ins_premium_det (premium_rcv_code,assorted_code, rec_amount,premium_rcv_detail_code,remaining_amt, payrec, mode_code,coinsurance_code,class_cd,it_remarks) values | G137: ="('"&E137&"','"&B137&"','"&D137&"',(select max(to_number(i.premium_rcv_detail_code))+1 from ins_premium_det i),'"&D137&"','"&D137&"','02', '11000003','00','Request by Mr.Saqib Saleem 20-Feb-2025');" -> ('20Feb250031','070000174822','38500',(select max(to_number(i.premium_rcv_detail_code))+1 from ins_premium_det i),'38500','38500','02', '11000003','00','Request by Mr.Saqib Saleem 20-Feb-2025'); | H137: =F137&G137 -> insert into ins_premium_det (premium_rcv_code,assorted_code, rec_amount,premium_rcv_detail_code,remaining_amt, payrec, mode_code,coinsurance_code,class_cd,it_remarks) values('20Feb250031','070000174822','38500',(select max(to_number(i.premium_rcv_detail_code))+1 from ins_premium_det i),'38500','38500','02', '11000003','00','Request by Mr.Saqib Saleem 20-Feb-2025');
A138: KHI/HO/D/MO/PC COMP/C/105332/131/01/2025 | B138: =VLOOKUP(A138,policy!B:C,2,0) -> 070000176237 | C138: 47373 | D138: =ROUND(C138,0) -> 47373 | E138: 20Feb250031 | F138: ="insert into ins_premium_det (premium_rcv_code,assorted_code, rec_amount,premium_rcv_detail_code,remaining_amt, payrec, mode_code,coinsurance_code,class_cd,it_remarks) values" -> insert into ins_premium_det (premium_rcv_code,assorted_code, rec_amount,premium_rcv_detail_code,remaining_amt, payrec, mode_code,coinsurance_code,class_cd,it_remarks) values | G138: ="('"&E138&"','"&B138&"','"&D138&"',(select max(to_number(i.premium_rcv_detail_code))+1 from ins_premium_det i),'"&D138&"','"&D138&"','02', '11000003','00','Request by Mr.Saqib Saleem 20-Feb-2025');" -> ('20Feb250031','070000176237','47373',(select max(to_number(i.premium_rcv_detail_code))+1 from ins_premium_det i),'47373','47373','02', '11000003','00','Request by Mr.Saqib Saleem 20-Feb-2025'); | H138: =F138&G138 -> insert into ins_premium_det (premium_rcv_code,assorted_code, rec_amount,premium_rcv_detail_code,remaining_amt, payrec, mode_code,coinsurance_code,class_cd,it_remarks) values('20Feb250031','070000176237','47373',(select max(to_number(i.premium_rcv_detail_code))+1 from ins_premium_det i),'47373','47373','02', '11000003','00','Request by Mr.Saqib Saleem 20-Feb-2025');
A139: KHI/HO/D/MO/PC COMP/C/105332/154/01/2025 | B139: =VLOOKUP(A139,policy!B:C,2,0) -> 070000176356 | C139: 65188 | D139: =ROUND(C139,0) -> 65188 | E139: 20Feb250031 | F139: ="insert into ins_premium_det (premium_rcv_code,assorted_code, rec_amount,premium_rcv_detail_code,remaining_amt, payrec, mode_code,coinsurance_code,class_cd,it_remarks) values" -> insert into ins_premium_det (premium_rcv_code,assorted_code, rec_amount,premium_rcv_detail_code,remaining_amt, payrec, mode_code,coinsurance_code,class_cd,it_remarks) values | G139: ="('"&E139&"','"&B139&"','"&D139&"',(select max(to_number(i.premium_rcv_detail_code))+1 from ins_premium_det i),'"&D139&"','"&D139&"','02', '11000003','00','Request by Mr.Saqib Saleem 20-Feb-2025');" -> ('20Feb250031','070000176356','65188',(select max(to_number(i.premium_rcv_detail_code))+1 from ins_premium_det i),'65188','65188','02', '11000003','00','Request by Mr.Saqib Saleem 20-Feb-2025'); | H139: =F139&G139 -> insert into ins_premium_det (premium_rcv_code,assorted_code, rec_amount,premium_rcv_detail_code,remaining_amt, payrec, mode_code,coinsurance_code,class_cd,it_remarks) values('20Feb250031','070000176356','65188',(select max(to_number(i.premium_rcv_detail_code))+1 from ins_premium_det i),'65188','65188','02', '11000003','00','Request by Mr.Saqib Saleem 20-Feb-2025');
A140: KHI/HO/D/MO/PC COMP/C/105332/152/01/2025 | B140: =VLOOKUP(A140,policy!B:C,2,0) -> 070000176354 | C140: 73500 | D140: =ROUND(C140,0) -> 73500 | E140: 20Feb250031 | F140: ="insert into ins_premium_det (premium_rcv_code,assorted_code, rec_amount,premium_rcv_detail_code,remaining_amt, payrec, mode_code,coinsurance_code,class_cd,it_remarks) values" -> insert into ins_premium_det (premium_rcv_code,assorted_code, rec_amount,premium_rcv_detail_code,remaining_amt, payrec, mode_code,coinsurance_code,class_cd,it_remarks) values | G140: ="('"&E140&"','"&B140&"','"&D140&"',(select max(to_number(i.premium_rcv_detail_code))+1 from ins_premium_det i),'"&D140&"','"&D140&"','02', '11000003','00','Request by Mr.Saqib Saleem 20-Feb-2025');" -> ('20Feb250031','070000176354','73500',(select max(to_number(i.premium_rcv_detail_code))+1 from ins_premium_det i),'73500','73500','02', '11000003','00','Request by Mr.Saqib Saleem 20-Feb-2025'); | H140: =F140&G140 -> insert into ins_premium_det (premium_rcv_code,assorted_code, rec_amount,premium_rcv_detail_code,remaining_amt, payrec, mode_code,coinsurance_code,class_cd,it_remarks) values('20Feb250031','070000176354','73500',(select max(to_number(i.premium_rcv_detail_code))+1 from ins_premium_det i),'73500','73500','02', '11000003','00','Request by Mr.Saqib Saleem 20-Feb-2025');
A141: KHI/HO/D/MO/PC COMP/C/105332/156/01/2025 | B141: =VLOOKUP(A141,policy!B:C,2,0) -> 070000176359 | C141: 46550 | D141: =ROUND(C141,0) -> 46550 | E141: 20Feb250031 | F141: ="insert into ins_premium_det (premium_rcv_code,assorted_code, rec_amount,premium_rcv_detail_code,remaining_amt, payrec, mode_code,coinsurance_code,class_cd,it_remarks) values" -> insert into ins_premium_det (premium_rcv_code,assorted_code, rec_amount,premium_rcv_detail_code,remaining_amt, payrec, mode_code,coinsurance_code,class_cd,it_remarks) values | G141: ="('"&E141&"','"&B141&"','"&D141&"',(select max(to_number(i.premium_rcv_detail_code))+1 from ins_premium_det i),'"&D141&"','"&D141&"','02', '11000003','00','Request by Mr.Saqib Saleem 20-Feb-2025');" -> ('20Feb250031','070000176359','46550',(select max(to_number(i.premium_rcv_detail_code))+1 from ins_premium_det i),'46550','46550','02', '11000003','00','Request by Mr.Saqib Saleem 20-Feb-2025'); | H141: =F141&G141 -> insert into ins_premium_det (premium_rcv_code,assorted_code, rec_amount,premium_rcv_detail_code,remaining_amt, payrec, mode_code,coinsurance_code,class_cd,it_remarks) values('20Feb250031','070000176359','46550',(select max(to_number(i.premium_rcv_detail_code))+1 from ins_premium_det i),'46550','46550','02', '11000003','00','Request by Mr.Saqib Saleem 20-Feb-2025');
A142: KHI/HO/D/MO/PC COMP/C/105332/145/01/2025 | B142: =VLOOKUP(A142,policy!B:C,2,0) -> 070000176337 | C142: 29750 | D142: =ROUND(C142,0) -> 29750 | E142: 20Feb250031 | F142: ="insert into ins_premium_det (premium_rcv_code,assorted_code, rec_amount,premium_rcv_detail_code,remaining_amt, payrec, mode_code,coinsurance_code,class_cd,it_remarks) values" -> insert into ins_premium_det (premium_rcv_code,assorted_code, rec_amount,premium_rcv_detail_code,remaining_amt, payrec, mode_code,coinsurance_code,class_cd,it_remarks) values | G142: ="('"&E142&"','"&B142&"','"&D142&"',(select max(to_number(i.premium_rcv_detail_code))+1 from ins_premium_det i),'"&D142&"','"&D142&"','02', '11000003','00','Request by Mr.Saqib Saleem 20-Feb-2025');" -> ('20Feb250031','070000176337','29750',(select max(to_number(i.premium_rcv_detail_code))+1 from ins_premium_det i),'29750','29750','02', '11000003','00','Request by Mr.Saqib Saleem 20-Feb-2025'); | H142: =F142&G142 -> insert into ins_premium_det (premium_rcv_code,assorted_code, rec_amount,premium_rcv_detail_code,remaining_amt, payrec, mode_code,coinsurance_code,class_cd,it_remarks) values('20Feb250031','070000176337','29750',(select max(to_number(i.premium_rcv_detail_code))+1 from ins_premium_det i),'29750','29750','02', '11000003','00','Request by Mr.Saqib Saleem 20-Feb-2025');
A143: KHI/HO/D/MO/PC COMP/C/105332/157/01/2025 | B143: =VLOOKUP(A143,policy!B:C,2,0) -> 070000176361 | C143: 47373 | D143: =ROUND(C143,0) -> 47373 | E143: 20Feb250031 | F143: ="insert into ins_premium_det (premium_rcv_code,assorted_code, rec_amount,premium_rcv_detail_code,remaining_amt, payrec, mode_code,coinsurance_code,class_cd,it_remarks) values" -> insert into ins_premium_det (premium_rcv_code,assorted_code, rec_amount,premium_rcv_detail_code,remaining_amt, payrec, mode_code,coinsurance_code,class_cd,it_remarks) values | G143: ="('"&E143&"','"&B143&"','"&D143&"',(select max(to_number(i.premium_rcv_detail_code))+1 from ins_premium_det i),'"&D143&"','"&D143&"','02', '11000003','00','Request by Mr.Saqib Saleem 20-Feb-2025');" -> ('20Feb250031','070000176361','47373',(select max(to_number(i.premium_rcv_detail_code))+1 from ins_premium_det i),'47373','47373','02', '11000003','00','Request by Mr.Saqib Saleem 20-Feb-2025'); | H143: =F143&G143 -> insert into ins_premium_det (premium_rcv_code,assorted_code, rec_amount,premium_rcv_detail_code,remaining_amt, payrec, mode_code,coinsurance_code,class_cd,it_remarks) values('20Feb250031','070000176361','47373',(select max(to_number(i.premium_rcv_detail_code))+1 from ins_premium_det i),'47373','47373','02', '11000003','00','Request by Mr.Saqib Saleem 20-Feb-2025');
... A151: KHI/HO/D/MO/PC COMP/C/105332/78/01/2025 | B151: =VLOOKUP(A151,policy!B:C,2,0) -> 070000174418 | C151: 45325 | D151: =ROUND(C151,0) -> 45325 | E151: 20Feb250031 | F151: ="insert into ins_premium_det (premium_rcv_code,assorted_code, rec_amount,premium_rcv_detail_code,remaining_amt, payrec, mode_code,coinsurance_code,class_cd,it_remarks) values" -> insert into ins_premium_det (premium_rcv_code,assorted_code, rec_amount,premium_rcv_detail_code,remaining_amt, payrec, mode_code,coinsurance_code,class_cd,it_remarks) values | G151: ="('"&E151&"','"&B151&"','"&D151&"',(select max(to_number(i.premium_rcv_detail_code))+1 from ins_premium_det i),'"&D151&"','"&D151&"','02', '11000003','00','Request by Mr.Saqib Saleem 20-Feb-2025');" -> ('20Feb250031','070000174418','45325',(select max(to_number(i.premium_rcv_detail_code))+1 from ins_premium_det i),'45325','45325','02', '11000003','00','Request by Mr.Saqib Saleem 20-Feb-2025'); | H151: =F151&G151 -> insert into ins_premium_det (premium_rcv_code,assorted_code, rec_amount,premium_rcv_detail_code,remaining_amt, payrec, mode_code,coinsurance_code,class_cd,it_remarks) values('20Feb250031','070000174418','45325',(select max(to_number(i.premium_rcv_detail_code))+1 from ins_premium_det i),'45325','45325','02', '11000003','00','Request by Mr.Saqib Saleem 20-Feb-2025');
D153: =SUM(D2:D151) -> 9890310

Sheet sheet
A2: KHI/HO/D/MO/PC COMP/E/52321/00001/02/2025 | B2: -02-2025 | H2: 52321 | I2: 00001 | J2: ="ia.assorted_string like '%"&H2&"-"&I2&B2&"%' or" -> ia.assorted_string like '%52321-00001-02-2025%' or
A3: KHI/HO/D/MO/PC COMP/C/105332/97/01/2025 | B3: -01-2025 | H3: 105332 | I3: 00097 | J3: ="ia.assorted_string like '%"&H3&"-"&I3&B3&"%' or" -> ia.assorted_string like '%105332-00097-01-2025%' or
A4: KHI/HO/D/MO/PC COMP/E/52321/00118/02/2025 | B4: -02-2025 | H4: 52321 | I4: 00118 | J4: ="ia.assorted_string like '%"&H4&"-"&I4&B4&"%' or" -> ia.assorted_string like '%52321-00118-02-2025%' or
A5: KHI/HO/D/MO/PC COMP/C/105332/5/01/2025 | B5: -01-2025 | H5: 105332 | I5: 00005 | J5: ="ia.assorted_string like '%"&H5&"-"&I5&B5&"%' or" -> ia.assorted_string like '%105332-00005-01-2025%' or
A6: KHI/HO/D/MO/PC COMP/C/105332/2/01/2025 | B6: -01-2025 | H6: 105332 | I6: 00002 | J6: ="ia.assorted_string like '%"&H6&"-"&I6&B6&"%' or" -> ia.assorted_string like '%105332-00002-01-2025%' or
A7: KHI/HO/D/MO/PC COMP/E/52321/00009/02/2025 | B7: -02-2025 | H7: 52321 | I7: 00009 | J7: ="ia.assorted_string like '%"&H7&"-"&I7&B7&"%' or" -> ia.assorted_string like '%52321-00009-02-2025%' or
A8: KHI/HO/D/MO/PC COMP/C/105332/11/01/2025 | B8: -01-2025 | H8: 105332 | I8: 00011 | J8: ="ia.assorted_string like '%"&H8&"-"&I8&B8&"%' or" -> ia.assorted_string like '%105332-00011-01-2025%' or
A9: KHI/HO/D/MO/PC COMP/C/105332/12/01/2025 | B9: -01-2025 | H9: 105332 | I9: 00012 | J9: ="ia.assorted_string like '%"&H9&"-"&I9&B9&"%' or" -> ia.assorted_string like '%105332-00012-01-2025%' or
A10: KHI/HO/D/MO/PC COMP/C/105332/13/01/2025 | B10: -01-2025 | H10: 105332 | I10: 00013 | J10: ="ia.assorted_string like '%"&H10&"-"&I10&B10&"%' or" -> ia.assorted_string like '%105332-00013-01-2025%' or
A11: KHI/HO/D/MO/PC COMP/C/105332/6/01/2025 | B11: -01-2025 | H11: 105332 | I11: 00006 | J11: ="ia.assorted_string like '%"&H11&"-"&I11&B11&"%' or" -> ia.assorted_string like '%105332-00006-01-2025%' or
A12: KHI/HO/D/MO/PC COMP/C/105332/20/01/2025 | B12: -01-2025 | H12: 105332 | I12: 00020 | J12: ="ia.assorted_string like '%"&H12&"-"&I12&B12&"%' or" -> ia.assorted_string like '%105332-00020-01-2025%' or
A13: KHI/HO/D/MO/PC COMP/C/105332/25/01/2025 | B13: -01-2025 | H13: 105332 | I13: 00025 | J13: ="ia.assorted_string like '%"&H13&"-"&I13&B13&"%' or" -> ia.assorted_string like '%105332-00025-01-2025%' or
... A151: KHI/HO/D/MO/PC COMP/C/105332/78/01/2025 | B151: -01-2025 | H151: 105332 | I151: 00078 | J151: ="ia.assorted_string like '%"&H151&"-"&I151&B151&"%' or" -> ia.assorted_string like '%105332-00078-01-2025%' or

Sheet policy
B1: FUNC_ASSORTED_STRING(IA.ASSORTED_CODE) | C1: ASSORTED_CODE
A2: 1 | B2: KHI/HO/D/MO/PC COMP/C/105332/66/01/2025 | C2: 070000174137
A3: 2 | B3: KHI/HO/D/MO/PC COMP/C/105332/67/01/2025 | C3: 070000174138
A4: 3 | B4: KHI/HO/D/MO/PC COMP/C/105332/154/01/2025 | C4: 070000176356
A5: 4 | B5: KHI/HO/D/MO/PC COMP/C/105332/155/01/2025 | C5: 070000176358
A6: 5 | B6: KHI/HO/D/MO/PC COMP/C/105332/156/01/2025 | C6: 070000176359
A7: 6 | B7: KHI/HO/D/MO/PC COMP/C/105332/157/01/2025 | C7: 070000176361
A8: 7 | B8: KHI/HO/D/MO/PC COMP/C/105332/13/01/2025 | C8: 070000173844
A9: 8 | B9: KHI/HO/D/MO/PC COMP/C/105332/21/01/2025 | C9: 070000173917
A10: 9 | B10: KHI/HO/D/MO/PC COMP/C/105332/26/01/2025 | C10: 070000173929
A11: 10 | B11: KHI/HO/D/MO/PC COMP/C/105332/23/01/2025 | C11: 070000173923
A12: 11 | B12: KHI/HO/D/MO/PC COMP/C/105332/24/01/2025 | C12: 070000173924
A13: 12 | B13: KHI/HO/D/MO/PC COMP/C/105332/119/01/2025 | C13: 070000175430
... A143: 142 | B143: KHI/HO/D/MO/PC COMP/C/105332/110/01/2025 | C143: 070000175139
