Workbook

Sheet Sheet1
A1: 4th Payment Details
A2: Sr. # | B2: Leader PMD No. | C2: Our PMD / Endo # | D2: Client Name | E2: Gross Contribution | F2: Net Contribution - premiun | G2: S.Charges 2.5% | H2: S.Charges 2.5% - ye | I2: Commission % | J2: Commission Amount - ye
A3: 1 | B3: 2024-07-303-F01001OP0000120 | C3: LHR/LHR/F/FR/ND/P/22891/08/2024 | D3: M/s. SONERI BANK LTD CORPORATE BRANCH , 307 UPPAR MALL LAHORE AS Mortgagees(S) A/C, M/S. NOBLE FOAM AS Mortgagors(S). | E3: 0 | F3: 61240 | G3: 1299 | H3: -1299 | I3: 0.135 | J3: 7016
A4: 2 | B4: 2024-04-303-F010010OP0000121 | C4: LHR/LHR/F/FR/ND/P/22892/08/2024 | D4: M/s. SONERI BANK LTD CORPORATE BRANCH , 307 UPPAR MALL LAHORE AS Mortgagees(S) A/C, M/S. NOBLE FOAM PVT LTD., AS Mortgagors(S). | E4: 0 | F4: 338277 | G4: 7219 | H4: -7219 | I4: 0.135 | J4: 38981
A5: 3 | B5: 2024-04-303-F010010OP0000122 | C5: LHR/LHR/F/FR/ND/P/22894/08/2024 | D5: M/s. SONERI BANK LTD COPORATE BRANCH , 307 UPPER MALL, LAHORE AS Mortgagees(S), A/C, M/S. NOBLE FOAM PVT LTD. AS Mortgagors(S). | E5: 0 | F5: 51334 | G5: 1088 | H5: -1088 | I5: 0.135 | J5: 5873
A6: 4 | B6: 2024-07-303-F01001OP0000123 | C6: LHR/LHR/F/FR/ND/P/22897/08/2024 | D6: M/s. THE SONERI BANK LTD CORPORATE BRANCH 307-UPPER MALL, LAHORE. AS Mortgagees(S) A/C, M/S. U.K POLYMERS (PVT) LTD. AS Mortgagors(S) | E6: 0 | F6: 218321 | G6: 4656 | H6: -4656 | I6: 0.135 | J6: 25140
A7: 5 | B7: 2024-07-303-F01001OP0000125 | C7: LHR/LHR/F/FR/ND/P/22898/08/2024 | D7: M/s. BANK AL-FALAH LTD AS Mortgagees(S), A/C, M/S. AL-KHAIR GLOBAL PVT LTD. AS Mortgagors(S). | E7: 0 | F7: 39418 | G7: 833 | H7: -833 | I7: 0.135 | J7: 4498
A8: 6 | B8: 2024-07-303-F010010OP0000126 | C8: LHR/LHR/F/FR/ND/P/22899/08/2024 | D8: M/s. U.K. POLYMERS (PVT) LTD. | E8: 0 | F8: 18033 | G8: 376 | H8: -376 | I8: 0.135 | J8: 2030
A9: 7 | B9: 2024-07-303-F010010OP0000128 | C9: LHR/LHR/F/FR/ND/P/22900/08/2024 | D9: M/s. BANK AL-FALAH LTD, SHAHDIN MANZIL, MALL ROAD, LAHORE AS MORTGAGEE(S) A/c, M/S. U.K. POLYMERS PVT LTD AS MORTGAGOR(S). | E9: 0 | F9: 169358 | G9: 3609 | H9: -3609 | I9: 0.135 | J9: 19491
A10: 8 | B10: 2024-07-303-F01001OP0000132 | C10: LHR/LHR/F/FR/ND/P/22902/08/2024 | D10: M/s. INTER FOAM (PRIVATE) LIMITED. | E10: 0 | F10: 40960 | G10: 873 | H10: -873 | I10: 0.135 | J10: 4716
A11: 9 | B11: 2024-07-303-F01001OP0000131 | C11: LHR/LHR/F/FR/ND/P/22903/08/2024 | D11: M/s. BANK AL-FALAH LTD, SHAHDIN MANZIL MALL ROAD LAHORE AS MORTGAGEE(S), A/C, M/S. AL-KHAIR GLOBAL PVT LTD.AS MORTGAGOR(S). | E11: 0 | F11: 339771.25 | G11: 7251 | H11: -7251 | I11: 0.135 | J11: 39154
A12: 10 | B12: 2024-08-303-V02001OP0000535 | C12: LHR/LHR/F/MO/CV/P/98382/09/2024 | D12: AL-KHAIR GLOBAL (PVT) LTD | E12: 0 | F12: 35993 | G12: 765 | H12: -765 | I12: 0.0875 | J12: 2679
A13: 11 | B13: 2024-08-303-V02001OP0000542 | C13: LHR/LHR/F/MO/PC COMP/P/98403/09/2024 | D13: M/S. U.K.POLYMERS PVT LTD. | E13: 0 | F13: 17121 | G13: 362 | H13: -362 | I13: 0.0875 | J13: 1267
A14: 12 | B14: 2024-08-303-V02001OP0000543 | C14: LHR/LHR/F/MO/PC COMP/P/98454/09/2024 | D14: AL-KHAIR GLOBAL PVT LTD. | E14: 0 | F14: 35242 | G14: 749 | H14: -749 | I14: 0.0875 | J14: 2623
... A77: 75 | B77: 2024-12-303-V01001OE0000377 | C77: LHR/LHR/F/MO/PC COMP/E/52395/02/2025 | D77: AL-KHAIR GLOBAL PVT LTD. | E77: 0 | F77: -12911 | G77: 0 | H77: 0 | I77: 0.0875 | J77: -966
F78: =SUM(F3:F77) -> 2192389.8 | G78: =SUM(G3:G77) -> 50665 | H78: =SUM(H3:H77) -> -50665 | J78: =SUM(J3:J77) -> 241758.15
A80: Claim Details
A81: Sr.# | B81: Leader PMD No. | C81: Our PMD / Endo # | D81: Client Name | E81: Make / Model | F81: Engine | G81: Chassis | I81: Reg # | J81: Claim Amount Our Share 30%
A82: 1 | B82: 2024-08-303-V02001OP0000538 | C82: LHR/LHR/F/MO/PC COMP/P/98468/09/2024 | D82: AL-KHAIR GLOBAL PVT LTD. | E82: SUZUKI CULTUS/2008 | F82: F528830 | G82: 432723 | I82: LEF-08-9486 | J82: 8280
A83: 2 | B83: 2024-08-303-V02001OP0000538 | C83: LHR/LHR/F/MO/PC COMP/P/98468/09/2024 | D83: AL-KHAIR GLOBAL PVT LTD. | E83: HONDA CITY /2015 | F83: L13Z17431463 | G83: R170089 | I83: LEC-15-9942 | J83: 19920
A84: 3 | B84: 2024-08-303-V02001OP0000535 | C84: LHR/LHR/F/MO/CV/P/98382/09/2024 | D84: AL-KHAIR GLOBAL PVT LTD. | E84: MASTER FORLAND/ 2019 | F84: J004011 | G84: JL000965 | I84: LET-19-1661 | J84: 8504
J85: =SUM(J82:J84) -> 36704
C87: Summary
C89: Total Contribution Amount | D89: =F78 -> 2192389.8
C90: Less S.Charges | D90: 50663
C91: Less Commission | D91: =J78 -> 241758.15
C92: Less claim Amount | D92: =J85 -> 36704
C93: Total Received Amount | D93: =D89-D90-D91-D92 -> 1863264.6

Sheet working-premium
A1: POLICY NO. | B1: Assorted_code | D1: Premium | E1: 27Mar250004
A2: LHR/LHR/F/FR/ND/P/22891/08/2024 | B2: =VLOOKUP(A2,policy!B:C,2,0) -> 040000181870 | C2: 61240 | D2: =ROUND(C2,0) -> 61240 | E2: 27Mar250004 | F2: ="insert into ins_premium_det (premium_rcv_code,assorted_code, rec_amount,premium_rcv_detail_code,remaining_amt, payrec, mode_code,coinsurance_code,class_cd,it_remarks) values" -> insert into ins_premium_det (premium_rcv_code,assorted_code, rec_amount,premium_rcv_detail_code,remaining_amt, payrec, mode_code,coinsurance_code,class_cd,it_remarks) values | G2: ="('"&E2&"','"&B2&"','"&D2&"',(select max(to_number(i.premium_rcv_detail_code))+1 from ins_premium_det i),'"&D2&"','"&D2&"','02', '11000003','00','Request by Mr. Saqib Saleem 27-March-2025');" -> ('27Mar250004','040000181870','61240',(select max(to_number(i.premium_rcv_detail_code))+1 from ins_premium_det i),'61240','61240','02', '11000003','00','Request by Mr. Saqib Saleem 27-March-2025'); | H2: =F2&G2 -> insert into ins_premium_det (premium_rcv_code,assorted_code, rec_amount,premium_rcv_detail_code,remaining_amt, payrec, mode_code,coinsurance_code,class_cd,it_remarks) values('27Mar250004','040000181870','61240',(select max(to_number(i.premium_rcv_detail_code))+1 from ins_premium_det i),'61240','61240','02', '11000003','00','Request by Mr. Saqib Saleem 27-March-2025');
A3: LHR/LHR/F/FR/ND/P/22892/08/2024 | B3: =VLOOKUP(A3,policy!B:C,2,0) -> 040000181899 | C3: 338277 | D3: =ROUND(C3,0) -> 338277 | E3: 27Mar250004 | F3: ="insert into ins_premium_det (premium_rcv_code,assorted_code, rec_amount,premium_rcv_detail_code,remaining_amt, payrec, mode_code,coinsurance_code,class_cd,it_remarks) values" -> insert into ins_premium_det (premium_rcv_code,assorted_code, rec_amount,premium_rcv_detail_code,remaining_amt, payrec, mode_code,coinsurance_code,class_cd,it_remarks) values | G3: ="('"&E3&"','"&B3&"','"&D3&"',(select max(to_number(i.premium_rcv_detail_code))+1 from ins_premium_det i),'"&D3&"','"&D3&"','02', '11000003','00','Request by Mr. Saqib Saleem 27-March-2025');" -> ('27Mar250004','040000181899','338277',(select max(to_number(i.premium_rcv_detail_code))+1 from ins_premium_det i),'338277','338277','02', '11000003','00','Request by Mr. Saqib Saleem 27-March-2025'); | H3: =F3&G3 -> insert into ins_premium_det (premium_rcv_code,assorted_code, rec_amount,premium_rcv_detail_code,remaining_amt, payrec, mode_code,coinsurance_code,class_cd,it_remarks) values('27Mar250004','040000181899','338277',(select max(to_number(i.premium_rcv_detail_code))+1 from ins_premium_det i),'338277','338277','02', '11000003','00','Request by Mr. Saqib Saleem 27-March-2025');
A4: LHR/LHR/F/FR/ND/P/22894/08/2024 | B4: =VLOOKUP(A4,policy!B:C,2,0) -> 040000181923 | C4: 51334 | D4: =ROUND(C4,0) -> 51334 | E4: 27Mar250004 | F4: ="insert into ins_premium_det (premium_rcv_code,assorted_code, rec_amount,premium_rcv_detail_code,remaining_amt, payrec, mode_code,coinsurance_code,class_cd,it_remarks) values" -> insert into ins_premium_det (premium_rcv_code,assorted_code, rec_amount,premium_rcv_detail_code,remaining_amt, payrec, mode_code,coinsurance_code,class_cd,it_remarks) values | G4: ="('"&E4&"','"&B4&"','"&D4&"',(select max(to_number(i.premium_rcv_detail_code))+1 from ins_premium_det i),'"&D4&"','"&D4&"','02', '11000003','00','Request by Mr. Saqib Saleem 27-March-2025');" -> ('27Mar250004','040000181923','51334',(select max(to_number(i.premium_rcv_detail_code))+1 from ins_premium_det i),'51334','51334','02', '11000003','00','Request by Mr. Saqib Saleem 27-March-2025'); | H4: =F4&G4 -> insert into ins_premium_det (premium_rcv_code,assorted_code, rec_amount,premium_rcv_detail_code,remaining_amt, payrec, mode_code,coinsurance_code,class_cd,it_remarks) values('27Mar250004','040000181923','51334',(select max(to_number(i.premium_rcv_detail_code))+1 from ins_premium_det i),'51334','51334','02', '11000003','00','Request by Mr. Saqib Saleem 27-March-2025');
A5: LHR/LHR/F/FR/ND/P/22897/08/2024 | B5: =VLOOKUP(A5,policy!B:C,2,0) -> 040000181954 | C5: 218321 | D5: =ROUND(C5,0) -> 218321 | E5: 27Mar250004 | F5: ="insert into ins_premium_det (premium_rcv_code,assorted_code, rec_amount,premium_rcv_detail_code,remaining_amt, payrec, mode_code,coinsurance_code,class_cd,it_remarks) values" -> insert into ins_premium_det (premium_rcv_code,assorted_code, rec_amount,premium_rcv_detail_code,remaining_amt, payrec, mode_code,coinsurance_code,class_cd,it_remarks) values | G5: ="('"&E5&"','"&B5&"','"&D5&"',(select max(to_number(i.premium_rcv_detail_code))+1 from ins_premium_det i),'"&D5&"','"&D5&"','02', '11000003','00','Request by Mr. Saqib Saleem 27-March-2025');" -> ('27Mar250004','040000181954','218321',(select max(to_number(i.premium_rcv_detail_code))+1 from ins_premium_det i),'218321','218321','02', '11000003','00','Request by Mr. Saqib Saleem 27-March-2025'); | H5: =F5&G5 -> insert into ins_premium_det (premium_rcv_code,assorted_code, rec_amount,premium_rcv_detail_code,remaining_amt, payrec, mode_code,coinsurance_code,class_cd,it_remarks) values('27Mar250004','040000181954','218321',(select max(to_number(i.premium_rcv_detail_code))+1 from ins_premium_det i),'218321','218321','02', '11000003','00','Request by Mr. Saqib Saleem 27-March-2025');
A6: LHR/LHR/F/FR/ND/P/22898/08/2024 | B6: =VLOOKUP(A6,policy!B:C,2,0) -> 040000181958 | C6: 39418 | D6: =ROUND(C6,0) -> 39418 | E6: 27Mar250004 | F6: ="insert into ins_premium_det (premium_rcv_code,assorted_code, rec_amount,premium_rcv_detail_code,remaining_amt, payrec, mode_code,coinsurance_code,class_cd,it_remarks) values" -> insert into ins_premium_det (premium_rcv_code,assorted_code, rec_amount,premium_rcv_detail_code,remaining_amt, payrec, mode_code,coinsurance_code,class_cd,it_remarks) values | G6: ="('"&E6&"','"&B6&"','"&D6&"',(select max(to_number(i.premium_rcv_detail_code))+1 from ins_premium_det i),'"&D6&"','"&D6&"','02', '11000003','00','Request by Mr. Saqib Saleem 27-March-2025');" -> ('27Mar250004','040000181958','39418',(select max(to_number(i.premium_rcv_detail_code))+1 from ins_premium_det i),'39418','39418','02', '11000003','00','Request by Mr. Saqib Saleem 27-March-2025'); | H6: =F6&G6 -> insert into ins_premium_det (premium_rcv_code,assorted_code, rec_amount,premium_rcv_detail_code,remaining_amt, payrec, mode_code,coinsurance_code,class_cd,it_remarks) values('27Mar250004','040000181958','39418',(select max(to_number(i.premium_rcv_detail_code))+1 from ins_premium_det i),'39418','39418','02', '11000003','00','Request by Mr. Saqib Saleem 27-March-2025');
A7: LHR/LHR/F/FR/ND/P/22899/08/2024 | B7: =VLOOKUP(A7,policy!B:C,2,0) -> 040000181962 | C7: 18033 | D7: =ROUND(C7,0) -> 18033 | E7: 27Mar250004 | F7: ="insert into ins_premium_det (premium_rcv_code,assorted_code, rec_amount,premium_rcv_detail_code,remaining_amt, payrec, mode_code,coinsurance_code,class_cd,it_remarks) values" -> insert into ins_premium_det (premium_rcv_code,assorted_code, rec_amount,premium_rcv_detail_code,remaining_amt, payrec, mode_code,coinsurance_code,class_cd,it_remarks) values | G7: ="('"&E7&"','"&B7&"','"&D7&"',(select max(to_number(i.premium_rcv_detail_code))+1 from ins_premium_det i),'"&D7&"','"&D7&"','02', '11000003','00','Request by Mr. Saqib Saleem 27-March-2025');" -> ('27Mar250004','040000181962','18033',(select max(to_number(i.premium_rcv_detail_code))+1 from ins_premium_det i),'18033','18033','02', '11000003','00','Request by Mr. Saqib Saleem 27-March-2025'); | H7: =F7&G7 -> insert into ins_premium_det (premium_rcv_code,assorted_code, rec_amount,premium_rcv_detail_code,remaining_amt, payrec, mode_code,coinsurance_code,class_cd,it_remarks) values('27Mar250004','040000181962','18033',(select max(to_number(i.premium_rcv_detail_code))+1 from ins_premium_det i),'18033','18033','02', '11000003','00','Request by Mr. Saqib Saleem 27-March-2025');
A8: LHR/LHR/F/FR/ND/P/22900/08/2024 | B8: =VLOOKUP(A8,policy!B:C,2,0) -> 040000182042 | C8: 169358 | D8: =ROUND(C8,0) -> 169358 | E8: 27Mar250004 | F8: ="insert into ins_premium_det (premium_rcv_code,assorted_code, rec_amount,premium_rcv_detail_code,remaining_amt, payrec, mode_code,coinsurance_code,class_cd,it_remarks) values" -> insert into ins_premium_det (premium_rcv_code,assorted_code, rec_amount,premium_rcv_detail_code,remaining_amt, payrec, mode_code,coinsurance_code,class_cd,it_remarks) values | G8: ="('"&E8&"','"&B8&"','"&D8&"',(select max(to_number(i.premium_rcv_detail_code))+1 from ins_premium_det i),'"&D8&"','"&D8&"','02', '11000003','00','Request by Mr. Saqib Saleem 27-March-2025');" -> ('27Mar250004','040000182042','169358',(select max(to_number(i.premium_rcv_detail_code))+1 from ins_premium_det i),'169358','169358','02', '11000003','00','Request by Mr. Saqib Saleem 27-March-2025'); | H8: =F8&G8 -> insert into ins_premium_det (premium_rcv_code,assorted_code, rec_amount,premium_rcv_detail_code,remaining_amt, payrec, mode_code,coinsurance_code,class_cd,it_remarks) values('27Mar250004','040000182042','169358',(select max(to_number(i.premium_rcv_detail_code))+1 from ins_premium_det i),'169358','169358','02', '11000003','00','Request by Mr. Saqib Saleem 27-March-2025');
A9: LHR/LHR/F/FR/ND/P/22902/08/2024 | B9: =VLOOKUP(A9,policy!B:C,2,0) -> 040000182056 | C9: 40960 | D9: =ROUND(C9,0) -> 40960 | E9: 27Mar250004 | F9: ="insert into ins_premium_det (premium_rcv_code,assorted_code, rec_amount,premium_rcv_detail_code,remaining_amt, payrec, mode_code,coinsurance_code,class_cd,it_remarks) values" -> insert into ins_premium_det (premium_rcv_code,assorted_code, rec_amount,premium_rcv_detail_code,remaining_amt, payrec, mode_code,coinsurance_code,class_cd,it_remarks) values | G9: ="('"&E9&"','"&B9&"','"&D9&"',(select max(to_number(i.premium_rcv_detail_code))+1 from ins_premium_det i),'"&D9&"','"&D9&"','02', '11000003','00','Request by Mr. Saqib Saleem 27-March-2025');" -> ('27Mar250004','040000182056','40960',(select max(to_number(i.premium_rcv_detail_code))+1 from ins_premium_det i),'40960','40960','02', '11000003','00','Request by Mr. Saqib Saleem 27-March-2025'); | H9: =F9&G9 -> insert into ins_premium_det (premium_rcv_code,assorted_code, rec_amount,premium_rcv_detail_code,remaining_amt, payrec, mode_code,coinsurance_code,class_cd,it_remarks) values('27Mar250004','040000182056','40960',(select max(to_number(i.premium_rcv_detail_code))+1 from ins_premium_det i),'40960','40960','02', '11000003','00','Request by Mr. Saqib Saleem 27-March-2025');
A10: LHR/LHR/F/FR/ND/P/22903/08/2024 | B10: =VLOOKUP(A10,policy!B:C,2,0) -> 040000182060 | C10: 339771.25 | D10: =ROUND(C10,0) -> 339771 | E10: 27Mar250004 | F10: ="insert into ins_premium_det (premium_rcv_code,assorted_code, rec_amount,premium_rcv_detail_code,remaining_amt, payrec, mode_code,coinsurance_code,class_cd,it_remarks) values" -> insert into ins_premium_det (premium_rcv_code,assorted_code, rec_amount,premium_rcv_detail_code,remaining_amt, payrec, mode_code,coinsurance_code,class_cd,it_remarks) values | G10: ="('"&E10&"','"&B10&"','"&D10&"',(select max(to_number(i.premium_rcv_detail_code))+1 from ins_premium_det i),'"&D10&"','"&D10&"','02', '11000003','00','Request by Mr. Saqib Saleem 27-March-2025');" -> ('27Mar250004','040000182060','339771',(select max(to_number(i.premium_rcv_detail_code))+1 from ins_premium_det i),'339771','339771','02', '11000003','00','Request by Mr. Saqib Saleem 27-March-2025'); | H10: =F10&G10 -> insert into ins_premium_det (premium_rcv_code,assorted_code, rec_amount,premium_rcv_detail_code,remaining_amt, payrec, mode_code,coinsurance_code,class_cd,it_remarks) values('27Mar250004','040000182060','339771',(select max(to_number(i.premium_rcv_detail_code))+1 from ins_premium_det i),'339771','339771','02', '11000003','00','Request by Mr. Saqib Saleem 27-March-2025');
A11: LHR/LHR/F/MO/CV/P/98382/09/2024 | B11: =VLOOKUP(A11,policy!B:C,2,0) -> 040000185205 | C11: 35993 | D11: =ROUND(C11,0) -> 35993 | E11: 27Mar250004 | F11: ="insert into ins_premium_det (premium_rcv_code,assorted_code, rec_amount,premium_rcv_detail_code,remaining_amt, payrec, mode_code,coinsurance_code,class_cd,it_remarks) values" -> insert into ins_premium_det (premium_rcv_code,assorted_code, rec_amount,premium_rcv_detail_code,remaining_amt, payrec, mode_code,coinsurance_code,class_cd,it_remarks) values | G11: ="('"&E11&"','"&B11&"','"&D11&"',(select max(to_number(i.premium_rcv_detail_code))+1 from ins_premium_det i),'"&D11&"','"&D11&"','02', '11000003','00','Request by Mr. Saqib Saleem 27-March-2025');" -> ('27Mar250004','040000185205','35993',(select max(to_number(i.premium_rcv_detail_code))+1 from ins_premium_det i),'35993','35993','02', '11000003','00','Request by Mr. Saqib Saleem 27-March-2025'); | H11: =F11&G11 -> insert into ins_premium_det (premium_rcv_code,assorted_code, rec_amount,premium_rcv_detail_code,remaining_amt, payrec, mode_code,coinsurance_code,class_cd,it_remarks) values('27Mar250004','040000185205','35993',(select max(to_number(i.premium_rcv_detail_code))+1 from ins_premium_det i),'35993','35993','02', '11000003','00','Request by Mr. Saqib Saleem 27-March-2025');
A12: LHR/LHR/F/MO/PC COMP/P/98403/09/2024 | B12: =VLOOKUP(A12,policy!B:C,2,0) -> 040000185230 | C12: 17121 | D12: =ROUND(C12,0) -> 17121 | E12: 27Mar250004 | F12: ="insert into ins_premium_det (premium_rcv_code,assorted_code, rec_amount,premium_rcv_detail_code,remaining_amt, payrec, mode_code,coinsurance_code,class_cd,it_remarks) values" -> insert into ins_premium_det (premium_rcv_code,assorted_code, rec_amount,premium_rcv_detail_code,remaining_amt, payrec, mode_code,coinsurance_code,class_cd,it_remarks) values | G12: ="('"&E12&"','"&B12&"','"&D12&"',(select max(to_number(i.premium_rcv_detail_code))+1 from ins_premium_det i),'"&D12&"','"&D12&"','02', '11000003','00','Request by Mr. Saqib Saleem 27-March-2025');" -> ('27Mar250004','040000185230','17121',(select max(to_number(i.premium_rcv_detail_code))+1 from ins_premium_det i),'17121','17121','02', '11000003','00','Request by Mr. Saqib Saleem 27-March-2025'); | H12: =F12&G12 -> insert into ins_premium_det (premium_rcv_code,assorted_code, rec_amount,premium_rcv_detail_code,remaining_amt, payrec, mode_code,coinsurance_code,class_cd,it_remarks) values('27Mar250004','040000185230','17121',(select max(to_number(i.premium_rcv_detail_code))+1 from ins_premium_det i),'17121','17121','02', '11000003','00','Request by Mr. Saqib Saleem 27-March-2025');
A13: LHR/LHR/F/MO/PC COMP/P/98454/09/2024 | B13: =VLOOKUP(A13,policy!B:C,2,0) -> 040000185281 | C13: 35242 | D13: =ROUND(C13,0) -> 35242 | E13: 27Mar250004 | F13: ="insert into ins_premium_det (premium_rcv_code,assorted_code, rec_amount,premium_rcv_detail_code,remaining_amt, payrec, mode_code,coinsurance_code,class_cd,it_remarks) values" -> insert into ins_premium_det (premium_rcv_code,assorted_code, rec_amount,premium_rcv_detail_code,remaining_amt, payrec, mode_code,coinsurance_code,class_cd,it_remarks) values | G13: ="('"&E13&"','"&B13&"','"&D13&"',(select max(to_number(i.premium_rcv_detail_code))+1 from ins_premium_det i),'"&D13&"','"&D13&"','02', '11000003','00','Request by Mr. Saqib Saleem 27-March-2025');" -> ('27Mar250004','040000185281','35242',(select max(to_number(i.premium_rcv_detail_code))+1 from ins_premium_det i),'35242','35242','02', '11000003','00','Request by Mr. Saqib Saleem 27-March-2025'); | H13: =F13&G13 -> insert into ins_premium_det (premium_rcv_code,assorted_code, rec_amount,premium_rcv_detail_code,remaining_amt, payrec, mode_code,coinsurance_code,class_cd,it_remarks) values('27Mar250004','040000185281','35242',(select max(to_number(i.premium_rcv_detail_code))+1 from ins_premium_det i),'35242','35242','02', '11000003','00','Request by Mr. Saqib Saleem 27-March-2025');
... A76: LHR/LHR/F/MO/PC COMP/E/52395/02/2025 | B76: =VLOOKUP(A76,policy!B:C,2,0) -> 050000855943 | C76: -12911 | D76: =ROUND(C76,0) -> -12911 | E76: 27Mar250004 | F76: ="insert into ins_premium_det (premium_rcv_code,assorted_code, rec_amount,premium_rcv_detail_code,remaining_amt, payrec, mode_code,coinsurance_code,class_cd,it_remarks) values" -> insert into ins_premium_det (premium_rcv_code,assorted_code, rec_amount,premium_rcv_detail_code,remaining_amt, payrec, mode_code,coinsurance_code,class_cd,it_remarks) values | G76: ="('"&E76&"','"&B76&"','"&D76&"',(select max(to_number(i.premium_rcv_detail_code))+1 from ins_premium_det i),'"&D76&"','"&D76&"','02', '11000003','00','Request by Mr. Saqib Saleem 27-March-2025');" -> ('27Mar250004','050000855943','-12911',(select max(to_number(i.premium_rcv_detail_code))+1 from ins_premium_det i),'-12911','-12911','02', '11000003','00','Request by Mr. Saqib Saleem 27-March-2025'); | H76: =F76&G76 -> insert into ins_premium_det (premium_rcv_code,assorted_code, rec_amount,premium_rcv_detail_code,remaining_amt, payrec, mode_code,coinsurance_code,class_cd,it_remarks) values('27Mar250004','050000855943','-12911',(select max(to_number(i.premium_rcv_detail_code))+1 from ins_premium_det i),'-12911','-12911','02', '11000003','00','Request by Mr. Saqib Saleem 27-March-2025');
C77: =SUM(C2:C76) -> 2192389.8

Sheet Sheet3
A1: LHR/LHR/F/FR/ND/P/22891/08/2024 | B1: -08-2024 | D1: 22891 | E1: ="ia.assorted_string like '%"&D1&B1&"%' or" -> ia.assorted_string like '%22891-08-2024%' or
A2: LHR/LHR/F/FR/ND/P/22892/08/2024 | B2: -08-2024 | D2: 22892 | E2: ="ia.assorted_string like '%"&D2&B2&"%' or" -> ia.assorted_string like '%22892-08-2024%' or
A3: LHR/LHR/F/FR/ND/P/22894/08/2024 | B3: -08-2024 | D3: 22894 | E3: ="ia.assorted_string like '%"&D3&B3&"%' or" -> ia.assorted_string like '%22894-08-2024%' or
A4: LHR/LHR/F/FR/ND/P/22897/08/2024 | B4: -08-2024 | D4: 22897 | E4: ="ia.assorted_string like '%"&D4&B4&"%' or" -> ia.assorted_string like '%22897-08-2024%' or
A5: LHR/LHR/F/FR/ND/P/22898/08/2024 | B5: -08-2024 | D5: 22898 | E5: ="ia.assorted_string like '%"&D5&B5&"%' or" -> ia.assorted_string like '%22898-08-2024%' or
A6: LHR/LHR/F/FR/ND/P/22899/08/2024 | B6: -08-2024 | D6: 22899 | E6: ="ia.assorted_string like '%"&D6&B6&"%' or" -> ia.assorted_string like '%22899-08-2024%' or
A7: LHR/LHR/F/FR/ND/P/22900/08/2024 | B7: -08-2024 | D7: 22900 | E7: ="ia.assorted_string like '%"&D7&B7&"%' or" -> ia.assorted_string like '%22900-08-2024%' or
A8: LHR/LHR/F/FR/ND/P/22902/08/2024 | B8: -08-2024 | D8: 22902 | E8: ="ia.assorted_string like '%"&D8&B8&"%' or" -> ia.assorted_string like '%22902-08-2024%' or
A9: LHR/LHR/F/FR/ND/P/22903/08/2024 | B9: -08-2024 | D9: 22903 | E9: ="ia.assorted_string like '%"&D9&B9&"%' or" -> ia.assorted_string like '%22903-08-2024%' or
A10: LHR/LHR/F/MO/CV/P/98382/09/2024 | B10: -09-2024 | D10: 98382 | E10: ="ia.assorted_string like '%"&D10&B10&"%' or" -> ia.assorted_string like '%98382-09-2024%' or
A11: LHR/LHR/F/MO/PC COMP/P/98403/09/2024 | B11: -09-2024 | D11: 98403 | E11: ="ia.assorted_string like '%"&D11&B11&"%' or" -> ia.assorted_string like '%98403-09-2024%' or
A12: LHR/LHR/F/MO/PC COMP/P/98454/09/2024 | B12: -09-2024 | D12: 98454 | E12: ="ia.assorted_string like '%"&D12&B12&"%' or" -> ia.assorted_string like '%98454-09-2024%' or
... A75: LHR/LHR/F/MO/PC COMP/E/52395/02/2025 | B75: -02-2025 | D75: 52395 | E75: ="ia.assorted_string like '%"&D75&B75&"%' or" -> ia.assorted_string like '%52395-02-2025%' or

Sheet policy
B1: FUNC_ASSORTED_STRING(IA.ASSORTED_CODE) | C1: ASSORTED_CODE
A2: 1 | B2: KHI/HO/D/MO/PC COMP/C/22892/08/2024 | C2: 020000046511
A3: 2 | B3: KHI/HO/D/MI/TRR/E/314/08/2024 | C3: 050000777895
A4: 3 | B4: LHR/LHR/D/MO/PC TPP/C/22894/08/2024 | C4: 020000046513
A5: 4 | B5: LHR/LHR/D/MO/PC COMP/C/22897/08/2024 | C5: 020000046516
A6: 5 | B6: KHI/HO/D/MO/PC COMP/C/22898/08/2024 | C6: 020000046517
A7: 6 | B7: KHI/HO/D/MI/TRR/E/316/08/2024 | C7: 050000777899
A8: 7 | B8: LHR/LHR/D/MO/PC COMP/C/22900/08/2024 | C8: 020000046520
A9: 8 | B9: LHR/LHR/F/FR/ND/P/22903/08/2024 | C9: 040000182060
A10: 9 | B10: KHI/HO/D/MO/PC COMP/P/96314/08/2024 | C10: 040000182830
A11: 10 | B11: LHR/LHR/F/MI/TRR/P/314/08/2024 | C11: 040000182920
A12: 11 | B12: KHI/HO/D/MO/PC COMP/E/45317/08/2024 | C12: 050000782035
A13: 12 | B13: KHI/HO/D/MI/TRR/E/317/08/2024 | C13: 050000777901
... A116: 115 | B116: KHI/HO/D/MO/MC COMP/E/53753/03/2025 | C116: 050000865465

Sheet working-sc
A1: POLICY NO. | B1: Assorted_code | C1: Commission | D1: 27Mar250004
A2: LHR/LHR/F/FR/ND/P/22891/08/2024 | B2: =VLOOKUP(A2,policywithagency!B:C,2,0) -> 040000181870 | C2: -1299 | D2: 27Mar250004 | E2: =VLOOKUP(A2,policywithagency!B:D,3,0) -> 09000800 | F2: ="insert into ins_premium_det (premium_rcv_code,assorted_code, rec_amount,premium_rcv_detail_code,remaining_amt, payrec, mode_code,paid_to_code,class_cd) values" -> insert into ins_premium_det (premium_rcv_code,assorted_code, rec_amount,premium_rcv_detail_code,remaining_amt, payrec, mode_code,paid_to_code,class_cd) values | G2: ="('"&D1&"','"&B2&"','"&C2&"',(select max(to_number(i.premium_rcv_detail_code))+1 from ins_premium_det i),'"&C2&"','"&C2&"','05', '"&E2&"','00');" -> ('27Mar250004','040000181870','-1299',(select max(to_number(i.premium_rcv_detail_code))+1 from ins_premium_det i),'-1299','-1299','05', '09000800','00'); | H2: =F2&G2 -> insert into ins_premium_det (premium_rcv_code,assorted_code, rec_amount,premium_rcv_detail_code,remaining_amt, payrec, mode_code,paid_to_code,class_cd) values('27Mar250004','040000181870','-1299',(select max(to_number(i.premium_rcv_detail_code))+1 from ins_premium_det i),'-1299','-1299','05', '09000800','00');
A3: LHR/LHR/F/FR/ND/P/22892/08/2024 | B3: =VLOOKUP(A3,policywithagency!B:C,2,0) -> 040000181899 | C3: -7219 | D3: 27Mar250004 | E3: =VLOOKUP(A3,policywithagency!B:D,3,0) -> 09000800 | F3: ="insert into ins_premium_det (premium_rcv_code,assorted_code, rec_amount,premium_rcv_detail_code,remaining_amt, payrec, mode_code,paid_to_code,class_cd) values" -> insert into ins_premium_det (premium_rcv_code,assorted_code, rec_amount,premium_rcv_detail_code,remaining_amt, payrec, mode_code,paid_to_code,class_cd) values | G3: ="('"&D2&"','"&B3&"','"&C3&"',(select max(to_number(i.premium_rcv_detail_code))+1 from ins_premium_det i),'"&C3&"','"&C3&"','05', '"&E3&"','00');" -> ('27Mar250004','040000181899','-7219',(select max(to_number(i.premium_rcv_detail_code))+1 from ins_premium_det i),'-7219','-7219','05', '09000800','00'); | H3: =F3&G3 -> insert into ins_premium_det (premium_rcv_code,assorted_code, rec_amount,premium_rcv_detail_code,remaining_amt, payrec, mode_code,paid_to_code,class_cd) values('27Mar250004','040000181899','-7219',(select max(to_number(i.premium_rcv_detail_code))+1 from ins_premium_det i),'-7219','-7219','05', '09000800','00');
A4: LHR/LHR/F/FR/ND/P/22894/08/2024 | B4: =VLOOKUP(A4,policywithagency!B:C,2,0) -> 040000181923 | C4: -1088 | D4: 27Mar250004 | E4: =VLOOKUP(A4,policywithagency!B:D,3,0) -> 09000800 | F4: ="insert into ins_premium_det (premium_rcv_code,assorted_code, rec_amount,premium_rcv_detail_code,remaining_amt, payrec, mode_code,paid_to_code,class_cd) values" -> insert into ins_premium_det (premium_rcv_code,assorted_code, rec_amount,premium_rcv_detail_code,remaining_amt, payrec, mode_code,paid_to_code,class_cd) values | G4: ="('"&D3&"','"&B4&"','"&C4&"',(select max(to_number(i.premium_rcv_detail_code))+1 from ins_premium_det i),'"&C4&"','"&C4&"','05', '"&E4&"','00');" -> ('27Mar250004','040000181923','-1088',(select max(to_number(i.premium_rcv_detail_code))+1 from ins_premium_det i),'-1088','-1088','05', '09000800','00'); | H4: =F4&G4 -> insert into ins_premium_det (premium_rcv_code,assorted_code, rec_amount,premium_rcv_detail_code,remaining_amt, payrec, mode_code,paid_to_code,class_cd) values('27Mar250004','040000181923','-1088',(select max(to_number(i.premium_rcv_detail_code))+1 from ins_premium_det i),'-1088','-1088','05', '09000800','00');
A5: LHR/LHR/F/FR/ND/P/22897/08/2024 | B5: =VLOOKUP(A5,policywithagency!B:C,2,0) -> 040000181954 | C5: -4656 | D5: 27Mar250004 | E5: =VLOOKUP(A5,policywithagency!B:D,3,0) -> 09000800 | F5: ="insert into ins_premium_det (premium_rcv_code,assorted_code, rec_amount,premium_rcv_detail_code,remaining_amt, payrec, mode_code,paid_to_code,class_cd) values" -> insert into ins_premium_det (premium_rcv_code,assorted_code, rec_amount,premium_rcv_detail_code,remaining_amt, payrec, mode_code,paid_to_code,class_cd) values | G5: ="('"&D4&"','"&B5&"','"&C5&"',(select max(to_number(i.premium_rcv_detail_code))+1 from ins_premium_det i),'"&C5&"','"&C5&"','05', '"&E5&"','00');" -> ('27Mar250004','040000181954','-4656',(select max(to_number(i.premium_rcv_detail_code))+1 from ins_premium_det i),'-4656','-4656','05', '09000800','00'); | H5: =F5&G5 -> insert into ins_premium_det (premium_rcv_code,assorted_code, rec_amount,premium_rcv_detail_code,remaining_amt, payrec, mode_code,paid_to_code,class_cd) values('27Mar250004','040000181954','-4656',(select max(to_number(i.premium_rcv_detail_code))+1 from ins_premium_det i),'-4656','-4656','05', '09000800','00');
A6: LHR/LHR/F/FR/ND/P/22898/08/2024 | B6: =VLOOKUP(A6,policywithagency!B:C,2,0) -> 040000181958 | C6: -833 | D6: 27Mar250004 | E6: =VLOOKUP(A6,policywithagency!B:D,3,0) -> 09000800 | F6: ="insert into ins_premium_det (premium_rcv_code,assorted_code, rec_amount,premium_rcv_detail_code,remaining_amt, payrec, mode_code,paid_to_code,class_cd) values" -> insert into ins_premium_det (premium_rcv_code,assorted_code, rec_amount,premium_rcv_detail_code,remaining_amt, payrec, mode_code,paid_to_code,class_cd) values | G6: ="('"&D5&"','"&B6&"','"&C6&"',(select max(to_number(i.premium_rcv_detail_code))+1 from ins_premium_det i),'"&C6&"','"&C6&"','05', '"&E6&"','00');" -> ('27Mar250004','040000181958','-833',(select max(to_number(i.premium_rcv_detail_code))+1 from ins_premium_det i),'-833','-833','05', '09000800','00'); | H6: =F6&G6 -> insert into ins_premium_det (premium_rcv_code,assorted_code, rec_amount,premium_rcv_detail_code,remaining_amt, payrec, mode_code,paid_to_code,class_cd) values('27Mar250004','040000181958','-833',(select max(to_number(i.premium_rcv_detail_code))+1 from ins_premium_det i),'-833','-833','05', '09000800','00');
A7: LHR/LHR/F/FR/ND/P/22899/08/2024 | B7: =VLOOKUP(A7,policywithagency!B:C,2,0) -> 040000181962 | C7: -376 | D7: 27Mar250004 | E7: =VLOOKUP(A7,policywithagency!B:D,3,0) -> 09000800 | F7: ="insert into ins_premium_det (premium_rcv_code,assorted_code, rec_amount,premium_rcv_detail_code,remaining_amt, payrec, mode_code,paid_to_code,class_cd) values" -> insert into ins_premium_det (premium_rcv_code,assorted_code, rec_amount,premium_rcv_detail_code,remaining_amt, payrec, mode_code,paid_to_code,class_cd) values | G7: ="('"&D6&"','"&B7&"','"&C7&"',(select max(to_number(i.premium_rcv_detail_code))+1 from ins_premium_det i),'"&C7&"','"&C7&"','05', '"&E7&"','00');" -> ('27Mar250004','040000181962','-376',(select max(to_number(i.premium_rcv_detail_code))+1 from ins_premium_det i),'-376','-376','05', '09000800','00'); | H7: =F7&G7 -> insert into ins_premium_det (premium_rcv_code,assorted_code, rec_amount,premium_rcv_detail_code,remaining_amt, payrec, mode_code,paid_to_code,class_cd) values('27Mar250004','040000181962','-376',(select max(to_number(i.premium_rcv_detail_code))+1 from ins_premium_det i),'-376','-376','05', '09000800','00');
A8: LHR/LHR/F/FR/ND/P/22900/08/2024 | B8: =VLOOKUP(A8,policywithagency!B:C,2,0) -> 040000182042 | C8: -3609 | D8: 27Mar250004 | E8: =VLOOKUP(A8,policywithagency!B:D,3,0) -> 09000800 | F8: ="insert into ins_premium_det (premium_rcv_code,assorted_code, rec_amount,premium_rcv_detail_code,remaining_amt, payrec, mode_code,paid_to_code,class_cd) values" -> insert into ins_premium_det (premium_rcv_code,assorted_code, rec_amount,premium_rcv_detail_code,remaining_amt, payrec, mode_code,paid_to_code,class_cd) values | G8: ="('"&D7&"','"&B8&"','"&C8&"',(select max(to_number(i.premium_rcv_detail_code))+1 from ins_premium_det i),'"&C8&"','"&C8&"','05', '"&E8&"','00');" -> ('27Mar250004','040000182042','-3609',(select max(to_number(i.premium_rcv_detail_code))+1 from ins_premium_det i),'-3609','-3609','05', '09000800','00'); | H8: =F8&G8 -> insert into ins_premium_det (premium_rcv_code,assorted_code, rec_amount,premium_rcv_detail_code,remaining_amt, payrec, mode_code,paid_to_code,class_cd) values('27Mar250004','040000182042','-3609',(select max(to_number(i.premium_rcv_detail_code))+1 from ins_premium_det i),'-3609','-3609','05', '09000800','00');
A9: LHR/LHR/F/FR/ND/P/22902/08/2024 | B9: =VLOOKUP(A9,policywithagency!B:C,2,0) -> 040000182056 | C9: -873 | D9: 27Mar250004 | E9: =VLOOKUP(A9,policywithagency!B:D,3,0) -> 09000800 | F9: ="insert into ins_premium_det (premium_rcv_code,assorted_code, rec_amount,premium_rcv_detail_code,remaining_amt, payrec, mode_code,paid_to_code,class_cd) values" -> insert into ins_premium_det (premium_rcv_code,assorted_code, rec_amount,premium_rcv_detail_code,remaining_amt, payrec, mode_code,paid_to_code,class_cd) values | G9: ="('"&D8&"','"&B9&"','"&C9&"',(select max(to_number(i.premium_rcv_detail_code))+1 from ins_premium_det i),'"&C9&"','"&C9&"','05', '"&E9&"','00');" -> ('27Mar250004','040000182056','-873',(select max(to_number(i.premium_rcv_detail_code))+1 from ins_premium_det i),'-873','-873','05', '09000800','00'); | H9: =F9&G9 -> insert into ins_premium_det (premium_rcv_code,assorted_code, rec_amount,premium_rcv_detail_code,remaining_amt, payrec, mode_code,paid_to_code,class_cd) values('27Mar250004','040000182056','-873',(select max(to_number(i.premium_rcv_detail_code))+1 from ins_premium_det i),'-873','-873','05', '09000800','00');
A10: LHR/LHR/F/FR/ND/P/22903/08/2024 | B10: =VLOOKUP(A10,policywithagency!B:C,2,0) -> 040000182060 | C10: -7251 | D10: 27Mar250004 | E10: =VLOOKUP(A10,policywithagency!B:D,3,0) -> 09000800 | F10: ="insert into ins_premium_det (premium_rcv_code,assorted_code, rec_amount,premium_rcv_detail_code,remaining_amt, payrec, mode_code,paid_to_code,class_cd) values" -> insert into ins_premium_det (premium_rcv_code,assorted_code, rec_amount,premium_rcv_detail_code,remaining_amt, payrec, mode_code,paid_to_code,class_cd) values | G10: ="('"&D9&"','"&B10&"','"&C10&"',(select max(to_number(i.premium_rcv_detail_code))+1 from ins_premium_det i),'"&C10&"','"&C10&"','05', '"&E10&"','00');" -> ('27Mar250004','040000182060','-7251',(select max(to_number(i.premium_rcv_detail_code))+1 from ins_premium_det i),'-7251','-7251','05', '09000800','00'); | H10: =F10&G10 -> insert into ins_premium_det (premium_rcv_code,assorted_code, rec_amount,premium_rcv_detail_code,remaining_amt, payrec, mode_code,paid_to_code,class_cd) values('27Mar250004','040000182060','-7251',(select max(to_number(i.premium_rcv_detail_code))+1 from ins_premium_det i),'-7251','-7251','05', '09000800','00');
A11: LHR/LHR/F/MO/CV/P/98382/09/2024 | B11: =VLOOKUP(A11,policywithagency!B:C,2,0) -> 040000185205 | C11: -765 | D11: 27Mar250004 | E11: =VLOOKUP(A11,policywithagency!B:D,3,0) -> 09000800 | F11: ="insert into ins_premium_det (premium_rcv_code,assorted_code, rec_amount,premium_rcv_detail_code,remaining_amt, payrec, mode_code,paid_to_code,class_cd) values" -> insert into ins_premium_det (premium_rcv_code,assorted_code, rec_amount,premium_rcv_detail_code,remaining_amt, payrec, mode_code,paid_to_code,class_cd) values | G11: ="('"&D10&"','"&B11&"','"&C11&"',(select max(to_number(i.premium_rcv_detail_code))+1 from ins_premium_det i),'"&C11&"','"&C11&"','05', '"&E11&"','00');" -> ('27Mar250004','040000185205','-765',(select max(to_number(i.premium_rcv_detail_code))+1 from ins_premium_det i),'-765','-765','05', '09000800','00'); | H11: =F11&G11 -> insert into ins_premium_det (premium_rcv_code,assorted_code, rec_amount,premium_rcv_detail_code,remaining_amt, payrec, mode_code,paid_to_code,class_cd) values('27Mar250004','040000185205','-765',(select max(to_number(i.premium_rcv_detail_code))+1 from ins_premium_det i),'-765','-765','05', '09000800','00');
A12: LHR/LHR/F/MO/PC COMP/P/98403/09/2024 | B12: =VLOOKUP(A12,policywithagency!B:C,2,0) -> 040000185230 | C12: -362 | D12: 27Mar250004 | E12: =VLOOKUP(A12,policywithagency!B:D,3,0) -> 09000800 | F12: ="insert into ins_premium_det (premium_rcv_code,assorted_code, rec_amount,premium_rcv_detail_code,remaining_amt, payrec, mode_code,paid_to_code,class_cd) values" -> insert into ins_premium_det (premium_rcv_code,assorted_code, rec_amount,premium_rcv_detail_code,remaining_amt, payrec, mode_code,paid_to_code,class_cd) values | G12: ="('"&D11&"','"&B12&"','"&C12&"',(select max(to_number(i.premium_rcv_detail_code))+1 from ins_premium_det i),'"&C12&"','"&C12&"','05', '"&E12&"','00');" -> ('27Mar250004','040000185230','-362',(select max(to_number(i.premium_rcv_detail_code))+1 from ins_premium_det i),'-362','-362','05', '09000800','00'); | H12: =F12&G12 -> insert into ins_premium_det (premium_rcv_code,assorted_code, rec_amount,premium_rcv_detail_code,remaining_amt, payrec, mode_code,paid_to_code,class_cd) values('27Mar250004','040000185230','-362',(select max(to_number(i.premium_rcv_detail_code))+1 from ins_premium_det i),'-362','-362','05', '09000800','00');
A13: LHR/LHR/F/MO/PC COMP/P/98454/09/2024 | B13: =VLOOKUP(A13,policywithagency!B:C,2,0) -> 040000185281 | C13: -749 | D13: 27Mar250004 | E13: =VLOOKUP(A13,policywithagency!B:D,3,0) -> 09000800 | F13: ="insert into ins_premium_det (premium_rcv_code,assorted_code, rec_amount,premium_rcv_detail_code,remaining_amt, payrec, mode_code,paid_to_code,class_cd) values" -> insert into ins_premium_det (premium_rcv_code,assorted_code, rec_amount,premium_rcv_detail_code,remaining_amt, payrec, mode_code,paid_to_code,class_cd) values | G13: ="('"&D12&"','"&B13&"','"&C13&"',(select max(to_number(i.premium_rcv_detail_code))+1 from ins_premium_det i),'"&C13&"','"&C13&"','05', '"&E13&"','00');" -> ('27Mar250004','040000185281','-749',(select max(to_number(i.premium_rcv_detail_code))+1 from ins_premium_det i),'-749','-749','05', '09000800','00'); | H13: =F13&G13 -> insert into ins_premium_det (premium_rcv_code,assorted_code, rec_amount,premium_rcv_detail_code,remaining_amt, payrec, mode_code,paid_to_code,class_cd) values('27Mar250004','040000185281','-749',(select max(to_number(i.premium_rcv_detail_code))+1 from ins_premium_det i),'-749','-749','05', '09000800','00');
... A76: LHR/LHR/F/MO/PC COMP/E/52395/02/2025 | B76: =VLOOKUP(A76,policywithagency!B:C,2,0) -> 050000855943 | C76: 0 | D76: 27Mar250004 | E76: =VLOOKUP(A76,policywithagency!B:D,3,0) -> 09000800 | F76: ="insert into ins_premium_det (premium_rcv_code,assorted_code, rec_amount,premium_rcv_detail_code,remaining_amt, payrec, mode_code,paid_to_code,class_cd) values" -> insert into ins_premium_det (premium_rcv_code,assorted_code, rec_amount,premium_rcv_detail_code,remaining_amt, payrec, mode_code,paid_to_code,class_cd) values | G76: ="('"&D75&"','"&B76&"','"&C76&"',(select max(to_number(i.premium_rcv_detail_code))+1 from ins_premium_det i),'"&C76&"','"&C76&"','05', '"&E76&"','00');" -> ('27Mar250004','050000855943','0',(select max(to_number(i.premium_rcv_detail_code))+1 from ins_premium_det i),'0','0','05', '09000800','00'); | H76: =F76&G76 -> insert into ins_premium_det (premium_rcv_code,assorted_code, rec_amount,premium_rcv_detail_code,remaining_amt, payrec, mode_code,paid_to_code,class_cd) values('27Mar250004','050000855943','0',(select max(to_number(i.premium_rcv_detail_code))+1 from ins_premium_det i),'0','0','05', '09000800','00');

Sheet working-commission
A1: POLICY NO. | B1: Assorted_code | C1: Commission | D1: 27Mar250004
A2: LHR/LHR/F/FR/ND/P/22891/08/2024 | B2: =VLOOKUP(A2,policywithagency!B:C,2,0) -> 040000181870 | C2: 7016 | D2: 27Mar250004 | E2: =VLOOKUP(A2,policywithagency!B:D,3,0) -> 09000800 | F2: ="insert into ins_premium_det (premium_rcv_code,assorted_code, rec_amount,premium_rcv_detail_code,remaining_amt, payrec, mode_code,paid_to_code,class_cd) values" -> insert into ins_premium_det (premium_rcv_code,assorted_code, rec_amount,premium_rcv_detail_code,remaining_amt, payrec, mode_code,paid_to_code,class_cd) values | G2: ="('"&D1&"','"&B2&"','"&C2&"',(select max(to_number(i.premium_rcv_detail_code))+1 from ins_premium_det i),'"&C2&"','"&C2&"','03', '"&E2&"','00');" -> ('27Mar250004','040000181870','7016',(select max(to_number(i.premium_rcv_detail_code))+1 from ins_premium_det i),'7016','7016','03', '09000800','00'); | H2: =F2&G2 -> insert into ins_premium_det (premium_rcv_code,assorted_code, rec_amount,premium_rcv_detail_code,remaining_amt, payrec, mode_code,paid_to_code,class_cd) values('27Mar250004','040000181870','7016',(select max(to_number(i.premium_rcv_detail_code))+1 from ins_premium_det i),'7016','7016','03', '09000800','00');
A3: LHR/LHR/F/FR/ND/P/22892/08/2024 | B3: =VLOOKUP(A3,policywithagency!B:C,2,0) -> 040000181899 | C3: 38981 | D3: 27Mar250004 | E3: =VLOOKUP(A3,policywithagency!B:D,3,0) -> 09000800 | F3: ="insert into ins_premium_det (premium_rcv_code,assorted_code, rec_amount,premium_rcv_detail_code,remaining_amt, payrec, mode_code,paid_to_code,class_cd) values" -> insert into ins_premium_det (premium_rcv_code,assorted_code, rec_amount,premium_rcv_detail_code,remaining_amt, payrec, mode_code,paid_to_code,class_cd) values | G3: ="('"&D2&"','"&B3&"','"&C3&"',(select max(to_number(i.premium_rcv_detail_code))+1 from ins_premium_det i),'"&C3&"','"&C3&"','03', '"&E3&"','00');" -> ('27Mar250004','040000181899','38981',(select max(to_number(i.premium_rcv_detail_code))+1 from ins_premium_det i),'38981','38981','03', '09000800','00'); | H3: =F3&G3 -> insert into ins_premium_det (premium_rcv_code,assorted_code, rec_amount,premium_rcv_detail_code,remaining_amt, payrec, mode_code,paid_to_code,class_cd) values('27Mar250004','040000181899','38981',(select max(to_number(i.premium_rcv_detail_code))+1 from ins_premium_det i),'38981','38981','03', '09000800','00');
A4: LHR/LHR/F/FR/ND/P/22894/08/2024 | B4: =VLOOKUP(A4,policywithagency!B:C,2,0) -> 040000181923 | C4: 5873 | D4: 27Mar250004 | E4: =VLOOKUP(A4,policywithagency!B:D,3,0) -> 09000800 | F4: ="insert into ins_premium_det (premium_rcv_code,assorted_code, rec_amount,premium_rcv_detail_code,remaining_amt, payrec, mode_code,paid_to_code,class_cd) values" -> insert into ins_premium_det (premium_rcv_code,assorted_code, rec_amount,premium_rcv_detail_code,remaining_amt, payrec, mode_code,paid_to_code,class_cd) values | G4: ="('"&D3&"','"&B4&"','"&C4&"',(select max(to_number(i.premium_rcv_detail_code))+1 from ins_premium_det i),'"&C4&"','"&C4&"','03', '"&E4&"','00');" -> ('27Mar250004','040000181923','5873',(select max(to_number(i.premium_rcv_detail_code))+1 from ins_premium_det i),'5873','5873','03', '09000800','00'); | H4: =F4&G4 -> insert into ins_premium_det (premium_rcv_code,assorted_code, rec_amount,premium_rcv_detail_code,remaining_amt, payrec, mode_code,paid_to_code,class_cd) values('27Mar250004','040000181923','5873',(select max(to_number(i.premium_rcv_detail_code))+1 from ins_premium_det i),'5873','5873','03', '09000800','00');
A5: LHR/LHR/F/FR/ND/P/22897/08/2024 | B5: =VLOOKUP(A5,policywithagency!B:C,2,0) -> 040000181954 | C5: 25140 | D5: 27Mar250004 | E5: =VLOOKUP(A5,policywithagency!B:D,3,0) -> 09000800 | F5: ="insert into ins_premium_det (premium_rcv_code,assorted_code, rec_amount,premium_rcv_detail_code,remaining_amt, payrec, mode_code,paid_to_code,class_cd) values" -> insert into ins_premium_det (premium_rcv_code,assorted_code, rec_amount,premium_rcv_detail_code,remaining_amt, payrec, mode_code,paid_to_code,class_cd) values | G5: ="('"&D4&"','"&B5&"','"&C5&"',(select max(to_number(i.premium_rcv_detail_code))+1 from ins_premium_det i),'"&C5&"','"&C5&"','03', '"&E5&"','00');" -> ('27Mar250004','040000181954','25140',(select max(to_number(i.premium_rcv_detail_code))+1 from ins_premium_det i),'25140','25140','03', '09000800','00'); | H5: =F5&G5 -> insert into ins_premium_det (premium_rcv_code,assorted_code, rec_amount,premium_rcv_detail_code,remaining_amt, payrec, mode_code,paid_to_code,class_cd) values('27Mar250004','040000181954','25140',(select max(to_number(i.premium_rcv_detail_code))+1 from ins_premium_det i),'25140','25140','03', '09000800','00');
A6: LHR/LHR/F/FR/ND/P/22898/08/2024 | B6: =VLOOKUP(A6,policywithagency!B:C,2,0) -> 040000181958 | C6: 4498 | D6: 27Mar250004 | E6: =VLOOKUP(A6,policywithagency!B:D,3,0) -> 09000800 | F6: ="insert into ins_premium_det (premium_rcv_code,assorted_code, rec_amount,premium_rcv_detail_code,remaining_amt, payrec, mode_code,paid_to_code,class_cd) values" -> insert into ins_premium_det (premium_rcv_code,assorted_code, rec_amount,premium_rcv_detail_code,remaining_amt, payrec, mode_code,paid_to_code,class_cd) values | G6: ="('"&D5&"','"&B6&"','"&C6&"',(select max(to_number(i.premium_rcv_detail_code))+1 from ins_premium_det i),'"&C6&"','"&C6&"','03', '"&E6&"','00');" -> ('27Mar250004','040000181958','4498',(select max(to_number(i.premium_rcv_detail_code))+1 from ins_premium_det i),'4498','4498','03', '09000800','00'); | H6: =F6&G6 -> insert into ins_premium_det (premium_rcv_code,assorted_code, rec_amount,premium_rcv_detail_code,remaining_amt, payrec, mode_code,paid_to_code,class_cd) values('27Mar250004','040000181958','4498',(select max(to_number(i.premium_rcv_detail_code))+1 from ins_premium_det i),'4498','4498','03', '09000800','00');
A7: LHR/LHR/F/FR/ND/P/22899/08/2024 | B7: =VLOOKUP(A7,policywithagency!B:C,2,0) -> 040000181962 | C7: 2030 | D7: 27Mar250004 | E7: =VLOOKUP(A7,policywithagency!B:D,3,0) -> 09000800 | F7: ="insert into ins_premium_det (premium_rcv_code,assorted_code, rec_amount,premium_rcv_detail_code,remaining_amt, payrec, mode_code,paid_to_code,class_cd) values" -> insert into ins_premium_det (premium_rcv_code,assorted_code, rec_amount,premium_rcv_detail_code,remaining_amt, payrec, mode_code,paid_to_code,class_cd) values | G7: ="('"&D6&"','"&B7&"','"&C7&"',(select max(to_number(i.premium_rcv_detail_code))+1 from ins_premium_det i),'"&C7&"','"&C7&"','03', '"&E7&"','00');" -> ('27Mar250004','040000181962','2030',(select max(to_number(i.premium_rcv_detail_code))+1 from ins_premium_det i),'2030','2030','03', '09000800','00'); | H7: =F7&G7 -> insert into ins_premium_det (premium_rcv_code,assorted_code, rec_amount,premium_rcv_detail_code,remaining_amt, payrec, mode_code,paid_to_code,class_cd) values('27Mar250004','040000181962','2030',(select max(to_number(i.premium_rcv_detail_code))+1 from ins_premium_det i),'2030','2030','03', '09000800','00');
A8: LHR/LHR/F/FR/ND/P/22900/08/2024 | B8: =VLOOKUP(A8,policywithagency!B:C,2,0) -> 040000182042 | C8: 19491 | D8: 27Mar250004 | E8: =VLOOKUP(A8,policywithagency!B:D,3,0) -> 09000800 | F8: ="insert into ins_premium_det (premium_rcv_code,assorted_code, rec_amount,premium_rcv_detail_code,remaining_amt, payrec, mode_code,paid_to_code,class_cd) values" -> insert into ins_premium_det (premium_rcv_code,assorted_code, rec_amount,premium_rcv_detail_code,remaining_amt, payrec, mode_code,paid_to_code,class_cd) values | G8: ="('"&D7&"','"&B8&"','"&C8&"',(select max(to_number(i.premium_rcv_detail_code))+1 from ins_premium_det i),'"&C8&"','"&C8&"','03', '"&E8&"','00');" -> ('27Mar250004','040000182042','19491',(select max(to_number(i.premium_rcv_detail_code))+1 from ins_premium_det i),'19491','19491','03', '09000800','00'); | H8: =F8&G8 -> insert into ins_premium_det (premium_rcv_code,assorted_code, rec_amount,premium_rcv_detail_code,remaining_amt, payrec, mode_code,paid_to_code,class_cd) values('27Mar250004','040000182042','19491',(select max(to_number(i.premium_rcv_detail_code))+1 from ins_premium_det i),'19491','19491','03', '09000800','00');
A9: LHR/LHR/F/FR/ND/P/22902/08/2024 | B9: =VLOOKUP(A9,policywithagency!B:C,2,0) -> 040000182056 | C9: 4716 | D9: 27Mar250004 | E9: =VLOOKUP(A9,policywithagency!B:D,3,0) -> 09000800 | F9: ="insert into ins_premium_det (premium_rcv_code,assorted_code, rec_amount,premium_rcv_detail_code,remaining_amt, payrec, mode_code,paid_to_code,class_cd) values" -> insert into ins_premium_det (premium_rcv_code,assorted_code, rec_amount,premium_rcv_detail_code,remaining_amt, payrec, mode_code,paid_to_code,class_cd) values | G9: ="('"&D8&"','"&B9&"','"&C9&"',(select max(to_number(i.premium_rcv_detail_code))+1 from ins_premium_det i),'"&C9&"','"&C9&"','03', '"&E9&"','00');" -> ('27Mar250004','040000182056','4716',(select max(to_number(i.premium_rcv_detail_code))+1 from ins_premium_det i),'4716','4716','03', '09000800','00'); | H9: =F9&G9 -> insert into ins_premium_det (premium_rcv_code,assorted_code, rec_amount,premium_rcv_detail_code,remaining_amt, payrec, mode_code,paid_to_code,class_cd) values('27Mar250004','040000182056','4716',(select max(to_number(i.premium_rcv_detail_code))+1 from ins_premium_det i),'4716','4716','03', '09000800','00');
A10: LHR/LHR/F/FR/ND/P/22903/08/2024 | B10: =VLOOKUP(A10,policywithagency!B:C,2,0) -> 040000182060 | C10: 39154 | D10: 27Mar250004 | E10: =VLOOKUP(A10,policywithagency!B:D,3,0) -> 09000800 | F10: ="insert into ins_premium_det (premium_rcv_code,assorted_code, rec_amount,premium_rcv_detail_code,remaining_amt, payrec, mode_code,paid_to_code,class_cd) values" -> insert into ins_premium_det (premium_rcv_code,assorted_code, rec_amount,premium_rcv_detail_code,remaining_amt, payrec, mode_code,paid_to_code,class_cd) values | G10: ="('"&D9&"','"&B10&"','"&C10&"',(select max(to_number(i.premium_rcv_detail_code))+1 from ins_premium_det i),'"&C10&"','"&C10&"','03', '"&E10&"','00');" -> ('27Mar250004','040000182060','39154',(select max(to_number(i.premium_rcv_detail_code))+1 from ins_premium_det i),'39154','39154','03', '09000800','00'); | H10: =F10&G10 -> insert into ins_premium_det (premium_rcv_code,assorted_code, rec_amount,premium_rcv_detail_code,remaining_amt, payrec, mode_code,paid_to_code,class_cd) values('27Mar250004','040000182060','39154',(select max(to_number(i.premium_rcv_detail_code))+1 from ins_premium_det i),'39154','39154','03', '09000800','00');
A11: LHR/LHR/F/MO/CV/P/98382/09/2024 | B11: =VLOOKUP(A11,policywithagency!B:C,2,0) -> 040000185205 | C11: 2679 | D11: 27Mar250004 | E11: =VLOOKUP(A11,policywithagency!B:D,3,0) -> 09000800 | F11: ="insert into ins_premium_det (premium_rcv_code,assorted_code, rec_amount,premium_rcv_detail_code,remaining_amt, payrec, mode_code,paid_to_code,class_cd) values" -> insert into ins_premium_det (premium_rcv_code,assorted_code, rec_amount,premium_rcv_detail_code,remaining_amt, payrec, mode_code,paid_to_code,class_cd) values | G11: ="('"&D10&"','"&B11&"','"&C11&"',(select max(to_number(i.premium_rcv_detail_code))+1 from ins_premium_det i),'"&C11&"','"&C11&"','03', '"&E11&"','00');" -> ('27Mar250004','040000185205','2679',(select max(to_number(i.premium_rcv_detail_code))+1 from ins_premium_det i),'2679','2679','03', '09000800','00'); | H11: =F11&G11 -> insert into ins_premium_det (premium_rcv_code,assorted_code, rec_amount,premium_rcv_detail_code,remaining_amt, payrec, mode_code,paid_to_code,class_cd) values('27Mar250004','040000185205','2679',(select max(to_number(i.premium_rcv_detail_code))+1 from ins_premium_det i),'2679','2679','03', '09000800','00');
A12: LHR/LHR/F/MO/PC COMP/P/98403/09/2024 | B12: =VLOOKUP(A12,policywithagency!B:C,2,0) -> 040000185230 | C12: 1267 | D12: 27Mar250004 | E12: =VLOOKUP(A12,policywithagency!B:D,3,0) -> 09000800 | F12: ="insert into ins_premium_det (premium_rcv_code,assorted_code, rec_amount,premium_rcv_detail_code,remaining_amt, payrec, mode_code,paid_to_code,class_cd) values" -> insert into ins_premium_det (premium_rcv_code,assorted_code, rec_amount,premium_rcv_detail_code,remaining_amt, payrec, mode_code,paid_to_code,class_cd) values | G12: ="('"&D11&"','"&B12&"','"&C12&"',(select max(to_number(i.premium_rcv_detail_code))+1 from ins_premium_det i),'"&C12&"','"&C12&"','03', '"&E12&"','00');" -> ('27Mar250004','040000185230','1267',(select max(to_number(i.premium_rcv_detail_code))+1 from ins_premium_det i),'1267','1267','03', '09000800','00'); | H12: =F12&G12 -> insert into ins_premium_det (premium_rcv_code,assorted_code, rec_amount,premium_rcv_detail_code,remaining_amt, payrec, mode_code,paid_to_code,class_cd) values('27Mar250004','040000185230','1267',(select max(to_number(i.premium_rcv_detail_code))+1 from ins_premium_det i),'1267','1267','03', '09000800','00');
A13: LHR/LHR/F/MO/PC COMP/P/98454/09/2024 | B13: =VLOOKUP(A13,policywithagency!B:C,2,0) -> 040000185281 | C13: 2623 | D13: 27Mar250004 | E13: =VLOOKUP(A13,policywithagency!B:D,3,0) -> 09000800 | F13: ="insert into ins_premium_det (premium_rcv_code,assorted_code, rec_amount,premium_rcv_detail_code,remaining_amt, payrec, mode_code,paid_to_code,class_cd) values" -> insert into ins_premium_det (premium_rcv_code,assorted_code, rec_amount,premium_rcv_detail_code,remaining_amt, payrec, mode_code,paid_to_code,class_cd) values | G13: ="('"&D12&"','"&B13&"','"&C13&"',(select max(to_number(i.premium_rcv_detail_code))+1 from ins_premium_det i),'"&C13&"','"&C13&"','03', '"&E13&"','00');" -> ('27Mar250004','040000185281','2623',(select max(to_number(i.premium_rcv_detail_code))+1 from ins_premium_det i),'2623','2623','03', '09000800','00'); | H13: =F13&G13 -> insert into ins_premium_det (premium_rcv_code,assorted_code, rec_amount,premium_rcv_detail_code,remaining_amt, payrec, mode_code,paid_to_code,class_cd) values('27Mar250004','040000185281','2623',(select max(to_number(i.premium_rcv_detail_code))+1 from ins_premium_det i),'2623','2623','03', '09000800','00');
... A76: LHR/LHR/F/MO/PC COMP/E/52395/02/2025 | B76: =VLOOKUP(A76,policywithagency!B:C,2,0) -> 050000855943 | C76: -966 | D76: 27Mar250004 | E76: =VLOOKUP(A76,policywithagency!B:D,3,0) -> 09000800 | F76: ="insert into ins_premium_det (premium_rcv_code,assorted_code, rec_amount,premium_rcv_detail_code,remaining_amt, payrec, mode_code,paid_to_code,class_cd) values" -> insert into ins_premium_det (premium_rcv_code,assorted_code, rec_amount,premium_rcv_detail_code,remaining_amt, payrec, mode_code,paid_to_code,class_cd) values | G76: ="('"&D75&"','"&B76&"','"&C76&"',(select max(to_number(i.premium_rcv_detail_code))+1 from ins_premium_det i),'"&C76&"','"&C76&"','03', '"&E76&"','00');" -> ('27Mar250004','050000855943','-966',(select max(to_number(i.premium_rcv_detail_code))+1 from ins_premium_det i),'-966','-966','03', '09000800','00'); | H76: =F76&G76 -> insert into ins_premium_det (premium_rcv_code,assorted_code, rec_amount,premium_rcv_detail_code,remaining_amt, payrec, mode_code,paid_to_code,class_cd) values('27Mar250004','050000855943','-966',(select max(to_number(i.premium_rcv_detail_code))+1 from ins_premium_det i),'-966','-966','03', '09000800','00');

Sheet policywithagency
B1: FUNC_ASSORTED_STRING(IA.ASSORTED_CODE) | C1: ASSORTED_CODE | D1: AGENCY_CODE
A2: 1 | B2: KHI/HO/D/MO/PC COMP/C/22892/08/2024 | C2: 020000046511 | D2: 09000210
A3: 2 | B3: KHI/HO/D/MI/TRR/E/314/08/2024 | C3: 050000777895 | D3: 09000221
A4: 3 | B4: LHR/LHR/D/MO/PC TPP/C/22894/08/2024 | C4: 020000046513 | D4: 09000221
A5: 4 | B5: LHR/LHR/D/MO/PC COMP/C/22897/08/2024 | C5: 020000046516 | D5: 09000221
A6: 5 | B6: KHI/HO/D/MO/PC COMP/C/22898/08/2024 | C6: 020000046517 | D6: 09000210
A7: 6 | B7: KHI/HO/D/MI/TRR/E/316/08/2024 | C7: 050000777899 | D7: 09000221
A8: 7 | B8: LHR/LHR/D/MO/PC COMP/C/22900/08/2024 | C8: 020000046520 | D8: 09000221
A9: 8 | B9: LHR/LHR/F/FR/ND/P/22903/08/2024 | C9: 040000182060 | D9: 09000800
A10: 9 | B10: KHI/HO/D/MO/PC COMP/P/96314/08/2024 | C10: 040000182830 | D10: 09000499
A11: 10 | B11: LHR/LHR/F/MI/TRR/P/314/08/2024 | C11: 040000182920 | D11: 09000800
A12: 11 | B12: KHI/HO/D/MO/PC COMP/E/45317/08/2024 | C12: 050000782035 | D12: 09000920
A13: 12 | B13: KHI/HO/D/MI/TRR/E/317/08/2024 | C13: 050000777901 | D13: 09000221
... A116: 115 | B116: KHI/HO/D/MO/MC COMP/E/53753/03/2025 | C116: 050000865465 | D116: 09000221
