Workbook

Sheet sheet
A1: Sr. | B1: Status | C1: Contract No. | D1: Contract Status | E1: Insurance Agency | F1: Customer Name | G1: City | H1: CNIC No. | I1: Home Phone# | J1: Mobile Number | K1: Business Phone# | L1: Mail Address | M1: Finance Amount | N1: Car Price | O1: Ins. Policy | P1: Ins. Expiry Date | Q1: Engine No. | R1: Chassis No. | S1: Car Category | T1: Reg. No. | U1: Car Name | V1: Model | W1: Contract Booking Date | X1: Contract Value Date | Y1: Contract Maturity Date | Z1: Purchase Order No. | AA1: Tenor#2 | AB1: Tracker Company | AC1: Tracker Reference Number | AD1: Tracker Installation Date | AE1: Insurance Rate | AF1: Sum Insured | AG1: Premium | AH1: OLD Contract Ref | AI1: Remarks-I | AJ1: Remarks-II | AK1: Policy # | AL1: Tms Prem | AM1: Issue Date | AN1: End. # | AO1: Difference
A2: 5 | B2: NORM | C2: 9976AD1220110005 | D2: A | E2: T-PAK | F2: MALIK ADNAN YAQOOB | G2: Islamabad | H2: 37405-7616612-3 | I2: 03335142774 | K2: 0 | L2: H # 5-A ST # 24 SECTOR F-7/2 ISLAMABAD PK | M2: 1807500 | N2: 3615000 | O2: 59294/0004/03/2022 | P2: 45717 | Q2: 14808473 | R2: 025239 | U2: HONDA BRV-IVTEC-S | V2: 2022 | W2: 11-JAN-2022 | X2: 11-MAR-2022 | Y2: 11-Mar-2027 | Z2: OLAISD300083024 | AA2: 5 | AB2: ITECL | AC2: 6520/03/2022 | AD2: 02-MAR-2022 | AE2: 2% | AF2: 2892000 | AG2: 57840 | AJ2: T-PAK | AK2: KHI/HO/D/MO/PC COMP/C/108044/5/03/2025 | AL2: 57840 | AM2: 45733 | AO2: =AG2-AL2 -> 0
A3: 8 | B3: NORM | C3: 9976AD1210300105 | D3: A | E3: T-PAK | F3: MUHAMMAD AAMIR | G3: Rawalpindi | H3: 35200-1536704-3 | J3: 03334001278 | K3: 0512283654 | L3: HOUSE NO 125 STREET NO 71 SECTOR G-9/3 ISLAMABAD | M3: 2472600 | N3: 4121000 | O3: 53968/00001/03/2021 | P3: 45717 | Q3: Z16918554 | R3: 070717 | U3: HONDA CIVIC VTI ORIEL P/T | V3: 2021 | W3: 30-JAN-2021 | X3: 21-MAR-2021 | Y3: 21-Mar-2026 | Z3: OLARWP300065591 | AA3: 5 | AB3: CTRK | AC3: DIB0029769 | AD3: 03-MAR-2021 | AE3: 2% | AF3: 3296800 | AG3: 65936 | AJ3: T-PAK | AK3: KHI/HO/D/MO/PC COMP/C/108044/6/03/2025 | AL3: 65936 | AM3: 45733 | AO3: =AG3-AL3 -> 0
A4: 22 | B4: NORM | C4: 9976AD1212730065 | D4: A | E4: T-PAK | F4: FARHAN MANZOOR | G4: Faisalabad | H4: 33100-4587597-7 | I4: 03006640592 | J4: 03006640592, 03006640592 | K4: 0418787931 | L4: H NO P-154 ST NO 05 KHALID ABAD NO 01 FAISALABAD PK | M4: 885500 | N4: 1610000 | O4: 58470/00291/02/2022 | P4: 45718 | Q4: 230730 | R4: 10130728 | U4: SUZUKI WAGON R VXL | V4: 2021 | W4: 30-SEP-2021 | X4: 11-MAR-2022 | Y4: 11-Mar-2026 | Z4: OLAFSD300074293 | AA4: 4 | AB4: CTRK | AC4: DIB0033650 | AD4: 02-MAR-2022 | AE4: 2% | AF4: 1288000 | AG4: 25760 | AJ4: T-PAK | AK4: KHI/HO/D/MO/PC COMP/C/108044/20/03/2025 | AL4: 25760 | AM4: 45733 | AO4: =AG4-AL4 -> 0
A5: 25 | B5: NORM | C5: 9976AP1220660001 | D5: A | E5: T-PAK | F5: ZAHEER ASGHAR | G5: Gujranwala | H5: 34104-5573816-3 | I5: 03317777139 | J5: 03317777139 | K5: 03317777139 | L5: KOT NOORA ROAD MOH SIKANDAR PURA GH AKHAR MANDI GUJRANWALA PK | M5: 1100000 | N5: 2000000 | O5: 59294/00015/03/2022 | P5: 45718 | Q5: 17441653 | R5: R181898 | S5: LEC-16-4453 | T5: LEC-16-4453 | U5: HONDA CITY I-VTEC | V5: 2016 | W5: 07-MAR-2022 | X5: 11-MAR-2022 | Y5: 11-Mar-2027 | Z5: OLAGWL300085054 | AA5: 5 | AB5: CTRK | AC5: DIB0033723 | AD5: 04-MAR-2022 | AE5: 1.5% | AF5: 1600000 | AG5: 24000 | AJ5: T-PAK | AK5: KHI/HO/D/MO/PC COMP/C/108044/22/03/2025 | AL5: 24000 | AM5: 45733 | AO5: =AG5-AL5 -> 0
A6: 29 | B6: NORM | C6: 9976AD1213290019 | D6: A | E6: T-PAK | F6: SOFIA OWAIS | G6: Karachi | H6: 42201-0660881-2 | I6: 03333666848 | J6: 03333666848 | K6: 0 | L6: HOUSE NO 54 B/1 KHAYABAN-E- BAHRIA DHA PHASE 7 SHEEL PETROL PUMP KARACHI PK | M6: 2173500 | N6: 3105000 | O6: 59294/00016/03/2022 | P6: 45718 | Q6: 2A47420 | R6: 9517702 | U6: TOYOTA YARIS ATIV X 1.5 AT | V6: 2022 | W6: 25-NOV-2021 | X6: 11-MAR-2022 | Y6: 11-Mar-2027 | Z6: OLAKHI300080262 | AA6: 5 | AB6: FLCN | AC6: 108748/03/2022 | AD6: 03-MAR-2022 | AE6: 2% | AF6: 2484000 | AG6: 49680 | AJ6: T-PAK | AK6: KHI/HO/D/MO/PC COMP/C/108044/30/03/2025 | AL6: 49680 | AM6: 45733 | AO6: =AG6-AL6 -> 0
A7: 31 | B7: NORM | C7: 9976AP1210140002 | D7: A | E7: T-PAK | F7: BILAL AHMAD | G7: Lahore | H7: 35202-8138215-5 | I7: 3361908430 | J7: 3361908430 | K7: 4235111188 | L7: OFFICE NO 13 1ST FLOOR GLAMAR ONE P LAZA MAIN PECO ROAD MOCHIPURA LAHORE | M7: 2072250 | N7: 2763000 | O7: 2524/02288/00040/01/2021 | P7: 45669 | Q7: 2A09535 | R7: 7005411 | S7: NEW | U7: YARIS ATIV CVT 1.3 | V7: 2021 | W7: 44210 | X7: 21-JAN-2021 | Y7: 46043 | Z7: OLDLHR300064859 | AA7: 5 | AB7: CTRK | AC7: DIB0029335 | AD7: 44209 | AE7: 2% | AF7: 2072250 | AG7: 41445 | AJ7: EFU-TW | AK7: KHI/HO/D/MO/PC COMP/C/106590/214/01/2025 | AL7: 41445 | AM7: 45681 | AO7: =AG7-AL7 -> 0
A8: 32 | B8: NORM | C8: 9976AD2210300042 | D8: A | E8: T-PAK | F8: HAFEEZ UR REHMAN NASIR | G8: Lahore | H8: 35202-3344491-1 | I8: 042-7845338 0321-4121057 | J8: 0321-4121057 | K8: 042-35783219 | L8: H NO 124 JASMEEN BLOCK PARK VIEW VILLAGE OPPSITE EME SOCIETY MULTAN ROAD LAHORE | M8: 2884700 | N8: 4121000 | O8: 53968/00005/03/2021 | P8: 45718 | Q8: R18Z16918627 | R8: NFBFC6660MR070786 | U8: HONDA CIVIC | V8: 2021 | W8: 30-JAN-2021 | X8: 21-MAR-2021 | Y8: 21-Mar-2026 | Z8: OLALHR300065597 | AA8: 5 | AB8: CTRK | AC8: DIB0029772 | AD8: 03-MAR-2021 | AE8: 2% | AF8: 3090750 | AG8: 61815 | AJ8: T-PAK | AK8: KHI/HO/D/MO/PC COMP/C/108044/32/03/2025 | AL8: 61815 | AM8: 45733 | AO8: =AG8-AL8 -> 0
A9: 33 | B9: WACH | C9: 9976AP1220320087 | D9: A | E9: T-PAK | F9: MUHAMMAD NAVEED SHAIKH | G9: Hyderabad | H9: 41303-7851664-7 | I9: 03363082992 | J9: 03363082992 | K9: 03363082992 | L9: HOUSE # 75/A BLOCK A-1 BISMILLAH CI TY UNIT # 10 LATIFABAD NEAR ABDUL G HYDERABAD PK | M9: 1500000 | N9: 2000000 | O9: 57872/00288/01/2022 | P9: 45687 | Q9: 135929 | R9: 10035925 | S9: USD | T9: BPJ-276 | U9: SUZUKI CULTUS VXL | V9: 2019 | W9: 44593 | X9: 03-FEB-2022 | Y9: 47152 | Z9: OLUHYD300083841 | AA9: 7 | AB9: CTRK | AC9: DIB0033348 | AD9: 31-JAN-2022 | AE9: 1.5% | AF9: 1600000 | AG9: 24000 | AJ9: IGI-TW | AK9: KHI/HO/D/MO/PC COMP/P/108413/1/03/2025 | AL9: 24000 | AM9: 45743 | AO9: =AG9-AL9 -> 0
A10: 34 | B10: NORM | C10: 9976AD1201790028 | D10: A | E10: T-PAK | F10: MISBAH BASHIR | G10: Lahore | H10: 35202-3770201-2 | I10: 03060475045 | J10: 03060475045 | K10: 03060475045 | L10: OFF# 120 3 D 2 GREEN TOWN LAHORE | M10: 976575 | N10: 1274000 | O10: 50255/00026/01/2019 | P10: 45680 | Q10: 180335 | R10: 10080342 | S10: NEW | T10: LEA-19-4251 | U10: WAGONR VXL | V10: 2018 | W10: 44009 | X10: 27-SEP-2020 | Y10: 46230 | Z10: POALHR300040075 | AA10: 7 | AB10: CTRK | AC10: TDIDIB0026279 | AD10: 24-JAN-2019 | AE10: 3.1% | AF10: 764400 | AG10: 23696 | AH10: 9976AD1183120002 | AI10: CO19 Relief Principal Deferment Cases | AJ10: T-PAK | AK10: KHI/HO/D/MO/PC COMP/C/106590/7/01/2025 | AL10: 23696 | AM10: 45681 | AO10: =AG10-AL10 -> 0
A11: 35 | B11: NORM | C11: 9976AD2233520001 | D11: A | E11: T-PAK | F11: MUHAMMAD FAREED | G11: Faisalabad | H11: 33102-7009350-1 | I11: 03120000592 | J11: 03120000592, 03120000592 | K11: 03120000592 | L11: P-137 ST NO 01 ISLAM NAGAR FSD NEAR SOFIA MASJID FAISALABAD PK | M11: 2846800 | N11: 5176000 | O11: 81032/00026/01/2024 | P11: 45680 | Q11: 2A64781 | R11: 7042414 | S11: NEW | U11: TOYOTA YARIS AERO 1.3 | V11: 2023 | W11: 45278 | X11: 03-FEB-2024 | Y11: 46421 | Z11: OLAFSD300098610 | AA11: 3 | AB11: CTRK | AC11: DIB0035556 | AD11: 24-JAN-2024 | AE11: 1.75% | AF11: 4658400 | AG11: 81522 | AJ11: T-PAK | AK11: KHI/HO/D/MO/PC COMP/C/106590/197/01/2025 | AL11: 76993 | AM11: 45681 | AN11: KHI/HO/D/MO/PC COMP/E/52918/00197/03/2025 | AO11: =AG11-AL11 -> 4529
A12: 36 | B12: NORM | C12: 9976AD1213330059 | D12: A | E12: T-PAK | F12: MUHAMMAD ADNAN BUTT | G12: Rawalpindi | H12: 37405-0137234-5 | I12: 03215050004 | K12: 0 | L12: H # 1-A ST # 1 SECTOR G PHASE 8 BAH RIA TOWN ISLAMABAD PK | M12: 1746400 | N12: 2183000 | O12: 66406/00048/01/2023 | P12: 45680 | Q12: 174463 | R12: 711781 | S12: NEW | U12: KIA PICANTO 1.0 L A/T | V12: 2023 | W12: 44529 | X12: 27-JAN-2023 | Y12: 46779 | Z12: OLARWP300060642 | AA12: 5 | AB12: ITECL | AC12: 9877/01/2023 | AD12: 25-JAN-2023 | AE12: 2% | AF12: 1855550 | AG12: 37111 | AJ12: T-PAK | AK12: KHI/HO/D/MO/PC COMP/C/106590/200/01/2025 | AL12: 32745 | AM12: 45681 | AN12: KHI/HO/D/MO/PC COMP/E/52918/00200/03/2025 | AO12: =AG12-AL12 -> 4366
A13: 37 | B13: NORM | C13: 9976AD1223550010 | D13: A | E13: T-PAK | F13: MAHBOOB AHMED | G13: Karachi | H13: 31301-4548937-7 | J13: 00971547194644 | L13: FLAT NO318 U04 ITALY CLUSTER INTERNATIONAL CITY DUBAI 506003 UNITED ARAB EMIRATES | M13: 3970200 | N13: 6108000 | O13: DIB/T/39825/KHI/0123 | P13: 45674 | Q13: 90000618 | R13: 501475 | S13: RDA | U13: PEUGEOT 2008 ALLURE | V13: 2023 | W13: 44916 | X13: 21-JAN-2023 | Y13: 46408 | Z13: OLAKHI300091275 | AA13: 4 | AB13: ITFT | AC13: 9758/01/2023/ITFM | AD13: 09-JAN-2023 | AE13: 1.4% | AF13: 4886400 | AG13: 68410 | AJ13: T-PAK | AK13: KHI/HO/D/MO/PC COMP/C/106590/268/01/2025 | AL13: 68410 | AM13: 45681 | AO13: =AG13-AL13 -> 0
A14: 38 | B14: NORM | C14: 9976AP1220670005 | D14: A | E14: T-PAK | F14: FAIZAN AHMED | G14: Faisalabad | H14: 35501-0352057-3 | I14: 03229999968 | J14: 03229999968, 03229999968 | K14: 03229999968 | L14: P-49 ST NO 6 AL NOOR GARDENS FSD FAISALABAD PK | M14: 2145000 | N14: 3300000 | O14: 59294/00014/03/2022 | P14: 45718 | Q14: 71402490 | R14: 008498 | S14: AAF-400 | T14: AAF-400 | U14: HONDA CIVIC 1.5L TURBO | V14: 2016 | W14: 08-MAR-2022 | X14: 11-MAR-2022 | Y14: 11-Mar-2027 | Z14: OLUFSD300085052 | AA14: 5 | AB14: CTRK | AC14: DIB0033722 | AD14: 08-MAR-2022 | AE14: 1.5% | AF14: 2640000 | AG14: 39600 | AJ14: T-PAK | AK14: KHI/HO/D/MO/PC COMP/C/108044/39/03/2025 | AL14: 39600 | AM14: 45733 | AO14: =AG14-AL14 -> 0
A15: 39 | B15: NORM | C15: 9976AD1212420025 | D15: A | E15: T-PAK | F15: MUHMMAD HUSSAIN AFZAL | G15: Lahore | H15: 35201-7016546-3 | I15: 03474357791 | J15: 03474357791 | K15: 04236311747 | L15: 509,510,515,516 NATIONAL TOWER 28 E GERTON ROAD LAHORE | M15: 993000 | N15: 1655000 | O15: 57872/00115/01/2022 | P15: 45674 | Q15: 189873 | R15: 10089868 | S15: NEW | U15: SUZUKI CULTUS VXR EURO II | V15: 2021 | W15: 44438 | X15: 27-JAN-2022 | Y15: 46779 | Z15: OLALHR300072668 | AA15: 6 | AB15: CTRK | AC15: DIB0033202 | AD15: 19-JAN-2022 | AE15: 2% | AF15: 1324000 | AG15: 26480 | AJ15: T-PAK | AK15: KHI/HO/D/MO/PC COMP/C/106590/281/01/2025 | AL15: 24825 | AM15: 45681 | AN15: KHI/HO/D/MO/PC COMP/E/52918/00281/03/2025 | AO15: =AG15-AL15 -> 1655
A16: 40 | B16: NORM | C16: 997APD2201790054 | D16: A | E16: T-PAK | F16: MUHAMMAD ABDULLAH AWAN | G16: Lahore | H16: 35201-5582150-9 | I16: 03219484109 | J16: 03009484109 03219484109 | K16: 04235600244 | L16: VILLAGE HAYER P O KHAS BEDIAN ROAD LHR | M16: 1179969 | N16: 1855000 | O16: 51671/00047/01/2020 | P16: 45687 | Q16: 154342 | R16: 10054330 | S16: NEW | T16: LEA-20-2894 | U16: SUZUKI CULTUS VXL | V16: 2020 | W16: 44009 | X16: 27-SEP-2020 | Y16: 45865 | Z16: PODLHR300053053 | AA16: 5 | AB16: CTRK | AC16: DIB0028161 | AD16: 31-JAN-2020 | AE16: 2.5% | AF16: 1391250 | AG16: 34781 | AH16: 997APD2200310017 | AI16: CO19 Relief Principal Deferment Cases | AJ16: T-PAK | AK16: KHI/HO/D/MO/PC COMP/C/106590/3/01/2025 | AL16: 34781 | AM16: 45681 | AO16: =AG16-AL16 -> 0
A17: 41 | B17: WACH | C17: 9976AD2212720023 | D17: A | E17: T-PAK | F17: SAQIB SARWAR | G17: Karachi | H17: 42101-9970985-1 | I17: 03432480513 | J17: 03432480513 | K17: 03432480513 | L17: SCHEME # 33 H # A-743 AHSANABAD NEW KARACHI KARACHI PK | M17: 1001250 | N17: 1335000 | O17: 59294/00017/03/2022 | P17: 45718 | Q17: 215049 | R17: 1115064 | U17: SUZUKI ALTO VXR EURO II | V17: 2022 | W17: 29-SEP-2021 | X17: 11-MAR-2022 | Y17: 11-Mar-2029 | Z17: OLAKHI300074288 | AA17: 7 | AB17: CTRK | AC17: DIB0033700 | AD17: 03-MAR-2022 | AE17: 2% | AF17: 1068000 | AG17: 21360 | AJ17: T-PAK | AK17: KHI/HO/D/MO/PC COMP/C/108044/42/03/2025 | AL17: 21360 | AM17: 45733 | AO17: =AG17-AL17 -> 0
A18: 42 | B18: NORM | C18: 997APD1201790099 | D18: A | E18: T-PAK | F18: MUHAMMAD BILAL ASHIQ | G18: Lahore | H18: 35202-1989362-7 | J18: 03004621267 | L18: H NO 18/A, MOHALLAH RAVI COLONY 2 BUND ROAD LAHORE | M18: 1243716 | N18: 1695000 | O18: 51671/00042/01/2020 | P18: 45686 | Q18: 202053 | R18: 10101882 | S18: NEW | T18: LEA-20-2840 | U18: WAGON R VXL | V18: 2020 | W18: 44009 | X18: 27-SEP-2020 | Y18: 45865 | Z18: PODLHR300053036 | AA18: 5 | AB18: CTRK | AC18: DIB0028149 | AD18: 30-JAN-2020 | AE18: 2% | AF18: 1017000 | AG18: 18647 | AH18: 997APD1200310007 | AI18: CO19 Relief Principal Deferment Cases | AJ18: T-PAK | AK18: KHI/HO/D/MO/PC COMP/C/106590/5/01/2025 | AL18: 18647 | AM18: 45681 | AO18: =AG18-AL18 -> 0
A19: 43 | B19: WACH | C19: 9976AP2201810001 | D19: A | E19: T-PAK | F19: SULTAN GHAZI | G19: Karachi | H19: 42201-0574561-7 | I19: 34387070 | J19: 03211466533 | K19: 34893635 | L19: FLAT NO 3 AND 4 1ST FLOOR 825 C IMRAN APPT BLOCK 2 PECHS OPP JHEEL PARK KARACHI | M19: 1512095 | N19: 2554500 | O19: DIB/T/19765/KHI/0118 | P19: 45660 | Q19: 327032 | R19: 7026147 | S19: NEW | T19: BLK-228 | U19: TOYOTA COROLLA ALTIS GRANDE CVT | V19: 2017 | W19: 44011 | X19: 03-OCT-2020 | Y19: 45841 | Z19: PODKHI300028960 | AA19: 7 | AB19: FLCN | AC19: 14460/01/2018 | AD19: 04-JAN-2018 | AE19: 3.2% | AF19: 1532700 | AG19: 39852 | AH19: 9976AP2180050003 | AI19: CO19 Relief Principal Deferment Cases | AJ19: TDI-TW | AK19: KHI/HO/D/MO/PC COMP/C/106590/6/01/2025 | AL19: 39852 | AM19: 45681 | AO19: =AG19-AL19 -> 0
A20: 44 | B20: WACH | C20: 9976AP1220310042 | D20: A | E20: T-PAK | F20: WASEEM YOUNIS | G20: Karachi | H20: 42101-7965884-9 | I20: 03432555365 | K20: 02199012719 | L20: FLAT # 202 JINNAH COMPLEX BLOCK A- M.A JINNAH ROAD KARACHI KARACHI PK | M20: 1024000 | N20: 1280000 | O20: DIB/T/35492/KHI/0122 | P20: 45687 | Q20: B-110096 | R20: PK10010085 | S20: USD | T20: BEW-828 | U20: SUZUKI WAGNOR VXL | V20: 2015 | W20: 44592 | X20: 03-FEB-2022 | Y20: 46056 | Z20: OLUKHI300083734 | AA20: 4 | AB20: CTRK | AC20: TDIDIB0030017 | AD20: 31-JAN-2022 | AE20: 1.5% | AF20: 1024000 | AG20: 15360 | AJ20: TDI-TW | AK20: KHI/HO/D/MO/PC COMP/P/108413/2/03/2025 | AL20: 15360 | AM20: 45743 | AO20: =AG20-AL20 -> 0
A21: 45 | B21: NORM | C21: 9976AP2220310051 | D21: A | E21: T-PAK | F21: HAFIZ UMAIR UL HASSAN HASHMI | G21: Karachi | H21: 42101-2139260-7 | I21: 03219473373 | J21: 3219473373, 3219473373 | K21: 3219473373 | L21: PLOT # 2B2 FLAT # A-2 1ST FLOOR BAS HIR MARKET FLATS BASHIR MARKET COMM KARACHI PK | M21: 1190000 | N21: 1700000 | O21: DIB/T/35490/KHI/0122 | P21: 45687 | Q21: 13025787 | R21: 10025768 | S21: USD | T21: BCC-937 | U21: SUZUKI SWIFT A/T NAVIGATION | V21: 2014 | W21: 44592 | X21: 03-FEB-2022 | Y21: 46056 | Z21: OLUKHI300083746 | AA21: 4 | AB21: CTRK | AC21: TDIDIB0030016 | AD21: 31-JAN-2022 | AE21: 1.5% | AF21: 1360000 | AG21: 20400 | AJ21: TDI-TW | AK21: KHI/HO/D/MO/PC COMP/P/108413/3/03/2025 | AL21: 20400 | AM21: 45743 | AO21: =AG21-AL21 -> 0
A22: 46 | B22: NORM | C22: 9976AP2220310064 | D22: A | E22: T-PAK | F22: MUHAMMAD FAROOQ MEMON | G22: Hyderabad | H22: 41306-5546166-9 | I22: N/A | J22: 03008372488 | K22: 0321-8372488 | L22: H # A-13 MEMON CO OPERATIVE HOUSING SOCIETY QASIMABAD NEAR MARYAM MASJID HYDARABAD | M22: 2730000 | N22: 3900000 | O22: DIB/T/35499/HYD/0122 | P22: 45687 | Q22: Q326880 | R22: 7056048 | S22: NEW | U22: TOYOTA COROLLA ALTIS GRANDE CVT | V22: 2022 | W22: 44592 | X22: 03-FEB-2022 | Y22: 46056 | Z22: OLDHYD300083842 | AA22: 4 | AB22: CTRK | AC22: TDIDIB0030022 | AD22: 31-JAN-2022 | AE22: 1.5% | AF22: 3120000 | AG22: 46800 | AJ22: TDI-TW | AK22: KHI/HO/D/MO/PC COMP/P/108413/4/03/2025 | AL22: 46800 | AM22: 45743 | AO22: =AG22-AL22 -> 0
A23: 47 | B23: NORM | C23: 9976AP2220310056 | D23: A | E23: T-PAK | F23: MUHAMMAD ALI JAMAL | G23: Karachi | H23: 42301-5689797-5 | I23: 35841843 | J23: 0321-8230113 | K23: 111-565-565 | L23: HOUSE NO 65/1 6TH STREET KHAYABAN-E-BADBAN PHASE 5 DHA SAUDI CONSULATE KARACHI | M23: 2256800 | N23: 3472000 | O23: DIB/T/35493/KHI/0122 | P23: 45687 | Q23: 615Z81004146 | R23: 011408 | S23: NEW | U23: HONDA CITY ASPIRE A/T | V23: 2022 | W23: 44592 | X23: 03-FEB-2022 | Y23: 46056 | Z23: OLDKHI300083800 | AA23: 4 | AB23: CTRK | AC23: TDIDIB0030019 | AD23: 31-JAN-2022 | AE23: 2% | AF23: 2777600 | AG23: 55552 | AJ23: TDI-TW | AK23: KHI/HO/D/MO/PC COMP/P/108413/5/03/2025 | AL23: 55552 | AM23: 45743 | AO23: =AG23-AL23 -> 0
A24: 48 | B24: NORM | C24: 9976AP2220320076 | D24: A | E24: T-PAK | F24: RAHEEL | G24: Karachi | H24: 42301-8907342-3 | I24: 03332426655 | J24: 03332426655 | K24: 0 | L24: FLAT # 202 2ND FLOOR BAKSHI ROYAL R ESIDENCY PLOT # JM 71 NEAR HUSSAIN KARACHI PK | M24: 1179500 | N24: 1685000 | O24: 57872/00301/01/2022 | P24: 45687 | Q24: 6R164957 | R24: H1064913 | S24: USD | T24: BTY-884 | U24: SUZUKI ALTO VXR | V24: 2021 | W24: 44593 | X24: 03-FEB-2022 | Y24: 46786 | Z24: OLUKHI300083943 | AA24: 6 | AB24: CTRK | AC24: DIB0033352 | AD24: 31-JAN-2022 | AE24: 1.5% | AF24: 1348000 | AG24: 20220 | AJ24: T-PAK | AK24: KHI/HO/D/MO/PC COMP/C/106590/56/01/2025 | AL24: 21484 | AM24: 45681 | AN24: KHI/HO/D/MO/PC COMP/E/52918/00056/03/2025 | AO24: =AG24-AL24 -> -1264
A25: 49 | B25: NORM | C25: 9976AP2220320092 | D25: A | E25: T-PAK | F25: AMAN ULLAH SOOMRO | G25: Hyderabad | H25: 41306-9665808-7 | I25: 03083303122 | J25: 03083303122 | K25: 03083303122 | L25: HOUSE # 17-A LAB E MEHRAN HOUSING S OCIETY QASIMABAD HYDERABAD PK | M25: 1098000 | N25: 1830000 | O25: 57872/00302/01/2022 | P25: 45687 | Q25: 188996 | R25: 10088975 | S25: USD | T25: BVA-874 | U25: SUZUKI CULTUS VXL | V25: 2021 | W25: 44593 | X25: 03-FEB-2022 | Y25: 46056 | Z25: OLUHYD300083919 | AA25: 4 | AB25: CTRK | AC25: DIB0033360 | AD25: 01-FEB-2022 | AE25: 1.5% | AF25: 1464000 | AG25: 21960 | AJ25: T-PAK | AK25: KHI/HO/D/MO/PC COMP/C/106590/58/01/2025 | AL25: 23333 | AM25: 45681 | AN25: KHI/HO/D/MO/PC COMP/E/52918/00058/03/2025 | AO25: =AG25-AL25 -> -1373
A26: 50 | B26: NORM | C26: 9976AD2212710002 | D26: A | E26: T-PAK | F26: KAMRAN KHAN | G26: Lahore | H26: 42101-6108385-9 | I26: 03172050500 | J26: 03172050500 | K26: 03172050500 | L26: OFFICE B-293 SABZAZAR MULTAN ROAD N EAR DARE ARQAM SCHOOL LAHORE | M26: 934500 | N26: 1335000 | O26: 59294/00024/03/2022 | P26: 45719 | Q26: 215242 | R26: 1115222 | U26: SUZUKI ALTO VXR EURO II | V26: 2022 | W26: 28-SEP-2021 | X26: 11-MAR-2022 | Y26: 11-Mar-2027 | Z26: OLALHR300073782 | AA26: 5 | AB26: CTRK | AC26: DIB0033732 | AD26: 07-MAR-2022 | AE26: 2% | AF26: 1068000 | AG26: 21360 | AJ26: T-PAK | AK26: KHI/HO/D/MO/PC COMP/C/108044/49/03/2025 | AL26: 21360 | AM26: 45733 | AO26: =AG26-AL26 -> 0
A27: 51 | B27: NORM | C27: 9976AP1220310058 | D27: A | E27: T-PAK | F27: ASIM NADEEM | G27: Faisalabad | H27: 33100-4949629-7 | I27: 03019200098 | J27: 03019200098, 03019200098 | K27: 03019200098 | L27: 2967 ST NO 5 ROZA PARK MANSOOR ABAD FSD FAISALABAD PK | M27: 675000 | N27: 900000 | O27: 57872/00263/01/2022 | P27: 45687 | Q27: PKT935823 | R27: SV308PK01052310 | S27: USD | T27: CV-8837 | U27: SUZUKI BOLAN VX | V27: 2016 | W27: 44592 | X27: 03-FEB-2022 | Y27: 46056 | Z27: OLUFSD300083794 | AA27: 4 | AB27: ITECL | AC27: 6231/01/2022 | AD27: 31-JAN-2022 | AE27: 1.5% | AF27: 720000 | AG27: 10800 | AJ27: T-PAK | AK27: KHI/HO/D/MO/PC COMP/C/106590/68/01/2025 | AL27: 11475 | AM27: 45681 | AN27: KHI/HO/D/MO/PC COMP/E/52918/00068/03/2025 | AO27: =AG27-AL27 -> -675
A28: 52 | B28: NORM | C28: 997AAD1203210013 | D28: A | E28: T-PAK | F28: MUHAMMAD AZHAR NAEEM | G28: Lahore | H28: 35201-8239659-7 | I28: 3214776571 | J28: 3214776571 | K28: 35230650-54 | L28: H# 83-D TARIQ GARDEN NEAR WAPDA TOWN NR USMANIA TOWER LAHORE | M28: 4072500 | N28: 5430000 | O28: 53545/00128/01/2021 | P28: 45685 | Q28: G4NALH34202 | R28: NNAQL51AZKP508418 | S28: NEW | U28: SPORTAGE AWD | V28: 2021 | W28: 44151 | X28: 03-FEB-2021 | Y28: 46786 | Z28: POALHR300060961 | AA28: 7 | AB28: Tracker Not Install | AE28: 1.5% | AF28: 4344000 | AG28: 61088 | AJ28: T-PAK | AK28: KHI/HO/D/MO/PC COMP/C/106590/93/01/2025 | AL28: 65160 | AM28: 45681 | AN28: KHI/HO/D/MO/PC COMP/E/52918/00093/03/2025 | AO28: =AG28-AL28 -> -4072
A29: 53 | B29: NORM | C29: 9976AP2220310052 | D29: A | E29: T-PAK | F29: AHMED SHAH | G29: Karachi | H29: 42201-0727539-3 | J29: 03008231124 | K29: 03008231124 | L29: G-9 AND G-48 GOLD LINE HARBOUR NEAR ABL BANK JACKSON MARKET KEMARI KARACHI | M29: 2729300 | N29: 3899000 | O29: 57872/00245/01/2022 | P29: 45685 | Q29: Q088739 | R29: 6066183 | S29: NEW | U29: TOYOTA COROLLA ALTIS 1.6 SPECIAL EDITION | V29: 2022 | W29: 44592 | X29: 03-FEB-2022 | Y29: 46056 | Z29: OLDKHI300083768 | AA29: 4 | AB29: CTRK | AC29: DIB0033333 | AD29: 31-JAN-2022 | AE29: 1.5% | AF29: 3119200 | AG29: 46788 | AJ29: T-PAK | AK29: KHI/HO/D/MO/PC COMP/C/106590/96/01/2025 | AL29: 49712 | AM29: 45681 | AN29: KHI/HO/D/MO/PC COMP/E/52918/00096/03/2025 | AO29: =AG29-AL29 -> -2924
A30: 54 | B30: NORM | C30: 9976AD1212940032 | D30: A | E30: T-PAK | F30: WAJID ZAKIR | G30: Islamabad | H30: 82303-6957909-3 | J30: 03138586926 | K30: 0512201256 | L30: DANISH ENTERPRISES SHOP NO 4 ZAKIA PLAZA NEAR CHINA CHOWK FAZAL E HAQ ROAD BLUE AREA ISLAMABAD | M30: 1068000 | N30: 1335000 | O30: 59294/00026/03/2022 | P30: 45719 | Q30: 197795 | R30: 1097766 | U30: SUZUKI ALTO VXR EURO II | V30: 2022 | W30: 21-OCT-2021 | X30: 11-MAR-2022 | Y30: 11-Mar-2027 | Z30: OLAISD300075525 | AA30: 5 | AB30: CTRK | AC30: DIB0033731 | AD30: 07-MAR-2022 | AE30: 2% | AF30: 1068000 | AG30: 21360 | AJ30: T-PAK | AK30: KHI/HO/D/MO/PC COMP/C/108044/55/03/2025 | AL30: 21360 | AM30: 45733 | AO30: =AG30-AL30 -> 0
A31: 55 | B31: NORM | C31: 9976AP1220320079 | D31: A | E31: T-PAK | F31: MUHAMMAD RIZWAN YOUSAF | G31: Lahore | H31: 35202-2174987-9 | I31: 03219808888 | J31: 03219808888 | K31: 03219808888 | L31: OPPOSITE GATE # 1 , MANSOORA HOSPIT AL , MULTAN ROAD LHR LAHORE PK | M31: 2240000 | N31: 3200000 | O31: 57872/00235/01/2022 | P31: 45685 | Q31: R18Z12901668 | R31: NFBFC6666GR002223 | S31: USD | T31: LE-16A-2324 | U31: HONDA CIVIC VTI ORIEL P/T | V31: 2016 | W31: 44593 | X31: 03-FEB-2022 | Y31: 46421 | Z31: OLULHR300083771 | AA31: 5 | AB31: ITECL | AC31: 6205/01/2022 | AD31: 29-JAN-2022 | AE31: 1.5% | AF31: 2560000 | AG31: 38400 | AJ31: T-PAK | AK31: KHI/HO/D/MO/PC COMP/C/106590/99/01/2025 | AL31: 38400 | AM31: 45681 | AO31: =AG31-AL31 -> 0
A32: 56 | B32: NORM | C32: 9976AP1210300060 | D32: A | E32: T-PAK | F32: KIRAN AKIF | G32: Lahore | H32: 35202-2647195-2 | I32: 3217510045 | J32: 3217510045 | K32: 4235750205 | L32: 31-FCC GULBERG 4 LAHORE | M32: 1687500 | N32: 2250000 | O32: 53545/00118/01/2021 | P32: 45685 | Q32: Z399031 | R32: 4063646 | S32: USD | T32: AAE-524 | U32: TOYOTA COROLLA GLI A/T | V32: 2016 | W32: 44226 | X32: 03-FEB-2021 | Y32: 46421 | Z32: OLULHR300065474 | AA32: 6 | AB32: ITFM | AC32: 4175/01/2021/ITFM | AD32: 44224 | AE32: 2% | AF32: 1687500 | AG32: 33750 | AJ32: T-PAK | AK32: KHI/HO/D/MO/PC COMP/C/106590/102/01/2025 | AL32: 36000 | AM32: 45681 | AN32: KHI/HO/D/MO/PC COMP/E/52918/00102/03/2025 | AO32: =AG32-AL32 -> -2250
A33: 57 | B33: NORM | C33: 9976AD1212940026 | D33: A | E33: T-PAK | F33: UMAIR ASLAM | G33: Islamabad | H33: 37405-0721570-1 | I33: 03028985224 | K33: 0514499159 | L33: H # 12 ST # 10 KORANG TOWN ISLAMABAD PK | M33: 1134750 | N33: 1335000 | O33: 59294/00022/03/2022 | P33: 45719 | Q33: 216143 | R33: 1116111 | U33: SUZUKI ALTO VXR EURO II | V33: 2022 | W33: 21-OCT-2021 | X33: 11-MAR-2022 | Y33: 11-Mar-2027 | Z33: OLAISD300075532 | AA33: 5 | AB33: CTRK | AC33: DIB0033726 | AD33: 07-MAR-2022 | AE33: 2% | AF33: 1068000 | AG33: 21360 | AJ33: T-PAK | AK33: KHI/HO/D/MO/PC COMP/C/108044/59/03/2025 | AL33: 21360 | AM33: 45733 | AO33: =AG33-AL33 -> 0
A34: 58 | B34: NORM | C34: 9976AP1220670007 | D34: A | E34: T-PAK | F34: ARSLAN TARIQ | G34: Gujranwala | H34: 34101-9277897-1 | I34: 03216426800 | J34: 03216426800 | K34: 03216426800 | L34: HOUSE NO 2 UMAR MANZIL MOHALLAH SHA HEEN ABAD GT ROAD NEAR DARAZ OFFICE GUJRANWALA PK | M34: 1155000 | N34: 1650000 | O34: 59294/00031/03/2022 | P34: 45719 | Q34: PK10K100061 | R34: 10000059 | S34: LEF-17-3060 | T34: LEF-17-3060 | U34: SUZUKI CULTUS VXL EURO II | V34: 2017 | W34: 08-MAR-2022 | X34: 11-MAR-2022 | Y34: 11-Mar-2027 | Z34: OLUGWL300085053 | AA34: 5 | AB34: CTRK | AC34: DIB0033741 | AD34: 07-MAR-2022 | AE34: 1.5% | AF34: 1320000 | AG34: 19800 | AJ34: T-PAK | AK34: KHI/HO/D/MO/PC COMP/C/108044/60/03/2025 | AL34: 19800 | AM34: 45733 | AO34: =AG34-AL34 -> 0
A35: 59 | B35: NORM | C35: 9976AP1210300093 | D35: A | E35: T-PAK | F35: ARSALAN MALICK | G35: Karachi | H35: 42101-8138874-9 | I35: 3453992990 | J35: 3453992990 | K35: 2135899641 | L35: ICON HOUS E# 83-C 12TH COMMERICIAL STREET DHAH PHASE 2 EXT KHI NEAR SI LK BANK KARACHI | M35: 1031250 | N35: 1375000 | O35: 53545/00105/01/2021 | P35: 45684 | Q35: KQ9788 | R35: 312097 | S35: RCN | T35: BNE-425 | U35: NISSAN DAYS | V35: 2015 | W35: 44226 | X35: 03-FEB-2021 | Y35: 46421 | Z35: OLUKHI300065404 | AA35: 6 | AB35: ITFT | AC35: 4166/01/2021/ITFM | AD35: 44224 | AE35: 2% | AF35: 1031250 | AG35: 20625 | AJ35: T-PAK | AK35: KHI/HO/D/MO/PC COMP/C/106590/116/01/2025 | AL35: 22000 | AM35: 45681 | AN35: KHI/HO/D/MO/PC COMP/E/52918/00116/03/2025 | AO35: =AG35-AL35 -> -1375
A36: 60 | B36: NORM | C36: 9976AP1220310016 | D36: A | E36: T-PAK | F36: MUHAMMAD SHOAIB | G36: Islamabad | H36: 36501-9075847-7 | I36: 03406823500 | K36: 0 | L36: HOUSE # 697 ST # 44 SECTOR G-14/4 ISLAMABAD PK | M36: 1088000 | N36: 1360000 | O36: 57872/00215/01/2022 | P36: 45684 | Q36: 620622 | R36: 527510 | S36: USD | T36: AAV-334 | U36: SUZUKI CULTUS VXR | V36: 2016 | W36: 44592 | X36: 03-FEB-2022 | Y36: 46786 | Z36: OLDISD300083716 | AA36: 6 | AB36: ITECL | AC36: 6191/01/2022 | AD36: 28-JAN-2022 | AE36: 1.5% | AF36: 1088000 | AG36: 16320 | AJ36: T-PAK | AK36: KHI/HO/D/MO/PC COMP/C/106590/130/01/2025 | AL36: 17340 | AM36: 45681 | AN36: KHI/HO/D/MO/PC COMP/E/52918/00130/03/2025 | AO36: =AG36-AL36 -> -1020
A37: 61 | B37: NORM | C37: 997AAD1203210015 | D37: A | E37: T-PAK | F37: NASIR AZIZ | G37: Lahore | H37: 35201-7980017-1 | I37: 3028404050 | J37: 3028404050 | K37: 4235230508 | L37: 550 C OPF HOUSING SCHEME KHYABAN E JINNAH LAHORE | M37: 4072500 | N37: 5430000 | O37: 53545/00097/01/2021 | P37: 45683 | Q37: G4NALH342669 | R37: `NNAQL51AZKP509022 | S37: NEW | U37: SPORTAGE AWD | V37: 2021 | W37: 44151 | X37: 03-FEB-2021 | Y37: 46786 | Z37: POALHR300060951 | AA37: 7 | AB37: Tracker Not Install | AE37: 1.5% | AF37: 4344000 | AG37: 61088 | AJ37: T-PAK | AK37: KHI/HO/D/MO/PC COMP/C/106590/140/01/2025 | AL37: 65160 | AM37: 45681 | AN37: KHI/HO/D/MO/PC COMP/E/52918/00140/03/2025 | AO37: =AG37-AL37 -> -4072
A38: 62 | B38: NORM | C38: 997AAD1202830012 | D38: A | E38: T-PAK | F38: SALMA REHMAN | G38: Lahore | H38: 35202-2622285-3 | I38: 3334254938 | J38: 3334254938 | K38: 3334254938 | L38: 80 BABAR BLOCK NEW GARDEN TOWN LAHORE | M38: 3801000 | N38: 5430000 | O38: 53545/00098/01/2021 | P38: 45683 | Q38: G4NALH341884 | R38: NNAQL51AZKP508429 | S38: NEW | U38: SPORTAGE AWD | V38: 2021 | W38: 44113 | X38: 03-FEB-2021 | Y38: 46786 | Z38: POALHR300058252 | AA38: 7 | AB38: Tracker Not Install | AE38: 1.5% | AF38: 4344000 | AG38: 61088 | AJ38: T-PAK | AK38: KHI/HO/D/MO/PC COMP/C/106590/141/01/2025 | AL38: 65160 | AM38: 45681 | AN38: KHI/HO/D/MO/PC COMP/E/52918/00141/03/2025 | AO38: =AG38-AL38 -> -4072
A39: 63 | B39: NORM | C39: 9976AP2220280031 | D39: A | E39: T-PAK | F39: AHMED SALMAN MIRZA | G39: Islamabad | H39: 34603-1889697-5 | I39: 0515958880 | K39: 0519215192 | L39: H # 395 NEAR STREET 65/A PAKISTAN T OWN ISLAMABAD PK | M39: 1175600 | N39: 2939000 | O39: 57872/00209/01/2022 | P39: 45683 | Q39: 529113 | R39: 1006006 | S39: NEW | U39: CHANGAN ALSVIN 1.5 | V39: 2022 | W39: 44589 | X39: 03-FEB-2022 | Y39: 46056 | Z39: OLDISD300083655 | AA39: 4 | AB39: ITECL | AC39: 6173/01/2022 | AD39: 27-JAN-2022 | AE39: 2% | AF39: 2351200 | AG39: 47024 | AJ39: T-PAK | AK39: KHI/HO/D/MO/PC COMP/C/106590/151/01/2025 | AL39: 49963 | AM39: 45681 | AN39: KHI/HO/D/MO/PC COMP/E/52918/00151/03/2025 | AO39: =AG39-AL39 -> -2939
A40: 64 | B40: NORM | C40: 9976AP2220670003 | D40: A | E40: T-PAK | F40: ABDUL REHMAN JATOI | G40: Karachi | H40: 42201-5145490-9 | J40: 03003451042 | L40: APARTMENT # 005 TOWER 08 PRECINCT-19 BAAHIRA TOWN KARACHI 0300-3451042 | M40: 2040000 | N40: 3400000 | O40: 59294/00020/03/2022 | P40: 45719 | Q40: Q331456 | R40: 7030565 | S40: BNJ-507 | T40: BNJ-507 | U40: TOYOTA COROLLA ALTI GRANDE | V40: 2018 | W40: 08-MAR-2022 | X40: 11-MAR-2022 | Y40: 11-Mar-2027 | Z40: OLUKHI300085032 | AA40: 5 | AB40: CTRK | AC40: DIB0033725 | AD40: 07-MAR-2022 | AE40: 1.5% | AF40: 2720000 | AG40: 40800 | AJ40: T-PAK | AK40: KHI/HO/D/MO/PC COMP/C/108044/66/03/2025 | AL40: 40800 | AM40: 45733 | AO40: =AG40-AL40 -> 0
A41: 65 | B41: NORM | C41: 9976AP2210300074 | D41: A | E41: T-PAK | F41: SYEDA ATIYA FARHEEN ZEHRA | G41: Karachi | H41: 42101-2283706-4 | I41: 3002645049 | J41: 3002645049 | K41: 0 | L41: PLOT # 5-C BADAR COMMERCIAL STREET # 10 PH-V DHA FLAT # 301 DHA NEAR K KARACHI PK | M41: 1139000 | N41: 1700000 | O41: 53545/00096/01/2021 | P41: 45683 | Q41: L13Z17446472 | R41: NFBGM1541GR187446 | S41: USD | T41: BHC-949 | U41: CITY IVTEC M/T | V41: 2016 | W41: 44226 | X41: 03-FEB-2021 | Y41: 46421 | Z41: OLUKHI300065369 | AA41: 6 | AB41: ITFM | AC41: 4144/01/2021/ITFM | AD41: 44223 | AE41: 2% | AF41: 1275000 | AG41: 25500 | AJ41: T-PAK | AK41: KHI/HO/D/MO/PC COMP/C/106590/156/01/2025 | AL41: 27200 | AM41: 45681 | AN41: KHI/HO/D/MO/PC COMP/E/52918/00156/03/2025 | AO41: =AG41-AL41 -> -1700
A42: 66 | B42: NORM | C42: 9976AP2220670006 | D42: A | E42: T-PAK | F42: RASHEED AHMED | G42: Rawalpindi | H42: 36601-4037327-5 | I42: 0515152771 | K42: 0 | L42: H # 2852, MAIN BAZAR AL MUMTAZ COLO NY NEAR GULRAZ 1 CHAKLALA SCHEME II RAWALPINDI PK | M42: 2100000 | N42: 3000000 | O42: 59294/00021/03/2022 | P42: 45719 | Q42: 14044228 | R42: 127994 | S42: RIB-15-8 | T42: RIB-15-8 | U42: HONDA CIVIC VTI ORIEL P/T | V42: 2015 | W42: 08-MAR-2022 | X42: 11-MAR-2022 | Y42: 11-Mar-2026 | Z42: OLURWP300085073 | AA42: 4 | AB42: ITECL | AC42: 6534/03/2022 | AD42: 04-MAR-2022 | AE42: 1.5% | AF42: 2400000 | AG42: 36000 | AJ42: T-PAK | AK42: KHI/HO/D/MO/PC COMP/C/108044/68/03/2025 | AL42: 36000 | AM42: 45733 | AO42: =AG42-AL42 -> 0
A43: 67 | B43: NORM | C43: 997AAD1203210014 | D43: A | E43: T-PAK | F43: MUHAMMAD AMIN | G43: Lahore | H43: 35201-7210165-1 | I43: 042-6823311 35450119 | J43: 0321-4776572 | K43: 35230650-54 | L43: H # 119-D TARIQ GARDEN NEAR WAPDA TOWN LAHORE | M43: 4072500 | N43: 5430000 | O43: 53545/00093/01/2021 | P43: 45682 | Q43: G4NQALH342058 | R43: NNAQL51AZKP508650 | S43: NEW | U43: SPORTAGE AWD | V43: 2021 | W43: 44151 | X43: 03-FEB-2021 | Y43: 46786 | Z43: POALHR300060952 | AA43: 7 | AB43: Tracker Not Install | AE43: 1.5% | AF43: 4344000 | AG43: 61088 | AJ43: T-PAK | AK43: KHI/HO/D/MO/PC COMP/C/106590/162/01/2025 | AL43: 65160 | AM43: 45681 | AN43: KHI/HO/D/MO/PC COMP/E/52918/00162/03/2025 | AO43: =AG43-AL43 -> -4072
A44: 68 | B44: NORM | C44: 9976AP1220310029 | D44: A | E44: T-PAK | F44: ZOHAIB ALTAF | G44: Lahore | H44: 35202-8414009-1 | I44: 03104949927 | J44: 03104949927 | K44: 03104949927 | L44: OPPOSITE LMDC ADJACENT SHOUKAT KHAN AM LABS MAIN CANAL ROAD LAHORE | M44: 1241250 | N44: 1655000 | O44: 57872/00184/01/2022 | P44: 45682 | Q44: PK10K131247 | R44: 10031255 | S44: USD | T44: LEC-18A-2983 | U44: SUZUKI CULTUS VXR EURO-II | V44: 2018 | W44: 44592 | X44: 03-FEB-2022 | Y44: 46786 | Z44: OLULHR300083602 | AA44: 6 | AB44: CTRK | AC44: DIB0033300 | AD44: 26-JAN-2022 | AE44: 1.5% | AF44: 1324000 | AG44: 19860 | AJ44: T-PAK | AK44: KHI/HO/D/MO/PC COMP/C/106590/165/01/2025 | AL44: 21101 | AM44: 45681 | AN44: KHI/HO/D/MO/PC COMP/E/52918/00165/03/2025 | AO44: =AG44-AL44 -> -1241
A45: 69 | B45: WACH | C45: 9976AP2220670004 | D45: A | E45: T-PAK | F45: ASHAR ALI QADRI | G45: Karachi | H45: 42101-7902398-9 | J45: 03002412193 | L45: HOUSE A 122 BLOCK 12 SINDH BALOCH COPRATING SPCIETY GULISTAN E JOHAR KARACHI | M45: 2395000 | N45: 4790000 | O45: 59294/00030/03/2022 | P45: 45719 | Q45: R18Z16918978 | R45: NFBFC666XMR071122 | S45: BTY-801 | T45: BTY-801 | U45: HONDA CIVIC 1.8 L ORIEL | V45: 2021 | W45: 08-MAR-2022 | X45: 11-MAR-2022 | Y45: 11-Mar-2027 | Z45: OLUKHI300085123 | AA45: 5 | AB45: CTRK | AC45: DIB0033739 | AD45: 07-MAR-2022 | AE45: 1.5% | AF45: 3832000 | AG45: 57480 | AJ45: T-PAK | AK45: KHI/HO/D/MO/PC COMP/C/108044/71/03/2025 | AL45: 57480 | AM45: 45733 | AO45: =AG45-AL45 -> 0
A46: 70 | B46: NORM | C46: 9976AP1220290007 | D46: A | E46: T-PAK | F46: ZAIN UL ABIDEEN | G46: Lahore | H46: 35200-1460618-1 | I46: 03214353726 | J46: 03214353726 | K46: 03214353726 | L46: 12 ASKARI BANK TUFAIL ROAD LAHORE C ANTT NEAR GIRJA CHOWK LAHORE | M46: 750000 | N46: 1000000 | O46: 57872/00186/01/2022 | P46: 45682 | Q46: 686394 | R46: 01229415 | S46: USD | T46: LED-17-6403 | U46: SUZUKI MEHRAN VXR EURO II | V46: 2017 | W46: 44590 | X46: 03-FEB-2022 | Y46: 46786 | Z46: OLULHR300083584 | AA46: 6 | AB46: CTRK | AC46: DIB0033297 | AD46: 27-JAN-2022 | AE46: 1.5% | AF46: 800000 | AG46: 12000 | AJ46: T-PAK | AK46: KHI/HO/D/MO/PC COMP/C/106590/168/01/2025 | AL46: 12750 | AM46: 45681 | AN46: KHI/HO/D/MO/PC COMP/E/52918/00168/03/2025 | AO46: =AG46-AL46 -> -750
A47: 71 | B47: NORM | C47: 9976AP2240640001 | D47: A | E47: T-PAK | F47: SHEIKH MUHAMMAD ASIF | G47: Faisalabad | H47: 33202-8946105-5 | I47: 041-8520585 | J47: 0300-7501252 | K47: 041-2540741 | L47: H NO P-05 NOORANI BLOCK, USMAN CHOWK, KHYABAN COLONY NO 2, FAISALABAD | M47: 2970000 | N47: 4500000 | O47: 84828/00002/03/2024 | P47: 45719 | Q47: Z574584 | R47: R-4199100 | S47: AQA-608 | T47: AQA-608 | U47: TOYOTA COROLLA GLI M/T | V47: 2020 | W47: 45355 | X47: 11-MAR-2024 | Y47: 11-Mar-2027 | Z47: OLUFSD300099469 | AA47: 3 | AB47: ITFT | AC47: 10995/03/2024/ITFM | AD47: 04-MAR-2024 | AE47: 1.75% | AF47: 4050000 | AG47: 70875 | AJ47: T-PAK | AK47: KHI/HO/D/MO/PC COMP/C/108044/73/03/2025 | AL47: 70875 | AM47: 45733 | AO47: =AG47-AL47 -> 0
A48: 72 | B48: NORM | C48: 9976AP1220270064 | D48: A | E48: T-PAK | F48: SAJIDA IRFAN | G48: Lahore | H48: 35201-1474657-6 | I48: 0426675543 | J48: 0300-4475543 | K48: 042-9220649 | L48: 25/7 - A BLOCK KHICHI STREET AL FAISAL TOWN GHAZI ROAD LAHORE CANTT LAHORE | M48: 1402500 | N48: 2550000 | O48: 57872/00169/01/2022 | P48: 45681 | Q48: 18Z13742698 | R48: NFBFB2667ER116725 | S48: USD | T48: LEA-14-894 | U48: HONDA CIVIC VTI ORIEL P/T | V48: 2014 | W48: 44588 | X48: 27-JAN-2022 | Y48: 46049 | Z48: OLULHR300083532 | AA48: 4 | AB48: CTRK | AC48: DIB0033272 | AD48: 26-JAN-2022 | AE48: 1.5% | AF48: 2040000 | AG48: 30600 | AJ48: T-PAK | AK48: KHI/HO/D/MO/PC COMP/C/106590/187/01/2025 | AL48: 32513 | AM48: 45681 | AN48: KHI/HO/D/MO/PC COMP/E/52918/00187/03/2025 | AO48: =AG48-AL48 -> -1913
A49: 73 | B49: NORM | C49: 997APD1200690004 | D49: A | E49: T-PAK | F49: AMMAR KALEEM | G49: Karachi | H49: 42201-0308210-5 | I49: 03323037041 | J49: 03323037041 | K49: 0 | L49: HOUSE # 1/66 COMMERCIAL AREA # 02 CHOWRANGI SHAH FAISAL COLONY # 01 NEAR SHAMA SHOPPING MALL KARACHI PAKISTAN | M49: 1398750 | N49: 1865000 | O49: 51999/00010/03/2020 | P49: 45720 | Q49: 157503 | R49: 10057513 | S49: BRR-316 | U49: SUZUKI CULTUS VXL | V49: 2020 | W49: 09-MAR-2020 | X49: 11-MAR-2020 | Y49: 11-Mar-2026 | Z49: PODKHI300053581 | AA49: 6 | AB49: CTRK | AC49: DIB0028242 | AD49: 06-MAR-2020 | AE49: 2.5% | AF49: 1305500 | AG49: 32638 | AJ49: T-PAK | AK49: KHI/HO/D/MO/PC COMP/C/108044/79/03/2025 | AL49: 32638 | AM49: 45733 | AO49: =AG49-AL49 -> 0
A50: 74 | B50: NORM | C50: 9976AP2220260018 | D50: A | E50: T-PAK | F50: TOUSIF ASHRAF | G50: Gujranwala | H50: 34101-5574824-5 | I50: 03002037370 | J50: 03002037370 | K50: 03002037370 | L50: H NO 105 BLOCK D PHASE II GARDEN TO WN GUJRANWALA PK | M50: 1283750 | N50: 1975000 | O50: 57872/00172/01/2022 | P50: 45681 | Q50: 228737 | R50: 10128720 | S50: NEW | U50: SUZUKI WAGONR VXL | V50: 2022 | W50: 44587 | X50: 27-JAN-2022 | Y50: 46049 | Z50: OLDGWL300083483 | AA50: 4 | AB50: CTRK | AC50: DIB0033271 | AD50: 25-JAN-2022 | AE50: 2% | AF50: 1580000 | AG50: 31600 | AJ50: T-PAK | AK50: KHI/HO/D/MO/PC COMP/C/106590/189/01/2025 | AL50: 33575 | AM50: 45681 | AN50: KHI/HO/D/MO/PC COMP/E/52918/00189/03/2025 | AO50: =AG50-AL50 -> -1975
A51: 75 | B51: NORM | C51: 9976AP2220290036 | D51: A | E51: T-PAK | F51: SALMAN AKBAR | G51: Lahore | H51: 35202-8659643-9 | I51: 03314721741 | J51: 03314721741 | K51: 03314721741 | L51: HOUSE NO 100 ISLAM BLOCK MOHALLAH A ZAM GARDEN MULTAN ROAD LAHORE PK | M51: 958520 | N51: 1546000 | O51: DIB/T/35306/LHR/0122 | P51: 45681 | Q51: 208851 | R51: 1108860 | S51: NEW | U51: SUZUKI ALTO VXR EURO II | V51: 2022 | W51: 44590 | X51: 03-FEB-2022 | Y51: 46056 | Z51: OLDLHR300083553 | AA51: 4 | AB51: CTRK | AC51: TDIDIB0030008 | AD51: 25-JAN-2022 | AE51: 2% | AF51: 1236800 | AG51: 24736 | AJ51: TDI-TW | AK51: KHI/HO/D/MO/PC COMP/P/108413/6/03/2025 | AL51: 24736 | AM51: 45743 | AO51: =AG51-AL51 -> 0
A52: 76 | B52: NORM | C52: 9976AP2220310063 | D52: A | E52: T-PAK | F52: ADNAN RAFIQ | G52: Faisalabad | H52: 33100-1785661-9 | I52: 03006648035 | J52: 03006648035, 03006648035 | K52: 03006648035 | L52: H NO 229 BAZAR NO 02 ST NO 05 D BL OCK GM ABAD FSD FAISALABAD PK | M52: 980000 | N52: 1400000 | O52: 57872/00237/01/2022 | P52: 45680 | Q52: 115200 | R52: 10015203 | S52: USD | T52: LEF-16-4325 | U52: SUZUKI WAGONR VXL | V52: 2016 | W52: 44592 | X52: 03-FEB-2022 | Y52: 46786 | Z52: OLUFSD300083762 | AA52: 6 | AB52: ITECL | AC52: 6198/01/2022 | AD52: 29-JAN-2022 | AE52: 1.5% | AF52: 1120000 | AG52: 16800 | AJ52: T-PAK | AK52: KHI/HO/D/MO/PC COMP/C/106590/198/01/2025 | AL52: 17850 | AM52: 45681 | AN52: KHI/HO/D/MO/PC COMP/E/52918/00198/03/2025 | AO52: =AG52-AL52 -> -1050
A53: 77 | B53: NORM | C53: 9976AD1203520036 | D53: A | E53: T-PAK | F53: JUNAID ISMAIL | G53: Karachi | H53: 42201-6732390-3 | I53: 3212441376 | J53: 3212441376 | K53: 0 | L53: H # A- 234 WORK CO OPERATIVE HOUSIN G SOCIETY GULISTAN-E- JOUHAR IBRAHI KARACHI PK | M53: 2554250 | N53: 3005000 | O53: 53545/00080/01/2021 | P53: 45678 | Q53: 2A16785 | R53: NSP151R-9506812 | S53: NEW | U53: TOYOTA YARIS ATIV X CVT 1.5 | V53: 2021 | W53: 44182 | X53: 27-JAN-2021 | Y53: 46779 | Z53: POAKHI300064021 | AA53: 7 | AB53: ITFM | AC53: 4099/01/2021/ITFM | AD53: 44217 | AE53: 2% | AF53: 2253750 | AG53: 45075 | AJ53: T-PAK | AK53: KHI/HO/D/MO/PC COMP/C/106590/219/01/2025 | AL53: 48080 | AM53: 45681 | AN53: KHI/HO/D/MO/PC COMP/E/52918/00219/03/2025 | AO53: =AG53-AL53 -> -3005
A54: 78 | B54: NORM | C54: 997APD1200220008 | D54: A | E54: T-PAK | F54: MUHAMMAD HASSAN JAVED | G54: Lahore | H54: 35202-9084610-5 | I54: 03464400298 | J54: 03464400298 | K54: 03464400298 | L54: HOUSE NO 10-G STREET NO 12 BLOCK-BEDEN VALUE HOMES MULTAN ROAD LAHORE | M54: 1188300 | N54: 1398000 | O54: 51671/00014/01/2020 | P54: 45677 | Q54: 130465 | R54: 1030440 | S54: NEW | T54: LEA-20-2051 | U54: ALTO VXR EURO II | V54: 2020 | W54: 43852 | X54: 21-JAN-2020 | Y54: 46408 | Z54: PODLHR300052802 | AA54: 7 | AB54: ITFM | AC54: 2260/01/2020/ITFM | AD54: 21-JAN-2020 | AE54: 2.5% | AF54: 978600 | AG54: 24465 | AJ54: T-PAK | AK54: KHI/HO/D/MO/PC COMP/C/106590/235/01/2025 | AL54: 26213 | AM54: 45681 | AN54: KHI/HO/D/MO/PC COMP/E/52918/00235/03/2025 | AO54: =AG54-AL54 -> -1748
A55: 79 | B55: NORM | C55: 9976AP1220210008 | D55: A | E55: T-PAK | F55: ZEESHAN HAIDER | G55: Karachi | H55: 42401-0568046-7 | I55: 03212795108 | J55: 03212795108 | K55: 0 | L55: HOUSE # B-275 STREET # 32 SHAH FAIS AL MUHALLAH SECTOR 7 F BALOCH GOTH KARACHI PK | M55: 1382500 | N55: 1975000 | O55: 57872/00137/01/2022 | P55: 45676 | Q55: 157535 | R55: 10057558 | S55: USD | U55: SUZUKI CULTUS VXL | V55: 2020 | W55: 44582 | X55: 21-JAN-2022 | Y55: 46043 | Z55: OLUKHI300083359 | AA55: 4 | AB55: CTRK | AC55: DIB0033233 | AD55: 21-JAN-2022 | AE55: 1.5% | AF55: 1580000 | AG55: 23700 | AJ55: T-PAK | AK55: KHI/HO/D/MO/PC COMP/C/106590/242/01/2025 | AL55: 25181 | AM55: 45681 | AN55: KHI/HO/D/MO/PC COMP/E/52918/00242/03/2025 | AO55: =AG55-AL55 -> -1481
A56: 80 | B56: WACH | C56: 9976AP1220210001 | D56: A | E56: T-PAK | F56: AHAD ALI | G56: Islamabad | H56: 42501-6464676-5 | I56: 03335415376 | K56: 0512104777 | L56: HOUSE # 382 AMEER MILAT ROAD MAIN D OUBLE ROAD SECTOR E11/1 ISLAMABAD PK | M56: 1280000 | N56: 1600000 | O56: 57872/00126/01/2022 | P56: 45675 | Q56: 119532 | R56: 1019756 | S56: USD | T56: APK-988 | U56: SUZUKI ALTO VXL AGS EURO II | V56: 2019 | W56: 44582 | X56: 21-JAN-2022 | Y56: 46043 | Z56: OLUISD300083342 | AA56: 4 | AB56: ITECL | AC56: 6135/01/2022 | AD56: 19-JAN-2022 | AE56: 1.5% | AF56: 1280000 | AG56: 19200 | AJ56: T-PAK | AK56: KHI/HO/D/MO/PC COMP/C/106590/248/01/2025 | AL56: 20400 | AM56: 45681 | AN56: KHI/HO/D/MO/PC COMP/E/52918/00248/03/2025 | AO56: =AG56-AL56 -> -1200
A57: 81 | B57: NORM | C57: 9976AD1213640072 | D57: A | E57: T-PAK | F57: SYED SUMAIR ALI | G57: Islamabad | H57: 42101-5424763-3 | J57: 03362000050 | K57: 0515732598 | L57: HOUSE NO 354 STREET NO 50 SAFARI HOMES SEC F BAHRIA TOWN PHASE 8 RAWALPINDI | M57: 2871050 | N57: 4417000 | O57: 57872/00122/01/2022 | P57: 45675 | Q57: 6931144 | R57: 083713 | S57: NEW | U57: HONDA CIVIC VTI ORIEL P/T | V57: 2021 | W57: 44560 | X57: 21-MAR-2022 | Y57: 46467 | Z57: OLAISD300082681 | AA57: 5 | AB57: CTRK | AC57: DIB0033215 | AD57: 20-JAN-2022 | AE57: 2% | AF57: 3533600 | AG57: 70672 | AJ57: T-PAK | AK57: KHI/HO/D/MO/PC COMP/C/106590/251/01/2025 | AL57: 70672 | AM57: 45681 | AO57: =AG57-AL57 -> 0
A58: 82 | B58: NORM | C58: 9976AD2213010004 | D58: A | E58: T-PAK | F58: MUHAMMAD YAQOOB | G58: Taxila | H58: 34101-0954705-9 | I58: 03005122854 | K58: 03005122854 | L58: H # 10 PHASE 1 LANE 1 KOHSAR COLONY CANTT TAXILA PK | M58: 2203500 | N58: 3390000 | O58: 57872/00121/01/2022 | P58: 45675 | Q58: 14807767 | R58: 024429 | S58: NEW | U58: HONDA BRV I VTEC S | V58: 2022 | W58: 44497 | X58: 21-MAR-2022 | Y58: 46102 | Z58: OLATAX300076972 | AA58: 4 | AB58: CTRK | AC58: DIB0033211 | AD58: 20-JAN-2022 | AE58: 2% | AF58: 2712000 | AG58: 54240 | AJ58: T-PAK | AK58: KHI/HO/D/MO/PC COMP/C/106590/252/01/2025 | AL58: 54240 | AM58: 45681 | AO58: =AG58-AL58 -> 0
A59: 83 | B59: NORM | C59: 9976AP1220290012 | D59: A | E59: T-PAK | F59: RAHEELA GHULAM RASOOL | G59: Hyderabad | H59: 41302-6551532-0 | J59: 0315-0003571 | L59: FL# 16 ZAIN UL ABDEEN HEIGHT SAKHI PIR ROAD NEAR AL NOOR WOOD SHOP HYDERABAD PAKISTAN | M59: 975000 | N59: 1500000 | O59: 57872/00106/01/2022 | P59: 45673 | Q59: 139089 | R59: 1039078 | S59: USD | T59: BSR-784 | U59: SUZUKI ALTO VX EURO II | V59: 2020 | W59: 44590 | X59: 03-FEB-2022 | Y59: 46786 | Z59: OLUHYD300083239 | AA59: 6 | AB59: ITECL | AC59: 6133/01/2022 | AD59: 18-JAN-2022 | AE59: 1.5% | AF59: 1200000 | AG59: 18000 | AJ59: T-PAK | AK59: KHI/HO/D/MO/PC COMP/C/106590/285/01/2025 | AL59: 19125 | AM59: 45681 | AN59: KHI/HO/D/MO/PC COMP/E/52918/00285/03/2025 | AO59: =AG59-AL59 -> -1125
A60: 84 | B60: NORM | C60: 9976AP1220190038 | D60: A | E60: T-PAK | F60: SARA TARIQ | G60: Rawalpindi | H60: 82101-3377234-4 | I60: 03245483576 | K60: 0 | L60: H # 1191 ST # 33 ADYALA ROAD SECTOR 2 GULSHANABAD RAWALPINDI PK | M60: 1360000 | N60: 1700000 | O60: 57872/00104/01/2022 | P60: 45673 | Q60: 162307 | R60: 1062309 | S60: USD | T60: AUA-739 | U60: SUZUKI ALTO VXL AGS | V60: 2021 | W60: 44580 | X60: 21-JAN-2022 | Y60: 46773 | Z60: OLURWP300083255 | AA60: 6 | AB60: ITECL | AC60: 6124/01/2022 | AD60: 17-JAN-2022 | AE60: 1.5% | AF60: 1360000 | AG60: 20400 | AJ60: T-PAK | AK60: KHI/HO/D/MO/PC COMP/C/106590/293/01/2025 | AL60: 21675 | AM60: 45681 | AN60: KHI/HO/D/MO/PC COMP/E/52918/00293/03/2025 | AO60: =AG60-AL60 -> -1275
A61: 85 | B61: NORM | C61: 9976AP1220170017 | D61: A | E61: T-PAK | F61: SHAHBAZ RASHEED | G61: Lahore | H61: 31103-7796001-9 | I61: 03034960809 | J61: 03034960809 | K61: 03034960809 | L61: HOUSE NO 9 STREET NO 1 RAJPOOT PARK SHADBAGH NEAR KOH-E-NOOR MARRIAGE LAHORE PK | M61: 2945800 | N61: 5665000 | O61: 57872/00080/01/2022 | P61: 45670 | Q61: G4NALU071294 | R61: PMHJ2813SMN201893 | S61: USD | T61: ACQ-404 | U61: HYUNDAI TUCSON AWD | V61: 2021 | W61: 44578 | X61: 21-JAN-2022 | Y61: 46043 | Z61: OLULHR300083163 | AA61: 4 | AB61: ITECL | AC61: 6100/01/2022 | AD61: 13-JAN-2022 | AE61: 1.5% | AF61: 4532000 | AG61: 67980 | AJ61: T-PAK | AK61: KHI/HO/D/MO/PC COMP/C/106590/269/01/2025 | AL61: 72229 | AM61: 45681 | AN61: KHI/HO/D/MO/PC COMP/E/52918/00269/03/2025 | AO61: =AG61-AL61 -> -4249
A62: 86 | B62: NORM | C62: 9976AP2220130003 | D62: A | E62: T-PAK | F62: WASEEM ANWAR KHAN | G62: Karachi | H62: 42301-3332254-3 | I62: 03112935507 | J62: 03112935507 | K62: 0 | L62: HOUSE 546 BLOCK AI P- 32 42 POLICE HEAD QUARTER SOUTH GARDEN BILAL MAS KARACHI PK | M62: 1080000 | N62: 1800000 | O62: 57872/00045/01/2022 | P62: 45668 | Q62: 118882 | R62: 1018891 | S62: USD | T62: BRF-224 | U62: SUZUKI ALTO VXL AGS EURO-II | V62: 2019 | W62: 44574 | X62: 21-JAN-2022 | Y62: 46773 | Z62: OLUKHI300083034 | AA62: 6 | AB62: CTRK | AC62: DIB0033125 | AD62: 12-JAN-2022 | AE62: 1.5% | AF62: 1440000 | AG62: 21600 | AJ62: T-PAK | AK62: KHI/HO/D/MO/PC COMP/C/106590/191/01/2025 | AL62: 22950 | AM62: 45681 | AN62: KHI/HO/D/MO/PC COMP/E/52918/00191/03/2025 | AO62: =AG62-AL62 -> -1350
A63: 87 | B63: NORM | C63: 9976AD1240170001 | D63: A | E63: T-PAK | F63: MUHAMMAD WASEEM | G63: Karachi | H63: 13101-3784945-5 | I63: 03002077156 | J63: 03002077156, 03002077156 | K63: 03002077156 | L63: HOUSE # FAISAL PLAZA FLAT NO 64 IB N-E-SINIA LINE SADDAR NEAR OPP CHIP KARACHI PK | M63: 2469600 | N63: 5040000 | O63: 84828/00005/03/2024 | P63: 45720 | Q63: 1018533 | R63: 201246 | U63: SUZUKI SWIFT GLX | V63: 2024 | W63: 45308 | X63: 11-MAR-2024 | Y63: 11-Mar-2026 | Z63: OLAKHI300099016 | AA63: 2 | AB63: ITFT | AC63: 10885/02/2024/ITFM | AD63: 13-FEB-2024 | AE63: 2% | AF63: 4536000 | AG63: 90720 | AJ63: T-PAK | AK63: KHI/HO/D/MO/PC COMP/C/108044/90/03/2025 | AL63: 90720 | AM63: 45733 | AO63: =AG63-AL63 -> 0
A64: 88 | B64: NORM | C64: 9976AP2220200021 | D64: A | E64: T-PAK | F64: RAHEEM GUL | G64: Karachi | H64: 42501-7013551-1 | I64: 03492039638 | J64: 03492039638 | K64: 0 | L64: HOUSE NO R- 30 MASARAH COLONY F AR EA LANDHI KARACHI PK | M64: 2240000 | N64: 3200000 | O64: 57872/00041/01/2022 | P64: 45667 | Q64: R18Z12912362 | R64: NFBFC666HR015605 | S64: USD | T64: BXX-011 | U64: HONDA CIVIC VTI ORIEL P/T | V64: 2017 | W64: 44581 | X64: 21-JAN-2022 | Y64: 46043 | Z64: OLUKHI300082998 | AA64: 4 | AB64: CTRK | AC64: DIB0033228 | AD64: 19-JAN-2022 | AE64: 1.5% | AF64: 2560000 | AG64: 38400 | AJ64: T-PAK | AK64: KHI/HO/D/MO/PC COMP/C/106590/175/01/2025 | AL64: 40800 | AM64: 45681 | AN64: KHI/HO/D/MO/PC COMP/E/52918/00175/03/2025 | AO64: =AG64-AL64 -> -2400
A65: 89 | B65: NORM | C65: 9976AD2213630020 | D65: A | E65: T-PAK | F65: KHADIM HUSSAIN | G65: Rawalpindi | H65: 37405-5805363-7 | J65: 0333-5345467 | K65: 051-5450930 | L65: H # 47 STREET # 2 MISRIYAL ROAD HUSSAIN ABAD RAWALPINDI | M65: 861750 | N65: 1149000 | O65: 57872/00016/01/2022 | P65: 45662 | Q65: 1019270 | R65: 01135779 | S65: NEW | U65: SUZUKI BOLAN VX EURO II | V65: 2021 | W65: 44559 | X65: 21-MAR-2022 | Y65: 46467 | Z65: OLARWP300082623 | AA65: 5 | AB65: ITECL | AC65: 6075/01/2022 | AD65: 44567 | AE65: 2% | AF65: 919200 | AG65: 18384 | AJ65: T-PAK | AK65: KHI/HO/D/MO/PC COMP/C/106590/69/01/2025 | AL65: 18384 | AM65: 45681 | AO65: =AG65-AL65 -> 0
A66: 90 | B66: NORM | C66: 9976AD1203440004 | D66: A | E66: T-PAK | F66: SHAHMEER AHMED KHAN | G66: Karachi | H66: 42101-6172647-5 | I66: 3043444777 | J66: 3043444777 | K66: 36990073 | L66: R- 53 GROUND FLOOR SECTER 5-A /2 NO RTH KHI 4K CHOWRANGI KARACHI | M66: 1388050 | N66: 1633000 | O66: 53545/00012/01/2021 | P66: 45661 | Q66: 149170 | R66: 1049147 | S66: NEW | U66: SUZUKI ALTO VXL AGS EURO II | V66: 2021 | W66: 44174 | X66: 03-FEB-2021 | Y66: 46786 | Z66: POAKHI300063621 | AA66: 7 | AB66: ITFM | AC66: 3985/01/2021/ITFM | AD66: 44201 | AE66: 2% | AF66: 1224750 | AG66: 24495 | AJ66: T-PAK | AK66: KHI/HO/D/MO/PC COMP/C/106590/37/01/2025 | AL66: 26128 | AM66: 45681 | AN66: KHI/HO/D/MO/PC COMP/E/52918/00037/03/2025 | AO66: =AG66-AL66 -> -1633
A67: 91 | B67: NORM | C67: 997APD1202410013 | D67: A | E67: T-PAK | F67: ZAHID SHAHZAD | H67: 35202-2406557-3 | I67: 03218493131 | J67: 04235762275, 03218493131 | K67: 04235762275 | L67: PHASE 2 LALAZAR JUDITIONAL CO-OPERA TIVE HOUSING SOCIETY HOUSE NO 87-B LAHORE | M67: 1264278 | N67: 3500000 | O67: 51873/00018/02/2020 | P67: 45716 | Q67: R18Z12929333 | R67: NFBFC6663JR032691 | T67: AHV-031 | U67: HONDA CIVIC IVTEC ORIEL P/T | V67: 2018 | W67: 44071 | X67: 27-FEB-2021 | Y67: 27-Oct-2026 | Z67: POULHR300043480 | AA67: 6 | AB67: ITFM | AC67: 2451/02/2020/ITFM | AD67: 29-FEB-2020 | AE67: 2.5 | AF67: 2450000 | AG67: 61250 | AH67: 997APD1200600031 | AI67: CO19 Relief Principal Deferment Cases | AJ67: T-PAK | AK67: KHI/HO/D/MO/PC COMP/C/107623/1/02/2025 | AL67: 65625 | AM67: 45713 | AN67: KHI/HO/D/MO/PC COMP/E/52952/00001/03/2025 | AO67: =AG67-AL67 -> -4375
A68: 92 | B68: WACH | C68: 997APD2200600029 | D68: A | E68: T-PAK | F68: MAH | G68: Karachi | H68: 42201-4034099-8 | L68: TELENOR MICROFINANCE BANK, KORANGI NO. 1, MAIN KORANGI ROAD KARACHI. PAKISTAN. | M68: 281389 | N68: 835000 | O68: 51873/00067/02/2020 | P68: 45716 | Q68: 951953 | R68: 1068469 | S68: USD | T68: CW-4655 | U68: BOLAN VX EURO II | V68: 2017 | W68: 43890 | X68: 03-MAR-2020 | Y68: 03-Mar-2027 | Z68: POUKHI300053517 | AA68: 7 | AB68: ITECL | AC68: 2489/02/2020 | AD68: 29-FEB-2020 | AE68: 2.5 | AF68: 584500 | AG68: 14613 | AJ68: T-PAK | AK68: KHI/HO/D/MO/PC COMP/C/107623/2/02/2025 | AL68: 14613 | AM68: 45713 | AO68: =AG68-AL68 -> 0
A69: 93 | B69: WACH | C69: 9976AP1210580065 | D69: A | E69: T-PAK | F69: MUHAMMAD MOAZZAM | G69: Lahore | H69: 35202-5186391-5 | I69: 03217269055 | J69: 03217269055 | K69: 03217269055 | L69: 52/3-G LIBERTY PLAZA GULBERG III LAHORE | M69: 475927 | N69: 2170000 | P69: 45716 | Q69: L13Z17440779 | R69: NFBGM1545GR180841 | S69: USD | T69: LEC-16-3736 | U69: CITY I-VTEC M/T | V69: 2016 | W69: 44254 | X69: 27-FEB-2021 | Y69: 27-Feb-2026 | Z69: OLULHR300066464 | AA69: 5 | AB69: CTRK | AC69: DIB0029724 | AD69: 27-FEB-2021 | AE69: 2 | AF69: 1627500 | AG69: 32550 | AJ69: T-PAK | AK69: KHI/HO/D/MO/PC COMP/C/107623/3/02/2025 | AL69: 32550 | AM69: 45713 | AO69: =AG69-AL69 -> 0
A70: 94 | B70: SUBS | C70: 9976AP2210580038 | D70: A | E70: T-PAK | F70: MAZHAR | G70: Lahore | H70: 35202-2807573-7 | L70: 6-KM PAKPATTAN ROAD NEAR ENGRO FOOD SAHIWAL. | M70: 1025143 | N70: 3790000 | P70: 45716 | Q70: R18Z12944845 | R70: NFBFC6667JR048229 | S70: USD | T70: ALE-095 | U70: CIVIC VTI ORILE P/T | V70: 2018 | W70: 44254 | X70: 27-FEB-2021 | Y70: 27-Feb-2026 | Z70: OLULHR300066470 | AA70: 5 | AB70: CTRK | AC70: DIB0029725 | AD70: 27-FEB-2021 | AE70: 2 | AF70: 2842500 | AG70: 56850 | AJ70: T-PAK | AK70: KHI/HO/D/MO/PC COMP/C/107623/5/02/2025 | AL70: 56850 | AM70: 45713 | AO70: =AG70-AL70 -> 0
A71: 95 | B71: NORM | C71: 9976AD1212740170 | D71: A | E71: T-PAK | F71: MUHAMMAD IQBAL | G71: Faisalabad | H71: 33100-7421490-9 | I71: 03008686581 | J71: 03008683581, 03008683581 | K71: 0418812010 | L71: P-59 BLOCK BILAL TOWN GULISTAN ALI FSD NEAR FAISALABAD PK | M71: 792920 | N71: 1610000 | O71: 59294/00002/03/2022 | P71: 45716 | Q71: 230601 | R71: 10130622 | S71: NEW | U71: SUZUKI WAGON R VXL | V71: 2022 | W71: 44470 | X71: 11-MAR-2022 | Y71: 11-Mar-2028 | Z71: OLAFSD300074520 | AA71: 6 | AB71: CTRK | AC71: DIB0033684 | AD71: 01-MAR-2022 | AE71: 2 | AF71: 1288000 | AG71: 25760 | AJ71: T-PAK | AK71: KHI/HO/D/MO/PC COMP/C/107623/7/02/2025 | AL71: 25760 | AM71: 45713 | AO71: =AG71-AL71 -> 0
A72: 96 | B72: NORM | C72: 9976AP1210580078 | D72: A | E72: T-PAK | F72: IMRAN BAIG | G72: Faisalabad | H72: 33100-0989214-5 | I72: 03226995023 | J72: 03226995023, 03226995023 | K72: 03226995023 | L72: H # 603 ST NO 8 MOHALLA NOORPURA SA TYANA ROAD FAISALABAD PK | M72: 396599 | N72: 1433000 | P72: 45716 | Q72: 158140 | R72: 1058101 | S72: NEW | U72: SUZUKI ALTO VXR | V72: 2021 | W72: 44254 | X72: 27-FEB-2021 | Y72: 27-Feb-2026 | Z72: OLDFSD300066463 | AA72: 5 | AB72: CTRK | AC72: DIB0029721 | AD72: 27-FEB-2021 | AE72: 2 | AF72: 1074750 | AG72: 21495 | AJ72: T-PAK | AK72: KHI/HO/D/MO/PC COMP/C/107623/8/02/2025 | AL72: 21495 | AM72: 45713 | AO72: =AG72-AL72 -> 0
A73: 97 | B73: WACH | C73: 9976AP1220590054 | D73: A | E73: T-PAK | F73: MUHAMMAD SAQIB KHURSHEED | G73: Karachi | H73: 42101-8769757-7 | J73: 03471255229 | L73: FLAT NO B 305 AL AMNA AVENUE SECTOR 7D 1 NORTH KARACHI KARACHI | M73: 1323964 | N73: 3050000 | O73: 58470/00317/02/2022 | P73: 45715 | Q73: 561055 | R73: 4186349 | S73: USD | T73: BTD-094 | U73: TOYOTA COROLLA GLI A/T | V73: 2019 | W73: 44620 | X73: 03-MAR-2022 | Y73: 03-Mar-2027 | Z73: OLUKHI300084856 | AA73: 5 | AB73: ITECL | AC73: 6501/02/2022 | AD73: 28-FEB-2022 | AE73: 1.5 | AF73: 2440000 | AG73: 36600 | AJ73: T-PAK | AK73: KHI/HO/D/MO/PC COMP/C/107623/9/02/2025 | AL73: 34313 | AM73: 45713 | AN73: KHI/HO/D/MO/PC COMP/E/52952/00009/03/2025 | AO73: =AG73-AL73 -> 2287
A74: 98 | B74: NORM | C74: 9976AP1240600004 | D74: A | E74: T-PAK | F74: ANJUM SAEED | G74: Faisalabad | H74: 33100-3487954-9 | J74: 03007604290 | L74: HOUSE NO. 81-B MOHLLA GULISTAN COLONY NO.1, FAISALABAD | M74: 1230749 | N74: 2380000 | O74: 83427/00011/02/2024 | P74: 45715 | Q74: 129075 | R74: 10029185 | S74: USD | T74: LEB-18A-4802 | U74: SUZUKI CULTUS VXR EURO II | V74: 2018 | W74: 45351 | X74: 03-MAR-2024 | Y74: 03-Mar-2028 | Z74: OLUFSD300099418 | AA74: 4 | AB74: ITFT | AC74: 10959/02/2024/ITFM | AD74: 28-FEB-2024 | AE74: 1.75 | AF74: 2142000 | AG74: 37485 | AJ74: T-PAK | AK74: KHI/HO/D/MO/PC COMP/C/107623/10/02/2025 | AL74: 37485 | AM74: 45713 | AO74: =AG74-AL74 -> 0
A75: 99 | B75: NORM | C75: 9976AP1240600003 | D75: A | E75: T-PAK | F75: SUFYAN MEHMOOD | G75: Faisalabad | H75: 33100-7646439-1 | I75: 03018551314 | J75: 03018551314, 03018551314 | K75: 0412651314 | L75: H NO P-16/11 BUTT STREET MUHAMMADI COLONY FAISALABAD PK | M75: 2017299 | N75: 5040000 | O75: 83427/00012/02/2024 | P75: 45715 | Q75: 1018817 | R75: 00201480 | S75: NEW | U75: SUZUKI SWIFT GLX | V75: 2024 | W75: 45351 | X75: 03-MAR-2024 | Y75: 03-Mar-2026 | Z75: OLDFSD300099423 | AA75: 2 | AB75: ITFT | AC75: 10962/02/2024/ITFM | AD75: 28-FEB-2024 | AE75: 1.75 | AF75: 4536000 | AG75: 79380 | AJ75: T-PAK | AK75: KHI/HO/D/MO/PC COMP/C/107623/12/02/2025 | AL75: 79380 | AM75: 45713 | AO75: =AG75-AL75 -> 0
A76: 100 | B76: NORM | C76: 9976AP2240600003 | D76: A | E76: T-PAK | F76: JAHANZAIB AMJAD | G76: Faisalabad | H76: 33102-3066376-5 | I76: 03007608066 | J76: 03007608066, 03007608066 | K76: 03007608066 | L76: H NO 48 RAVI GARDEN SATYANA ROAD FS D FAISALABAD PK | M76: 1444833 | N76: 2251000 | O76: 83427/00013/02/2024 | P76: 45715 | Q76: 6R298106 | R76: 1198103 | S76: NEW | U76: SUZUKI ALTO VX EURO II | V76: 2024 | W76: 45351 | X76: 03-MAR-2024 | Y76: 03-Mar-2029 | Z76: OLDFSD300099425 | AA76: 5 | AB76: ITFT | AC76: 10968/02/2024/ITFM | AD76: 29-FEB-2024 | AE76: 1.75 | AF76: 2025900 | AG76: 35453 | AJ76: T-PAK | AK76: KHI/HO/D/MO/PC COMP/C/107623/17/02/2025 | AL76: 35453 | AM76: 45713 | AO76: =AG76-AL76 -> 0
A77: 101 | B77: NORM | C77: 9976AD2213500005 | D77: A | E77: T-PAK | F77: NABEELA ASID | G77: Faisalabad | H77: 33100-0910262-0 | I77: 03216683072 | J77: 03216683072, 03216683072 | K77: 03216683072 | L77: P-237 F BLOCK CANAL ROAD WAPDA CITY FSD NEAR DUBAI ISLAMIC BANK FAISALABAD PK | M77: 714450 | N77: 1299000 | O77: 59294/00042/03/2022 | P77: 45722 | Q77: 8607607W | R77: 03675 | U77: PRINCE PRINCE PEARL | V77: 2022 | W77: 16-DEC-2021 | X77: 21-MAR-2022 | Y77: 21-Mar-2027 | Z77: OLAFSD300081912 | AA77: 5 | AB77: CTRK | AC77: DIB0033753 | AD77: 08-MAR-2022 | AE77: 2% | AF77: 1039200 | AG77: 20784 | AJ77: T-PAK | AK77: KHI/HO/D/MO/PC COMP/C/108044/105/03/2025 | AL77: 20784 | AM77: 45733 | AO77: =AG77-AL77 -> 0
A78: 102 | B78: NORM | C78: 9976AP1240600015 | D78: A | E78: T-PAK | F78: AMIR SHAHZAD | G78: Faisalabad | H78: 33102-6632677-9 | J78: 03214208928 | L78: SHOP NO 1751, AL-MADINA COMMERCIAL MARKET, OPP GANESH MILLS FAISALABAD. 0321 4208928 | M78: 1180514 | N78: 2612000 | O78: 83427/00016/02/2024 | P78: 45715 | Q78: 6R300185 | R78: 1200241 | S78: NEW | U78: SUZUKI ALTO VXR | V78: 2024 | W78: 45351 | X78: 03-MAR-2024 | Y78: 03-Mar-2029 | Z78: OLDFSD300099445 | AA78: 5 | AB78: ITFT | AC78: 10977/02/2024/ITFM | AD78: 29-FEB-2024 | AE78: 1.75 | AF78: 2350800 | AG78: 41139 | AJ78: T-PAK | AK78: KHI/HO/D/MO/PC COMP/C/107623/18/02/2025 | AL78: 41139 | AM78: 45713 | AO78: =AG78-AL78 -> 0
A79: 103 | B79: NORM | C79: 9976AD1212940022 | D79: A | E79: T-PAK | F79: ASAD AHMED KHAN | G79: Islamabad | H79: 61101-5729602-9 | I79: 03209112628 | K79: 0514907706 | L79: H # 158 ST # 2 KHAYAM TOWER NEAR KA SHMIR HIGHWAY NEAR BLESSING TOWER ISLAMABAD PK | M79: 1001250 | N79: 1335000 | O79: 59294/00037/03/2022 | P79: 45722 | Q79: 216091 | R79: 1116083 | U79: SUZUKI ALTO VXR EURO II | V79: 2022 | W79: 21-OCT-2021 | X79: 11-MAR-2022 | Y79: 11-Mar-2027 | Z79: OLAISD300075716 | AA79: 5 | AB79: CTRK | AC79: DIB0033747 | AD79: 08-MAR-2022 | AE79: 2% | AF79: 1068000 | AG79: 21360 | AJ79: T-PAK | AK79: KHI/HO/D/MO/PC COMP/C/108044/108/03/2025 | AL79: 21360 | AM79: 45733 | AO79: =AG79-AL79 -> 0
A80: 104 | B80: NORM | C80: 9976AP2220740023 | D80: A | E80: T-PAK | F80: ZAWAIB ASHFAQ | G80: Lahore | H80: 35202-4632465-5 | I80: 03334340496 | J80: 03334340496 | K80: 03334340496 | L80: 22-KM FEROZPUR ROAD 3.8-KM ROOHI NA LA MOZA KACHA TIBBA LAHORE | M80: 1040000 | N80: 1600000 | O80: 59294/00041/03/2022 | P80: 45722 | Q80: HJ300560 | R80: 18002191 | S80: AQS-852 | T80: AQS-852 | U80: FAW-V2 | V80: 2019 | W80: 15-MAR-2022 | X80: 21-MAR-2022 | Y80: 21-Mar-2027 | Z80: OLULHR300085262 | AA80: 5 | AB80: CTRK | AC80: DIB0033751 | AD80: 08-MAR-2022 | AE80: 1.5% | AF80: 1280000 | AG80: 19200 | AJ80: T-PAK | AK80: KHI/HO/D/MO/PC COMP/C/108044/109/03/2025 | AL80: 19200 | AM80: 45733 | AO80: =AG80-AL80 -> 0
A81: 105 | B81: NORM | C81: 9976AP1240600016 | D81: A | E81: T-PAK | F81: SAJID MUNIR | G81: Faisalabad | H81: 33201-7065394-5 | I81: 03336512525 | J81: 03100000029, 03336512525 | K81: 03100000029 | L81: 2146 BLOCK K MOHALLA GULISTAN COLON Y FSD FAISALABAD PK | M81: 1143451 | N81: 2300000 | O81: 83427/00015/02/2024 | P81: 45715 | Q81: 6R175524 | R81: 1075496 | S81: USD | T81: AEG-956 | U81: SUZUKI ALTO VXL AGS EURO II | V81: 2021 | W81: 45351 | X81: 03-MAR-2024 | Y81: 03-Mar-2029 | Z81: OLUFSD300099447 | AA81: 5 | AB81: ITFT | AC81: 10978/02/2024/ITFM | AD81: 29-FEB-2024 | AE81: 1.75 | AF81: 2070000 | AG81: 36225 | AJ81: T-PAK | AK81: KHI/HO/D/MO/PC COMP/C/107623/19/02/2025 | AL81: 36225 | AM81: 45713 | AO81: =AG81-AL81 -> 0
A82: 106 | B82: NORM | C82: 9976AD1212700035 | D82: A | E82: T-PAK | F82: SAMI ULLAH KHAN | G82: Lahore | H82: 35202-2710439-1 | I82: 03244160627 | J82: 03244160627 | K82: 03244160627 | L82: OFFICE NO 1118 11th FLOOR HIGH Q TO WER JAIL ROAD LAHORE | M82: 1134750 | N82: 1335000 | O82: 59294/00034/03/2022 | P82: 45722 | Q82: 214290 | R82: 1114310 | U82: SUZUKI ALTO VXR EURO II | V82: 2022 | W82: 27-SEP-2021 | X82: 11-MAR-2022 | Y82: 11-Mar-2029 | Z82: OLALHR300073895 | AA82: 7 | AB82: CTRK | AC82: DIB0033743 | AD82: 07-MAR-2022 | AE82: 2% | AF82: 1068000 | AG82: 21360 | AJ82: T-PAK | AK82: KHI/HO/D/MO/PC COMP/C/108044/111/03/2025 | AL82: 21360 | AM82: 45734 | AO82: =AG82-AL82 -> 0
A83: 107 | B83: NORM | C83: 9976AP1220690016 | D83: A | E83: T-PAK | F83: RAJESH KUMAR | G83: Hyderabad | H83: 41507-0385421-7 | I83: 03103730376 | J83: 03103730376, 03241378960 | K83: 03103730376 | L83: PLOT # B-31 GULSHAN E ABBAS QASIMAB AD HYDERABAD PK | M83: 1256000 | N83: 1570000 | O83: 59294/00038/03/2022 | P83: 45722 | Q83: 6R124060 | R83: 1024022 | U83: SUZUKI ALTO VXR EURO II | V83: 2019 | W83: 10-MAR-2022 | X83: 11-MAR-2022 | Y83: 11-Mar-2027 | Z83: OLUHYD300085055 | AA83: 5 | AB83: ITECL | AC83: 6537/03/2022 | AD83: 07-MAR-2022 | AE83: 1.5% | AF83: 1256000 | AG83: 18840 | AJ83: T-PAK | AK83: KHI/HO/D/MO/PC COMP/C/108044/112/03/2025 | AL83: 18840 | AM83: 45734 | AO83: =AG83-AL83 -> 0
A84: 108 | B84: NORM | C84: 9976AP1220690012 | D84: A | E84: T-PAK | F84: NAILA ASGHAR | G84: Karachi | H84: 42101-4518463-8 | J84: 03312803771 | L84: SF-2, BLOCK 37 SEA VIEW APARTMENT PHASE V DHA KARACHI 0331-2803771 | M84: 1512000 | N84: 2160000 | O84: 59294/00049/03/2022 | P84: 45722 | Q84: 13047562 | R84: 10047560 | S84: BQT-612 | T84: BQT-612 | U84: SUZUKI SWIFT A/T | V84: 2019 | W84: 10-MAR-2022 | X84: 11-MAR-2022 | Y84: 11-Mar-2027 | Z84: OLUKHI300085063 | AA84: 5 | AB84: CTRK | AC84: DIB0033755 | AD84: 09-MAR-2022 | AE84: 1.5% | AF84: 1728000 | AG84: 25920 | AJ84: T-PAK | AK84: KHI/HO/D/MO/PC COMP/C/108044/113/03/2025 | AL84: 25920 | AM84: 45734 | AO84: =AG84-AL84 -> 0
A85: 109 | B85: NORM | C85: 9976AP2240600007 | D85: A | E85: T-PAK | F85: HASSAN JAVED | G85: Faisalabad | H85: 33103-2348315-3 | J85: 03157455895 | L85: H # P-107 MADINA GARDEN SATYNA ROAD FSD 03157455895 | M85: 1326134 | N85: 2251000 | O85: 83427/00014/02/2024 | P85: 45715 | Q85: 297840 | R85: 1197753 | S85: NEW | U85: SUZUKI ALTO VX | V85: 2024 | W85: 45351 | X85: 03-MAR-2024 | Y85: 03-Mar-2029 | Z85: OLDFSD300099440 | AA85: 5 | AB85: ITFT | AC85: 10972/02/2024/ITFM | AD85: 29-FEB-2024 | AE85: 1.75 | AF85: 2025900 | AG85: 35453 | AJ85: T-PAK | AK85: KHI/HO/D/MO/PC COMP/C/107623/20/02/2025 | AL85: 35453 | AM85: 45713 | AO85: =AG85-AL85 -> 0
A86: 110 | B86: NORM | C86: 9976AP1240600024 | D86: A | E86: T-PAK | F86: NAVEED ALAM | G86: Karachi | H86: 42201-9203147-1 | I86: 03009262520 | J86: 03009262520, 03009262520 | K86: 03009262520 | L86: HOUSE # R-157 AEECHS GUL ESTATE BLO CK 8 GULISTAN-E-JOHAR NEAR FURQAN J KARACHI PK | M86: 1039995 | N86: 2200000 | O86: 83427/00017/02/2024 | P86: 45715 | Q86: 150357 | R86: 502448 | S86: USD | T86: BUS-948 | U86: KIA PICANTO 1.0 L M/T | V86: 2021 | W86: 45351 | X86: 03-MAR-2024 | Y86: 03-Mar-2027 | Z86: OLUKHI300099459 | AA86: 3 | AB86: ITFT | AC86: 10994/02/2024/ITFM | AD86: 29-FEB-2024 | AE86: 1.75 | AF86: 1980000 | AG86: 34650 | AJ86: T-PAK | AK86: KHI/HO/D/MO/PC COMP/C/107623/21/02/2025 | AL86: 34650 | AM86: 45713 | AO86: =AG86-AL86 -> 0
A87: 111 | B87: NORM | C87: 9976AP1220700020 | D87: A | E87: T-PAK | F87: MUHAMMAD ZULLQURNAN SHAHZAD | G87: Lahore | H87: 36104-0445323-7 | I87: 03218448125 | J87: 03218448125 | K87: 03218448125 | L87: HOUSE NO 835-H STREET NO 27 JASMIN BLOCK SECTOR C BAHRIA TOWN LAHORE PK | M87: 1928000 | N87: 2410000 | O87: 59294/00040/03/2022 | P87: 45722 | Q87: 172113 | R87: 10072117 | S87: ADP-567 | T87: ADP-567 | U87: SUZUKI CULTUS VXL AGS EURO II | V87: 2021 | W87: 11-MAR-2022 | X87: 11-MAR-2022 | Y87: 11-Mar-2027 | Z87: OLULHR300085252 | AA87: 5 | AB87: CTRK | AC87: DIB0033750 | AD87: 08-MAR-2022 | AE87: 1.5% | AF87: 1928000 | AG87: 28920 | AJ87: T-PAK | AK87: KHI/HO/D/MO/PC COMP/C/108044/116/03/2025 | AL87: 28920 | AM87: 45734 | AO87: =AG87-AL87 -> 0
A88: 112 | B88: NORM | C88: 9976AD1212730086 | D88: A | E88: T-PAK | F88: SADIA IJAZ | G88: Faisalabad | H88: 35202-9605424-6 | I88: 03224281312 | J88: 03224281312, 03224281312 | K88: 03224281312 | L88: P-90C CITY HOUSABU BAKAR MASJID ING SDARGODHA ROAD FSD FAISALABAD PK | M88: 1968050 | N88: 2811500 | O88: 59294/00033/03/2022 | P88: 45722 | Q88: 1008958 | R88: 14777 | U88: HONDA CITY I VTEC PT | V88: 2022 | W88: 30-SEP-2021 | X88: 21-MAR-2022 | Y88: 21-Mar-2027 | Z88: OLAFSD300074333 | AA88: 5 | AB88: CTRK | AC88: DIB0033742 | AD88: 07-MAR-2022 | AE88: 2% | AF88: 2249200 | AG88: 44984 | AJ88: T-PAK | AK88: KHI/HO/D/MO/PC COMP/C/108044/117/03/2025 | AL88: 44984 | AM88: 45734 | AO88: =AG88-AL88 -> 0
A89: 113 | B89: NORM | C89: 9976AP2230670004 | D89: A | E89: T-PAK | F89: NAZIR HUSSAIN JADRAN | G89: Faisalabad | H89: 33100-1658155-7 | I89: 03006397105 | J89: 03006397105, 03006397105 | K89: 03006397105 | L89: ST NO 8 NEAR CHAKI WALA CHOWK JHANG ROAD FSD NEAR NAIMAT ABAD FAISALABAD PK | M89: 1430000 | N89: 2200000 | O89: 68593/00001/03/2023 | P89: 45722 | Q89: 110878 | R89: 10010862 | S89: LEB-17A-7690 | T89: LEB-17A-7690 | U89: SUZUKI CULTUS VXL EURO-II | V89: 2017 | W89: 08-MAR-2023 | X89: 11-MAR-2023 | Y89: 11-Mar-2028 | Z89: OLUFSD300092533 | AA89: 5 | AB89: ITFM | AC89: 10139/03/2023/ITFM | AD89: 08-MAR-2023 | AE89: 1.75% | AF89: 1870000 | AG89: 32725 | AJ89: T-PAK | AK89: KHI/HO/D/MO/PC COMP/C/108044/118/03/2025 | AL89: 32725 | AM89: 45734 | AO89: =AG89-AL89 -> 0
A90: 114 | B90: NORM | C90: 9976AP2220600024 | D90: A | E90: T-PAK | F90: TANVIR AHMED | G90: Faisalabad | H90: 33102-1802519-9 | I90: 03009659018 | J90: 03009659018, 03009659018 | K90: 03009659018 | L90: P-3088 ST NO 3 ROZA PARK MANSOOR AB AD FSD NEAR ABID GENERAL STORE FAISALABAD | M90: 614476 | N90: 1450000 | O90: 58470/00329/02/2022 | P90: 45715 | Q90: 128191 | R90: 10028167 | S90: USD | T90: LEC-17-8617 | U90: SUZUKI WAGONR VXL | V90: 2017 | W90: 44621 | X90: 03-MAR-2022 | Y90: 03-Mar-2027 | Z90: OLUFSD300084973 | AA90: 5 | AB90: CTRK | AC90: DIB0033679 | AD90: 28-FEB-2022 | AE90: 1.5 | AF90: 1160000 | AG90: 17400 | AJ90: T-PAK | AK90: KHI/HO/D/MO/PC COMP/C/107623/24/02/2025 | AL90: 16313 | AM90: 45713 | AN90: KHI/HO/D/MO/PC COMP/E/52952/00024/03/2025 | AO90: =AG90-AL90 -> 1087
A91: 115 | B91: NORM | C91: 9976AP2220600026 | D91: A | E91: T-PAK | F91: TAHIR JAMIL | G91: Lahore | H91: 36402-0752859-3 | I91: 03219805978 | J91: 03219805978 | K91: 03219805978 | L91: HOUSE NO 236-C T AND T AAB PARA SOC IETY RAIWIND ROAD LAHORE PK | M91: 831414 | N91: 3050000 | O91: 58470/00313/02/2022 | P91: 45715 | Q91: 2569833 | R91: 4195302 | S91: USD | T91: LEA-19A-2398 | U91: TOYOTA COROLLA GLI A/T | V91: 2022 | W91: 44621 | X91: 03-MAR-2022 | Y91: 03-Mar-2026 | Z91: OLULHR300084926 | AA91: 4 | AB91: ITECL | AC91: 6497/02/2022 | AD91: 28-FEB-2022 | AE91: 1.5 | AF91: 2440000 | AG91: 36600 | AJ91: T-PAK | AK91: KHI/HO/D/MO/PC COMP/C/107623/25/02/2025 | AL91: 36600 | AM91: 45713 | AO91: =AG91-AL91 -> 0
A92: 116 | B92: NORM | C92: 9976AP1220600058 | D92: A | E92: T-PAK | F92: UZMA DOST MUHAMMAD RAJAR | G92: Hyderabad | H92: 41306-1972820-2 | I92: 03008374117 | J92: 03008374117 | K92: 03008374117 | L92: BANGLOW NO 72/3 SINDHI MUSLIM HOUSI NG SOCIETY HYDERABAD PK | M92: 1097713 | N92: 3500000 | O92: 58470/00309/02/2022 | P92: 45715 | Q92: 615B71400715 | R92: NFBFC1661GR003072 | S92: USD | T92: BHB-505 | U92: HONDA CIVIC 1.5 L TURBO | V92: 2016 | W92: 44621 | X92: 03-MAR-2022 | Y92: 03-Mar-2027 | Z92: OLUHYD300084914 | AA92: 5 | AB92: ITECL | AC92: 6499/02/2022 | AD92: 28-FEB-2022 | AE92: 1.5 | AF92: 2800000 | AG92: 42000 | AJ92: T-PAK | AK92: KHI/HO/D/MO/PC COMP/C/107623/26/02/2025 | AL92: 39375 | AM92: 45713 | AN92: KHI/HO/D/MO/PC COMP/E/52952/00026/03/2025 | AO92: =AG92-AL92 -> 2625
A93: 117 | B93: NORM | C93: 9976AP1220590044 | D93: A | E93: T-PAK | F93: HINA ASIM | G93: Hyderabad | H93: 41304-7688742-6 | I93: 03303197579 | J93: 03303197579 | K93: 03303197579 | L93: HOUSE # 131 BHATTI GOTH PHULELI PAR INDUSTRIAL AREA NEAR NOOR MASJID H HYDERABAD PK | M93: 769461 | N93: 1546000 | O93: 58470/00308/02/2022 | P93: 45715 | Q93: 6R135731 | R93: NF1AET306H1035722 | S93: USD | T93: BSA-528 | U93: SUZUKI ALTO VXR EURO II | V93: 2020 | W93: 44620 | X93: 03-MAR-2022 | Y93: 03-Mar-2029 | Z93: OLUHYD300084893 | AA93: 7 | AB93: ITECL | AC93: 6500/02/2022 | AD93: 28-FEB-2022 | AE93: 1.5 | AF93: 1236800 | AG93: 18552 | AJ93: T-PAK | AK93: KHI/HO/D/MO/PC COMP/C/107623/27/02/2025 | AL93: 18552 | AM93: 45713 | AO93: =AG93-AL93 -> 0
A94: 118 | B94: NORM | C94: 9976AP2230590010 | D94: A | E94: T-PAK | F94: MARIA NAZEER | G94: Lahore | H94: 35202-9984060-2 | I94: 03025554330 | J94: 03025554330 | K94: 04235298681 | L94: H NO 334 LINE NO 2 BLOCK P JOHAR TO WN NEAR EMPORIUM MALL LAHORE PK | M94: 1164989 | N94: 2675000 | O94: 67335/00019/02/2023 | P94: 45715 | Q94: 6R156458 | R94: 1056445 | S94: USD | T94: ACU-034 | U94: SUZUKI ALTO VXL AGS EURO-II | V94: 2021 | W94: 44985 | X94: 03-MAR-2023 | Y94: 03-Mar-2028 | Z94: OLULHR300092407 | AA94: 5 | AB94: ITFT | AC94: 10101/02/2023/ITFM | AD94: 28-FEB-2023 | AE94: 1.5 | AF94: 2273750 | AG94: 34106 | AJ94: T-PAK | AK94: KHI/HO/D/MO/PC COMP/C/107623/28/02/2025 | AL94: 34106 | AM94: 45713 | AO94: =AG94-AL94 -> 0
A95: 119 | B95: NORM | C95: 9976AP1220600067 | D95: A | E95: T-PAK | F95: HANNAN ANWAR | G95: Rawalpindi | H95: 37405-5597165-5 | I95: 03344486226 | K95: 03344486226 | L95: H # 223-Z/9 ABDUL HABIB KHAN ROAD M OHALLAD TARIQABAD LALHURTI RAWALPINDI PK | M95: 1706168 | N95: 4400000 | O95: 58470/00314/02/2022 | P95: 45715 | Q95: 16912232 | R95: 063920 | S95: USD | T95: AMC-302 | U95: HONDA CIVIC VTI ORIEL P/T | V95: 2020 | W95: 44621 | X95: 03-MAR-2022 | Y95: 03-Mar-2027 | Z95: OLURWP300084939 | AA95: 5 | AB95: CTRK | AC95: DIB0033676 | AD95: 28-FEB-2022 | AE95: 1.5 | AF95: 3520000 | AG95: 52800 | AJ95: T-PAK | AK95: KHI/HO/D/MO/PC COMP/C/107623/30/02/2025 | AL95: 49500 | AM95: 45713 | AN95: KHI/HO/D/MO/PC COMP/E/52952/00030/03/2025 | AO95: =AG95-AL95 -> 3300
A96: 120 | B96: NORM | C96: 9976AP1220600081 | D96: A | E96: T-PAK | F96: MOHSIN ALI | G96: Karachi | H96: 42000-0475027-1 | I96: 03002386965 | J96: 03002386965 | K96: 02134312672 | L96: B-21 2ND FLOOR JIWANI APP BUSINESS RECRDER ROAD PLOT # 538/25 OPP MCB KARACHI PK | M96: 1588292 | N96: 4000000 | O96: 58470/00315/02/2022 | P96: 45715 | Q96: 343493 | R96: 7042673 | S96: USD | T96: BZB-999 | U96: TOYOTA COROLLA ALTIS GRANDE CVT | V96: 2020 | W96: 44621 | X96: 03-MAR-2022 | Y96: 03-Mar-2027 | Z96: OLUKHI300084896 | AA96: 5 | AB96: ITECL | AC96: 6496/02/2022 | AD96: 28-FEB-2022 | AE96: 1.5 | AF96: 3200000 | AG96: 48000 | AJ96: T-PAK | AK96: KHI/HO/D/MO/PC COMP/C/107623/31/02/2025 | AL96: 45000 | AM96: 45713 | AN96: KHI/HO/D/MO/PC COMP/E/52952/00031/03/2025 | AO96: =AG96-AL96 -> 3000
A97: 121 | B97: NORM | C97: 9976AP2220590010 | D97: A | E97: T-PAK | F97: NASREEN BIBI | G97: Karachi | H97: 31301-1352832-2 | J97: 03461299151 | L97: PLOT # D-67 Q, PHASE 1, SITE 2, SUPER HIGHWAY, KARACHI, PAKISTAN. 0346-1299151 | M97: 1406038 | N97: 3541000 | O97: 58470/00286/02/2022 | P97: 45715 | Q97: Q-089294 | R97: 6066893 | S97: NEW | U97: TOYOTA COROLLA ALTIS A/T | V97: 2022 | W97: 44620 | X97: 03-MAR-2022 | Y97: 03-Mar-2027 | Z97: OLDKHI300084826 | AA97: 5 | AB97: ITECL | AC97: 6479/02/2022 | AD97: 28-FEB-2022 | AE97: 2 | AF97: 2832800 | AG97: 56656 | AJ97: T-PAK | AK97: KHI/HO/D/MO/PC COMP/C/107623/32/02/2025 | AL97: 53115 | AM97: 45713 | AN97: KHI/HO/D/MO/PC COMP/E/52952/00032/03/2025 | AO97: =AG97-AL97 -> 3541
A98: 122 | B98: NORM | C98: 9976AP1220590034 | D98: A | E98: T-PAK | F98: MUHAMMAD SADIQ JAMANI | G98: Karachi | H98: 42201-0784560-1 | J98: 03219900881 | K98: 322702027 | L98: GHADEER ENTERPRISES A-711, 7TH FLOOR , SAIMA TRADE TOWER I.I CHUNDRIGAR ROAD KARACHI | M98: 1308344 | N98: 3200000 | O98: 58470/00298/02/2022 | P98: 45715 | Q98: Q-322815 | R98: 7021871 | S98: USD | T98: BJR-007 | U98: TOYOTA COROLLA ALTIS GRANDE CVT | V98: 2017 | W98: 44620 | X98: 03-MAR-2022 | Y98: 03-Mar-2027 | Z98: OLUKHI300084791 | AA98: 5 | AB98: CTRK | AC98: DIB0033668 | AD98: 28-FEB-2022 | AE98: 1.5 | AF98: 2560000 | AG98: 38400 | AJ98: T-PAK | AK98: KHI/HO/D/MO/PC COMP/C/107623/33/02/2025 | AL98: 36000 | AM98: 45713 | AN98: KHI/HO/D/MO/PC COMP/E/52952/00033/03/2025 | AO98: =AG98-AL98 -> 2400
A99: 123 | B99: NORM | C99: 9976AP1220600087 | D99: A | E99: T-PAK | F99: MUHAMMAD HAMZA MALKA | G99: Karachi | H99: 42301-3741271-3 | I99: 03000654424 | J99: 03000654424 | K99: 03000654424 | L99: HOUSE # 3/6 1ST FLOOR KHAY-E-HARAM STREET 1 MOALLIMABAD PECHS BLOCK 3 KARACHI PK | M99: 1207480 | N99: 3025000 | O99: 58470/00321/02/2022 | P99: 45715 | Q99: 2A01652 | R99: NSP151R-9501206 | S99: USD | T99: BRT-816 | U99: TOYOTA YARIS ATIV X 1.5 AT | V99: 2020 | W99: 44621 | X99: 03-MAR-2022 | Y99: 03-Mar-2027 | Z99: OLUKHI300084851 | AA99: 5 | AB99: ITECL | AC99: 6507/02/2022 | AD99: 28-FEB-2022 | AE99: 1.5 | AF99: 2420000 | AG99: 36300 | AJ99: T-PAK | AK99: KHI/HO/D/MO/PC COMP/C/107623/34/02/2025 | AL99: 34031 | AM99: 45713 | AN99: KHI/HO/D/MO/PC COMP/E/52952/00034/03/2025 | AO99: =AG99-AL99 -> 2269
A100: 124 | B100: NORM | C100: 9976AP1220600064 | D100: A | E100: T-PAK | F100: JAMSHAID YOUNAS | G100: Lahore | H100: 35202-0885980-7 | J100: 03008081860 | L100: SHOP NO 56-A HAJVERY BLOCK AZAM CLO TH MARKET LAHORE | M100: 1131933 | N100: 2835000 | O100: 58470/00316/02/2022 | P100: 45715 | Q100: L13Z17530987 | R100: NFBGM1646KR249852 | S100: USD | T100: AND-621 | U100: HONDA CITY I VTEC P/T | V100: 2019 | W100: 44621 | X100: 03-MAR-2022 | Y100: 03-Mar-2027 | Z100: OLULHR300084935 | AA100: 5 | AB100: ITECL | AC100: 6505/02/2022 | AD100: 28-FEB-2022 | AE100: 1.5 | AF100: 2268000 | AG100: 34020 | AJ100: T-PAK | AK100: KHI/HO/D/MO/PC COMP/C/107623/35/02/2025 | AL100: 31894 | AM100: 45713 | AN100: KHI/HO/D/MO/PC COMP/E/52952/00035/03/2025 | AO100: =AG100-AL100 -> 2126
...

Sheet working
A1: KHI/HO/D/MO/PC COMP/C/108044/5/03/2025 | B1: -03-2025 | H1: 108044 | I1: 00005 | J1: ="ia.assorted_string like '%"&H1&"-"&I1&B1&"%' or" -> ia.assorted_string like '%108044-00005-03-2025%' or
A2: KHI/HO/D/MO/PC COMP/C/108044/6/03/2025 | B2: -03-2025 | H2: 108044 | I2: 00006 | J2: ="ia.assorted_string like '%"&H2&"-"&I2&B2&"%' or" -> ia.assorted_string like '%108044-00006-03-2025%' or
A3: KHI/HO/D/MO/PC COMP/C/108044/20/03/2025 | B3: -03-2025 | H3: 108044 | I3: 00020 | J3: ="ia.assorted_string like '%"&H3&"-"&I3&B3&"%' or" -> ia.assorted_string like '%108044-00020-03-2025%' or
A4: KHI/HO/D/MO/PC COMP/C/108044/22/03/2025 | B4: -03-2025 | H4: 108044 | I4: 00022 | J4: ="ia.assorted_string like '%"&H4&"-"&I4&B4&"%' or" -> ia.assorted_string like '%108044-00022-03-2025%' or
A5: KHI/HO/D/MO/PC COMP/C/108044/30/03/2025 | B5: -03-2025 | H5: 108044 | I5: 00030 | J5: ="ia.assorted_string like '%"&H5&"-"&I5&B5&"%' or" -> ia.assorted_string like '%108044-00030-03-2025%' or
A6: KHI/HO/D/MO/PC COMP/C/106590/214/01/2025 | B6: -01-2025 | H6: 106590 | I6: 00214 | J6: ="ia.assorted_string like '%"&H6&"-"&I6&B6&"%' or" -> ia.assorted_string like '%106590-00214-01-2025%' or
A7: KHI/HO/D/MO/PC COMP/C/108044/32/03/2025 | B7: -03-2025 | H7: 108044 | I7: 00032 | J7: ="ia.assorted_string like '%"&H7&"-"&I7&B7&"%' or" -> ia.assorted_string like '%108044-00032-03-2025%' or
A8: KHI/HO/D/MO/PC COMP/P/108413/1/03/2025 | B8: -03-2025 | H8: 108413 | I8: 00001 | J8: ="ia.assorted_string like '%"&H8&"-"&I8&B8&"%' or" -> ia.assorted_string like '%108413-00001-03-2025%' or
A9: KHI/HO/D/MO/PC COMP/C/106590/7/01/2025 | B9: -01-2025 | H9: 106590 | I9: 00007 | J9: ="ia.assorted_string like '%"&H9&"-"&I9&B9&"%' or" -> ia.assorted_string like '%106590-00007-01-2025%' or
A10: KHI/HO/D/MO/PC COMP/C/106590/197/01/2025 | B10: -01-2025 | H10: 106590 | I10: 00197 | J10: ="ia.assorted_string like '%"&H10&"-"&I10&B10&"%' or" -> ia.assorted_string like '%106590-00197-01-2025%' or
A11: KHI/HO/D/MO/PC COMP/C/106590/200/01/2025 | B11: -01-2025 | H11: 106590 | I11: 00200 | J11: ="ia.assorted_string like '%"&H11&"-"&I11&B11&"%' or" -> ia.assorted_string like '%106590-00200-01-2025%' or
A12: KHI/HO/D/MO/PC COMP/C/106590/268/01/2025 | B12: -01-2025 | H12: 106590 | I12: 00268 | J12: ="ia.assorted_string like '%"&H12&"-"&I12&B12&"%' or" -> ia.assorted_string like '%106590-00268-01-2025%' or
... A269: KHI/HO/D/MO/PC COMP/C/107623/206/02/2025 | B269: -02-2025 | H269: 107623 | I269: 00206 | J269: ="ia.assorted_string like '%"&H269&"-"&I269&B269&"%' or" -> ia.assorted_string like '%107623-00206-02-2025%' or
A270: KHI/HO/D/MO/PC COMP/P/108422/03/2025 | B270: 45717 | H270: 108422 | I270: 00003 | J270: ="ia.assorted_string like '%"&H270&"-"&I270&B270&"%' or" -> ia.assorted_string like '%108422-0000345717%' or
A271: KHI/HO/D/MO/PC COMP/C/107623/207/02/2025 | B271: -02-2025 | H271: 107623 | I271: 00207 | J271: ="ia.assorted_string like '%"&H271&"-"&I271&B271&"%' or" -> ia.assorted_string like '%107623-00207-02-2025%' or
A272: KHI/HO/D/MO/PC COMP/C/108044/241/03/2025 | B272: -03-2025 | H272: 108044 | I272: 00241 | J272: ="ia.assorted_string like '%"&H272&"-"&I272&B272&"%' or" -> ia.assorted_string like '%108044-00241-03-2025%' or
A273: KHI/HO/D/MO/PC COMP/C/107623/208/02/2025 | B273: -02-2025 | H273: 107623 | I273: 00208 | J273: ="ia.assorted_string like '%"&H273&"-"&I273&B273&"%' or" -> ia.assorted_string like '%107623-00208-02-2025%' or
A274: KHI/HO/D/MO/PC COMP/C/108044/240/03/2025 | B274: -03-2025 | H274: 108044 | I274: 00240 | J274: ="ia.assorted_string like '%"&H274&"-"&I274&B274&"%' or" -> ia.assorted_string like '%108044-00240-03-2025%' or
A275: KHI/HO/D/MO/PC COMP/C/107623/209/02/2025 | B275: -02-2025 | H275: 107623 | I275: 00209 | J275: ="ia.assorted_string like '%"&H275&"-"&I275&B275&"%' or" -> ia.assorted_string like '%107623-00209-02-2025%' or
A276: KHI/HO/D/MO/PC COMP/C/108044/238/03/2025 | B276: -03-2025 | H276: 108044 | I276: 00238 | J276: ="ia.assorted_string like '%"&H276&"-"&I276&B276&"%' or" -> ia.assorted_string like '%108044-00238-03-2025%' or
A277: KHI/HO/D/MO/PC COMP/C/108044/237/03/2025 | B277: -03-2025 | H277: 108044 | I277: 00237 | J277: ="ia.assorted_string like '%"&H277&"-"&I277&B277&"%' or" -> ia.assorted_string like '%108044-00237-03-2025%' or
A278: KHI/HO/D/MO/PC COMP/C/107623/210/02/2025 | B278: -02-2025 | H278: 107623 | I278: 00210 | J278: ="ia.assorted_string like '%"&H278&"-"&I278&B278&"%' or" -> ia.assorted_string like '%107623-00210-02-2025%' or
A279: KHI/HO/D/MO/PC COMP/C/108044/236/03/2025 | B279: -03-2025 | H279: 108044 | I279: 00236 | J279: ="ia.assorted_string like '%"&H279&"-"&I279&B279&"%' or" -> ia.assorted_string like '%108044-00236-03-2025%' or
A280: KHI/HO/D/MO/PC COMP/C/108044/235/03/2025 | B280: -03-2025 | H280: 108044 | I280: 00235 | J280: ="ia.assorted_string like '%"&H280&"-"&I280&B280&"%' or" -> ia.assorted_string like '%108044-00235-03-2025%' or
A281: KHI/HO/D/MO/PC COMP/C/107623/211/02/2025 | B281: -02-2025 | H281: 107623 | I281: 00211 | J281: ="ia.assorted_string like '%"&H281&"-"&I281&B281&"%' or" -> ia.assorted_string like '%107623-00211-02-2025%' or
A282: KHI/HO/D/MO/PC COMP/C/107623/212/02/2025 | B282: -02-2025 | H282: 107623 | I282: 00212 | J282: ="ia.assorted_string like '%"&H282&"-"&I282&B282&"%' or" -> ia.assorted_string like '%107623-00212-02-2025%' or
... A416: KHI/HO/D/MO/PC COMP/C/107623/45/02/2025 | B416: -02-2025 | H416: 107623 | I416: 00045 | J416: ="ia.assorted_string like '%"&H416&"-"&I416&B416&"%' or" -> ia.assorted_string like '%107623-00045-02-2025%' or

Sheet Sheet2
A1: POLICY NO. | B1: Assorted_code | D1: Premium | E1: 27Mar250028
A2: KHI/HO/D/MO/PC COMP/C/108044/5/03/2025 | B2: =VLOOKUP(A2,policy!B:C,2,0) -> 070000178695 | C2: 57840 | D2: =ROUND(C2,0) -> 57840 | E2: 27Mar250028 | F2: ="insert into ins_premium_det (premium_rcv_code,assorted_code, rec_amount,premium_rcv_detail_code,remaining_amt, payrec, mode_code,coinsurance_code,class_cd,it_remarks) values" -> insert into ins_premium_det (premium_rcv_code,assorted_code, rec_amount,premium_rcv_detail_code,remaining_amt, payrec, mode_code,coinsurance_code,class_cd,it_remarks) values | G2: ="('"&E2&"','"&B2&"','"&D2&"',(select max(to_number(i.premium_rcv_detail_code))+1 from ins_premium_det i),'"&D2&"','"&D2&"','02', '11000003','00','Request by Mr. Saqib Saleem 28-Mar-2025');" -> ('27Mar250028','070000178695','57840',(select max(to_number(i.premium_rcv_detail_code))+1 from ins_premium_det i),'57840','57840','02', '11000003','00','Request by Mr. Saqib Saleem 28-Mar-2025'); | H2: =F2&G2 -> insert into ins_premium_det (premium_rcv_code,assorted_code, rec_amount,premium_rcv_detail_code,remaining_amt, payrec, mode_code,coinsurance_code,class_cd,it_remarks) values('27Mar250028','070000178695','57840',(select max(to_number(i.premium_rcv_detail_code))+1 from ins_premium_det i),'57840','57840','02', '11000003','00','Request by Mr. Saqib Saleem 28-Mar-2025');
A3: KHI/HO/D/MO/PC COMP/C/108044/6/03/2025 | B3: =VLOOKUP(A3,policy!B:C,2,0) -> 070000178696 | C3: 65936 | D3: =ROUND(C3,0) -> 65936 | E3: 27Mar250028 | F3: ="insert into ins_premium_det (premium_rcv_code,assorted_code, rec_amount,premium_rcv_detail_code,remaining_amt, payrec, mode_code,coinsurance_code,class_cd,it_remarks) values" -> insert into ins_premium_det (premium_rcv_code,assorted_code, rec_amount,premium_rcv_detail_code,remaining_amt, payrec, mode_code,coinsurance_code,class_cd,it_remarks) values | G3: ="('"&E3&"','"&B3&"','"&D3&"',(select max(to_number(i.premium_rcv_detail_code))+1 from ins_premium_det i),'"&D3&"','"&D3&"','02', '11000003','00','Request by Mr. Saqib Saleem 28-Mar-2025');" -> ('27Mar250028','070000178696','65936',(select max(to_number(i.premium_rcv_detail_code))+1 from ins_premium_det i),'65936','65936','02', '11000003','00','Request by Mr. Saqib Saleem 28-Mar-2025'); | H3: =F3&G3 -> insert into ins_premium_det (premium_rcv_code,assorted_code, rec_amount,premium_rcv_detail_code,remaining_amt, payrec, mode_code,coinsurance_code,class_cd,it_remarks) values('27Mar250028','070000178696','65936',(select max(to_number(i.premium_rcv_detail_code))+1 from ins_premium_det i),'65936','65936','02', '11000003','00','Request by Mr. Saqib Saleem 28-Mar-2025');
A4: KHI/HO/D/MO/PC COMP/C/108044/20/03/2025 | B4: =VLOOKUP(A4,policy!B:C,2,0) -> 070000178710 | C4: 25760 | D4: =ROUND(C4,0) -> 25760 | E4: 27Mar250028 | F4: ="insert into ins_premium_det (premium_rcv_code,assorted_code, rec_amount,premium_rcv_detail_code,remaining_amt, payrec, mode_code,coinsurance_code,class_cd,it_remarks) values" -> insert into ins_premium_det (premium_rcv_code,assorted_code, rec_amount,premium_rcv_detail_code,remaining_amt, payrec, mode_code,coinsurance_code,class_cd,it_remarks) values | G4: ="('"&E4&"','"&B4&"','"&D4&"',(select max(to_number(i.premium_rcv_detail_code))+1 from ins_premium_det i),'"&D4&"','"&D4&"','02', '11000003','00','Request by Mr. Saqib Saleem 28-Mar-2025');" -> ('27Mar250028','070000178710','25760',(select max(to_number(i.premium_rcv_detail_code))+1 from ins_premium_det i),'25760','25760','02', '11000003','00','Request by Mr. Saqib Saleem 28-Mar-2025'); | H4: =F4&G4 -> insert into ins_premium_det (premium_rcv_code,assorted_code, rec_amount,premium_rcv_detail_code,remaining_amt, payrec, mode_code,coinsurance_code,class_cd,it_remarks) values('27Mar250028','070000178710','25760',(select max(to_number(i.premium_rcv_detail_code))+1 from ins_premium_det i),'25760','25760','02', '11000003','00','Request by Mr. Saqib Saleem 28-Mar-2025');
A5: KHI/HO/D/MO/PC COMP/C/108044/22/03/2025 | B5: =VLOOKUP(A5,policy!B:C,2,0) -> 070000178712 | C5: 24000 | D5: =ROUND(C5,0) -> 24000 | E5: 27Mar250028 | F5: ="insert into ins_premium_det (premium_rcv_code,assorted_code, rec_amount,premium_rcv_detail_code,remaining_amt, payrec, mode_code,coinsurance_code,class_cd,it_remarks) values" -> insert into ins_premium_det (premium_rcv_code,assorted_code, rec_amount,premium_rcv_detail_code,remaining_amt, payrec, mode_code,coinsurance_code,class_cd,it_remarks) values | G5: ="('"&E5&"','"&B5&"','"&D5&"',(select max(to_number(i.premium_rcv_detail_code))+1 from ins_premium_det i),'"&D5&"','"&D5&"','02', '11000003','00','Request by Mr. Saqib Saleem 28-Mar-2025');" -> ('27Mar250028','070000178712','24000',(select max(to_number(i.premium_rcv_detail_code))+1 from ins_premium_det i),'24000','24000','02', '11000003','00','Request by Mr. Saqib Saleem 28-Mar-2025'); | H5: =F5&G5 -> insert into ins_premium_det (premium_rcv_code,assorted_code, rec_amount,premium_rcv_detail_code,remaining_amt, payrec, mode_code,coinsurance_code,class_cd,it_remarks) values('27Mar250028','070000178712','24000',(select max(to_number(i.premium_rcv_detail_code))+1 from ins_premium_det i),'24000','24000','02', '11000003','00','Request by Mr. Saqib Saleem 28-Mar-2025');
A6: KHI/HO/D/MO/PC COMP/C/108044/30/03/2025 | B6: =VLOOKUP(A6,policy!B:C,2,0) -> 070000178720 | C6: 49680 | D6: =ROUND(C6,0) -> 49680 | E6: 27Mar250028 | F6: ="insert into ins_premium_det (premium_rcv_code,assorted_code, rec_amount,premium_rcv_detail_code,remaining_amt, payrec, mode_code,coinsurance_code,class_cd,it_remarks) values" -> insert into ins_premium_det (premium_rcv_code,assorted_code, rec_amount,premium_rcv_detail_code,remaining_amt, payrec, mode_code,coinsurance_code,class_cd,it_remarks) values | G6: ="('"&E6&"','"&B6&"','"&D6&"',(select max(to_number(i.premium_rcv_detail_code))+1 from ins_premium_det i),'"&D6&"','"&D6&"','02', '11000003','00','Request by Mr. Saqib Saleem 28-Mar-2025');" -> ('27Mar250028','070000178720','49680',(select max(to_number(i.premium_rcv_detail_code))+1 from ins_premium_det i),'49680','49680','02', '11000003','00','Request by Mr. Saqib Saleem 28-Mar-2025'); | H6: =F6&G6 -> insert into ins_premium_det (premium_rcv_code,assorted_code, rec_amount,premium_rcv_detail_code,remaining_amt, payrec, mode_code,coinsurance_code,class_cd,it_remarks) values('27Mar250028','070000178720','49680',(select max(to_number(i.premium_rcv_detail_code))+1 from ins_premium_det i),'49680','49680','02', '11000003','00','Request by Mr. Saqib Saleem 28-Mar-2025');
A7: KHI/HO/D/MO/PC COMP/C/106590/214/01/2025 | B7: =VLOOKUP(A7,policy!B:C,2,0) -> 070000174720 | C7: 41445 | D7: =ROUND(C7,0) -> 41445 | E7: 27Mar250028 | F7: ="insert into ins_premium_det (premium_rcv_code,assorted_code, rec_amount,premium_rcv_detail_code,remaining_amt, payrec, mode_code,coinsurance_code,class_cd,it_remarks) values" -> insert into ins_premium_det (premium_rcv_code,assorted_code, rec_amount,premium_rcv_detail_code,remaining_amt, payrec, mode_code,coinsurance_code,class_cd,it_remarks) values | G7: ="('"&E7&"','"&B7&"','"&D7&"',(select max(to_number(i.premium_rcv_detail_code))+1 from ins_premium_det i),'"&D7&"','"&D7&"','02', '11000003','00','Request by Mr. Saqib Saleem 28-Mar-2025');" -> ('27Mar250028','070000174720','41445',(select max(to_number(i.premium_rcv_detail_code))+1 from ins_premium_det i),'41445','41445','02', '11000003','00','Request by Mr. Saqib Saleem 28-Mar-2025'); | H7: =F7&G7 -> insert into ins_premium_det (premium_rcv_code,assorted_code, rec_amount,premium_rcv_detail_code,remaining_amt, payrec, mode_code,coinsurance_code,class_cd,it_remarks) values('27Mar250028','070000174720','41445',(select max(to_number(i.premium_rcv_detail_code))+1 from ins_premium_det i),'41445','41445','02', '11000003','00','Request by Mr. Saqib Saleem 28-Mar-2025');
A8: KHI/HO/D/MO/PC COMP/C/108044/32/03/2025 | B8: =VLOOKUP(A8,policy!B:C,2,0) -> 070000178722 | C8: 61815 | D8: =ROUND(C8,0) -> 61815 | E8: 27Mar250028 | F8: ="insert into ins_premium_det (premium_rcv_code,assorted_code, rec_amount,premium_rcv_detail_code,remaining_amt, payrec, mode_code,coinsurance_code,class_cd,it_remarks) values" -> insert into ins_premium_det (premium_rcv_code,assorted_code, rec_amount,premium_rcv_detail_code,remaining_amt, payrec, mode_code,coinsurance_code,class_cd,it_remarks) values | G8: ="('"&E8&"','"&B8&"','"&D8&"',(select max(to_number(i.premium_rcv_detail_code))+1 from ins_premium_det i),'"&D8&"','"&D8&"','02', '11000003','00','Request by Mr. Saqib Saleem 28-Mar-2025');" -> ('27Mar250028','070000178722','61815',(select max(to_number(i.premium_rcv_detail_code))+1 from ins_premium_det i),'61815','61815','02', '11000003','00','Request by Mr. Saqib Saleem 28-Mar-2025'); | H8: =F8&G8 -> insert into ins_premium_det (premium_rcv_code,assorted_code, rec_amount,premium_rcv_detail_code,remaining_amt, payrec, mode_code,coinsurance_code,class_cd,it_remarks) values('27Mar250028','070000178722','61815',(select max(to_number(i.premium_rcv_detail_code))+1 from ins_premium_det i),'61815','61815','02', '11000003','00','Request by Mr. Saqib Saleem 28-Mar-2025');
A9: KHI/HO/D/MO/PC COMP/P/108413/1/03/2025 | B9: =VLOOKUP(A9,policy!B:C,2,0) -> #N/A | E9: 27Mar250028 | F9: ="insert into ins_premium_det (premium_rcv_code,assorted_code, rec_amount,premium_rcv_detail_code,remaining_amt, payrec, mode_code,coinsurance_code,class_cd,it_remarks) values" -> insert into ins_premium_det (premium_rcv_code,assorted_code, rec_amount,premium_rcv_detail_code,remaining_amt, payrec, mode_code,coinsurance_code,class_cd,it_remarks) values | G9: ="('"&E9&"','"&B9&"','"&D9&"',(select max(to_number(i.premium_rcv_detail_code))+1 from ins_premium_det i),'"&D9&"','"&D9&"','02', '11000003','00','Request by Mr. Saqib Saleem 28-Mar-2025');" -> #N/A | H9: =F9&G9 -> #N/A
A10: KHI/HO/D/MO/PC COMP/C/106590/7/01/2025 | B10: =VLOOKUP(A10,policy!B:C,2,0) -> 070000174513 | C10: 23696 | D10: =ROUND(C10,0) -> 23696 | E10: 27Mar250028 | F10: ="insert into ins_premium_det (premium_rcv_code,assorted_code, rec_amount,premium_rcv_detail_code,remaining_amt, payrec, mode_code,coinsurance_code,class_cd,it_remarks) values" -> insert into ins_premium_det (premium_rcv_code,assorted_code, rec_amount,premium_rcv_detail_code,remaining_amt, payrec, mode_code,coinsurance_code,class_cd,it_remarks) values | G10: ="('"&E10&"','"&B10&"','"&D10&"',(select max(to_number(i.premium_rcv_detail_code))+1 from ins_premium_det i),'"&D10&"','"&D10&"','02', '11000003','00','Request by Mr. Saqib Saleem 28-Mar-2025');" -> ('27Mar250028','070000174513','23696',(select max(to_number(i.premium_rcv_detail_code))+1 from ins_premium_det i),'23696','23696','02', '11000003','00','Request by Mr. Saqib Saleem 28-Mar-2025'); | H10: =F10&G10 -> insert into ins_premium_det (premium_rcv_code,assorted_code, rec_amount,premium_rcv_detail_code,remaining_amt, payrec, mode_code,coinsurance_code,class_cd,it_remarks) values('27Mar250028','070000174513','23696',(select max(to_number(i.premium_rcv_detail_code))+1 from ins_premium_det i),'23696','23696','02', '11000003','00','Request by Mr. Saqib Saleem 28-Mar-2025');
A11: KHI/HO/D/MO/PC COMP/C/106590/197/01/2025 | B11: =VLOOKUP(A11,policy!B:C,2,0) -> 070000174703 | C11: 76993 | D11: =ROUND(C11,0) -> 76993 | E11: 27Mar250028 | F11: ="insert into ins_premium_det (premium_rcv_code,assorted_code, rec_amount,premium_rcv_detail_code,remaining_amt, payrec, mode_code,coinsurance_code,class_cd,it_remarks) values" -> insert into ins_premium_det (premium_rcv_code,assorted_code, rec_amount,premium_rcv_detail_code,remaining_amt, payrec, mode_code,coinsurance_code,class_cd,it_remarks) values | G11: ="('"&E11&"','"&B11&"','"&D11&"',(select max(to_number(i.premium_rcv_detail_code))+1 from ins_premium_det i),'"&D11&"','"&D11&"','02', '11000003','00','Request by Mr. Saqib Saleem 28-Mar-2025');" -> ('27Mar250028','070000174703','76993',(select max(to_number(i.premium_rcv_detail_code))+1 from ins_premium_det i),'76993','76993','02', '11000003','00','Request by Mr. Saqib Saleem 28-Mar-2025'); | H11: =F11&G11 -> insert into ins_premium_det (premium_rcv_code,assorted_code, rec_amount,premium_rcv_detail_code,remaining_amt, payrec, mode_code,coinsurance_code,class_cd,it_remarks) values('27Mar250028','070000174703','76993',(select max(to_number(i.premium_rcv_detail_code))+1 from ins_premium_det i),'76993','76993','02', '11000003','00','Request by Mr. Saqib Saleem 28-Mar-2025');
A12: KHI/HO/D/MO/PC COMP/C/106590/200/01/2025 | B12: =VLOOKUP(A12,policy!B:C,2,0) -> 070000174706 | C12: 32745 | D12: =ROUND(C12,0) -> 32745 | E12: 27Mar250028 | F12: ="insert into ins_premium_det (premium_rcv_code,assorted_code, rec_amount,premium_rcv_detail_code,remaining_amt, payrec, mode_code,coinsurance_code,class_cd,it_remarks) values" -> insert into ins_premium_det (premium_rcv_code,assorted_code, rec_amount,premium_rcv_detail_code,remaining_amt, payrec, mode_code,coinsurance_code,class_cd,it_remarks) values | G12: ="('"&E12&"','"&B12&"','"&D12&"',(select max(to_number(i.premium_rcv_detail_code))+1 from ins_premium_det i),'"&D12&"','"&D12&"','02', '11000003','00','Request by Mr. Saqib Saleem 28-Mar-2025');" -> ('27Mar250028','070000174706','32745',(select max(to_number(i.premium_rcv_detail_code))+1 from ins_premium_det i),'32745','32745','02', '11000003','00','Request by Mr. Saqib Saleem 28-Mar-2025'); | H12: =F12&G12 -> insert into ins_premium_det (premium_rcv_code,assorted_code, rec_amount,premium_rcv_detail_code,remaining_amt, payrec, mode_code,coinsurance_code,class_cd,it_remarks) values('27Mar250028','070000174706','32745',(select max(to_number(i.premium_rcv_detail_code))+1 from ins_premium_det i),'32745','32745','02', '11000003','00','Request by Mr. Saqib Saleem 28-Mar-2025');
A13: KHI/HO/D/MO/PC COMP/C/106590/268/01/2025 | B13: =VLOOKUP(A13,policy!B:C,2,0) -> 070000174774 | C13: 68410 | D13: =ROUND(C13,0) -> 68410 | E13: 27Mar250028 | F13: ="insert into ins_premium_det (premium_rcv_code,assorted_code, rec_amount,premium_rcv_detail_code,remaining_amt, payrec, mode_code,coinsurance_code,class_cd,it_remarks) values" -> insert into ins_premium_det (premium_rcv_code,assorted_code, rec_amount,premium_rcv_detail_code,remaining_amt, payrec, mode_code,coinsurance_code,class_cd,it_remarks) values | G13: ="('"&E13&"','"&B13&"','"&D13&"',(select max(to_number(i.premium_rcv_detail_code))+1 from ins_premium_det i),'"&D13&"','"&D13&"','02', '11000003','00','Request by Mr. Saqib Saleem 28-Mar-2025');" -> ('27Mar250028','070000174774','68410',(select max(to_number(i.premium_rcv_detail_code))+1 from ins_premium_det i),'68410','68410','02', '11000003','00','Request by Mr. Saqib Saleem 28-Mar-2025'); | H13: =F13&G13 -> insert into ins_premium_det (premium_rcv_code,assorted_code, rec_amount,premium_rcv_detail_code,remaining_amt, payrec, mode_code,coinsurance_code,class_cd,it_remarks) values('27Mar250028','070000174774','68410',(select max(to_number(i.premium_rcv_detail_code))+1 from ins_premium_det i),'68410','68410','02', '11000003','00','Request by Mr. Saqib Saleem 28-Mar-2025');
A14: KHI/HO/D/MO/PC COMP/C/108044/39/03/2025 | B14: =VLOOKUP(A14,policy!B:C,2,0) -> 070000178729 | C14: 39600 | D14: =ROUND(C14,0) -> 39600 | E14: 27Mar250028 | F14: ="insert into ins_premium_det (premium_rcv_code,assorted_code, rec_amount,premium_rcv_detail_code,remaining_amt, payrec, mode_code,coinsurance_code,class_cd,it_remarks) values" -> insert into ins_premium_det (premium_rcv_code,assorted_code, rec_amount,premium_rcv_detail_code,remaining_amt, payrec, mode_code,coinsurance_code,class_cd,it_remarks) values | G14: ="('"&E14&"','"&B14&"','"&D14&"',(select max(to_number(i.premium_rcv_detail_code))+1 from ins_premium_det i),'"&D14&"','"&D14&"','02', '11000003','00','Request by Mr. Saqib Saleem 28-Mar-2025');" -> ('27Mar250028','070000178729','39600',(select max(to_number(i.premium_rcv_detail_code))+1 from ins_premium_det i),'39600','39600','02', '11000003','00','Request by Mr. Saqib Saleem 28-Mar-2025'); | H14: =F14&G14 -> insert into ins_premium_det (premium_rcv_code,assorted_code, rec_amount,premium_rcv_detail_code,remaining_amt, payrec, mode_code,coinsurance_code,class_cd,it_remarks) values('27Mar250028','070000178729','39600',(select max(to_number(i.premium_rcv_detail_code))+1 from ins_premium_det i),'39600','39600','02', '11000003','00','Request by Mr. Saqib Saleem 28-Mar-2025');
A15: KHI/HO/D/MO/PC COMP/C/106590/281/01/2025 | B15: =VLOOKUP(A15,policy!B:C,2,0) -> 070000174787 | C15: 24825 | D15: =ROUND(C15,0) -> 24825 | E15: 27Mar250028 | F15: ="insert into ins_premium_det (premium_rcv_code,assorted_code, rec_amount,premium_rcv_detail_code,remaining_amt, payrec, mode_code,coinsurance_code,class_cd,it_remarks) values" -> insert into ins_premium_det (premium_rcv_code,assorted_code, rec_amount,premium_rcv_detail_code,remaining_amt, payrec, mode_code,coinsurance_code,class_cd,it_remarks) values | G15: ="('"&E15&"','"&B15&"','"&D15&"',(select max(to_number(i.premium_rcv_detail_code))+1 from ins_premium_det i),'"&D15&"','"&D15&"','02', '11000003','00','Request by Mr. Saqib Saleem 28-Mar-2025');" -> ('27Mar250028','070000174787','24825',(select max(to_number(i.premium_rcv_detail_code))+1 from ins_premium_det i),'24825','24825','02', '11000003','00','Request by Mr. Saqib Saleem 28-Mar-2025'); | H15: =F15&G15 -> insert into ins_premium_det (premium_rcv_code,assorted_code, rec_amount,premium_rcv_detail_code,remaining_amt, payrec, mode_code,coinsurance_code,class_cd,it_remarks) values('27Mar250028','070000174787','24825',(select max(to_number(i.premium_rcv_detail_code))+1 from ins_premium_det i),'24825','24825','02', '11000003','00','Request by Mr. Saqib Saleem 28-Mar-2025');
A16: KHI/HO/D/MO/PC COMP/C/106590/3/01/2025 | B16: =VLOOKUP(A16,policy!B:C,2,0) -> 070000174509 | C16: 34781 | D16: =ROUND(C16,0) -> 34781 | E16: 27Mar250028 | F16: ="insert into ins_premium_det (premium_rcv_code,assorted_code, rec_amount,premium_rcv_detail_code,remaining_amt, payrec, mode_code,coinsurance_code,class_cd,it_remarks) values" -> insert into ins_premium_det (premium_rcv_code,assorted_code, rec_amount,premium_rcv_detail_code,remaining_amt, payrec, mode_code,coinsurance_code,class_cd,it_remarks) values | G16: ="('"&E16&"','"&B16&"','"&D16&"',(select max(to_number(i.premium_rcv_detail_code))+1 from ins_premium_det i),'"&D16&"','"&D16&"','02', '11000003','00','Request by Mr. Saqib Saleem 28-Mar-2025');" -> ('27Mar250028','070000174509','34781',(select max(to_number(i.premium_rcv_detail_code))+1 from ins_premium_det i),'34781','34781','02', '11000003','00','Request by Mr. Saqib Saleem 28-Mar-2025'); | H16: =F16&G16 -> insert into ins_premium_det (premium_rcv_code,assorted_code, rec_amount,premium_rcv_detail_code,remaining_amt, payrec, mode_code,coinsurance_code,class_cd,it_remarks) values('27Mar250028','070000174509','34781',(select max(to_number(i.premium_rcv_detail_code))+1 from ins_premium_det i),'34781','34781','02', '11000003','00','Request by Mr. Saqib Saleem 28-Mar-2025');
A17: KHI/HO/D/MO/PC COMP/C/108044/42/03/2025 | B17: =VLOOKUP(A17,policy!B:C,2,0) -> 070000178732 | C17: 21360 | D17: =ROUND(C17,0) -> 21360 | E17: 27Mar250028 | F17: ="insert into ins_premium_det (premium_rcv_code,assorted_code, rec_amount,premium_rcv_detail_code,remaining_amt, payrec, mode_code,coinsurance_code,class_cd,it_remarks) values" -> insert into ins_premium_det (premium_rcv_code,assorted_code, rec_amount,premium_rcv_detail_code,remaining_amt, payrec, mode_code,coinsurance_code,class_cd,it_remarks) values | G17: ="('"&E17&"','"&B17&"','"&D17&"',(select max(to_number(i.premium_rcv_detail_code))+1 from ins_premium_det i),'"&D17&"','"&D17&"','02', '11000003','00','Request by Mr. Saqib Saleem 28-Mar-2025');" -> ('27Mar250028','070000178732','21360',(select max(to_number(i.premium_rcv_detail_code))+1 from ins_premium_det i),'21360','21360','02', '11000003','00','Request by Mr. Saqib Saleem 28-Mar-2025'); | H17: =F17&G17 -> insert into ins_premium_det (premium_rcv_code,assorted_code, rec_amount,premium_rcv_detail_code,remaining_amt, payrec, mode_code,coinsurance_code,class_cd,it_remarks) values('27Mar250028','070000178732','21360',(select max(to_number(i.premium_rcv_detail_code))+1 from ins_premium_det i),'21360','21360','02', '11000003','00','Request by Mr. Saqib Saleem 28-Mar-2025');
A18: KHI/HO/D/MO/PC COMP/C/106590/5/01/2025 | B18: =VLOOKUP(A18,policy!B:C,2,0) -> 070000174511 | C18: 18647 | D18: =ROUND(C18,0) -> 18647 | E18: 27Mar250028 | F18: ="insert into ins_premium_det (premium_rcv_code,assorted_code, rec_amount,premium_rcv_detail_code,remaining_amt, payrec, mode_code,coinsurance_code,class_cd,it_remarks) values" -> insert into ins_premium_det (premium_rcv_code,assorted_code, rec_amount,premium_rcv_detail_code,remaining_amt, payrec, mode_code,coinsurance_code,class_cd,it_remarks) values | G18: ="('"&E18&"','"&B18&"','"&D18&"',(select max(to_number(i.premium_rcv_detail_code))+1 from ins_premium_det i),'"&D18&"','"&D18&"','02', '11000003','00','Request by Mr. Saqib Saleem 28-Mar-2025');" -> ('27Mar250028','070000174511','18647',(select max(to_number(i.premium_rcv_detail_code))+1 from ins_premium_det i),'18647','18647','02', '11000003','00','Request by Mr. Saqib Saleem 28-Mar-2025'); | H18: =F18&G18 -> insert into ins_premium_det (premium_rcv_code,assorted_code, rec_amount,premium_rcv_detail_code,remaining_amt, payrec, mode_code,coinsurance_code,class_cd,it_remarks) values('27Mar250028','070000174511','18647',(select max(to_number(i.premium_rcv_detail_code))+1 from ins_premium_det i),'18647','18647','02', '11000003','00','Request by Mr. Saqib Saleem 28-Mar-2025');
A19: KHI/HO/D/MO/PC COMP/C/106590/6/01/2025 | B19: =VLOOKUP(A19,policy!B:C,2,0) -> 070000174512 | C19: 39852 | D19: =ROUND(C19,0) -> 39852 | E19: 27Mar250028 | F19: ="insert into ins_premium_det (premium_rcv_code,assorted_code, rec_amount,premium_rcv_detail_code,remaining_amt, payrec, mode_code,coinsurance_code,class_cd,it_remarks) values" -> insert into ins_premium_det (premium_rcv_code,assorted_code, rec_amount,premium_rcv_detail_code,remaining_amt, payrec, mode_code,coinsurance_code,class_cd,it_remarks) values | G19: ="('"&E19&"','"&B19&"','"&D19&"',(select max(to_number(i.premium_rcv_detail_code))+1 from ins_premium_det i),'"&D19&"','"&D19&"','02', '11000003','00','Request by Mr. Saqib Saleem 28-Mar-2025');" -> ('27Mar250028','070000174512','39852',(select max(to_number(i.premium_rcv_detail_code))+1 from ins_premium_det i),'39852','39852','02', '11000003','00','Request by Mr. Saqib Saleem 28-Mar-2025'); | H19: =F19&G19 -> insert into ins_premium_det (premium_rcv_code,assorted_code, rec_amount,premium_rcv_detail_code,remaining_amt, payrec, mode_code,coinsurance_code,class_cd,it_remarks) values('27Mar250028','070000174512','39852',(select max(to_number(i.premium_rcv_detail_code))+1 from ins_premium_det i),'39852','39852','02', '11000003','00','Request by Mr. Saqib Saleem 28-Mar-2025');
A20: KHI/HO/D/MO/PC COMP/P/108413/2/03/2025 | B20: =VLOOKUP(A20,policy!B:C,2,0) -> #N/A | E20: 27Mar250028 | F20: ="insert into ins_premium_det (premium_rcv_code,assorted_code, rec_amount,premium_rcv_detail_code,remaining_amt, payrec, mode_code,coinsurance_code,class_cd,it_remarks) values" -> insert into ins_premium_det (premium_rcv_code,assorted_code, rec_amount,premium_rcv_detail_code,remaining_amt, payrec, mode_code,coinsurance_code,class_cd,it_remarks) values | G20: ="('"&E20&"','"&B20&"','"&D20&"',(select max(to_number(i.premium_rcv_detail_code))+1 from ins_premium_det i),'"&D20&"','"&D20&"','02', '11000003','00','Request by Mr. Saqib Saleem 28-Mar-2025');" -> #N/A | H20: =F20&G20 -> #N/A
A21: KHI/HO/D/MO/PC COMP/P/108413/3/03/2025 | B21: =VLOOKUP(A21,policy!B:C,2,0) -> #N/A | E21: 27Mar250028 | F21: ="insert into ins_premium_det (premium_rcv_code,assorted_code, rec_amount,premium_rcv_detail_code,remaining_amt, payrec, mode_code,coinsurance_code,class_cd,it_remarks) values" -> insert into ins_premium_det (premium_rcv_code,assorted_code, rec_amount,premium_rcv_detail_code,remaining_amt, payrec, mode_code,coinsurance_code,class_cd,it_remarks) values | G21: ="('"&E21&"','"&B21&"','"&D21&"',(select max(to_number(i.premium_rcv_detail_code))+1 from ins_premium_det i),'"&D21&"','"&D21&"','02', '11000003','00','Request by Mr. Saqib Saleem 28-Mar-2025');" -> #N/A | H21: =F21&G21 -> #N/A
A22: KHI/HO/D/MO/PC COMP/P/108413/4/03/2025 | B22: =VLOOKUP(A22,policy!B:C,2,0) -> #N/A | E22: 27Mar250028 | F22: ="insert into ins_premium_det (premium_rcv_code,assorted_code, rec_amount,premium_rcv_detail_code,remaining_amt, payrec, mode_code,coinsurance_code,class_cd,it_remarks) values" -> insert into ins_premium_det (premium_rcv_code,assorted_code, rec_amount,premium_rcv_detail_code,remaining_amt, payrec, mode_code,coinsurance_code,class_cd,it_remarks) values | G22: ="('"&E22&"','"&B22&"','"&D22&"',(select max(to_number(i.premium_rcv_detail_code))+1 from ins_premium_det i),'"&D22&"','"&D22&"','02', '11000003','00','Request by Mr. Saqib Saleem 28-Mar-2025');" -> #N/A | H22: =F22&G22 -> #N/A
A23: KHI/HO/D/MO/PC COMP/P/108413/5/03/2025 | B23: =VLOOKUP(A23,policy!B:C,2,0) -> #N/A | E23: 27Mar250028 | F23: ="insert into ins_premium_det (premium_rcv_code,assorted_code, rec_amount,premium_rcv_detail_code,remaining_amt, payrec, mode_code,coinsurance_code,class_cd,it_remarks) values" -> insert into ins_premium_det (premium_rcv_code,assorted_code, rec_amount,premium_rcv_detail_code,remaining_amt, payrec, mode_code,coinsurance_code,class_cd,it_remarks) values | G23: ="('"&E23&"','"&B23&"','"&D23&"',(select max(to_number(i.premium_rcv_detail_code))+1 from ins_premium_det i),'"&D23&"','"&D23&"','02', '11000003','00','Request by Mr. Saqib Saleem 28-Mar-2025');" -> #N/A | H23: =F23&G23 -> #N/A
A24: KHI/HO/D/MO/PC COMP/C/106590/56/01/2025 | B24: =VLOOKUP(A24,policy!B:C,2,0) -> 070000174562 | C24: 21484 | D24: =ROUND(C24,0) -> 21484 | E24: 27Mar250028 | F24: ="insert into ins_premium_det (premium_rcv_code,assorted_code, rec_amount,premium_rcv_detail_code,remaining_amt, payrec, mode_code,coinsurance_code,class_cd,it_remarks) values" -> insert into ins_premium_det (premium_rcv_code,assorted_code, rec_amount,premium_rcv_detail_code,remaining_amt, payrec, mode_code,coinsurance_code,class_cd,it_remarks) values | G24: ="('"&E24&"','"&B24&"','"&D24&"',(select max(to_number(i.premium_rcv_detail_code))+1 from ins_premium_det i),'"&D24&"','"&D24&"','02', '11000003','00','Request by Mr. Saqib Saleem 28-Mar-2025');" -> ('27Mar250028','070000174562','21484',(select max(to_number(i.premium_rcv_detail_code))+1 from ins_premium_det i),'21484','21484','02', '11000003','00','Request by Mr. Saqib Saleem 28-Mar-2025'); | H24: =F24&G24 -> insert into ins_premium_det (premium_rcv_code,assorted_code, rec_amount,premium_rcv_detail_code,remaining_amt, payrec, mode_code,coinsurance_code,class_cd,it_remarks) values('27Mar250028','070000174562','21484',(select max(to_number(i.premium_rcv_detail_code))+1 from ins_premium_det i),'21484','21484','02', '11000003','00','Request by Mr. Saqib Saleem 28-Mar-2025');
A25: KHI/HO/D/MO/PC COMP/C/106590/58/01/2025 | B25: =VLOOKUP(A25,policy!B:C,2,0) -> 070000174564 | C25: 23333 | D25: =ROUND(C25,0) -> 23333 | E25: 27Mar250028 | F25: ="insert into ins_premium_det (premium_rcv_code,assorted_code, rec_amount,premium_rcv_detail_code,remaining_amt, payrec, mode_code,coinsurance_code,class_cd,it_remarks) values" -> insert into ins_premium_det (premium_rcv_code,assorted_code, rec_amount,premium_rcv_detail_code,remaining_amt, payrec, mode_code,coinsurance_code,class_cd,it_remarks) values | G25: ="('"&E25&"','"&B25&"','"&D25&"',(select max(to_number(i.premium_rcv_detail_code))+1 from ins_premium_det i),'"&D25&"','"&D25&"','02', '11000003','00','Request by Mr. Saqib Saleem 28-Mar-2025');" -> ('27Mar250028','070000174564','23333',(select max(to_number(i.premium_rcv_detail_code))+1 from ins_premium_det i),'23333','23333','02', '11000003','00','Request by Mr. Saqib Saleem 28-Mar-2025'); | H25: =F25&G25 -> insert into ins_premium_det (premium_rcv_code,assorted_code, rec_amount,premium_rcv_detail_code,remaining_amt, payrec, mode_code,coinsurance_code,class_cd,it_remarks) values('27Mar250028','070000174564','23333',(select max(to_number(i.premium_rcv_detail_code))+1 from ins_premium_det i),'23333','23333','02', '11000003','00','Request by Mr. Saqib Saleem 28-Mar-2025');
A26: KHI/HO/D/MO/PC COMP/C/108044/49/03/2025 | B26: =VLOOKUP(A26,policy!B:C,2,0) -> 070000178739 | C26: 21360 | D26: =ROUND(C26,0) -> 21360 | E26: 27Mar250028 | F26: ="insert into ins_premium_det (premium_rcv_code,assorted_code, rec_amount,premium_rcv_detail_code,remaining_amt, payrec, mode_code,coinsurance_code,class_cd,it_remarks) values" -> insert into ins_premium_det (premium_rcv_code,assorted_code, rec_amount,premium_rcv_detail_code,remaining_amt, payrec, mode_code,coinsurance_code,class_cd,it_remarks) values | G26: ="('"&E26&"','"&B26&"','"&D26&"',(select max(to_number(i.premium_rcv_detail_code))+1 from ins_premium_det i),'"&D26&"','"&D26&"','02', '11000003','00','Request by Mr. Saqib Saleem 28-Mar-2025');" -> ('27Mar250028','070000178739','21360',(select max(to_number(i.premium_rcv_detail_code))+1 from ins_premium_det i),'21360','21360','02', '11000003','00','Request by Mr. Saqib Saleem 28-Mar-2025'); | H26: =F26&G26 -> insert into ins_premium_det (premium_rcv_code,assorted_code, rec_amount,premium_rcv_detail_code,remaining_amt, payrec, mode_code,coinsurance_code,class_cd,it_remarks) values('27Mar250028','070000178739','21360',(select max(to_number(i.premium_rcv_detail_code))+1 from ins_premium_det i),'21360','21360','02', '11000003','00','Request by Mr. Saqib Saleem 28-Mar-2025');
A27: KHI/HO/D/MO/PC COMP/C/106590/68/01/2025 | B27: =VLOOKUP(A27,policy!B:C,2,0) -> 070000174574 | C27: 11475 | D27: =ROUND(C27,0) -> 11475 | E27: 27Mar250028 | F27: ="insert into ins_premium_det (premium_rcv_code,assorted_code, rec_amount,premium_rcv_detail_code,remaining_amt, payrec, mode_code,coinsurance_code,class_cd,it_remarks) values" -> insert into ins_premium_det (premium_rcv_code,assorted_code, rec_amount,premium_rcv_detail_code,remaining_amt, payrec, mode_code,coinsurance_code,class_cd,it_remarks) values | G27: ="('"&E27&"','"&B27&"','"&D27&"',(select max(to_number(i.premium_rcv_detail_code))+1 from ins_premium_det i),'"&D27&"','"&D27&"','02', '11000003','00','Request by Mr. Saqib Saleem 28-Mar-2025');" -> ('27Mar250028','070000174574','11475',(select max(to_number(i.premium_rcv_detail_code))+1 from ins_premium_det i),'11475','11475','02', '11000003','00','Request by Mr. Saqib Saleem 28-Mar-2025'); | H27: =F27&G27 -> insert into ins_premium_det (premium_rcv_code,assorted_code, rec_amount,premium_rcv_detail_code,remaining_amt, payrec, mode_code,coinsurance_code,class_cd,it_remarks) values('27Mar250028','070000174574','11475',(select max(to_number(i.premium_rcv_detail_code))+1 from ins_premium_det i),'11475','11475','02', '11000003','00','Request by Mr. Saqib Saleem 28-Mar-2025');
A28: KHI/HO/D/MO/PC COMP/C/106590/93/01/2025 | B28: =VLOOKUP(A28,policy!B:C,2,0) -> 070000174599 | C28: 65160 | D28: =ROUND(C28,0) -> 65160 | E28: 27Mar250028 | F28: ="insert into ins_premium_det (premium_rcv_code,assorted_code, rec_amount,premium_rcv_detail_code,remaining_amt, payrec, mode_code,coinsurance_code,class_cd,it_remarks) values" -> insert into ins_premium_det (premium_rcv_code,assorted_code, rec_amount,premium_rcv_detail_code,remaining_amt, payrec, mode_code,coinsurance_code,class_cd,it_remarks) values | G28: ="('"&E28&"','"&B28&"','"&D28&"',(select max(to_number(i.premium_rcv_detail_code))+1 from ins_premium_det i),'"&D28&"','"&D28&"','02', '11000003','00','Request by Mr. Saqib Saleem 28-Mar-2025');" -> ('27Mar250028','070000174599','65160',(select max(to_number(i.premium_rcv_detail_code))+1 from ins_premium_det i),'65160','65160','02', '11000003','00','Request by Mr. Saqib Saleem 28-Mar-2025'); | H28: =F28&G28 -> insert into ins_premium_det (premium_rcv_code,assorted_code, rec_amount,premium_rcv_detail_code,remaining_amt, payrec, mode_code,coinsurance_code,class_cd,it_remarks) values('27Mar250028','070000174599','65160',(select max(to_number(i.premium_rcv_detail_code))+1 from ins_premium_det i),'65160','65160','02', '11000003','00','Request by Mr. Saqib Saleem 28-Mar-2025');
A29: KHI/HO/D/MO/PC COMP/C/106590/96/01/2025 | B29: =VLOOKUP(A29,policy!B:C,2,0) -> 070000174602 | C29: 49712 | D29: =ROUND(C29,0) -> 49712 | E29: 27Mar250028 | F29: ="insert into ins_premium_det (premium_rcv_code,assorted_code, rec_amount,premium_rcv_detail_code,remaining_amt, payrec, mode_code,coinsurance_code,class_cd,it_remarks) values" -> insert into ins_premium_det (premium_rcv_code,assorted_code, rec_amount,premium_rcv_detail_code,remaining_amt, payrec, mode_code,coinsurance_code,class_cd,it_remarks) values | G29: ="('"&E29&"','"&B29&"','"&D29&"',(select max(to_number(i.premium_rcv_detail_code))+1 from ins_premium_det i),'"&D29&"','"&D29&"','02', '11000003','00','Request by Mr. Saqib Saleem 28-Mar-2025');" -> ('27Mar250028','070000174602','49712',(select max(to_number(i.premium_rcv_detail_code))+1 from ins_premium_det i),'49712','49712','02', '11000003','00','Request by Mr. Saqib Saleem 28-Mar-2025'); | H29: =F29&G29 -> insert into ins_premium_det (premium_rcv_code,assorted_code, rec_amount,premium_rcv_detail_code,remaining_amt, payrec, mode_code,coinsurance_code,class_cd,it_remarks) values('27Mar250028','070000174602','49712',(select max(to_number(i.premium_rcv_detail_code))+1 from ins_premium_det i),'49712','49712','02', '11000003','00','Request by Mr. Saqib Saleem 28-Mar-2025');
A30: KHI/HO/D/MO/PC COMP/C/108044/55/03/2025 | B30: =VLOOKUP(A30,policy!B:C,2,0) -> 070000178745 | C30: 21360 | D30: =ROUND(C30,0) -> 21360 | E30: 27Mar250028 | F30: ="insert into ins_premium_det (premium_rcv_code,assorted_code, rec_amount,premium_rcv_detail_code,remaining_amt, payrec, mode_code,coinsurance_code,class_cd,it_remarks) values" -> insert into ins_premium_det (premium_rcv_code,assorted_code, rec_amount,premium_rcv_detail_code,remaining_amt, payrec, mode_code,coinsurance_code,class_cd,it_remarks) values | G30: ="('"&E30&"','"&B30&"','"&D30&"',(select max(to_number(i.premium_rcv_detail_code))+1 from ins_premium_det i),'"&D30&"','"&D30&"','02', '11000003','00','Request by Mr. Saqib Saleem 28-Mar-2025');" -> ('27Mar250028','070000178745','21360',(select max(to_number(i.premium_rcv_detail_code))+1 from ins_premium_det i),'21360','21360','02', '11000003','00','Request by Mr. Saqib Saleem 28-Mar-2025'); | H30: =F30&G30 -> insert into ins_premium_det (premium_rcv_code,assorted_code, rec_amount,premium_rcv_detail_code,remaining_amt, payrec, mode_code,coinsurance_code,class_cd,it_remarks) values('27Mar250028','070000178745','21360',(select max(to_number(i.premium_rcv_detail_code))+1 from ins_premium_det i),'21360','21360','02', '11000003','00','Request by Mr. Saqib Saleem 28-Mar-2025');
A31: KHI/HO/D/MO/PC COMP/C/106590/99/01/2025 | B31: =VLOOKUP(A31,policy!B:C,2,0) -> 070000174605 | C31: 38400 | D31: =ROUND(C31,0) -> 38400 | E31: 27Mar250028 | F31: ="insert into ins_premium_det (premium_rcv_code,assorted_code, rec_amount,premium_rcv_detail_code,remaining_amt, payrec, mode_code,coinsurance_code,class_cd,it_remarks) values" -> insert into ins_premium_det (premium_rcv_code,assorted_code, rec_amount,premium_rcv_detail_code,remaining_amt, payrec, mode_code,coinsurance_code,class_cd,it_remarks) values | G31: ="('"&E31&"','"&B31&"','"&D31&"',(select max(to_number(i.premium_rcv_detail_code))+1 from ins_premium_det i),'"&D31&"','"&D31&"','02', '11000003','00','Request by Mr. Saqib Saleem 28-Mar-2025');" -> ('27Mar250028','070000174605','38400',(select max(to_number(i.premium_rcv_detail_code))+1 from ins_premium_det i),'38400','38400','02', '11000003','00','Request by Mr. Saqib Saleem 28-Mar-2025'); | H31: =F31&G31 -> insert into ins_premium_det (premium_rcv_code,assorted_code, rec_amount,premium_rcv_detail_code,remaining_amt, payrec, mode_code,coinsurance_code,class_cd,it_remarks) values('27Mar250028','070000174605','38400',(select max(to_number(i.premium_rcv_detail_code))+1 from ins_premium_det i),'38400','38400','02', '11000003','00','Request by Mr. Saqib Saleem 28-Mar-2025');
A32: KHI/HO/D/MO/PC COMP/C/106590/102/01/2025 | B32: =VLOOKUP(A32,policy!B:C,2,0) -> 070000174608 | C32: 36000 | D32: =ROUND(C32,0) -> 36000 | E32: 27Mar250028 | F32: ="insert into ins_premium_det (premium_rcv_code,assorted_code, rec_amount,premium_rcv_detail_code,remaining_amt, payrec, mode_code,coinsurance_code,class_cd,it_remarks) values" -> insert into ins_premium_det (premium_rcv_code,assorted_code, rec_amount,premium_rcv_detail_code,remaining_amt, payrec, mode_code,coinsurance_code,class_cd,it_remarks) values | G32: ="('"&E32&"','"&B32&"','"&D32&"',(select max(to_number(i.premium_rcv_detail_code))+1 from ins_premium_det i),'"&D32&"','"&D32&"','02', '11000003','00','Request by Mr. Saqib Saleem 28-Mar-2025');" -> ('27Mar250028','070000174608','36000',(select max(to_number(i.premium_rcv_detail_code))+1 from ins_premium_det i),'36000','36000','02', '11000003','00','Request by Mr. Saqib Saleem 28-Mar-2025'); | H32: =F32&G32 -> insert into ins_premium_det (premium_rcv_code,assorted_code, rec_amount,premium_rcv_detail_code,remaining_amt, payrec, mode_code,coinsurance_code,class_cd,it_remarks) values('27Mar250028','070000174608','36000',(select max(to_number(i.premium_rcv_detail_code))+1 from ins_premium_det i),'36000','36000','02', '11000003','00','Request by Mr. Saqib Saleem 28-Mar-2025');
A33: KHI/HO/D/MO/PC COMP/C/108044/59/03/2025 | B33: =VLOOKUP(A33,policy!B:C,2,0) -> 070000178749 | C33: 21360 | D33: =ROUND(C33,0) -> 21360 | E33: 27Mar250028 | F33: ="insert into ins_premium_det (premium_rcv_code,assorted_code, rec_amount,premium_rcv_detail_code,remaining_amt, payrec, mode_code,coinsurance_code,class_cd,it_remarks) values" -> insert into ins_premium_det (premium_rcv_code,assorted_code, rec_amount,premium_rcv_detail_code,remaining_amt, payrec, mode_code,coinsurance_code,class_cd,it_remarks) values | G33: ="('"&E33&"','"&B33&"','"&D33&"',(select max(to_number(i.premium_rcv_detail_code))+1 from ins_premium_det i),'"&D33&"','"&D33&"','02', '11000003','00','Request by Mr. Saqib Saleem 28-Mar-2025');" -> ('27Mar250028','070000178749','21360',(select max(to_number(i.premium_rcv_detail_code))+1 from ins_premium_det i),'21360','21360','02', '11000003','00','Request by Mr. Saqib Saleem 28-Mar-2025'); | H33: =F33&G33 -> insert into ins_premium_det (premium_rcv_code,assorted_code, rec_amount,premium_rcv_detail_code,remaining_amt, payrec, mode_code,coinsurance_code,class_cd,it_remarks) values('27Mar250028','070000178749','21360',(select max(to_number(i.premium_rcv_detail_code))+1 from ins_premium_det i),'21360','21360','02', '11000003','00','Request by Mr. Saqib Saleem 28-Mar-2025');
A34: KHI/HO/D/MO/PC COMP/C/108044/60/03/2025 | B34: =VLOOKUP(A34,policy!B:C,2,0) -> 070000178750 | C34: 19800 | D34: =ROUND(C34,0) -> 19800 | E34: 27Mar250028 | F34: ="insert into ins_premium_det (premium_rcv_code,assorted_code, rec_amount,premium_rcv_detail_code,remaining_amt, payrec, mode_code,coinsurance_code,class_cd,it_remarks) values" -> insert into ins_premium_det (premium_rcv_code,assorted_code, rec_amount,premium_rcv_detail_code,remaining_amt, payrec, mode_code,coinsurance_code,class_cd,it_remarks) values | G34: ="('"&E34&"','"&B34&"','"&D34&"',(select max(to_number(i.premium_rcv_detail_code))+1 from ins_premium_det i),'"&D34&"','"&D34&"','02', '11000003','00','Request by Mr. Saqib Saleem 28-Mar-2025');" -> ('27Mar250028','070000178750','19800',(select max(to_number(i.premium_rcv_detail_code))+1 from ins_premium_det i),'19800','19800','02', '11000003','00','Request by Mr. Saqib Saleem 28-Mar-2025'); | H34: =F34&G34 -> insert into ins_premium_det (premium_rcv_code,assorted_code, rec_amount,premium_rcv_detail_code,remaining_amt, payrec, mode_code,coinsurance_code,class_cd,it_remarks) values('27Mar250028','070000178750','19800',(select max(to_number(i.premium_rcv_detail_code))+1 from ins_premium_det i),'19800','19800','02', '11000003','00','Request by Mr. Saqib Saleem 28-Mar-2025');
A35: KHI/HO/D/MO/PC COMP/C/106590/116/01/2025 | B35: =VLOOKUP(A35,policy!B:C,2,0) -> 070000174622 | C35: 22000 | D35: =ROUND(C35,0) -> 22000 | E35: 27Mar250028 | F35: ="insert into ins_premium_det (premium_rcv_code,assorted_code, rec_amount,premium_rcv_detail_code,remaining_amt, payrec, mode_code,coinsurance_code,class_cd,it_remarks) values" -> insert into ins_premium_det (premium_rcv_code,assorted_code, rec_amount,premium_rcv_detail_code,remaining_amt, payrec, mode_code,coinsurance_code,class_cd,it_remarks) values | G35: ="('"&E35&"','"&B35&"','"&D35&"',(select max(to_number(i.premium_rcv_detail_code))+1 from ins_premium_det i),'"&D35&"','"&D35&"','02', '11000003','00','Request by Mr. Saqib Saleem 28-Mar-2025');" -> ('27Mar250028','070000174622','22000',(select max(to_number(i.premium_rcv_detail_code))+1 from ins_premium_det i),'22000','22000','02', '11000003','00','Request by Mr. Saqib Saleem 28-Mar-2025'); | H35: =F35&G35 -> insert into ins_premium_det (premium_rcv_code,assorted_code, rec_amount,premium_rcv_detail_code,remaining_amt, payrec, mode_code,coinsurance_code,class_cd,it_remarks) values('27Mar250028','070000174622','22000',(select max(to_number(i.premium_rcv_detail_code))+1 from ins_premium_det i),'22000','22000','02', '11000003','00','Request by Mr. Saqib Saleem 28-Mar-2025');
... A50: KHI/HO/D/MO/PC COMP/C/106590/189/01/2025 | B50: =VLOOKUP(A50,policy!B:C,2,0) -> 070000174695 | C50: 33575 | D50: =ROUND(C50,0) -> 33575 | E50: 27Mar250028 | F50: ="insert into ins_premium_det (premium_rcv_code,assorted_code, rec_amount,premium_rcv_detail_code,remaining_amt, payrec, mode_code,coinsurance_code,class_cd,it_remarks) values" -> insert into ins_premium_det (premium_rcv_code,assorted_code, rec_amount,premium_rcv_detail_code,remaining_amt, payrec, mode_code,coinsurance_code,class_cd,it_remarks) values | G50: ="('"&E50&"','"&B50&"','"&D50&"',(select max(to_number(i.premium_rcv_detail_code))+1 from ins_premium_det i),'"&D50&"','"&D50&"','02', '11000003','00','Request by Mr. Saqib Saleem 28-Mar-2025');" -> ('27Mar250028','070000174695','33575',(select max(to_number(i.premium_rcv_detail_code))+1 from ins_premium_det i),'33575','33575','02', '11000003','00','Request by Mr. Saqib Saleem 28-Mar-2025'); | H50: =F50&G50 -> insert into ins_premium_det (premium_rcv_code,assorted_code, rec_amount,premium_rcv_detail_code,remaining_amt, payrec, mode_code,coinsurance_code,class_cd,it_remarks) values('27Mar250028','070000174695','33575',(select max(to_number(i.premium_rcv_detail_code))+1 from ins_premium_det i),'33575','33575','02', '11000003','00','Request by Mr. Saqib Saleem 28-Mar-2025');
A51: KHI/HO/D/MO/PC COMP/P/108413/6/03/2025 | B51: =VLOOKUP(A51,policy!B:C,2,0) -> #N/A | E51: 27Mar250028 | F51: ="insert into ins_premium_det (premium_rcv_code,assorted_code, rec_amount,premium_rcv_detail_code,remaining_amt, payrec, mode_code,coinsurance_code,class_cd,it_remarks) values" -> insert into ins_premium_det (premium_rcv_code,assorted_code, rec_amount,premium_rcv_detail_code,remaining_amt, payrec, mode_code,coinsurance_code,class_cd,it_remarks) values | G51: ="('"&E51&"','"&B51&"','"&D51&"',(select max(to_number(i.premium_rcv_detail_code))+1 from ins_premium_det i),'"&D51&"','"&D51&"','02', '11000003','00','Request by Mr. Saqib Saleem 28-Mar-2025');" -> #N/A | H51: =F51&G51 -> #N/A
A52: KHI/HO/D/MO/PC COMP/C/106590/198/01/2025 | B52: =VLOOKUP(A52,policy!B:C,2,0) -> 070000174704 | C52: 17850 | D52: =ROUND(C52,0) -> 17850 | E52: 27Mar250028 | F52: ="insert into ins_premium_det (premium_rcv_code,assorted_code, rec_amount,premium_rcv_detail_code,remaining_amt, payrec, mode_code,coinsurance_code,class_cd,it_remarks) values" -> insert into ins_premium_det (premium_rcv_code,assorted_code, rec_amount,premium_rcv_detail_code,remaining_amt, payrec, mode_code,coinsurance_code,class_cd,it_remarks) values | G52: ="('"&E52&"','"&B52&"','"&D52&"',(select max(to_number(i.premium_rcv_detail_code))+1 from ins_premium_det i),'"&D52&"','"&D52&"','02', '11000003','00','Request by Mr. Saqib Saleem 28-Mar-2025');" -> ('27Mar250028','070000174704','17850',(select max(to_number(i.premium_rcv_detail_code))+1 from ins_premium_det i),'17850','17850','02', '11000003','00','Request by Mr. Saqib Saleem 28-Mar-2025'); | H52: =F52&G52 -> insert into ins_premium_det (premium_rcv_code,assorted_code, rec_amount,premium_rcv_detail_code,remaining_amt, payrec, mode_code,coinsurance_code,class_cd,it_remarks) values('27Mar250028','070000174704','17850',(select max(to_number(i.premium_rcv_detail_code))+1 from ins_premium_det i),'17850','17850','02', '11000003','00','Request by Mr. Saqib Saleem 28-Mar-2025');
A53: KHI/HO/D/MO/PC COMP/C/106590/219/01/2025 | B53: =VLOOKUP(A53,policy!B:C,2,0) -> 070000174725 | C53: 48080 | D53: =ROUND(C53,0) -> 48080 | E53: 27Mar250028 | F53: ="insert into ins_premium_det (premium_rcv_code,assorted_code, rec_amount,premium_rcv_detail_code,remaining_amt, payrec, mode_code,coinsurance_code,class_cd,it_remarks) values" -> insert into ins_premium_det (premium_rcv_code,assorted_code, rec_amount,premium_rcv_detail_code,remaining_amt, payrec, mode_code,coinsurance_code,class_cd,it_remarks) values | G53: ="('"&E53&"','"&B53&"','"&D53&"',(select max(to_number(i.premium_rcv_detail_code))+1 from ins_premium_det i),'"&D53&"','"&D53&"','02', '11000003','00','Request by Mr. Saqib Saleem 28-Mar-2025');" -> ('27Mar250028','070000174725','48080',(select max(to_number(i.premium_rcv_detail_code))+1 from ins_premium_det i),'48080','48080','02', '11000003','00','Request by Mr. Saqib Saleem 28-Mar-2025'); | H53: =F53&G53 -> insert into ins_premium_det (premium_rcv_code,assorted_code, rec_amount,premium_rcv_detail_code,remaining_amt, payrec, mode_code,coinsurance_code,class_cd,it_remarks) values('27Mar250028','070000174725','48080',(select max(to_number(i.premium_rcv_detail_code))+1 from ins_premium_det i),'48080','48080','02', '11000003','00','Request by Mr. Saqib Saleem 28-Mar-2025');
A54: KHI/HO/D/MO/PC COMP/C/106590/235/01/2025 | B54: =VLOOKUP(A54,policy!B:C,2,0) -> 070000174741 | C54: 26213 | D54: =ROUND(C54,0) -> 26213 | E54: 27Mar250028 | F54: ="insert into ins_premium_det (premium_rcv_code,assorted_code, rec_amount,premium_rcv_detail_code,remaining_amt, payrec, mode_code,coinsurance_code,class_cd,it_remarks) values" -> insert into ins_premium_det (premium_rcv_code,assorted_code, rec_amount,premium_rcv_detail_code,remaining_amt, payrec, mode_code,coinsurance_code,class_cd,it_remarks) values | G54: ="('"&E54&"','"&B54&"','"&D54&"',(select max(to_number(i.premium_rcv_detail_code))+1 from ins_premium_det i),'"&D54&"','"&D54&"','02', '11000003','00','Request by Mr. Saqib Saleem 28-Mar-2025');" -> ('27Mar250028','070000174741','26213',(select max(to_number(i.premium_rcv_detail_code))+1 from ins_premium_det i),'26213','26213','02', '11000003','00','Request by Mr. Saqib Saleem 28-Mar-2025'); | H54: =F54&G54 -> insert into ins_premium_det (premium_rcv_code,assorted_code, rec_amount,premium_rcv_detail_code,remaining_amt, payrec, mode_code,coinsurance_code,class_cd,it_remarks) values('27Mar250028','070000174741','26213',(select max(to_number(i.premium_rcv_detail_code))+1 from ins_premium_det i),'26213','26213','02', '11000003','00','Request by Mr. Saqib Saleem 28-Mar-2025');
A55: KHI/HO/D/MO/PC COMP/C/106590/242/01/2025 | B55: =VLOOKUP(A55,policy!B:C,2,0) -> 070000174748 | C55: 25181 | D55: =ROUND(C55,0) -> 25181 | E55: 27Mar250028 | F55: ="insert into ins_premium_det (premium_rcv_code,assorted_code, rec_amount,premium_rcv_detail_code,remaining_amt, payrec, mode_code,coinsurance_code,class_cd,it_remarks) values" -> insert into ins_premium_det (premium_rcv_code,assorted_code, rec_amount,premium_rcv_detail_code,remaining_amt, payrec, mode_code,coinsurance_code,class_cd,it_remarks) values | G55: ="('"&E55&"','"&B55&"','"&D55&"',(select max(to_number(i.premium_rcv_detail_code))+1 from ins_premium_det i),'"&D55&"','"&D55&"','02', '11000003','00','Request by Mr. Saqib Saleem 28-Mar-2025');" -> ('27Mar250028','070000174748','25181',(select max(to_number(i.premium_rcv_detail_code))+1 from ins_premium_det i),'25181','25181','02', '11000003','00','Request by Mr. Saqib Saleem 28-Mar-2025'); | H55: =F55&G55 -> insert into ins_premium_det (premium_rcv_code,assorted_code, rec_amount,premium_rcv_detail_code,remaining_amt, payrec, mode_code,coinsurance_code,class_cd,it_remarks) values('27Mar250028','070000174748','25181',(select max(to_number(i.premium_rcv_detail_code))+1 from ins_premium_det i),'25181','25181','02', '11000003','00','Request by Mr. Saqib Saleem 28-Mar-2025');
A56: KHI/HO/D/MO/PC COMP/C/106590/248/01/2025 | B56: =VLOOKUP(A56,policy!B:C,2,0) -> 070000174754 | C56: 20400 | D56: =ROUND(C56,0) -> 20400 | E56: 27Mar250028 | F56: ="insert into ins_premium_det (premium_rcv_code,assorted_code, rec_amount,premium_rcv_detail_code,remaining_amt, payrec, mode_code,coinsurance_code,class_cd,it_remarks) values" -> insert into ins_premium_det (premium_rcv_code,assorted_code, rec_amount,premium_rcv_detail_code,remaining_amt, payrec, mode_code,coinsurance_code,class_cd,it_remarks) values | G56: ="('"&E56&"','"&B56&"','"&D56&"',(select max(to_number(i.premium_rcv_detail_code))+1 from ins_premium_det i),'"&D56&"','"&D56&"','02', '11000003','00','Request by Mr. Saqib Saleem 28-Mar-2025');" -> ('27Mar250028','070000174754','20400',(select max(to_number(i.premium_rcv_detail_code))+1 from ins_premium_det i),'20400','20400','02', '11000003','00','Request by Mr. Saqib Saleem 28-Mar-2025'); | H56: =F56&G56 -> insert into ins_premium_det (premium_rcv_code,assorted_code, rec_amount,premium_rcv_detail_code,remaining_amt, payrec, mode_code,coinsurance_code,class_cd,it_remarks) values('27Mar250028','070000174754','20400',(select max(to_number(i.premium_rcv_detail_code))+1 from ins_premium_det i),'20400','20400','02', '11000003','00','Request by Mr. Saqib Saleem 28-Mar-2025');
A57: KHI/HO/D/MO/PC COMP/C/106590/251/01/2025 | B57: =VLOOKUP(A57,policy!B:C,2,0) -> 070000174757 | C57: 70672 | D57: =ROUND(C57,0) -> 70672 | E57: 27Mar250028 | F57: ="insert into ins_premium_det (premium_rcv_code,assorted_code, rec_amount,premium_rcv_detail_code,remaining_amt, payrec, mode_code,coinsurance_code,class_cd,it_remarks) values" -> insert into ins_premium_det (premium_rcv_code,assorted_code, rec_amount,premium_rcv_detail_code,remaining_amt, payrec, mode_code,coinsurance_code,class_cd,it_remarks) values | G57: ="('"&E57&"','"&B57&"','"&D57&"',(select max(to_number(i.premium_rcv_detail_code))+1 from ins_premium_det i),'"&D57&"','"&D57&"','02', '11000003','00','Request by Mr. Saqib Saleem 28-Mar-2025');" -> ('27Mar250028','070000174757','70672',(select max(to_number(i.premium_rcv_detail_code))+1 from ins_premium_det i),'70672','70672','02', '11000003','00','Request by Mr. Saqib Saleem 28-Mar-2025'); | H57: =F57&G57 -> insert into ins_premium_det (premium_rcv_code,assorted_code, rec_amount,premium_rcv_detail_code,remaining_amt, payrec, mode_code,coinsurance_code,class_cd,it_remarks) values('27Mar250028','070000174757','70672',(select max(to_number(i.premium_rcv_detail_code))+1 from ins_premium_det i),'70672','70672','02', '11000003','00','Request by Mr. Saqib Saleem 28-Mar-2025');
A58: KHI/HO/D/MO/PC COMP/C/106590/252/01/2025 | B58: =VLOOKUP(A58,policy!B:C,2,0) -> 070000174758 | C58: 54240 | D58: =ROUND(C58,0) -> 54240 | E58: 27Mar250028 | F58: ="insert into ins_premium_det (premium_rcv_code,assorted_code, rec_amount,premium_rcv_detail_code,remaining_amt, payrec, mode_code,coinsurance_code,class_cd,it_remarks) values" -> insert into ins_premium_det (premium_rcv_code,assorted_code, rec_amount,premium_rcv_detail_code,remaining_amt, payrec, mode_code,coinsurance_code,class_cd,it_remarks) values | G58: ="('"&E58&"','"&B58&"','"&D58&"',(select max(to_number(i.premium_rcv_detail_code))+1 from ins_premium_det i),'"&D58&"','"&D58&"','02', '11000003','00','Request by Mr. Saqib Saleem 28-Mar-2025');" -> ('27Mar250028','070000174758','54240',(select max(to_number(i.premium_rcv_detail_code))+1 from ins_premium_det i),'54240','54240','02', '11000003','00','Request by Mr. Saqib Saleem 28-Mar-2025'); | H58: =F58&G58 -> insert into ins_premium_det (premium_rcv_code,assorted_code, rec_amount,premium_rcv_detail_code,remaining_amt, payrec, mode_code,coinsurance_code,class_cd,it_remarks) values('27Mar250028','070000174758','54240',(select max(to_number(i.premium_rcv_detail_code))+1 from ins_premium_det i),'54240','54240','02', '11000003','00','Request by Mr. Saqib Saleem 28-Mar-2025');
A59: KHI/HO/D/MO/PC COMP/C/106590/285/01/2025 | B59: =VLOOKUP(A59,policy!B:C,2,0) -> 070000174791 | C59: 19125 | D59: =ROUND(C59,0) -> 19125 | E59: 27Mar250028 | F59: ="insert into ins_premium_det (premium_rcv_code,assorted_code, rec_amount,premium_rcv_detail_code,remaining_amt, payrec, mode_code,coinsurance_code,class_cd,it_remarks) values" -> insert into ins_premium_det (premium_rcv_code,assorted_code, rec_amount,premium_rcv_detail_code,remaining_amt, payrec, mode_code,coinsurance_code,class_cd,it_remarks) values | G59: ="('"&E59&"','"&B59&"','"&D59&"',(select max(to_number(i.premium_rcv_detail_code))+1 from ins_premium_det i),'"&D59&"','"&D59&"','02', '11000003','00','Request by Mr. Saqib Saleem 28-Mar-2025');" -> ('27Mar250028','070000174791','19125',(select max(to_number(i.premium_rcv_detail_code))+1 from ins_premium_det i),'19125','19125','02', '11000003','00','Request by Mr. Saqib Saleem 28-Mar-2025'); | H59: =F59&G59 -> insert into ins_premium_det (premium_rcv_code,assorted_code, rec_amount,premium_rcv_detail_code,remaining_amt, payrec, mode_code,coinsurance_code,class_cd,it_remarks) values('27Mar250028','070000174791','19125',(select max(to_number(i.premium_rcv_detail_code))+1 from ins_premium_det i),'19125','19125','02', '11000003','00','Request by Mr. Saqib Saleem 28-Mar-2025');
A60: KHI/HO/D/MO/PC COMP/C/106590/293/01/2025 | B60: =VLOOKUP(A60,policy!B:C,2,0) -> 070000174799 | C60: 21675 | D60: =ROUND(C60,0) -> 21675 | E60: 27Mar250028 | F60: ="insert into ins_premium_det (premium_rcv_code,assorted_code, rec_amount,premium_rcv_detail_code,remaining_amt, payrec, mode_code,coinsurance_code,class_cd,it_remarks) values" -> insert into ins_premium_det (premium_rcv_code,assorted_code, rec_amount,premium_rcv_detail_code,remaining_amt, payrec, mode_code,coinsurance_code,class_cd,it_remarks) values | G60: ="('"&E60&"','"&B60&"','"&D60&"',(select max(to_number(i.premium_rcv_detail_code))+1 from ins_premium_det i),'"&D60&"','"&D60&"','02', '11000003','00','Request by Mr. Saqib Saleem 28-Mar-2025');" -> ('27Mar250028','070000174799','21675',(select max(to_number(i.premium_rcv_detail_code))+1 from ins_premium_det i),'21675','21675','02', '11000003','00','Request by Mr. Saqib Saleem 28-Mar-2025'); | H60: =F60&G60 -> insert into ins_premium_det (premium_rcv_code,assorted_code, rec_amount,premium_rcv_detail_code,remaining_amt, payrec, mode_code,coinsurance_code,class_cd,it_remarks) values('27Mar250028','070000174799','21675',(select max(to_number(i.premium_rcv_detail_code))+1 from ins_premium_det i),'21675','21675','02', '11000003','00','Request by Mr. Saqib Saleem 28-Mar-2025');
A61: KHI/HO/D/MO/PC COMP/C/106590/269/01/2025 | B61: =VLOOKUP(A61,policy!B:C,2,0) -> 070000174775 | C61: 72229 | D61: =ROUND(C61,0) -> 72229 | E61: 27Mar250028 | F61: ="insert into ins_premium_det (premium_rcv_code,assorted_code, rec_amount,premium_rcv_detail_code,remaining_amt, payrec, mode_code,coinsurance_code,class_cd,it_remarks) values" -> insert into ins_premium_det (premium_rcv_code,assorted_code, rec_amount,premium_rcv_detail_code,remaining_amt, payrec, mode_code,coinsurance_code,class_cd,it_remarks) values | G61: ="('"&E61&"','"&B61&"','"&D61&"',(select max(to_number(i.premium_rcv_detail_code))+1 from ins_premium_det i),'"&D61&"','"&D61&"','02', '11000003','00','Request by Mr. Saqib Saleem 28-Mar-2025');" -> ('27Mar250028','070000174775','72229',(select max(to_number(i.premium_rcv_detail_code))+1 from ins_premium_det i),'72229','72229','02', '11000003','00','Request by Mr. Saqib Saleem 28-Mar-2025'); | H61: =F61&G61 -> insert into ins_premium_det (premium_rcv_code,assorted_code, rec_amount,premium_rcv_detail_code,remaining_amt, payrec, mode_code,coinsurance_code,class_cd,it_remarks) values('27Mar250028','070000174775','72229',(select max(to_number(i.premium_rcv_detail_code))+1 from ins_premium_det i),'72229','72229','02', '11000003','00','Request by Mr. Saqib Saleem 28-Mar-2025');
A62: KHI/HO/D/MO/PC COMP/C/106590/191/01/2025 | B62: =VLOOKUP(A62,policy!B:C,2,0) -> 070000174697 | C62: 22950 | D62: =ROUND(C62,0) -> 22950 | E62: 27Mar250028 | F62: ="insert into ins_premium_det (premium_rcv_code,assorted_code, rec_amount,premium_rcv_detail_code,remaining_amt, payrec, mode_code,coinsurance_code,class_cd,it_remarks) values" -> insert into ins_premium_det (premium_rcv_code,assorted_code, rec_amount,premium_rcv_detail_code,remaining_amt, payrec, mode_code,coinsurance_code,class_cd,it_remarks) values | G62: ="('"&E62&"','"&B62&"','"&D62&"',(select max(to_number(i.premium_rcv_detail_code))+1 from ins_premium_det i),'"&D62&"','"&D62&"','02', '11000003','00','Request by Mr. Saqib Saleem 28-Mar-2025');" -> ('27Mar250028','070000174697','22950',(select max(to_number(i.premium_rcv_detail_code))+1 from ins_premium_det i),'22950','22950','02', '11000003','00','Request by Mr. Saqib Saleem 28-Mar-2025'); | H62: =F62&G62 -> insert into ins_premium_det (premium_rcv_code,assorted_code, rec_amount,premium_rcv_detail_code,remaining_amt, payrec, mode_code,coinsurance_code,class_cd,it_remarks) values('27Mar250028','070000174697','22950',(select max(to_number(i.premium_rcv_detail_code))+1 from ins_premium_det i),'22950','22950','02', '11000003','00','Request by Mr. Saqib Saleem 28-Mar-2025');
A63: KHI/HO/D/MO/PC COMP/C/108044/90/03/2025 | B63: =VLOOKUP(A63,policy!B:C,2,0) -> 070000178780 | C63: 90720 | D63: =ROUND(C63,0) -> 90720 | E63: 27Mar250028 | F63: ="insert into ins_premium_det (premium_rcv_code,assorted_code, rec_amount,premium_rcv_detail_code,remaining_amt, payrec, mode_code,coinsurance_code,class_cd,it_remarks) values" -> insert into ins_premium_det (premium_rcv_code,assorted_code, rec_amount,premium_rcv_detail_code,remaining_amt, payrec, mode_code,coinsurance_code,class_cd,it_remarks) values | G63: ="('"&E63&"','"&B63&"','"&D63&"',(select max(to_number(i.premium_rcv_detail_code))+1 from ins_premium_det i),'"&D63&"','"&D63&"','02', '11000003','00','Request by Mr. Saqib Saleem 28-Mar-2025');" -> ('27Mar250028','070000178780','90720',(select max(to_number(i.premium_rcv_detail_code))+1 from ins_premium_det i),'90720','90720','02', '11000003','00','Request by Mr. Saqib Saleem 28-Mar-2025'); | H63: =F63&G63 -> insert into ins_premium_det (premium_rcv_code,assorted_code, rec_amount,premium_rcv_detail_code,remaining_amt, payrec, mode_code,coinsurance_code,class_cd,it_remarks) values('27Mar250028','070000178780','90720',(select max(to_number(i.premium_rcv_detail_code))+1 from ins_premium_det i),'90720','90720','02', '11000003','00','Request by Mr. Saqib Saleem 28-Mar-2025');
... A119: KHI/HO/D/MO/PC COMP/C/108044/148/03/2025 | B119: =VLOOKUP(A119,policy!B:C,2,0) -> 070000178845 | C119: 25760 | D119: =ROUND(C119,0) -> 25760 | E119: 27Mar250028 | F119: ="insert into ins_premium_det (premium_rcv_code,assorted_code, rec_amount,premium_rcv_detail_code,remaining_amt, payrec, mode_code,coinsurance_code,class_cd,it_remarks) values" -> insert into ins_premium_det (premium_rcv_code,assorted_code, rec_amount,premium_rcv_detail_code,remaining_amt, payrec, mode_code,coinsurance_code,class_cd,it_remarks) values | G119: ="('"&E119&"','"&B119&"','"&D119&"',(select max(to_number(i.premium_rcv_detail_code))+1 from ins_premium_det i),'"&D119&"','"&D119&"','02', '11000003','00','Request by Mr. Saqib Saleem 28-Mar-2025');" -> ('27Mar250028','070000178845','25760',(select max(to_number(i.premium_rcv_detail_code))+1 from ins_premium_det i),'25760','25760','02', '11000003','00','Request by Mr. Saqib Saleem 28-Mar-2025'); | H119: =F119&G119 -> insert into ins_premium_det (premium_rcv_code,assorted_code, rec_amount,premium_rcv_detail_code,remaining_amt, payrec, mode_code,coinsurance_code,class_cd,it_remarks) values('27Mar250028','070000178845','25760',(select max(to_number(i.premium_rcv_detail_code))+1 from ins_premium_det i),'25760','25760','02', '11000003','00','Request by Mr. Saqib Saleem 28-Mar-2025');
A120: KHI/HO/D/MO/PC COMP/P/108413/7/03/2025 | B120: =VLOOKUP(A120,policy!B:C,2,0) -> #N/A | E120: 27Mar250028 | F120: ="insert into ins_premium_det (premium_rcv_code,assorted_code, rec_amount,premium_rcv_detail_code,remaining_amt, payrec, mode_code,coinsurance_code,class_cd,it_remarks) values" -> insert into ins_premium_det (premium_rcv_code,assorted_code, rec_amount,premium_rcv_detail_code,remaining_amt, payrec, mode_code,coinsurance_code,class_cd,it_remarks) values | G120: ="('"&E120&"','"&B120&"','"&D120&"',(select max(to_number(i.premium_rcv_detail_code))+1 from ins_premium_det i),'"&D120&"','"&D120&"','02', '11000003','00','Request by Mr. Saqib Saleem 28-Mar-2025');" -> #N/A | H120: =F120&G120 -> #N/A
A121: KHI/HO/D/MO/PC COMP/C/108044/150/03/2025 | B121: =VLOOKUP(A121,policy!B:C,2,0) -> 070000178847 | C121: 27264 | D121: =ROUND(C121,0) -> 27264 | E121: 27Mar250028 | F121: ="insert into ins_premium_det (premium_rcv_code,assorted_code, rec_amount,premium_rcv_detail_code,remaining_amt, payrec, mode_code,coinsurance_code,class_cd,it_remarks) values" -> insert into ins_premium_det (premium_rcv_code,assorted_code, rec_amount,premium_rcv_detail_code,remaining_amt, payrec, mode_code,coinsurance_code,class_cd,it_remarks) values | G121: ="('"&E121&"','"&B121&"','"&D121&"',(select max(to_number(i.premium_rcv_detail_code))+1 from ins_premium_det i),'"&D121&"','"&D121&"','02', '11000003','00','Request by Mr. Saqib Saleem 28-Mar-2025');" -> ('27Mar250028','070000178847','27264',(select max(to_number(i.premium_rcv_detail_code))+1 from ins_premium_det i),'27264','27264','02', '11000003','00','Request by Mr. Saqib Saleem 28-Mar-2025'); | H121: =F121&G121 -> insert into ins_premium_det (premium_rcv_code,assorted_code, rec_amount,premium_rcv_detail_code,remaining_amt, payrec, mode_code,coinsurance_code,class_cd,it_remarks) values('27Mar250028','070000178847','27264',(select max(to_number(i.premium_rcv_detail_code))+1 from ins_premium_det i),'27264','27264','02', '11000003','00','Request by Mr. Saqib Saleem 28-Mar-2025');
A122: KHI/HO/D/MO/PC COMP/C/107623/51/02/2025 | B122: =VLOOKUP(A122,policy!B:C,2,0) -> 070000177420 | C122: 24000 | D122: =ROUND(C122,0) -> 24000 | E122: 27Mar250028 | F122: ="insert into ins_premium_det (premium_rcv_code,assorted_code, rec_amount,premium_rcv_detail_code,remaining_amt, payrec, mode_code,coinsurance_code,class_cd,it_remarks) values" -> insert into ins_premium_det (premium_rcv_code,assorted_code, rec_amount,premium_rcv_detail_code,remaining_amt, payrec, mode_code,coinsurance_code,class_cd,it_remarks) values | G122: ="('"&E122&"','"&B122&"','"&D122&"',(select max(to_number(i.premium_rcv_detail_code))+1 from ins_premium_det i),'"&D122&"','"&D122&"','02', '11000003','00','Request by Mr. Saqib Saleem 28-Mar-2025');" -> ('27Mar250028','070000177420','24000',(select max(to_number(i.premium_rcv_detail_code))+1 from ins_premium_det i),'24000','24000','02', '11000003','00','Request by Mr. Saqib Saleem 28-Mar-2025'); | H122: =F122&G122 -> insert into ins_premium_det (premium_rcv_code,assorted_code, rec_amount,premium_rcv_detail_code,remaining_amt, payrec, mode_code,coinsurance_code,class_cd,it_remarks) values('27Mar250028','070000177420','24000',(select max(to_number(i.premium_rcv_detail_code))+1 from ins_premium_det i),'24000','24000','02', '11000003','00','Request by Mr. Saqib Saleem 28-Mar-2025');
A123: KHI/HO/D/MO/PC COMP/C/108044/151/03/2025 | B123: =VLOOKUP(A123,policy!B:C,2,0) -> 070000178848 | C123: 25760 | D123: =ROUND(C123,0) -> 25760 | E123: 27Mar250028 | F123: ="insert into ins_premium_det (premium_rcv_code,assorted_code, rec_amount,premium_rcv_detail_code,remaining_amt, payrec, mode_code,coinsurance_code,class_cd,it_remarks) values" -> insert into ins_premium_det (premium_rcv_code,assorted_code, rec_amount,premium_rcv_detail_code,remaining_amt, payrec, mode_code,coinsurance_code,class_cd,it_remarks) values | G123: ="('"&E123&"','"&B123&"','"&D123&"',(select max(to_number(i.premium_rcv_detail_code))+1 from ins_premium_det i),'"&D123&"','"&D123&"','02', '11000003','00','Request by Mr. Saqib Saleem 28-Mar-2025');" -> ('27Mar250028','070000178848','25760',(select max(to_number(i.premium_rcv_detail_code))+1 from ins_premium_det i),'25760','25760','02', '11000003','00','Request by Mr. Saqib Saleem 28-Mar-2025'); | H123: =F123&G123 -> insert into ins_premium_det (premium_rcv_code,assorted_code, rec_amount,premium_rcv_detail_code,remaining_amt, payrec, mode_code,coinsurance_code,class_cd,it_remarks) values('27Mar250028','070000178848','25760',(select max(to_number(i.premium_rcv_detail_code))+1 from ins_premium_det i),'25760','25760','02', '11000003','00','Request by Mr. Saqib Saleem 28-Mar-2025');
A124: KHI/HO/D/MO/PC COMP/C/107623/52/02/2025 | B124: =VLOOKUP(A124,policy!B:C,2,0) -> 070000177421 | C124: 16313 | D124: =ROUND(C124,0) -> 16313 | E124: 27Mar250028 | F124: ="insert into ins_premium_det (premium_rcv_code,assorted_code, rec_amount,premium_rcv_detail_code,remaining_amt, payrec, mode_code,coinsurance_code,class_cd,it_remarks) values" -> insert into ins_premium_det (premium_rcv_code,assorted_code, rec_amount,premium_rcv_detail_code,remaining_amt, payrec, mode_code,coinsurance_code,class_cd,it_remarks) values | G124: ="('"&E124&"','"&B124&"','"&D124&"',(select max(to_number(i.premium_rcv_detail_code))+1 from ins_premium_det i),'"&D124&"','"&D124&"','02', '11000003','00','Request by Mr. Saqib Saleem 28-Mar-2025');" -> ('27Mar250028','070000177421','16313',(select max(to_number(i.premium_rcv_detail_code))+1 from ins_premium_det i),'16313','16313','02', '11000003','00','Request by Mr. Saqib Saleem 28-Mar-2025'); | H124: =F124&G124 -> insert into ins_premium_det (premium_rcv_code,assorted_code, rec_amount,premium_rcv_detail_code,remaining_amt, payrec, mode_code,coinsurance_code,class_cd,it_remarks) values('27Mar250028','070000177421','16313',(select max(to_number(i.premium_rcv_detail_code))+1 from ins_premium_det i),'16313','16313','02', '11000003','00','Request by Mr. Saqib Saleem 28-Mar-2025');
A125: KHI/HO/D/MO/PC COMP/C/108044/153/03/2025 | B125: =VLOOKUP(A125,policy!B:C,2,0) -> 070000178850 | C125: 51630 | D125: =ROUND(C125,0) -> 51630 | E125: 27Mar250028 | F125: ="insert into ins_premium_det (premium_rcv_code,assorted_code, rec_amount,premium_rcv_detail_code,remaining_amt, payrec, mode_code,coinsurance_code,class_cd,it_remarks) values" -> insert into ins_premium_det (premium_rcv_code,assorted_code, rec_amount,premium_rcv_detail_code,remaining_amt, payrec, mode_code,coinsurance_code,class_cd,it_remarks) values | G125: ="('"&E125&"','"&B125&"','"&D125&"',(select max(to_number(i.premium_rcv_detail_code))+1 from ins_premium_det i),'"&D125&"','"&D125&"','02', '11000003','00','Request by Mr. Saqib Saleem 28-Mar-2025');" -> ('27Mar250028','070000178850','51630',(select max(to_number(i.premium_rcv_detail_code))+1 from ins_premium_det i),'51630','51630','02', '11000003','00','Request by Mr. Saqib Saleem 28-Mar-2025'); | H125: =F125&G125 -> insert into ins_premium_det (premium_rcv_code,assorted_code, rec_amount,premium_rcv_detail_code,remaining_amt, payrec, mode_code,coinsurance_code,class_cd,it_remarks) values('27Mar250028','070000178850','51630',(select max(to_number(i.premium_rcv_detail_code))+1 from ins_premium_det i),'51630','51630','02', '11000003','00','Request by Mr. Saqib Saleem 28-Mar-2025');
A126: KHI/HO/D/MO/PC COMP/C/107623/53/02/2025 | B126: =VLOOKUP(A126,policy!B:C,2,0) -> 070000177422 | C126: 22815 | D126: =ROUND(C126,0) -> 22815 | E126: 27Mar250028 | F126: ="insert into ins_premium_det (premium_rcv_code,assorted_code, rec_amount,premium_rcv_detail_code,remaining_amt, payrec, mode_code,coinsurance_code,class_cd,it_remarks) values" -> insert into ins_premium_det (premium_rcv_code,assorted_code, rec_amount,premium_rcv_detail_code,remaining_amt, payrec, mode_code,coinsurance_code,class_cd,it_remarks) values | G126: ="('"&E126&"','"&B126&"','"&D126&"',(select max(to_number(i.premium_rcv_detail_code))+1 from ins_premium_det i),'"&D126&"','"&D126&"','02', '11000003','00','Request by Mr. Saqib Saleem 28-Mar-2025');" -> ('27Mar250028','070000177422','22815',(select max(to_number(i.premium_rcv_detail_code))+1 from ins_premium_det i),'22815','22815','02', '11000003','00','Request by Mr. Saqib Saleem 28-Mar-2025'); | H126: =F126&G126 -> insert into ins_premium_det (premium_rcv_code,assorted_code, rec_amount,premium_rcv_detail_code,remaining_amt, payrec, mode_code,coinsurance_code,class_cd,it_remarks) values('27Mar250028','070000177422','22815',(select max(to_number(i.premium_rcv_detail_code))+1 from ins_premium_det i),'22815','22815','02', '11000003','00','Request by Mr. Saqib Saleem 28-Mar-2025');
A127: KHI/HO/D/MO/PC COMP/C/107623/54/02/2025 | B127: =VLOOKUP(A127,policy!B:C,2,0) -> 070000177423 | C127: 24150 | D127: =ROUND(C127,0) -> 24150 | E127: 27Mar250028 | F127: ="insert into ins_premium_det (premium_rcv_code,assorted_code, rec_amount,premium_rcv_detail_code,remaining_amt, payrec, mode_code,coinsurance_code,class_cd,it_remarks) values" -> insert into ins_premium_det (premium_rcv_code,assorted_code, rec_amount,premium_rcv_detail_code,remaining_amt, payrec, mode_code,coinsurance_code,class_cd,it_remarks) values | G127: ="('"&E127&"','"&B127&"','"&D127&"',(select max(to_number(i.premium_rcv_detail_code))+1 from ins_premium_det i),'"&D127&"','"&D127&"','02', '11000003','00','Request by Mr. Saqib Saleem 28-Mar-2025');" -> ('27Mar250028','070000177423','24150',(select max(to_number(i.premium_rcv_detail_code))+1 from ins_premium_det i),'24150','24150','02', '11000003','00','Request by Mr. Saqib Saleem 28-Mar-2025'); | H127: =F127&G127 -> insert into ins_premium_det (premium_rcv_code,assorted_code, rec_amount,premium_rcv_detail_code,remaining_amt, payrec, mode_code,coinsurance_code,class_cd,it_remarks) values('27Mar250028','070000177423','24150',(select max(to_number(i.premium_rcv_detail_code))+1 from ins_premium_det i),'24150','24150','02', '11000003','00','Request by Mr. Saqib Saleem 28-Mar-2025');
A128: KHI/HO/D/MO/PC COMP/C/107623/56/02/2025 | B128: =VLOOKUP(A128,policy!B:C,2,0) -> 070000177425 | C128: 18480 | D128: =ROUND(C128,0) -> 18480 | E128: 27Mar250028 | F128: ="insert into ins_premium_det (premium_rcv_code,assorted_code, rec_amount,premium_rcv_detail_code,remaining_amt, payrec, mode_code,coinsurance_code,class_cd,it_remarks) values" -> insert into ins_premium_det (premium_rcv_code,assorted_code, rec_amount,premium_rcv_detail_code,remaining_amt, payrec, mode_code,coinsurance_code,class_cd,it_remarks) values | G128: ="('"&E128&"','"&B128&"','"&D128&"',(select max(to_number(i.premium_rcv_detail_code))+1 from ins_premium_det i),'"&D128&"','"&D128&"','02', '11000003','00','Request by Mr. Saqib Saleem 28-Mar-2025');" -> ('27Mar250028','070000177425','18480',(select max(to_number(i.premium_rcv_detail_code))+1 from ins_premium_det i),'18480','18480','02', '11000003','00','Request by Mr. Saqib Saleem 28-Mar-2025'); | H128: =F128&G128 -> insert into ins_premium_det (premium_rcv_code,assorted_code, rec_amount,premium_rcv_detail_code,remaining_amt, payrec, mode_code,coinsurance_code,class_cd,it_remarks) values('27Mar250028','070000177425','18480',(select max(to_number(i.premium_rcv_detail_code))+1 from ins_premium_det i),'18480','18480','02', '11000003','00','Request by Mr. Saqib Saleem 28-Mar-2025');
A129: KHI/HO/D/MO/PC COMP/C/107623/61/02/2025 | B129: =VLOOKUP(A129,policy!B:C,2,0) -> 070000177430 | C129: 41139 | D129: =ROUND(C129,0) -> 41139 | E129: 27Mar250028 | F129: ="insert into ins_premium_det (premium_rcv_code,assorted_code, rec_amount,premium_rcv_detail_code,remaining_amt, payrec, mode_code,coinsurance_code,class_cd,it_remarks) values" -> insert into ins_premium_det (premium_rcv_code,assorted_code, rec_amount,premium_rcv_detail_code,remaining_amt, payrec, mode_code,coinsurance_code,class_cd,it_remarks) values | G129: ="('"&E129&"','"&B129&"','"&D129&"',(select max(to_number(i.premium_rcv_detail_code))+1 from ins_premium_det i),'"&D129&"','"&D129&"','02', '11000003','00','Request by Mr. Saqib Saleem 28-Mar-2025');" -> ('27Mar250028','070000177430','41139',(select max(to_number(i.premium_rcv_detail_code))+1 from ins_premium_det i),'41139','41139','02', '11000003','00','Request by Mr. Saqib Saleem 28-Mar-2025'); | H129: =F129&G129 -> insert into ins_premium_det (premium_rcv_code,assorted_code, rec_amount,premium_rcv_detail_code,remaining_amt, payrec, mode_code,coinsurance_code,class_cd,it_remarks) values('27Mar250028','070000177430','41139',(select max(to_number(i.premium_rcv_detail_code))+1 from ins_premium_det i),'41139','41139','02', '11000003','00','Request by Mr. Saqib Saleem 28-Mar-2025');
A130: KHI/HO/D/MO/PC COMP/C/108044/160/03/2025 | B130: =VLOOKUP(A130,policy!B:C,2,0) -> 070000178857 | C130: 31200 | D130: =ROUND(C130,0) -> 31200 | E130: 27Mar250028 | F130: ="insert into ins_premium_det (premium_rcv_code,assorted_code, rec_amount,premium_rcv_detail_code,remaining_amt, payrec, mode_code,coinsurance_code,class_cd,it_remarks) values" -> insert into ins_premium_det (premium_rcv_code,assorted_code, rec_amount,premium_rcv_detail_code,remaining_amt, payrec, mode_code,coinsurance_code,class_cd,it_remarks) values | G130: ="('"&E130&"','"&B130&"','"&D130&"',(select max(to_number(i.premium_rcv_detail_code))+1 from ins_premium_det i),'"&D130&"','"&D130&"','02', '11000003','00','Request by Mr. Saqib Saleem 28-Mar-2025');" -> ('27Mar250028','070000178857','31200',(select max(to_number(i.premium_rcv_detail_code))+1 from ins_premium_det i),'31200','31200','02', '11000003','00','Request by Mr. Saqib Saleem 28-Mar-2025'); | H130: =F130&G130 -> insert into ins_premium_det (premium_rcv_code,assorted_code, rec_amount,premium_rcv_detail_code,remaining_amt, payrec, mode_code,coinsurance_code,class_cd,it_remarks) values('27Mar250028','070000178857','31200',(select max(to_number(i.premium_rcv_detail_code))+1 from ins_premium_det i),'31200','31200','02', '11000003','00','Request by Mr. Saqib Saleem 28-Mar-2025');
A131: KHI/HO/D/MO/PC COMP/C/107623/63/02/2025 | B131: =VLOOKUP(A131,policy!B:C,2,0) -> 070000177432 | C131: 46226 | D131: =ROUND(C131,0) -> 46226 | E131: 27Mar250028 | F131: ="insert into ins_premium_det (premium_rcv_code,assorted_code, rec_amount,premium_rcv_detail_code,remaining_amt, payrec, mode_code,coinsurance_code,class_cd,it_remarks) values" -> insert into ins_premium_det (premium_rcv_code,assorted_code, rec_amount,premium_rcv_detail_code,remaining_amt, payrec, mode_code,coinsurance_code,class_cd,it_remarks) values | G131: ="('"&E131&"','"&B131&"','"&D131&"',(select max(to_number(i.premium_rcv_detail_code))+1 from ins_premium_det i),'"&D131&"','"&D131&"','02', '11000003','00','Request by Mr. Saqib Saleem 28-Mar-2025');" -> ('27Mar250028','070000177432','46226',(select max(to_number(i.premium_rcv_detail_code))+1 from ins_premium_det i),'46226','46226','02', '11000003','00','Request by Mr. Saqib Saleem 28-Mar-2025'); | H131: =F131&G131 -> insert into ins_premium_det (premium_rcv_code,assorted_code, rec_amount,premium_rcv_detail_code,remaining_amt, payrec, mode_code,coinsurance_code,class_cd,it_remarks) values('27Mar250028','070000177432','46226',(select max(to_number(i.premium_rcv_detail_code))+1 from ins_premium_det i),'46226','46226','02', '11000003','00','Request by Mr. Saqib Saleem 28-Mar-2025');
A132: KHI/HO/D/MO/PC COMP/C/108044/161/03/2025 | B132: =VLOOKUP(A132,policy!B:C,2,0) -> 070000178858 | C132: 51000 | D132: =ROUND(C132,0) -> 51000 | E132: 27Mar250028 | F132: ="insert into ins_premium_det (premium_rcv_code,assorted_code, rec_amount,premium_rcv_detail_code,remaining_amt, payrec, mode_code,coinsurance_code,class_cd,it_remarks) values" -> insert into ins_premium_det (premium_rcv_code,assorted_code, rec_amount,premium_rcv_detail_code,remaining_amt, payrec, mode_code,coinsurance_code,class_cd,it_remarks) values | G132: ="('"&E132&"','"&B132&"','"&D132&"',(select max(to_number(i.premium_rcv_detail_code))+1 from ins_premium_det i),'"&D132&"','"&D132&"','02', '11000003','00','Request by Mr. Saqib Saleem 28-Mar-2025');" -> ('27Mar250028','070000178858','51000',(select max(to_number(i.premium_rcv_detail_code))+1 from ins_premium_det i),'51000','51000','02', '11000003','00','Request by Mr. Saqib Saleem 28-Mar-2025'); | H132: =F132&G132 -> insert into ins_premium_det (premium_rcv_code,assorted_code, rec_amount,premium_rcv_detail_code,remaining_amt, payrec, mode_code,coinsurance_code,class_cd,it_remarks) values('27Mar250028','070000178858','51000',(select max(to_number(i.premium_rcv_detail_code))+1 from ins_premium_det i),'51000','51000','02', '11000003','00','Request by Mr. Saqib Saleem 28-Mar-2025');
... A136: KHI/HO/D/MO/PC COMP/C/107623/66/02/2025 | B136: =VLOOKUP(A136,policy!B:C,2,0) -> 070000177435 | C136: 48716 | D136: =ROUND(C136,0) -> 48716 | E136: 27Mar250028 | F136: ="insert into ins_premium_det (premium_rcv_code,assorted_code, rec_amount,premium_rcv_detail_code,remaining_amt, payrec, mode_code,coinsurance_code,class_cd,it_remarks) values" -> insert into ins_premium_det (premium_rcv_code,assorted_code, rec_amount,premium_rcv_detail_code,remaining_amt, payrec, mode_code,coinsurance_code,class_cd,it_remarks) values | G136: ="('"&E136&"','"&B136&"','"&D136&"',(select max(to_number(i.premium_rcv_detail_code))+1 from ins_premium_det i),'"&D136&"','"&D136&"','02', '11000003','00','Request by Mr. Saqib Saleem 28-Mar-2025');" -> ('27Mar250028','070000177435','48716',(select max(to_number(i.premium_rcv_detail_code))+1 from ins_premium_det i),'48716','48716','02', '11000003','00','Request by Mr. Saqib Saleem 28-Mar-2025'); | H136: =F136&G136 -> insert into ins_premium_det (premium_rcv_code,assorted_code, rec_amount,premium_rcv_detail_code,remaining_amt, payrec, mode_code,coinsurance_code,class_cd,it_remarks) values('27Mar250028','070000177435','48716',(select max(to_number(i.premium_rcv_detail_code))+1 from ins_premium_det i),'48716','48716','02', '11000003','00','Request by Mr. Saqib Saleem 28-Mar-2025');
A137: KHI/HO/D/MO/PC COMP/P/108413/8/03/2025 | B137: =VLOOKUP(A137,policy!B:C,2,0) -> #N/A | E137: 27Mar250028 | F137: ="insert into ins_premium_det (premium_rcv_code,assorted_code, rec_amount,premium_rcv_detail_code,remaining_amt, payrec, mode_code,coinsurance_code,class_cd,it_remarks) values" -> insert into ins_premium_det (premium_rcv_code,assorted_code, rec_amount,premium_rcv_detail_code,remaining_amt, payrec, mode_code,coinsurance_code,class_cd,it_remarks) values | G137: ="('"&E137&"','"&B137&"','"&D137&"',(select max(to_number(i.premium_rcv_detail_code))+1 from ins_premium_det i),'"&D137&"','"&D137&"','02', '11000003','00','Request by Mr. Saqib Saleem 28-Mar-2025');" -> #N/A | H137: =F137&G137 -> #N/A
A138: KHI/HO/D/MO/PC COMP/C/107623/67/02/2025 | B138: =VLOOKUP(A138,policy!B:C,2,0) -> 070000177436 | C138: 27489 | D138: =ROUND(C138,0) -> 27489 | E138: 27Mar250028 | F138: ="insert into ins_premium_det (premium_rcv_code,assorted_code, rec_amount,premium_rcv_detail_code,remaining_amt, payrec, mode_code,coinsurance_code,class_cd,it_remarks) values" -> insert into ins_premium_det (premium_rcv_code,assorted_code, rec_amount,premium_rcv_detail_code,remaining_amt, payrec, mode_code,coinsurance_code,class_cd,it_remarks) values | G138: ="('"&E138&"','"&B138&"','"&D138&"',(select max(to_number(i.premium_rcv_detail_code))+1 from ins_premium_det i),'"&D138&"','"&D138&"','02', '11000003','00','Request by Mr. Saqib Saleem 28-Mar-2025');" -> ('27Mar250028','070000177436','27489',(select max(to_number(i.premium_rcv_detail_code))+1 from ins_premium_det i),'27489','27489','02', '11000003','00','Request by Mr. Saqib Saleem 28-Mar-2025'); | H138: =F138&G138 -> insert into ins_premium_det (premium_rcv_code,assorted_code, rec_amount,premium_rcv_detail_code,remaining_amt, payrec, mode_code,coinsurance_code,class_cd,it_remarks) values('27Mar250028','070000177436','27489',(select max(to_number(i.premium_rcv_detail_code))+1 from ins_premium_det i),'27489','27489','02', '11000003','00','Request by Mr. Saqib Saleem 28-Mar-2025');
A139: KHI/HO/D/MO/PC COMP/C/107623/68/02/2025 | B139: =VLOOKUP(A139,policy!B:C,2,0) -> 070000177437 | C139: 44895 | D139: =ROUND(C139,0) -> 44895 | E139: 27Mar250028 | F139: ="insert into ins_premium_det (premium_rcv_code,assorted_code, rec_amount,premium_rcv_detail_code,remaining_amt, payrec, mode_code,coinsurance_code,class_cd,it_remarks) values" -> insert into ins_premium_det (premium_rcv_code,assorted_code, rec_amount,premium_rcv_detail_code,remaining_amt, payrec, mode_code,coinsurance_code,class_cd,it_remarks) values | G139: ="('"&E139&"','"&B139&"','"&D139&"',(select max(to_number(i.premium_rcv_detail_code))+1 from ins_premium_det i),'"&D139&"','"&D139&"','02', '11000003','00','Request by Mr. Saqib Saleem 28-Mar-2025');" -> ('27Mar250028','070000177437','44895',(select max(to_number(i.premium_rcv_detail_code))+1 from ins_premium_det i),'44895','44895','02', '11000003','00','Request by Mr. Saqib Saleem 28-Mar-2025'); | H139: =F139&G139 -> insert into ins_premium_det (premium_rcv_code,assorted_code, rec_amount,premium_rcv_detail_code,remaining_amt, payrec, mode_code,coinsurance_code,class_cd,it_remarks) values('27Mar250028','070000177437','44895',(select max(to_number(i.premium_rcv_detail_code))+1 from ins_premium_det i),'44895','44895','02', '11000003','00','Request by Mr. Saqib Saleem 28-Mar-2025');
A140: KHI/HO/D/MO/PC COMP/C/108044/169/03/2025 | B140: =VLOOKUP(A140,policy!B:C,2,0) -> 070000178866 | C140: 36994 | D140: =ROUND(C140,0) -> 36994 | E140: 27Mar250028 | F140: ="insert into ins_premium_det (premium_rcv_code,assorted_code, rec_amount,premium_rcv_detail_code,remaining_amt, payrec, mode_code,coinsurance_code,class_cd,it_remarks) values" -> insert into ins_premium_det (premium_rcv_code,assorted_code, rec_amount,premium_rcv_detail_code,remaining_amt, payrec, mode_code,coinsurance_code,class_cd,it_remarks) values | G140: ="('"&E140&"','"&B140&"','"&D140&"',(select max(to_number(i.premium_rcv_detail_code))+1 from ins_premium_det i),'"&D140&"','"&D140&"','02', '11000003','00','Request by Mr. Saqib Saleem 28-Mar-2025');" -> ('27Mar250028','070000178866','36994',(select max(to_number(i.premium_rcv_detail_code))+1 from ins_premium_det i),'36994','36994','02', '11000003','00','Request by Mr. Saqib Saleem 28-Mar-2025'); | H140: =F140&G140 -> insert into ins_premium_det (premium_rcv_code,assorted_code, rec_amount,premium_rcv_detail_code,remaining_amt, payrec, mode_code,coinsurance_code,class_cd,it_remarks) values('27Mar250028','070000178866','36994',(select max(to_number(i.premium_rcv_detail_code))+1 from ins_premium_det i),'36994','36994','02', '11000003','00','Request by Mr. Saqib Saleem 28-Mar-2025');
A141: KHI/HO/D/MO/PC COMP/C/107623/69/02/2025 | B141: =VLOOKUP(A141,policy!B:C,2,0) -> 070000177438 | C141: 30450 | D141: =ROUND(C141,0) -> 30450 | E141: 27Mar250028 | F141: ="insert into ins_premium_det (premium_rcv_code,assorted_code, rec_amount,premium_rcv_detail_code,remaining_amt, payrec, mode_code,coinsurance_code,class_cd,it_remarks) values" -> insert into ins_premium_det (premium_rcv_code,assorted_code, rec_amount,premium_rcv_detail_code,remaining_amt, payrec, mode_code,coinsurance_code,class_cd,it_remarks) values | G141: ="('"&E141&"','"&B141&"','"&D141&"',(select max(to_number(i.premium_rcv_detail_code))+1 from ins_premium_det i),'"&D141&"','"&D141&"','02', '11000003','00','Request by Mr. Saqib Saleem 28-Mar-2025');" -> ('27Mar250028','070000177438','30450',(select max(to_number(i.premium_rcv_detail_code))+1 from ins_premium_det i),'30450','30450','02', '11000003','00','Request by Mr. Saqib Saleem 28-Mar-2025'); | H141: =F141&G141 -> insert into ins_premium_det (premium_rcv_code,assorted_code, rec_amount,premium_rcv_detail_code,remaining_amt, payrec, mode_code,coinsurance_code,class_cd,it_remarks) values('27Mar250028','070000177438','30450',(select max(to_number(i.premium_rcv_detail_code))+1 from ins_premium_det i),'30450','30450','02', '11000003','00','Request by Mr. Saqib Saleem 28-Mar-2025');
A142: KHI/HO/D/MO/PC COMP/C/107623/70/02/2025 | B142: =VLOOKUP(A142,policy!B:C,2,0) -> 070000177439 | C142: 21000 | D142: =ROUND(C142,0) -> 21000 | E142: 27Mar250028 | F142: ="insert into ins_premium_det (premium_rcv_code,assorted_code, rec_amount,premium_rcv_detail_code,remaining_amt, payrec, mode_code,coinsurance_code,class_cd,it_remarks) values" -> insert into ins_premium_det (premium_rcv_code,assorted_code, rec_amount,premium_rcv_detail_code,remaining_amt, payrec, mode_code,coinsurance_code,class_cd,it_remarks) values | G142: ="('"&E142&"','"&B142&"','"&D142&"',(select max(to_number(i.premium_rcv_detail_code))+1 from ins_premium_det i),'"&D142&"','"&D142&"','02', '11000003','00','Request by Mr. Saqib Saleem 28-Mar-2025');" -> ('27Mar250028','070000177439','21000',(select max(to_number(i.premium_rcv_detail_code))+1 from ins_premium_det i),'21000','21000','02', '11000003','00','Request by Mr. Saqib Saleem 28-Mar-2025'); | H142: =F142&G142 -> insert into ins_premium_det (premium_rcv_code,assorted_code, rec_amount,premium_rcv_detail_code,remaining_amt, payrec, mode_code,coinsurance_code,class_cd,it_remarks) values('27Mar250028','070000177439','21000',(select max(to_number(i.premium_rcv_detail_code))+1 from ins_premium_det i),'21000','21000','02', '11000003','00','Request by Mr. Saqib Saleem 28-Mar-2025');
A143: KHI/HO/D/MO/PC COMP/C/107623/71/02/2025 | B143: =VLOOKUP(A143,policy!B:C,2,0) -> 070000177440 | C143: 23700 | D143: =ROUND(C143,0) -> 23700 | E143: 27Mar250028 | F143: ="insert into ins_premium_det (premium_rcv_code,assorted_code, rec_amount,premium_rcv_detail_code,remaining_amt, payrec, mode_code,coinsurance_code,class_cd,it_remarks) values" -> insert into ins_premium_det (premium_rcv_code,assorted_code, rec_amount,premium_rcv_detail_code,remaining_amt, payrec, mode_code,coinsurance_code,class_cd,it_remarks) values | G143: ="('"&E143&"','"&B143&"','"&D143&"',(select max(to_number(i.premium_rcv_detail_code))+1 from ins_premium_det i),'"&D143&"','"&D143&"','02', '11000003','00','Request by Mr. Saqib Saleem 28-Mar-2025');" -> ('27Mar250028','070000177440','23700',(select max(to_number(i.premium_rcv_detail_code))+1 from ins_premium_det i),'23700','23700','02', '11000003','00','Request by Mr. Saqib Saleem 28-Mar-2025'); | H143: =F143&G143 -> insert into ins_premium_det (premium_rcv_code,assorted_code, rec_amount,premium_rcv_detail_code,remaining_amt, payrec, mode_code,coinsurance_code,class_cd,it_remarks) values('27Mar250028','070000177440','23700',(select max(to_number(i.premium_rcv_detail_code))+1 from ins_premium_det i),'23700','23700','02', '11000003','00','Request by Mr. Saqib Saleem 28-Mar-2025');
A144: KHI/HO/D/MO/PC COMP/C/107623/73/02/2025 | B144: =VLOOKUP(A144,policy!B:C,2,0) -> 070000177442 | C144: 24495 | D144: =ROUND(C144,0) -> 24495 | E144: 27Mar250028 | F144: ="insert into ins_premium_det (premium_rcv_code,assorted_code, rec_amount,premium_rcv_detail_code,remaining_amt, payrec, mode_code,coinsurance_code,class_cd,it_remarks) values" -> insert into ins_premium_det (premium_rcv_code,assorted_code, rec_amount,premium_rcv_detail_code,remaining_amt, payrec, mode_code,coinsurance_code,class_cd,it_remarks) values | G144: ="('"&E144&"','"&B144&"','"&D144&"',(select max(to_number(i.premium_rcv_detail_code))+1 from ins_premium_det i),'"&D144&"','"&D144&"','02', '11000003','00','Request by Mr. Saqib Saleem 28-Mar-2025');" -> ('27Mar250028','070000177442','24495',(select max(to_number(i.premium_rcv_detail_code))+1 from ins_premium_det i),'24495','24495','02', '11000003','00','Request by Mr. Saqib Saleem 28-Mar-2025'); | H144: =F144&G144 -> insert into ins_premium_det (premium_rcv_code,assorted_code, rec_amount,premium_rcv_detail_code,remaining_amt, payrec, mode_code,coinsurance_code,class_cd,it_remarks) values('27Mar250028','070000177442','24495',(select max(to_number(i.premium_rcv_detail_code))+1 from ins_premium_det i),'24495','24495','02', '11000003','00','Request by Mr. Saqib Saleem 28-Mar-2025');
A145: KHI/HO/D/MO/PC COMP/C/108044/173/03/2025 | B145: =VLOOKUP(A145,policy!B:C,2,0) -> 070000178870 | C145: 18848 | D145: =ROUND(C145,0) -> 18848 | E145: 27Mar250028 | F145: ="insert into ins_premium_det (premium_rcv_code,assorted_code, rec_amount,premium_rcv_detail_code,remaining_amt, payrec, mode_code,coinsurance_code,class_cd,it_remarks) values" -> insert into ins_premium_det (premium_rcv_code,assorted_code, rec_amount,premium_rcv_detail_code,remaining_amt, payrec, mode_code,coinsurance_code,class_cd,it_remarks) values | G145: ="('"&E145&"','"&B145&"','"&D145&"',(select max(to_number(i.premium_rcv_detail_code))+1 from ins_premium_det i),'"&D145&"','"&D145&"','02', '11000003','00','Request by Mr. Saqib Saleem 28-Mar-2025');" -> ('27Mar250028','070000178870','18848',(select max(to_number(i.premium_rcv_detail_code))+1 from ins_premium_det i),'18848','18848','02', '11000003','00','Request by Mr. Saqib Saleem 28-Mar-2025'); | H145: =F145&G145 -> insert into ins_premium_det (premium_rcv_code,assorted_code, rec_amount,premium_rcv_detail_code,remaining_amt, payrec, mode_code,coinsurance_code,class_cd,it_remarks) values('27Mar250028','070000178870','18848',(select max(to_number(i.premium_rcv_detail_code))+1 from ins_premium_det i),'18848','18848','02', '11000003','00','Request by Mr. Saqib Saleem 28-Mar-2025');
A146: KHI/HO/D/MO/PC COMP/C/108044/174/03/2025 | B146: =VLOOKUP(A146,policy!B:C,2,0) -> 070000178871 | C146: 26240 | D146: =ROUND(C146,0) -> 26240 | E146: 27Mar250028 | F146: ="insert into ins_premium_det (premium_rcv_code,assorted_code, rec_amount,premium_rcv_detail_code,remaining_amt, payrec, mode_code,coinsurance_code,class_cd,it_remarks) values" -> insert into ins_premium_det (premium_rcv_code,assorted_code, rec_amount,premium_rcv_detail_code,remaining_amt, payrec, mode_code,coinsurance_code,class_cd,it_remarks) values | G146: ="('"&E146&"','"&B146&"','"&D146&"',(select max(to_number(i.premium_rcv_detail_code))+1 from ins_premium_det i),'"&D146&"','"&D146&"','02', '11000003','00','Request by Mr. Saqib Saleem 28-Mar-2025');" -> ('27Mar250028','070000178871','26240',(select max(to_number(i.premium_rcv_detail_code))+1 from ins_premium_det i),'26240','26240','02', '11000003','00','Request by Mr. Saqib Saleem 28-Mar-2025'); | H146: =F146&G146 -> insert into ins_premium_det (premium_rcv_code,assorted_code, rec_amount,premium_rcv_detail_code,remaining_amt, payrec, mode_code,coinsurance_code,class_cd,it_remarks) values('27Mar250028','070000178871','26240',(select max(to_number(i.premium_rcv_detail_code))+1 from ins_premium_det i),'26240','26240','02', '11000003','00','Request by Mr. Saqib Saleem 28-Mar-2025');
A147: KHI/HO/D/MO/PC COMP/C/108044/175/03/2025 | B147: =VLOOKUP(A147,policy!B:C,2,0) -> 070000178872 | C147: 21360 | D147: =ROUND(C147,0) -> 21360 | E147: 27Mar250028 | F147: ="insert into ins_premium_det (premium_rcv_code,assorted_code, rec_amount,premium_rcv_detail_code,remaining_amt, payrec, mode_code,coinsurance_code,class_cd,it_remarks) values" -> insert into ins_premium_det (premium_rcv_code,assorted_code, rec_amount,premium_rcv_detail_code,remaining_amt, payrec, mode_code,coinsurance_code,class_cd,it_remarks) values | G147: ="('"&E147&"','"&B147&"','"&D147&"',(select max(to_number(i.premium_rcv_detail_code))+1 from ins_premium_det i),'"&D147&"','"&D147&"','02', '11000003','00','Request by Mr. Saqib Saleem 28-Mar-2025');" -> ('27Mar250028','070000178872','21360',(select max(to_number(i.premium_rcv_detail_code))+1 from ins_premium_det i),'21360','21360','02', '11000003','00','Request by Mr. Saqib Saleem 28-Mar-2025'); | H147: =F147&G147 -> insert into ins_premium_det (premium_rcv_code,assorted_code, rec_amount,premium_rcv_detail_code,remaining_amt, payrec, mode_code,coinsurance_code,class_cd,it_remarks) values('27Mar250028','070000178872','21360',(select max(to_number(i.premium_rcv_detail_code))+1 from ins_premium_det i),'21360','21360','02', '11000003','00','Request by Mr. Saqib Saleem 28-Mar-2025');
A148: KHI/HO/D/MO/PC COMP/C/107623/74/02/2025 | B148: =VLOOKUP(A148,policy!B:C,2,0) -> 070000177443 | C148: 30375 | D148: =ROUND(C148,0) -> 30375 | E148: 27Mar250028 | F148: ="insert into ins_premium_det (premium_rcv_code,assorted_code, rec_amount,premium_rcv_detail_code,remaining_amt, payrec, mode_code,coinsurance_code,class_cd,it_remarks) values" -> insert into ins_premium_det (premium_rcv_code,assorted_code, rec_amount,premium_rcv_detail_code,remaining_amt, payrec, mode_code,coinsurance_code,class_cd,it_remarks) values | G148: ="('"&E148&"','"&B148&"','"&D148&"',(select max(to_number(i.premium_rcv_detail_code))+1 from ins_premium_det i),'"&D148&"','"&D148&"','02', '11000003','00','Request by Mr. Saqib Saleem 28-Mar-2025');" -> ('27Mar250028','070000177443','30375',(select max(to_number(i.premium_rcv_detail_code))+1 from ins_premium_det i),'30375','30375','02', '11000003','00','Request by Mr. Saqib Saleem 28-Mar-2025'); | H148: =F148&G148 -> insert into ins_premium_det (premium_rcv_code,assorted_code, rec_amount,premium_rcv_detail_code,remaining_amt, payrec, mode_code,coinsurance_code,class_cd,it_remarks) values('27Mar250028','070000177443','30375',(select max(to_number(i.premium_rcv_detail_code))+1 from ins_premium_det i),'30375','30375','02', '11000003','00','Request by Mr. Saqib Saleem 28-Mar-2025');
A149: KHI/HO/D/MO/PC COMP/C/108044/178/03/2025 | B149: =VLOOKUP(A149,policy!B:C,2,0) -> 070000178875 | C149: 21360 | D149: =ROUND(C149,0) -> 21360 | E149: 27Mar250028 | F149: ="insert into ins_premium_det (premium_rcv_code,assorted_code, rec_amount,premium_rcv_detail_code,remaining_amt, payrec, mode_code,coinsurance_code,class_cd,it_remarks) values" -> insert into ins_premium_det (premium_rcv_code,assorted_code, rec_amount,premium_rcv_detail_code,remaining_amt, payrec, mode_code,coinsurance_code,class_cd,it_remarks) values | G149: ="('"&E149&"','"&B149&"','"&D149&"',(select max(to_number(i.premium_rcv_detail_code))+1 from ins_premium_det i),'"&D149&"','"&D149&"','02', '11000003','00','Request by Mr. Saqib Saleem 28-Mar-2025');" -> ('27Mar250028','070000178875','21360',(select max(to_number(i.premium_rcv_detail_code))+1 from ins_premium_det i),'21360','21360','02', '11000003','00','Request by Mr. Saqib Saleem 28-Mar-2025'); | H149: =F149&G149 -> insert into ins_premium_det (premium_rcv_code,assorted_code, rec_amount,premium_rcv_detail_code,remaining_amt, payrec, mode_code,coinsurance_code,class_cd,it_remarks) values('27Mar250028','070000178875','21360',(select max(to_number(i.premium_rcv_detail_code))+1 from ins_premium_det i),'21360','21360','02', '11000003','00','Request by Mr. Saqib Saleem 28-Mar-2025');
A150: KHI/HO/D/MO/PC COMP/P/108413/9/03/2025 | B150: =VLOOKUP(A150,policy!B:C,2,0) -> #N/A | E150: 27Mar250028 | F150: ="insert into ins_premium_det (premium_rcv_code,assorted_code, rec_amount,premium_rcv_detail_code,remaining_amt, payrec, mode_code,coinsurance_code,class_cd,it_remarks) values" -> insert into ins_premium_det (premium_rcv_code,assorted_code, rec_amount,premium_rcv_detail_code,remaining_amt, payrec, mode_code,coinsurance_code,class_cd,it_remarks) values | G150: ="('"&E150&"','"&B150&"','"&D150&"',(select max(to_number(i.premium_rcv_detail_code))+1 from ins_premium_det i),'"&D150&"','"&D150&"','02', '11000003','00','Request by Mr. Saqib Saleem 28-Mar-2025');" -> #N/A | H150: =F150&G150 -> #N/A
A151: KHI/HO/D/MO/PC COMP/C/108044/180/03/2025 | B151: =VLOOKUP(A151,policy!B:C,2,0) -> 070000178877 | C151: 28160 | D151: =ROUND(C151,0) -> 28160 | E151: 27Mar250028 | F151: ="insert into ins_premium_det (premium_rcv_code,assorted_code, rec_amount,premium_rcv_detail_code,remaining_amt, payrec, mode_code,coinsurance_code,class_cd,it_remarks) values" -> insert into ins_premium_det (premium_rcv_code,assorted_code, rec_amount,premium_rcv_detail_code,remaining_amt, payrec, mode_code,coinsurance_code,class_cd,it_remarks) values | G151: ="('"&E151&"','"&B151&"','"&D151&"',(select max(to_number(i.premium_rcv_detail_code))+1 from ins_premium_det i),'"&D151&"','"&D151&"','02', '11000003','00','Request by Mr. Saqib Saleem 28-Mar-2025');" -> ('27Mar250028','070000178877','28160',(select max(to_number(i.premium_rcv_detail_code))+1 from ins_premium_det i),'28160','28160','02', '11000003','00','Request by Mr. Saqib Saleem 28-Mar-2025'); | H151: =F151&G151 -> insert into ins_premium_det (premium_rcv_code,assorted_code, rec_amount,premium_rcv_detail_code,remaining_amt, payrec, mode_code,coinsurance_code,class_cd,it_remarks) values('27Mar250028','070000178877','28160',(select max(to_number(i.premium_rcv_detail_code))+1 from ins_premium_det i),'28160','28160','02', '11000003','00','Request by Mr. Saqib Saleem 28-Mar-2025');
A152: KHI/HO/D/MO/PC COMP/C/107623/75/02/2025 | B152: =VLOOKUP(A152,policy!B:C,2,0) -> 070000177444 | C152: 31080 | D152: =ROUND(C152,0) -> 31080 | E152: 27Mar250028 | F152: ="insert into ins_premium_det (premium_rcv_code,assorted_code, rec_amount,premium_rcv_detail_code,remaining_amt, payrec, mode_code,coinsurance_code,class_cd,it_remarks) values" -> insert into ins_premium_det (premium_rcv_code,assorted_code, rec_amount,premium_rcv_detail_code,remaining_amt, payrec, mode_code,coinsurance_code,class_cd,it_remarks) values | G152: ="('"&E152&"','"&B152&"','"&D152&"',(select max(to_number(i.premium_rcv_detail_code))+1 from ins_premium_det i),'"&D152&"','"&D152&"','02', '11000003','00','Request by Mr. Saqib Saleem 28-Mar-2025');" -> ('27Mar250028','070000177444','31080',(select max(to_number(i.premium_rcv_detail_code))+1 from ins_premium_det i),'31080','31080','02', '11000003','00','Request by Mr. Saqib Saleem 28-Mar-2025'); | H152: =F152&G152 -> insert into ins_premium_det (premium_rcv_code,assorted_code, rec_amount,premium_rcv_detail_code,remaining_amt, payrec, mode_code,coinsurance_code,class_cd,it_remarks) values('27Mar250028','070000177444','31080',(select max(to_number(i.premium_rcv_detail_code))+1 from ins_premium_det i),'31080','31080','02', '11000003','00','Request by Mr. Saqib Saleem 28-Mar-2025');
A153: KHI/HO/D/MO/PC COMP/C/108044/181/03/2025 | B153: =VLOOKUP(A153,policy!B:C,2,0) -> 070000178878 | C153: 37320 | D153: =ROUND(C153,0) -> 37320 | E153: 27Mar250028 | F153: ="insert into ins_premium_det (premium_rcv_code,assorted_code, rec_amount,premium_rcv_detail_code,remaining_amt, payrec, mode_code,coinsurance_code,class_cd,it_remarks) values" -> insert into ins_premium_det (premium_rcv_code,assorted_code, rec_amount,premium_rcv_detail_code,remaining_amt, payrec, mode_code,coinsurance_code,class_cd,it_remarks) values | G153: ="('"&E153&"','"&B153&"','"&D153&"',(select max(to_number(i.premium_rcv_detail_code))+1 from ins_premium_det i),'"&D153&"','"&D153&"','02', '11000003','00','Request by Mr. Saqib Saleem 28-Mar-2025');" -> ('27Mar250028','070000178878','37320',(select max(to_number(i.premium_rcv_detail_code))+1 from ins_premium_det i),'37320','37320','02', '11000003','00','Request by Mr. Saqib Saleem 28-Mar-2025'); | H153: =F153&G153 -> insert into ins_premium_det (premium_rcv_code,assorted_code, rec_amount,premium_rcv_detail_code,remaining_amt, payrec, mode_code,coinsurance_code,class_cd,it_remarks) values('27Mar250028','070000178878','37320',(select max(to_number(i.premium_rcv_detail_code))+1 from ins_premium_det i),'37320','37320','02', '11000003','00','Request by Mr. Saqib Saleem 28-Mar-2025');
A154: KHI/HO/D/MO/PC COMP/C/108044/182/03/2025 | B154: =VLOOKUP(A154,policy!B:C,2,0) -> 070000178879 | C154: 23400 | D154: =ROUND(C154,0) -> 23400 | E154: 27Mar250028 | F154: ="insert into ins_premium_det (premium_rcv_code,assorted_code, rec_amount,premium_rcv_detail_code,remaining_amt, payrec, mode_code,coinsurance_code,class_cd,it_remarks) values" -> insert into ins_premium_det (premium_rcv_code,assorted_code, rec_amount,premium_rcv_detail_code,remaining_amt, payrec, mode_code,coinsurance_code,class_cd,it_remarks) values | G154: ="('"&E154&"','"&B154&"','"&D154&"',(select max(to_number(i.premium_rcv_detail_code))+1 from ins_premium_det i),'"&D154&"','"&D154&"','02', '11000003','00','Request by Mr. Saqib Saleem 28-Mar-2025');" -> ('27Mar250028','070000178879','23400',(select max(to_number(i.premium_rcv_detail_code))+1 from ins_premium_det i),'23400','23400','02', '11000003','00','Request by Mr. Saqib Saleem 28-Mar-2025'); | H154: =F154&G154 -> insert into ins_premium_det (premium_rcv_code,assorted_code, rec_amount,premium_rcv_detail_code,remaining_amt, payrec, mode_code,coinsurance_code,class_cd,it_remarks) values('27Mar250028','070000178879','23400',(select max(to_number(i.premium_rcv_detail_code))+1 from ins_premium_det i),'23400','23400','02', '11000003','00','Request by Mr. Saqib Saleem 28-Mar-2025');
A155: KHI/HO/D/MO/PC COMP/C/107623/76/02/2025 | B155: =VLOOKUP(A155,policy!B:C,2,0) -> 070000177445 | C155: 24600 | D155: =ROUND(C155,0) -> 24600 | E155: 27Mar250028 | F155: ="insert into ins_premium_det (premium_rcv_code,assorted_code, rec_amount,premium_rcv_detail_code,remaining_amt, payrec, mode_code,coinsurance_code,class_cd,it_remarks) values" -> insert into ins_premium_det (premium_rcv_code,assorted_code, rec_amount,premium_rcv_detail_code,remaining_amt, payrec, mode_code,coinsurance_code,class_cd,it_remarks) values | G155: ="('"&E155&"','"&B155&"','"&D155&"',(select max(to_number(i.premium_rcv_detail_code))+1 from ins_premium_det i),'"&D155&"','"&D155&"','02', '11000003','00','Request by Mr. Saqib Saleem 28-Mar-2025');" -> ('27Mar250028','070000177445','24600',(select max(to_number(i.premium_rcv_detail_code))+1 from ins_premium_det i),'24600','24600','02', '11000003','00','Request by Mr. Saqib Saleem 28-Mar-2025'); | H155: =F155&G155 -> insert into ins_premium_det (premium_rcv_code,assorted_code, rec_amount,premium_rcv_detail_code,remaining_amt, payrec, mode_code,coinsurance_code,class_cd,it_remarks) values('27Mar250028','070000177445','24600',(select max(to_number(i.premium_rcv_detail_code))+1 from ins_premium_det i),'24600','24600','02', '11000003','00','Request by Mr. Saqib Saleem 28-Mar-2025');
A156: KHI/HO/D/MO/PC COMP/C/107623/77/02/2025 | B156: =VLOOKUP(A156,policy!B:C,2,0) -> 070000177446 | C156: 15638 | D156: =ROUND(C156,0) -> 15638 | E156: 27Mar250028 | F156: ="insert into ins_premium_det (premium_rcv_code,assorted_code, rec_amount,premium_rcv_detail_code,remaining_amt, payrec, mode_code,coinsurance_code,class_cd,it_remarks) values" -> insert into ins_premium_det (premium_rcv_code,assorted_code, rec_amount,premium_rcv_detail_code,remaining_amt, payrec, mode_code,coinsurance_code,class_cd,it_remarks) values | G156: ="('"&E156&"','"&B156&"','"&D156&"',(select max(to_number(i.premium_rcv_detail_code))+1 from ins_premium_det i),'"&D156&"','"&D156&"','02', '11000003','00','Request by Mr. Saqib Saleem 28-Mar-2025');" -> ('27Mar250028','070000177446','15638',(select max(to_number(i.premium_rcv_detail_code))+1 from ins_premium_det i),'15638','15638','02', '11000003','00','Request by Mr. Saqib Saleem 28-Mar-2025'); | H156: =F156&G156 -> insert into ins_premium_det (premium_rcv_code,assorted_code, rec_amount,premium_rcv_detail_code,remaining_amt, payrec, mode_code,coinsurance_code,class_cd,it_remarks) values('27Mar250028','070000177446','15638',(select max(to_number(i.premium_rcv_detail_code))+1 from ins_premium_det i),'15638','15638','02', '11000003','00','Request by Mr. Saqib Saleem 28-Mar-2025');
A157: KHI/HO/D/MO/PC COMP/C/107623/78/02/2025 | B157: =VLOOKUP(A157,policy!B:C,2,0) -> 070000177447 | C157: 38138 | D157: =ROUND(C157,0) -> 38138 | E157: 27Mar250028 | F157: ="insert into ins_premium_det (premium_rcv_code,assorted_code, rec_amount,premium_rcv_detail_code,remaining_amt, payrec, mode_code,coinsurance_code,class_cd,it_remarks) values" -> insert into ins_premium_det (premium_rcv_code,assorted_code, rec_amount,premium_rcv_detail_code,remaining_amt, payrec, mode_code,coinsurance_code,class_cd,it_remarks) values | G157: ="('"&E157&"','"&B157&"','"&D157&"',(select max(to_number(i.premium_rcv_detail_code))+1 from ins_premium_det i),'"&D157&"','"&D157&"','02', '11000003','00','Request by Mr. Saqib Saleem 28-Mar-2025');" -> ('27Mar250028','070000177447','38138',(select max(to_number(i.premium_rcv_detail_code))+1 from ins_premium_det i),'38138','38138','02', '11000003','00','Request by Mr. Saqib Saleem 28-Mar-2025'); | H157: =F157&G157 -> insert into ins_premium_det (premium_rcv_code,assorted_code, rec_amount,premium_rcv_detail_code,remaining_amt, payrec, mode_code,coinsurance_code,class_cd,it_remarks) values('27Mar250028','070000177447','38138',(select max(to_number(i.premium_rcv_detail_code))+1 from ins_premium_det i),'38138','38138','02', '11000003','00','Request by Mr. Saqib Saleem 28-Mar-2025');
A158: KHI/HO/D/MO/PC COMP/C/107623/79/02/2025 | B158: =VLOOKUP(A158,policy!B:C,2,0) -> 070000177448 | C158: 54080 | D158: =ROUND(C158,0) -> 54080 | E158: 27Mar250028 | F158: ="insert into ins_premium_det (premium_rcv_code,assorted_code, rec_amount,premium_rcv_detail_code,remaining_amt, payrec, mode_code,coinsurance_code,class_cd,it_remarks) values" -> insert into ins_premium_det (premium_rcv_code,assorted_code, rec_amount,premium_rcv_detail_code,remaining_amt, payrec, mode_code,coinsurance_code,class_cd,it_remarks) values | G158: ="('"&E158&"','"&B158&"','"&D158&"',(select max(to_number(i.premium_rcv_detail_code))+1 from ins_premium_det i),'"&D158&"','"&D158&"','02', '11000003','00','Request by Mr. Saqib Saleem 28-Mar-2025');" -> ('27Mar250028','070000177448','54080',(select max(to_number(i.premium_rcv_detail_code))+1 from ins_premium_det i),'54080','54080','02', '11000003','00','Request by Mr. Saqib Saleem 28-Mar-2025'); | H158: =F158&G158 -> insert into ins_premium_det (premium_rcv_code,assorted_code, rec_amount,premium_rcv_detail_code,remaining_amt, payrec, mode_code,coinsurance_code,class_cd,it_remarks) values('27Mar250028','070000177448','54080',(select max(to_number(i.premium_rcv_detail_code))+1 from ins_premium_det i),'54080','54080','02', '11000003','00','Request by Mr. Saqib Saleem 28-Mar-2025');
A159: KHI/HO/D/MO/PC COMP/C/107623/80/02/2025 | B159: =VLOOKUP(A159,policy!B:C,2,0) -> 070000177449 | C159: 50145 | D159: =ROUND(C159,0) -> 50145 | E159: 27Mar250028 | F159: ="insert into ins_premium_det (premium_rcv_code,assorted_code, rec_amount,premium_rcv_detail_code,remaining_amt, payrec, mode_code,coinsurance_code,class_cd,it_remarks) values" -> insert into ins_premium_det (premium_rcv_code,assorted_code, rec_amount,premium_rcv_detail_code,remaining_amt, payrec, mode_code,coinsurance_code,class_cd,it_remarks) values | G159: ="('"&E159&"','"&B159&"','"&D159&"',(select max(to_number(i.premium_rcv_detail_code))+1 from ins_premium_det i),'"&D159&"','"&D159&"','02', '11000003','00','Request by Mr. Saqib Saleem 28-Mar-2025');" -> ('27Mar250028','070000177449','50145',(select max(to_number(i.premium_rcv_detail_code))+1 from ins_premium_det i),'50145','50145','02', '11000003','00','Request by Mr. Saqib Saleem 28-Mar-2025'); | H159: =F159&G159 -> insert into ins_premium_det (premium_rcv_code,assorted_code, rec_amount,premium_rcv_detail_code,remaining_amt, payrec, mode_code,coinsurance_code,class_cd,it_remarks) values('27Mar250028','070000177449','50145',(select max(to_number(i.premium_rcv_detail_code))+1 from ins_premium_det i),'50145','50145','02', '11000003','00','Request by Mr. Saqib Saleem 28-Mar-2025');
A160: KHI/HO/D/MO/PC COMP/C/107623/81/02/2025 | B160: =VLOOKUP(A160,policy!B:C,2,0) -> 070000177450 | C160: 33188 | D160: =ROUND(C160,0) -> 33188 | E160: 27Mar250028 | F160: ="insert into ins_premium_det (premium_rcv_code,assorted_code, rec_amount,premium_rcv_detail_code,remaining_amt, payrec, mode_code,coinsurance_code,class_cd,it_remarks) values" -> insert into ins_premium_det (premium_rcv_code,assorted_code, rec_amount,premium_rcv_detail_code,remaining_amt, payrec, mode_code,coinsurance_code,class_cd,it_remarks) values | G160: ="('"&E160&"','"&B160&"','"&D160&"',(select max(to_number(i.premium_rcv_detail_code))+1 from ins_premium_det i),'"&D160&"','"&D160&"','02', '11000003','00','Request by Mr. Saqib Saleem 28-Mar-2025');" -> ('27Mar250028','070000177450','33188',(select max(to_number(i.premium_rcv_detail_code))+1 from ins_premium_det i),'33188','33188','02', '11000003','00','Request by Mr. Saqib Saleem 28-Mar-2025'); | H160: =F160&G160 -> insert into ins_premium_det (premium_rcv_code,assorted_code, rec_amount,premium_rcv_detail_code,remaining_amt, payrec, mode_code,coinsurance_code,class_cd,it_remarks) values('27Mar250028','070000177450','33188',(select max(to_number(i.premium_rcv_detail_code))+1 from ins_premium_det i),'33188','33188','02', '11000003','00','Request by Mr. Saqib Saleem 28-Mar-2025');
A161: KHI/HO/D/MO/PC COMP/C/107623/82/02/2025 | B161: =VLOOKUP(A161,policy!B:C,2,0) -> 070000177451 | C161: 24750 | D161: =ROUND(C161,0) -> 24750 | E161: 27Mar250028 | F161: ="insert into ins_premium_det (premium_rcv_code,assorted_code, rec_amount,premium_rcv_detail_code,remaining_amt, payrec, mode_code,coinsurance_code,class_cd,it_remarks) values" -> insert into ins_premium_det (premium_rcv_code,assorted_code, rec_amount,premium_rcv_detail_code,remaining_amt, payrec, mode_code,coinsurance_code,class_cd,it_remarks) values | G161: ="('"&E161&"','"&B161&"','"&D161&"',(select max(to_number(i.premium_rcv_detail_code))+1 from ins_premium_det i),'"&D161&"','"&D161&"','02', '11000003','00','Request by Mr. Saqib Saleem 28-Mar-2025');" -> ('27Mar250028','070000177451','24750',(select max(to_number(i.premium_rcv_detail_code))+1 from ins_premium_det i),'24750','24750','02', '11000003','00','Request by Mr. Saqib Saleem 28-Mar-2025'); | H161: =F161&G161 -> insert into ins_premium_det (premium_rcv_code,assorted_code, rec_amount,premium_rcv_detail_code,remaining_amt, payrec, mode_code,coinsurance_code,class_cd,it_remarks) values('27Mar250028','070000177451','24750',(select max(to_number(i.premium_rcv_detail_code))+1 from ins_premium_det i),'24750','24750','02', '11000003','00','Request by Mr. Saqib Saleem 28-Mar-2025');
A162: KHI/HO/D/MO/PC COMP/C/108044/191/03/2025 | B162: =VLOOKUP(A162,policy!B:C,2,0) -> 070000178888 | C162: 62989 | D162: =ROUND(C162,0) -> 62989 | E162: 27Mar250028 | F162: ="insert into ins_premium_det (premium_rcv_code,assorted_code, rec_amount,premium_rcv_detail_code,remaining_amt, payrec, mode_code,coinsurance_code,class_cd,it_remarks) values" -> insert into ins_premium_det (premium_rcv_code,assorted_code, rec_amount,premium_rcv_detail_code,remaining_amt, payrec, mode_code,coinsurance_code,class_cd,it_remarks) values | G162: ="('"&E162&"','"&B162&"','"&D162&"',(select max(to_number(i.premium_rcv_detail_code))+1 from ins_premium_det i),'"&D162&"','"&D162&"','02', '11000003','00','Request by Mr. Saqib Saleem 28-Mar-2025');" -> ('27Mar250028','070000178888','62989',(select max(to_number(i.premium_rcv_detail_code))+1 from ins_premium_det i),'62989','62989','02', '11000003','00','Request by Mr. Saqib Saleem 28-Mar-2025'); | H162: =F162&G162 -> insert into ins_premium_det (premium_rcv_code,assorted_code, rec_amount,premium_rcv_detail_code,remaining_amt, payrec, mode_code,coinsurance_code,class_cd,it_remarks) values('27Mar250028','070000178888','62989',(select max(to_number(i.premium_rcv_detail_code))+1 from ins_premium_det i),'62989','62989','02', '11000003','00','Request by Mr. Saqib Saleem 28-Mar-2025');
... A178: KHI/HO/D/MO/PC COMP/C/107623/100/02/2025 | B178: =VLOOKUP(A178,policy!B:C,2,0) -> 070000177469 | C178: 78838 | D178: =ROUND(C178,0) -> 78838 | E178: 27Mar250028 | F178: ="insert into ins_premium_det (premium_rcv_code,assorted_code, rec_amount,premium_rcv_detail_code,remaining_amt, payrec, mode_code,coinsurance_code,class_cd,it_remarks) values" -> insert into ins_premium_det (premium_rcv_code,assorted_code, rec_amount,premium_rcv_detail_code,remaining_amt, payrec, mode_code,coinsurance_code,class_cd,it_remarks) values | G178: ="('"&E178&"','"&B178&"','"&D178&"',(select max(to_number(i.premium_rcv_detail_code))+1 from ins_premium_det i),'"&D178&"','"&D178&"','02', '11000003','00','Request by Mr. Saqib Saleem 28-Mar-2025');" -> ('27Mar250028','070000177469','78838',(select max(to_number(i.premium_rcv_detail_code))+1 from ins_premium_det i),'78838','78838','02', '11000003','00','Request by Mr. Saqib Saleem 28-Mar-2025'); | H178: =F178&G178 -> insert into ins_premium_det (premium_rcv_code,assorted_code, rec_amount,premium_rcv_detail_code,remaining_amt, payrec, mode_code,coinsurance_code,class_cd,it_remarks) values('27Mar250028','070000177469','78838',(select max(to_number(i.premium_rcv_detail_code))+1 from ins_premium_det i),'78838','78838','02', '11000003','00','Request by Mr. Saqib Saleem 28-Mar-2025');
A179: KHI/HO/D/MO/PC COMP/P/108413/10/03/2025 | B179: =VLOOKUP(A179,policy!B:C,2,0) -> #N/A | E179: 27Mar250028 | F179: ="insert into ins_premium_det (premium_rcv_code,assorted_code, rec_amount,premium_rcv_detail_code,remaining_amt, payrec, mode_code,coinsurance_code,class_cd,it_remarks) values" -> insert into ins_premium_det (premium_rcv_code,assorted_code, rec_amount,premium_rcv_detail_code,remaining_amt, payrec, mode_code,coinsurance_code,class_cd,it_remarks) values | G179: ="('"&E179&"','"&B179&"','"&D179&"',(select max(to_number(i.premium_rcv_detail_code))+1 from ins_premium_det i),'"&D179&"','"&D179&"','02', '11000003','00','Request by Mr. Saqib Saleem 28-Mar-2025');" -> #N/A | H179: =F179&G179 -> #N/A
A180: KHI/HO/D/MO/PC COMP/C/107623/101/02/2025 | B180: =VLOOKUP(A180,policy!B:C,2,0) -> 070000177470 | C180: 71269 | D180: =ROUND(C180,0) -> 71269 | E180: 27Mar250028 | F180: ="insert into ins_premium_det (premium_rcv_code,assorted_code, rec_amount,premium_rcv_detail_code,remaining_amt, payrec, mode_code,coinsurance_code,class_cd,it_remarks) values" -> insert into ins_premium_det (premium_rcv_code,assorted_code, rec_amount,premium_rcv_detail_code,remaining_amt, payrec, mode_code,coinsurance_code,class_cd,it_remarks) values | G180: ="('"&E180&"','"&B180&"','"&D180&"',(select max(to_number(i.premium_rcv_detail_code))+1 from ins_premium_det i),'"&D180&"','"&D180&"','02', '11000003','00','Request by Mr. Saqib Saleem 28-Mar-2025');" -> ('27Mar250028','070000177470','71269',(select max(to_number(i.premium_rcv_detail_code))+1 from ins_premium_det i),'71269','71269','02', '11000003','00','Request by Mr. Saqib Saleem 28-Mar-2025'); | H180: =F180&G180 -> insert into ins_premium_det (premium_rcv_code,assorted_code, rec_amount,premium_rcv_detail_code,remaining_amt, payrec, mode_code,coinsurance_code,class_cd,it_remarks) values('27Mar250028','070000177470','71269',(select max(to_number(i.premium_rcv_detail_code))+1 from ins_premium_det i),'71269','71269','02', '11000003','00','Request by Mr. Saqib Saleem 28-Mar-2025');
A181: KHI/HO/D/MO/PC COMP/C/108044/209/03/2025 | B181: =VLOOKUP(A181,policy!B:C,2,0) -> 070000178906 | C181: 22080 | D181: =ROUND(C181,0) -> 22080 | E181: 27Mar250028 | F181: ="insert into ins_premium_det (premium_rcv_code,assorted_code, rec_amount,premium_rcv_detail_code,remaining_amt, payrec, mode_code,coinsurance_code,class_cd,it_remarks) values" -> insert into ins_premium_det (premium_rcv_code,assorted_code, rec_amount,premium_rcv_detail_code,remaining_amt, payrec, mode_code,coinsurance_code,class_cd,it_remarks) values | G181: ="('"&E181&"','"&B181&"','"&D181&"',(select max(to_number(i.premium_rcv_detail_code))+1 from ins_premium_det i),'"&D181&"','"&D181&"','02', '11000003','00','Request by Mr. Saqib Saleem 28-Mar-2025');" -> ('27Mar250028','070000178906','22080',(select max(to_number(i.premium_rcv_detail_code))+1 from ins_premium_det i),'22080','22080','02', '11000003','00','Request by Mr. Saqib Saleem 28-Mar-2025'); | H181: =F181&G181 -> insert into ins_premium_det (premium_rcv_code,assorted_code, rec_amount,premium_rcv_detail_code,remaining_amt, payrec, mode_code,coinsurance_code,class_cd,it_remarks) values('27Mar250028','070000178906','22080',(select max(to_number(i.premium_rcv_detail_code))+1 from ins_premium_det i),'22080','22080','02', '11000003','00','Request by Mr. Saqib Saleem 28-Mar-2025');
A182: KHI/HO/D/MO/PC COMP/C/107623/102/02/2025 | B182: =VLOOKUP(A182,policy!B:C,2,0) -> 070000177471 | C182: 41625 | D182: =ROUND(C182,0) -> 41625 | E182: 27Mar250028 | F182: ="insert into ins_premium_det (premium_rcv_code,assorted_code, rec_amount,premium_rcv_detail_code,remaining_amt, payrec, mode_code,coinsurance_code,class_cd,it_remarks) values" -> insert into ins_premium_det (premium_rcv_code,assorted_code, rec_amount,premium_rcv_detail_code,remaining_amt, payrec, mode_code,coinsurance_code,class_cd,it_remarks) values | G182: ="('"&E182&"','"&B182&"','"&D182&"',(select max(to_number(i.premium_rcv_detail_code))+1 from ins_premium_det i),'"&D182&"','"&D182&"','02', '11000003','00','Request by Mr. Saqib Saleem 28-Mar-2025');" -> ('27Mar250028','070000177471','41625',(select max(to_number(i.premium_rcv_detail_code))+1 from ins_premium_det i),'41625','41625','02', '11000003','00','Request by Mr. Saqib Saleem 28-Mar-2025'); | H182: =F182&G182 -> insert into ins_premium_det (premium_rcv_code,assorted_code, rec_amount,premium_rcv_detail_code,remaining_amt, payrec, mode_code,coinsurance_code,class_cd,it_remarks) values('27Mar250028','070000177471','41625',(select max(to_number(i.premium_rcv_detail_code))+1 from ins_premium_det i),'41625','41625','02', '11000003','00','Request by Mr. Saqib Saleem 28-Mar-2025');
A183: KHI/HO/D/MO/PC COMP/C/107623/103/02/2025 | B183: =VLOOKUP(A183,policy!B:C,2,0) -> 070000177472 | C183: 28125 | D183: =ROUND(C183,0) -> 28125 | E183: 27Mar250028 | F183: ="insert into ins_premium_det (premium_rcv_code,assorted_code, rec_amount,premium_rcv_detail_code,remaining_amt, payrec, mode_code,coinsurance_code,class_cd,it_remarks) values" -> insert into ins_premium_det (premium_rcv_code,assorted_code, rec_amount,premium_rcv_detail_code,remaining_amt, payrec, mode_code,coinsurance_code,class_cd,it_remarks) values | G183: ="('"&E183&"','"&B183&"','"&D183&"',(select max(to_number(i.premium_rcv_detail_code))+1 from ins_premium_det i),'"&D183&"','"&D183&"','02', '11000003','00','Request by Mr. Saqib Saleem 28-Mar-2025');" -> ('27Mar250028','070000177472','28125',(select max(to_number(i.premium_rcv_detail_code))+1 from ins_premium_det i),'28125','28125','02', '11000003','00','Request by Mr. Saqib Saleem 28-Mar-2025'); | H183: =F183&G183 -> insert into ins_premium_det (premium_rcv_code,assorted_code, rec_amount,premium_rcv_detail_code,remaining_amt, payrec, mode_code,coinsurance_code,class_cd,it_remarks) values('27Mar250028','070000177472','28125',(select max(to_number(i.premium_rcv_detail_code))+1 from ins_premium_det i),'28125','28125','02', '11000003','00','Request by Mr. Saqib Saleem 28-Mar-2025');
A184: KHI/HO/D/MO/PC COMP/C/107623/104/02/2025 | B184: =VLOOKUP(A184,policy!B:C,2,0) -> 070000177473 | C184: 31500 | D184: =ROUND(C184,0) -> 31500 | E184: 27Mar250028 | F184: ="insert into ins_premium_det (premium_rcv_code,assorted_code, rec_amount,premium_rcv_detail_code,remaining_amt, payrec, mode_code,coinsurance_code,class_cd,it_remarks) values" -> insert into ins_premium_det (premium_rcv_code,assorted_code, rec_amount,premium_rcv_detail_code,remaining_amt, payrec, mode_code,coinsurance_code,class_cd,it_remarks) values | G184: ="('"&E184&"','"&B184&"','"&D184&"',(select max(to_number(i.premium_rcv_detail_code))+1 from ins_premium_det i),'"&D184&"','"&D184&"','02', '11000003','00','Request by Mr. Saqib Saleem 28-Mar-2025');" -> ('27Mar250028','070000177473','31500',(select max(to_number(i.premium_rcv_detail_code))+1 from ins_premium_det i),'31500','31500','02', '11000003','00','Request by Mr. Saqib Saleem 28-Mar-2025'); | H184: =F184&G184 -> insert into ins_premium_det (premium_rcv_code,assorted_code, rec_amount,premium_rcv_detail_code,remaining_amt, payrec, mode_code,coinsurance_code,class_cd,it_remarks) values('27Mar250028','070000177473','31500',(select max(to_number(i.premium_rcv_detail_code))+1 from ins_premium_det i),'31500','31500','02', '11000003','00','Request by Mr. Saqib Saleem 28-Mar-2025');
