Workbook

Sheet Sheet1
A1: KHI/HO/D/HLGRP HEALTH/P/1732/08/2022
A2: KHI/HO/D/HLGRP HEALTH/P/2716/09/2023
A3: KHI/HO/D/HLGRP HEALTH/P/3311/09/2024

Sheet Sheet2
A2: ITECKNOLOGI TRACKING SERVICES (PVT) LIMITED | I2: Received Amount | J2: 3446810
A3: OUTSTANDING SUMMARY FOR KNOCK OFF AGAINST PAYABLE AMOUNT Email Dated: Fri 16-May-2025 4:21 pm (Raheel Malik) | I3: For Knock off: | J3: =+SUBTOTAL(9,J6:J48) -> 3446810
A5: S. NO. | B5: POLICY NUMBER | C5: ENDORSEMENT NUMBER | D5: ISSUE DATE | E5: PERIOD FROM | F5: PERIOD TO | G5: GROSS CONTRIBUTION | H5: NET CONTRIBUTION | I5: OUTSTANDNG CONTRIBUTION | J5: KNOCK OFF | K5: TYPE
A6: 1 | B6: KHI/HO/D/HLGRP HEALTH/P/1732/08/2022 | C6: KHI/HO/D/HLGRP HEALTH/E/16491/09/2022 | D6: 44832 | E6: 44805 | F6: 45169 | G6: -7748 | H6: -7825 | I6: -7825 | J6: -7825 | K6: ENDORSEMENT
A7: 2 | B7: KHI/HO/D/HLGRP HEALTH/P/1732/08/2022 | C7: KHI/HO/D/HLGRP HEALTH/E/19975/05/2023 | D7: 45077 | E7: 44805 | F7: 45169 | G7: -2525 | H7: -2550 | I7: -2550 | J7: -2550 | K7: ENDORSEMENT
A8: 3 | B8: KHI/HO/D/HLGRP HEALTH/P/1732/08/2022 | C8: KHI/HO/D/HLGRP HEALTH/E/20799/07/2023 | D8: 45134 | E8: 44805 | F8: 45169 | G8: 809 | H8: 817 | I8: 817 | J8: 817 | K8: ENDORSEMENT
A9: 1 | B9: KHI/HO/D/HLGRP HEALTH/P/2716/09/2023 | C9: 0 | D9: 45195 | E9: 45170 | F9: 45535 | G9: 4257376 | H9: 4300000 | I9: 1492388 | J9: 1492388 | K9: POLICY
A10: 2 | B10: KHI/HO/D/HLGRP HEALTH/P/2716/09/2023 | C10: KHI/HO/D/HLGRP HEALTH/E/21933/10/2023 | D10: 45205 | E10: 45170 | F10: 45535 | G10: -3387 | H10: -3421 | I10: -3421 | J10: -3421 | K10: ENDORSEMENT
A11: 3 | B11: KHI/HO/D/HLGRP HEALTH/P/2716/09/2023 | C11: KHI/HO/D/HLGRP HEALTH/E/21951/10/2023 | D11: 45208 | E11: 45170 | F11: 45535 | G11: -60317 | H11: -60920 | I11: -60920 | J11: -60920 | K11: ENDORSEMENT
A12: 4 | B12: KHI/HO/D/HLGRP HEALTH/P/2716/09/2023 | C12: KHI/HO/D/HLGRP HEALTH/E/22065/10/2023 | D12: 45215 | E12: 45170 | F12: 45535 | G12: 6083 | H12: 6144 | I12: 6144 | J12: 6144 | K12: ENDORSEMENT
A13: 5 | B13: KHI/HO/D/HLGRP HEALTH/P/2716/09/2023 | C13: KHI/HO/D/HLGRP HEALTH/E/22205/10/2023 | D13: 45223 | E13: 45170 | F13: 45535 | G13: -22350 | H13: -22574 | I13: -22574 | J13: -22574 | K13: ENDORSEMENT
A14: 6 | B14: KHI/HO/D/HLGRP HEALTH/P/2716/09/2023 | C14: KHI/HO/D/HLGRP HEALTH/E/22263/10/2023 | D14: 45226 | E14: 45170 | F14: 45535 | G14: -43670 | H14: -44107 | I14: -44107 | J14: -44107 | K14: ENDORSEMENT
A15: 7 | B15: KHI/HO/D/HLGRP HEALTH/P/2716/09/2023 | C15: KHI/HO/D/HLGRP HEALTH/E/22444/11/2023 | D15: 45237 | E15: 45170 | F15: 45535 | G15: -3070 | H15: -3101 | I15: -3101 | J15: -3101 | K15: ENDORSEMENT
A16: 8 | B16: KHI/HO/D/HLGRP HEALTH/P/2716/09/2023 | C16: KHI/HO/D/HLGRP HEALTH/E/22547/11/2023 | D16: 45244 | E16: 45170 | F16: 45535 | G16: -3697 | H16: -3734 | I16: -3734 | J16: -3734 | K16: ENDORSEMENT
A17: 9 | B17: KHI/HO/D/HLGRP HEALTH/P/2716/09/2023 | C17: KHI/HO/D/HLGRP HEALTH/E/22585/11/2023 | D17: 45245 | E17: 45170 | F17: 45535 | G17: 4087 | H17: 4128 | I17: 4128 | J17: 4128 | K17: ENDORSEMENT
A18: 10 | B18: KHI/HO/D/HLGRP HEALTH/P/2716/09/2023 | C18: KHI/HO/D/HLGRP HEALTH/E/22718/11/2023 | D18: 45252 | E18: 45170 | F18: 45535 | G18: -3121 | H18: -3152 | I18: -3152 | J18: -3152 | K18: ENDORSEMENT
A19: 11 | B19: KHI/HO/D/HLGRP HEALTH/P/2716/09/2023 | C19: KHI/HO/D/HLGRP HEALTH/E/22752/11/2023 | D19: 45254 | E19: 45170 | F19: 45535 | G19: 4570 | H19: 4616 | I19: 4616 | J19: 4616 | K19: ENDORSEMENT
A20: 12 | B20: KHI/HO/D/HLGRP HEALTH/P/2716/09/2023 | C20: KHI/HO/D/HLGRP HEALTH/E/23018/12/2023 | D20: 45272 | E20: 45170 | F20: 45535 | G20: -57576 | H20: -58152 | I20: -58152 | J20: -58152 | K20: ENDORSEMENT
A21: 13 | B21: KHI/HO/D/HLGRP HEALTH/P/2716/09/2023 | C21: KHI/HO/D/HLGRP HEALTH/E/23162/12/2023 | D21: 45280 | E21: 45170 | F21: 45535 | G21: -24679 | H21: -24926 | I21: -24926 | J21: -24926 | K21: ENDORSEMENT
... A47: 39 | B47: KHI/HO/D/HLGRP HEALTH/P/2716/09/2023 | C47: KHI/HO/D/HLGRP HEALTH/E/26581/08/2024 | D47: 45518 | E47: 45170 | F47: 45535 | G47: -318 | H47: -321 | I47: -321 | J47: -321 | K47: ENDORSEMENT
A48: 1 | B48: KHI/HO/D/HLGRP HEALTH/P/3311/09/2024 | C48: 0 | D48: 45537 | E48: 45536 | F48: 45900 | G48: 4256931 | H48: 4300000 | I48: 4300000 | J48: 2150687 | K48: POLICY
G49: =SUM(G6:G48) -> 8324059 | H49: =SUM(H6:H48) -> 8407850 | I49: =SUM(I6:I48) -> 5596123 | J49: =SUM(J6:J48) -> 3446810

Sheet Sheet3
B2: TRACKER | C2: KHI/HO/D/MO/CV/P/104956/12/2024 | D2: 16210 | F2: ITECKNOLOGI (TRACKER)
B3: TRACKER | C3: KHI/HO/D/MO/CV/P/104945/12/2024 | D3: 24315 | F3: ITECKNOLOGI (TRACKER)
B4: TRACKER | C4: KHI/HO/D/MO/PC COMP/P/104949/12/2024 | D4: 72945 | F4: ITECKNOLOGI (TRACKER)
B5: TRACKER | C5: KHI/HO/D/MO/PC COMP/P/104960/12/2024 | D5: 8105 | F5: ITECKNOLOGI (TRACKER)
B6: TRACKER | C6: KHI/HO/D/MO/PC COMP/P/104963/12/2024 | D6: 8105 | F6: ITECKNOLOGI (TRACKER)
B7: TRACKER | C7: LHR/LHR/D/MO/PC COMP/P/105385/01/2025 | D7: 8105 | F7: ITECKNOLOGI (TRACKER)
B8: TRACKER | C8: KHI/HO/D/MO/PC COMP/P/105528/01/2025 | D8: 8105 | F8: ITECKNOLOGI (TRACKER)
B9: TRACKER | C9: KHI/HO/D/MO/PC TPP/P/105545/01/2025 | D9: 8105 | F9: ITECKNOLOGI (TRACKER)
B10: TRACKER | C10: KHI/HO/D/MO/PC COMP/P/105631/01/2025 | D10: 8105 | F10: ITECKNOLOGI (TRACKER)
B11: TRACKER | C11: KHI/HO/D/MO/PC COMP/P/105921/01/2025 | D11: 8105 | F11: ITECKNOLOGI (TRACKER)
B12: TRACKER | C12: KHI/HO/D/MO/PC COMP/P/106039/01/2025 | D12: 8105 | F12: ITECKNOLOGI (TRACKER)
B13: TRACKER | C13: KHI/HO/D/MO/PC COMP/P/106111/01/2025 | D13: 8105 | F13: ITECKNOLOGI (TRACKER)
... B33: TRACKER | C33: KHI/HO/D/MO/PC COMP/E/52322/02/2025 | D33: 8105 | F33: ITECKNOLOGI (TRACKER)
B34: PREMIUM | C34: KHI/HO/D/HLGRP HEALTH/E/22444/11/2023 | D34: -3101 | E34: SALAAM TAKAFUL LTD
B35: PREMIUM | C35: KHI/HO/D/HLGRP HEALTH/E/22718/11/2023 | D35: -3152 | E35: SALAAM TAKAFUL LTD
B36: PREMIUM | C36: KHI/HO/D/HLGRP HEALTH/E/24203/02/2024 | D36: -2026 | E36: SALAAM TAKAFUL LTD
B37: TRACKER | C37: KHI/HO/D/MO/PC COMP/P/105594/01/2025 | D37: 8105 | F37: ITECKNOLOGI (TRACKER)
B38: TRACKER | C38: KHI/HO/D/MO/PC COMP/E/52337/02/2025 | D38: 8105 | F38: ITECKNOLOGI (TRACKER)
B39: TRACKER | C39: KHI/HO/D/MO/PC COMP/C/106033/2/01/2025 | D39: 7540 | F39: ITECKNOLOGI (TRACKER)
B40: PREMIUM | C40: KHI/HO/D/HLGRP HEALTH/E/21951/10/2023 | D40: -60920 | E40: SALAAM TAKAFUL LTD
B41: PREMIUM | C41: KHI/HO/D/HLGRP HEALTH/E/22205/10/2023 | D41: -22574 | E41: SALAAM TAKAFUL LTD
B42: PREMIUM | C42: KHI/HO/D/HLGRP HEALTH/E/22547/11/2023 | D42: -3734 | E42: SALAAM TAKAFUL LTD
B43: PREMIUM | C43: KHI/HO/D/HLGRP HEALTH/E/22585/11/2023 | D43: 4128 | E43: SALAAM TAKAFUL LTD
B44: TRACKER | C44: KHI/HO/D/MO/PC COMP/P/84616/02/2024 | D44: 8105 | F44: ITECKNOLOGI (TRACKER)
B45: TRACKER | C45: KHI/HO/D/MO/CV/P/86492/04/2024 | D45: 8105 | F45: ITECKNOLOGI (TRACKER)
B46: TRACKER | C46: KHI/HO/D/MO/CV/P/86495/04/2024 | D46: 8105 | F46: ITECKNOLOGI (TRACKER)
B47: TRACKER | C47: KHI/HO/D/MO/CV/P/86585/04/2024 | D47: 8105 | F47: ITECKNOLOGI (TRACKER)
B48: TRACKER | C48: KHI/HO/D/MO/PC COMP/P/90692/06/2024 | D48: 8105 | F48: ITECKNOLOGI (TRACKER)
B49: TRACKER | C49: KHI/HO/D/MO/PC COMP/P/100672/10/2024 | D49: 8105 | F49: ITECKNOLOGI (TRACKER)
B50: TRACKER | C50: KHI/HO/D/MO/CV/P/103497/12/2024 | D50: 8105 | F50: ITECKNOLOGI (TRACKER)
B51: TRACKER | C51: KHI/HO/D/MO/PD COMP/P/79741/12/2023 | D51: 8105 | F51: ITECKNOLOGI (TRACKER)
B52: TRACKER | C52: KHI/HO/D/MO/PD COMP/P/87622/04/2024 | D52: 8105 | F52: ITECKNOLOGI (TRACKER)
B53: TRACKER | C53: KHI/HO/D/MO/PD COMP/P/87822/04/2024 | D53: 8105 | F53: ITECKNOLOGI (TRACKER)
B54: TRACKER | C54: KHI/HO/D/MO/PD COMP/P/88008/04/2024 | D54: 8105 | F54: ITECKNOLOGI (TRACKER)
B55: TRACKER | C55: KHI/HO/D/MO/PD COMP/P/88119/04/2024 | D55: 8105 | F55: ITECKNOLOGI (TRACKER)
... B145: TRACKER | C145: KHI/HO/D/MO/PD COMP/P/103552/12/2024 | D145: 7540 | F145: ITECKNOLOGI (TRACKER)
B146: PREMIUM | C146: KHI/HO/D/HLGRP HEALTH/E/22065/10/2023 | D146: 6144 | E146: SALAAM TAKAFUL LTD
B147: PREMIUM | C147: KHI/HO/D/HLGRP HEALTH/E/22263/10/2023 | D147: -44107 | E147: SALAAM TAKAFUL LTD
B148: PREMIUM | C148: KHI/HO/D/HLGRP HEALTH/E/23018/12/2023 | D148: -58152 | E148: SALAAM TAKAFUL LTD
B149: PREMIUM | C149: KHI/HO/D/HLGRP HEALTH/E/23305/12/2023 | D149: -3506 | E149: SALAAM TAKAFUL LTD
B150: PREMIUM | C150: KHI/HO/D/HLGRP HEALTH/E/19975/05/2023 | D150: -2550 | E150: SALAAM TAKAFUL LTD
B151: PREMIUM | C151: KHI/HO/D/HLGRP HEALTH/E/20799/07/2023 | D151: 817 | E151: SALAAM TAKAFUL LTD
B152: PREMIUM | C152: KHI/HO/D/HLGRP HEALTH/P/2716/09/2023 | D152: 1492388 | E152: SALAAM TAKAFUL LTD
B153: PREMIUM | C153: KHI/HO/D/HLGRP HEALTH/E/21933/10/2023 | D153: -3421 | E153: SALAAM TAKAFUL LTD
B154: PREMIUM | C154: KHI/HO/D/HLGRP HEALTH/E/25028/04/2024 | D154: -13383 | E154: SALAAM TAKAFUL LTD
B155: PREMIUM | C155: KHI/HO/D/HLGRP HEALTH/E/25143/05/2024 | D155: -2934 | E155: SALAAM TAKAFUL LTD
B156: PREMIUM | C156: KHI/HO/D/HLGRP HEALTH/E/25435/05/2024 | D156: 13736 | E156: SALAAM TAKAFUL LTD
B157: PREMIUM | C157: KHI/HO/D/HLGRP HEALTH/E/26581/08/2024 | D157: -321 | E157: SALAAM TAKAFUL LTD
B158: PREMIUM | C158: KHI/HO/D/HLGRP HEALTH/P/3311/09/2024 | D158: 2150687 | E158: SALAAM TAKAFUL LTD
B159: TRACKER | C159: KHI/HO/D/MO/PC COMP/E/52584/02/2025 | D159: 7540 | F159: ITECKNOLOGI (TRACKER)
B160: TRACKER | C160: KHI/HO/D/MO/PC COMP/E/52585/02/2025 | D160: 7540 | F160: ITECKNOLOGI (TRACKER)
B161: TRACKER | C161: KHI/HO/D/MO/PC TPP/E/52586/02/2025 | D161: 7540 | F161: ITECKNOLOGI (TRACKER)
B162: PREMIUM | C162: KHI/HO/D/HLGRP HEALTH/E/23373/01/2024 | D162: 9384 | E162: SALAAM TAKAFUL LTD
B163: PREMIUM | C163: KHI/HO/D/HLGRP HEALTH/E/23517/01/2024 | D163: 5062 | E163: SALAAM TAKAFUL LTD
B164: PREMIUM | C164: KHI/HO/D/HLGRP HEALTH/E/23533/01/2024 | D164: 7149 | E164: SALAAM TAKAFUL LTD
B165: PREMIUM | C165: KHI/HO/D/HLGRP HEALTH/E/26432/08/2024 | D165: 41 | E165: SALAAM TAKAFUL LTD
B166: PREMIUM | C166: KHI/HO/D/HLGRP HEALTH/E/26466/08/2024 | D166: 12898 | E166: SALAAM TAKAFUL LTD
B167: TRACKER | C167: KHI/HO/D/MO/PD COMP/P/103620/12/2024 | D167: 7540 | F167: ITECKNOLOGI (TRACKER)
B168: TRACKER | C168: KHI/HO/D/MO/PD COMP/P/103907/12/2024 | D168: 7540 | F168: ITECKNOLOGI (TRACKER)
B169: TRACKER | C169: KHI/HO/D/MO/PD COMP/P/104081/12/2024 | D169: 7540 | F169: ITECKNOLOGI (TRACKER)
B170: TRACKER | C170: KHI/HO/D/MO/PD COMP/P/104817/12/2024 | D170: 7540 | F170: ITECKNOLOGI (TRACKER)
B171: TRACKER | C171: KHI/HO/D/MO/PD COMP/P/105052/12/2024 | D171: 7540 | F171: ITECKNOLOGI (TRACKER)
B172: TRACKER | C172: KHI/HO/D/MO/PD COMP/P/105191/01/2025 | D172: 7540 | F172: ITECKNOLOGI (TRACKER)
B173: TRACKER | C173: KHI/HO/D/MO/PD COMP/P/105424/01/2025 | D173: 7540 | F173: ITECKNOLOGI (TRACKER)
B174: TRACKER | C174: KHI/HO/D/MO/PD COMP/P/105569/01/2025 | D174: 7540 | F174: ITECKNOLOGI (TRACKER)
B175: TRACKER | C175: KHI/HO/D/MO/PD COMP/P/105704/01/2025 | D175: 7540 | F175: ITECKNOLOGI (TRACKER)
B176: TRACKER | C176: KHI/HO/D/MO/PD COMP/P/105792/01/2025 | D176: 7540 | F176: ITECKNOLOGI (TRACKER)
B177: TRACKER | C177: KHI/HO/D/MO/PD COMP/P/105801/01/2025 | D177: 7540 | F177: ITECKNOLOGI (TRACKER)
B178: TRACKER | C178: KHI/HO/D/MO/PD COMP/P/105870/01/2025 | D178: 7540 | F178: ITECKNOLOGI (TRACKER)
... B222: TRACKER | C222: KHI/HO/D/MO/PC COMP/E/52900/03/2025 | D222: 8105 | F222: ITECKNOLOGI (TRACKER)
B223: PREMIUM | C223: KHI/HO/D/HLGRP HEALTH/E/23162/12/2023 | D223: -24926 | E223: SALAAM TAKAFUL LTD
B224: TRACKER | C224: KHI/HO/D/MO/PC COMP/P/106573/01/2025 | D224: 8105 | F224: ITECKNOLOGI (TRACKER)
B225: TRACKER | C225: KHI/HO/D/MO/PC COMP/P/106849/01/2025 | D225: 8105 | F225: ITECKNOLOGI (TRACKER)
B226: TRACKER | C226: KHI/HO/D/MO/PC COMP/P/106964/02/2025 | D226: 8105 | F226: ITECKNOLOGI (TRACKER)
B227: TRACKER | C227: KHI/HO/D/MO/PC COMP/P/106965/02/2025 | D227: 8105 | F227: ITECKNOLOGI (TRACKER)
B228: TRACKER | C228: KHI/HO/D/MO/PC COMP/P/106967/02/2025 | D228: 8105 | F228: ITECKNOLOGI (TRACKER)
B229: TRACKER | C229: KHI/HO/D/MO/PC COMP/P/106968/02/2025 | D229: 8105 | F229: ITECKNOLOGI (TRACKER)
B230: TRACKER | C230: KHI/HO/D/MO/PC COMP/P/106969/02/2025 | D230: 8105 | F230: ITECKNOLOGI (TRACKER)
B231: TRACKER | C231: KHI/HO/D/MO/PC TPP/P/106976/02/2025 | D231: 8105 | F231: ITECKNOLOGI (TRACKER)
B232: TRACKER | C232: KHI/HO/D/MO/PC COMP/P/107081/02/2025 | D232: 8105 | F232: ITECKNOLOGI (TRACKER)
B233: TRACKER | C233: KHI/HO/D/MO/PC TPP/P/107084/02/2025 | D233: 8105 | F233: ITECKNOLOGI (TRACKER)
B234: TRACKER | C234: KHI/HO/D/MO/PC COMP/P/107158/02/2025 | D234: 8105 | F234: ITECKNOLOGI (TRACKER)
B235: TRACKER | C235: KHI/HO/D/MO/PC COMP/P/107192/02/2025 | D235: 8105 | F235: ITECKNOLOGI (TRACKER)
... B318: TRACKER | C318: KHI/HO/D/MO/PC COMP/C/106033/1/01/2025 | D318: 7540 | F318: ITECKNOLOGI (TRACKER)
B319: PREMIUM | C319: KHI/HO/D/HLGRP HEALTH/E/23549/01/2024 | D319: -2098 | E319: SALAAM TAKAFUL LTD
B320: PREMIUM | C320: KHI/HO/D/HLGRP HEALTH/E/23736/01/2024 | D320: 18579 | E320: SALAAM TAKAFUL LTD
B321: PREMIUM | C321: KHI/HO/D/HLGRP HEALTH/E/23943/02/2024 | D321: 7880 | E321: SALAAM TAKAFUL LTD
B322: PREMIUM | C322: KHI/HO/D/HLGRP HEALTH/E/23978/02/2024 | D322: 2201 | E322: SALAAM TAKAFUL LTD
B323: PREMIUM | C323: KHI/HO/D/HLGRP HEALTH/E/24066/02/2024 | D323: 6333 | E323: SALAAM TAKAFUL LTD
B324: PREMIUM | C324: KHI/HO/D/HLGRP HEALTH/E/24165/02/2024 | D324: -8503 | E324: SALAAM TAKAFUL LTD
B325: PREMIUM | C325: KHI/HO/D/HLGRP HEALTH/E/24486/03/2024 | D325: -11262 | E325: SALAAM TAKAFUL LTD
B326: PREMIUM | C326: KHI/HO/D/HLGRP HEALTH/E/24977/04/2024 | D326: -5475 | E326: SALAAM TAKAFUL LTD
B327: PREMIUM | C327: KHI/HO/D/HLGRP HEALTH/E/25258/05/2024 | D327: 3344 | E327: SALAAM TAKAFUL LTD
B328: PREMIUM | C328: KHI/HO/D/HLGRP HEALTH/E/25746/06/2024 | D328: 15335 | E328: SALAAM TAKAFUL LTD
B329: PREMIUM | C329: KHI/HO/D/HLGRP HEALTH/E/25783/06/2024 | D329: -13807 | E329: SALAAM TAKAFUL LTD
B330: PREMIUM | C330: KHI/HO/D/HLGRP HEALTH/E/25801/06/2024 | D330: -8296 | E330: SALAAM TAKAFUL LTD
B331: PREMIUM | C331: KHI/HO/D/HLGRP HEALTH/E/26032/07/2024 | D331: -7995 | E331: SALAAM TAKAFUL LTD
B332: TRACKER | C332: KHI/HO/D/MO/PC COMP/P/94786/08/2024 | D332: 7540 | F332: ITECKNOLOGI (TRACKER)
B333: TRACKER | C333: KHI/HO/D/MO/PC COMP/P/94787/08/2024 | D333: 7540 | F333: ITECKNOLOGI (TRACKER)
B334: TRACKER | C334: KHI/HO/D/MO/PC COMP/P/96596/09/2024 | D334: 7540 | F334: ITECKNOLOGI (TRACKER)
...

Sheet working
A1: POLICY NO. | B1: Assorted_code | D1: Premium | E1: 23May250004
A2: KHI/HO/D/MO/CV/P/104956/12/2024 | B2: =VLOOKUP(A2,policy!B:C,2,0) -> 040000192961 | C2: 16210 | D2: =ROUND(C2,0) -> 16210 | E2: 23May250004 | F2: ="insert into ins_premium_det (premium_rcv_code,assorted_code, rec_amount,premium_rcv_detail_code,remaining_amt, payrec, mode_code,coinsurance_code,class_cd,it_remarks) values" -> insert into ins_premium_det (premium_rcv_code,assorted_code, rec_amount,premium_rcv_detail_code,remaining_amt, payrec, mode_code,coinsurance_code,class_cd,it_remarks) values | G2: ="('"&E2&"','"&B2&"','"&C2&"',(select max(to_number(i.premium_rcv_detail_code))+1 from ins_premium_det i),'"&C2&"','"&C2&"','09', '11000003','00','Request by Mr. reheel malik 23-may-2025');" -> ('23May250004','040000192961','16210',(select max(to_number(i.premium_rcv_detail_code))+1 from ins_premium_det i),'16210','16210','09', '11000003','00','Request by Mr. reheel malik 23-may-2025'); | H2: =F2&G2 -> insert into ins_premium_det (premium_rcv_code,assorted_code, rec_amount,premium_rcv_detail_code,remaining_amt, payrec, mode_code,coinsurance_code,class_cd,it_remarks) values('23May250004','040000192961','16210',(select max(to_number(i.premium_rcv_detail_code))+1 from ins_premium_det i),'16210','16210','09', '11000003','00','Request by Mr. reheel malik 23-may-2025');
A3: KHI/HO/D/MO/CV/P/104945/12/2024 | B3: =VLOOKUP(A3,policy!B:C,2,0) -> 040000192948 | C3: 24315 | D3: =ROUND(C3,0) -> 24315 | E3: 23May250004 | F3: ="insert into ins_premium_det (premium_rcv_code,assorted_code, rec_amount,premium_rcv_detail_code,remaining_amt, payrec, mode_code,coinsurance_code,class_cd,it_remarks) values" -> insert into ins_premium_det (premium_rcv_code,assorted_code, rec_amount,premium_rcv_detail_code,remaining_amt, payrec, mode_code,coinsurance_code,class_cd,it_remarks) values | G3: ="('"&E3&"','"&B3&"','"&C3&"',(select max(to_number(i.premium_rcv_detail_code))+1 from ins_premium_det i),'"&C3&"','"&C3&"','09', '11000003','00','Request by Mr. reheel malik 23-may-2025');" -> ('23May250004','040000192948','24315',(select max(to_number(i.premium_rcv_detail_code))+1 from ins_premium_det i),'24315','24315','09', '11000003','00','Request by Mr. reheel malik 23-may-2025'); | H3: =F3&G3 -> insert into ins_premium_det (premium_rcv_code,assorted_code, rec_amount,premium_rcv_detail_code,remaining_amt, payrec, mode_code,coinsurance_code,class_cd,it_remarks) values('23May250004','040000192948','24315',(select max(to_number(i.premium_rcv_detail_code))+1 from ins_premium_det i),'24315','24315','09', '11000003','00','Request by Mr. reheel malik 23-may-2025');
A4: KHI/HO/D/MO/PC COMP/P/104949/12/2024 | B4: =VLOOKUP(A4,policy!B:C,2,0) -> 040000192952 | C4: 72945 | D4: =ROUND(C4,0) -> 72945 | E4: 23May250004 | F4: ="insert into ins_premium_det (premium_rcv_code,assorted_code, rec_amount,premium_rcv_detail_code,remaining_amt, payrec, mode_code,coinsurance_code,class_cd,it_remarks) values" -> insert into ins_premium_det (premium_rcv_code,assorted_code, rec_amount,premium_rcv_detail_code,remaining_amt, payrec, mode_code,coinsurance_code,class_cd,it_remarks) values | G4: ="('"&E4&"','"&B4&"','"&C4&"',(select max(to_number(i.premium_rcv_detail_code))+1 from ins_premium_det i),'"&C4&"','"&C4&"','09', '11000003','00','Request by Mr. reheel malik 23-may-2025');" -> ('23May250004','040000192952','72945',(select max(to_number(i.premium_rcv_detail_code))+1 from ins_premium_det i),'72945','72945','09', '11000003','00','Request by Mr. reheel malik 23-may-2025'); | H4: =F4&G4 -> insert into ins_premium_det (premium_rcv_code,assorted_code, rec_amount,premium_rcv_detail_code,remaining_amt, payrec, mode_code,coinsurance_code,class_cd,it_remarks) values('23May250004','040000192952','72945',(select max(to_number(i.premium_rcv_detail_code))+1 from ins_premium_det i),'72945','72945','09', '11000003','00','Request by Mr. reheel malik 23-may-2025');
A5: KHI/HO/D/MO/PC COMP/P/104960/12/2024 | B5: =VLOOKUP(A5,policy!B:C,2,0) -> 040000192966 | C5: 8105 | D5: =ROUND(C5,0) -> 8105 | E5: 23May250004 | F5: ="insert into ins_premium_det (premium_rcv_code,assorted_code, rec_amount,premium_rcv_detail_code,remaining_amt, payrec, mode_code,coinsurance_code,class_cd,it_remarks) values" -> insert into ins_premium_det (premium_rcv_code,assorted_code, rec_amount,premium_rcv_detail_code,remaining_amt, payrec, mode_code,coinsurance_code,class_cd,it_remarks) values | G5: ="('"&E5&"','"&B5&"','"&C5&"',(select max(to_number(i.premium_rcv_detail_code))+1 from ins_premium_det i),'"&C5&"','"&C5&"','09', '11000003','00','Request by Mr. reheel malik 23-may-2025');" -> ('23May250004','040000192966','8105',(select max(to_number(i.premium_rcv_detail_code))+1 from ins_premium_det i),'8105','8105','09', '11000003','00','Request by Mr. reheel malik 23-may-2025'); | H5: =F5&G5 -> insert into ins_premium_det (premium_rcv_code,assorted_code, rec_amount,premium_rcv_detail_code,remaining_amt, payrec, mode_code,coinsurance_code,class_cd,it_remarks) values('23May250004','040000192966','8105',(select max(to_number(i.premium_rcv_detail_code))+1 from ins_premium_det i),'8105','8105','09', '11000003','00','Request by Mr. reheel malik 23-may-2025');
A6: KHI/HO/D/MO/PC COMP/P/104963/12/2024 | B6: =VLOOKUP(A6,policy!B:C,2,0) -> 040000192969 | C6: 8105 | D6: =ROUND(C6,0) -> 8105 | E6: 23May250004 | F6: ="insert into ins_premium_det (premium_rcv_code,assorted_code, rec_amount,premium_rcv_detail_code,remaining_amt, payrec, mode_code,coinsurance_code,class_cd,it_remarks) values" -> insert into ins_premium_det (premium_rcv_code,assorted_code, rec_amount,premium_rcv_detail_code,remaining_amt, payrec, mode_code,coinsurance_code,class_cd,it_remarks) values | G6: ="('"&E6&"','"&B6&"','"&C6&"',(select max(to_number(i.premium_rcv_detail_code))+1 from ins_premium_det i),'"&C6&"','"&C6&"','09', '11000003','00','Request by Mr. reheel malik 23-may-2025');" -> ('23May250004','040000192969','8105',(select max(to_number(i.premium_rcv_detail_code))+1 from ins_premium_det i),'8105','8105','09', '11000003','00','Request by Mr. reheel malik 23-may-2025'); | H6: =F6&G6 -> insert into ins_premium_det (premium_rcv_code,assorted_code, rec_amount,premium_rcv_detail_code,remaining_amt, payrec, mode_code,coinsurance_code,class_cd,it_remarks) values('23May250004','040000192969','8105',(select max(to_number(i.premium_rcv_detail_code))+1 from ins_premium_det i),'8105','8105','09', '11000003','00','Request by Mr. reheel malik 23-may-2025');
A7: LHR/LHR/D/MO/PC COMP/P/105385/01/2025 | B7: =VLOOKUP(A7,policy!B:C,2,0) -> 040000193525 | C7: 8105 | D7: =ROUND(C7,0) -> 8105 | E7: 23May250004 | F7: ="insert into ins_premium_det (premium_rcv_code,assorted_code, rec_amount,premium_rcv_detail_code,remaining_amt, payrec, mode_code,coinsurance_code,class_cd,it_remarks) values" -> insert into ins_premium_det (premium_rcv_code,assorted_code, rec_amount,premium_rcv_detail_code,remaining_amt, payrec, mode_code,coinsurance_code,class_cd,it_remarks) values | G7: ="('"&E7&"','"&B7&"','"&C7&"',(select max(to_number(i.premium_rcv_detail_code))+1 from ins_premium_det i),'"&C7&"','"&C7&"','09', '11000003','00','Request by Mr. reheel malik 23-may-2025');" -> ('23May250004','040000193525','8105',(select max(to_number(i.premium_rcv_detail_code))+1 from ins_premium_det i),'8105','8105','09', '11000003','00','Request by Mr. reheel malik 23-may-2025'); | H7: =F7&G7 -> insert into ins_premium_det (premium_rcv_code,assorted_code, rec_amount,premium_rcv_detail_code,remaining_amt, payrec, mode_code,coinsurance_code,class_cd,it_remarks) values('23May250004','040000193525','8105',(select max(to_number(i.premium_rcv_detail_code))+1 from ins_premium_det i),'8105','8105','09', '11000003','00','Request by Mr. reheel malik 23-may-2025');
A8: KHI/HO/D/MO/PC COMP/P/105528/01/2025 | B8: =VLOOKUP(A8,policy!B:C,2,0) -> 040000193693 | C8: 8105 | D8: =ROUND(C8,0) -> 8105 | E8: 23May250004 | F8: ="insert into ins_premium_det (premium_rcv_code,assorted_code, rec_amount,premium_rcv_detail_code,remaining_amt, payrec, mode_code,coinsurance_code,class_cd,it_remarks) values" -> insert into ins_premium_det (premium_rcv_code,assorted_code, rec_amount,premium_rcv_detail_code,remaining_amt, payrec, mode_code,coinsurance_code,class_cd,it_remarks) values | G8: ="('"&E8&"','"&B8&"','"&C8&"',(select max(to_number(i.premium_rcv_detail_code))+1 from ins_premium_det i),'"&C8&"','"&C8&"','09', '11000003','00','Request by Mr. reheel malik 23-may-2025');" -> ('23May250004','040000193693','8105',(select max(to_number(i.premium_rcv_detail_code))+1 from ins_premium_det i),'8105','8105','09', '11000003','00','Request by Mr. reheel malik 23-may-2025'); | H8: =F8&G8 -> insert into ins_premium_det (premium_rcv_code,assorted_code, rec_amount,premium_rcv_detail_code,remaining_amt, payrec, mode_code,coinsurance_code,class_cd,it_remarks) values('23May250004','040000193693','8105',(select max(to_number(i.premium_rcv_detail_code))+1 from ins_premium_det i),'8105','8105','09', '11000003','00','Request by Mr. reheel malik 23-may-2025');
A9: KHI/HO/D/MO/PC TPP/P/105545/01/2025 | B9: =VLOOKUP(A9,policy!B:C,2,0) -> 040000193719 | C9: 8105 | D9: =ROUND(C9,0) -> 8105 | E9: 23May250004 | F9: ="insert into ins_premium_det (premium_rcv_code,assorted_code, rec_amount,premium_rcv_detail_code,remaining_amt, payrec, mode_code,coinsurance_code,class_cd,it_remarks) values" -> insert into ins_premium_det (premium_rcv_code,assorted_code, rec_amount,premium_rcv_detail_code,remaining_amt, payrec, mode_code,coinsurance_code,class_cd,it_remarks) values | G9: ="('"&E9&"','"&B9&"','"&C9&"',(select max(to_number(i.premium_rcv_detail_code))+1 from ins_premium_det i),'"&C9&"','"&C9&"','09', '11000003','00','Request by Mr. reheel malik 23-may-2025');" -> ('23May250004','040000193719','8105',(select max(to_number(i.premium_rcv_detail_code))+1 from ins_premium_det i),'8105','8105','09', '11000003','00','Request by Mr. reheel malik 23-may-2025'); | H9: =F9&G9 -> insert into ins_premium_det (premium_rcv_code,assorted_code, rec_amount,premium_rcv_detail_code,remaining_amt, payrec, mode_code,coinsurance_code,class_cd,it_remarks) values('23May250004','040000193719','8105',(select max(to_number(i.premium_rcv_detail_code))+1 from ins_premium_det i),'8105','8105','09', '11000003','00','Request by Mr. reheel malik 23-may-2025');
A10: KHI/HO/D/MO/PC COMP/P/105631/01/2025 | B10: =VLOOKUP(A10,policy!B:C,2,0) -> 040000193810 | C10: 8105 | D10: =ROUND(C10,0) -> 8105 | E10: 23May250004 | F10: ="insert into ins_premium_det (premium_rcv_code,assorted_code, rec_amount,premium_rcv_detail_code,remaining_amt, payrec, mode_code,coinsurance_code,class_cd,it_remarks) values" -> insert into ins_premium_det (premium_rcv_code,assorted_code, rec_amount,premium_rcv_detail_code,remaining_amt, payrec, mode_code,coinsurance_code,class_cd,it_remarks) values | G10: ="('"&E10&"','"&B10&"','"&C10&"',(select max(to_number(i.premium_rcv_detail_code))+1 from ins_premium_det i),'"&C10&"','"&C10&"','09', '11000003','00','Request by Mr. reheel malik 23-may-2025');" -> ('23May250004','040000193810','8105',(select max(to_number(i.premium_rcv_detail_code))+1 from ins_premium_det i),'8105','8105','09', '11000003','00','Request by Mr. reheel malik 23-may-2025'); | H10: =F10&G10 -> insert into ins_premium_det (premium_rcv_code,assorted_code, rec_amount,premium_rcv_detail_code,remaining_amt, payrec, mode_code,coinsurance_code,class_cd,it_remarks) values('23May250004','040000193810','8105',(select max(to_number(i.premium_rcv_detail_code))+1 from ins_premium_det i),'8105','8105','09', '11000003','00','Request by Mr. reheel malik 23-may-2025');
A11: KHI/HO/D/MO/PC COMP/P/105921/01/2025 | B11: =VLOOKUP(A11,policy!B:C,2,0) -> 040000194147 | C11: 8105 | D11: =ROUND(C11,0) -> 8105 | E11: 23May250004 | F11: ="insert into ins_premium_det (premium_rcv_code,assorted_code, rec_amount,premium_rcv_detail_code,remaining_amt, payrec, mode_code,coinsurance_code,class_cd,it_remarks) values" -> insert into ins_premium_det (premium_rcv_code,assorted_code, rec_amount,premium_rcv_detail_code,remaining_amt, payrec, mode_code,coinsurance_code,class_cd,it_remarks) values | G11: ="('"&E11&"','"&B11&"','"&C11&"',(select max(to_number(i.premium_rcv_detail_code))+1 from ins_premium_det i),'"&C11&"','"&C11&"','09', '11000003','00','Request by Mr. reheel malik 23-may-2025');" -> ('23May250004','040000194147','8105',(select max(to_number(i.premium_rcv_detail_code))+1 from ins_premium_det i),'8105','8105','09', '11000003','00','Request by Mr. reheel malik 23-may-2025'); | H11: =F11&G11 -> insert into ins_premium_det (premium_rcv_code,assorted_code, rec_amount,premium_rcv_detail_code,remaining_amt, payrec, mode_code,coinsurance_code,class_cd,it_remarks) values('23May250004','040000194147','8105',(select max(to_number(i.premium_rcv_detail_code))+1 from ins_premium_det i),'8105','8105','09', '11000003','00','Request by Mr. reheel malik 23-may-2025');
A12: KHI/HO/D/MO/PC COMP/P/106039/01/2025 | B12: =VLOOKUP(A12,policy!B:C,2,0) -> 040000194281 | C12: 8105 | D12: =ROUND(C12,0) -> 8105 | E12: 23May250004 | F12: ="insert into ins_premium_det (premium_rcv_code,assorted_code, rec_amount,premium_rcv_detail_code,remaining_amt, payrec, mode_code,coinsurance_code,class_cd,it_remarks) values" -> insert into ins_premium_det (premium_rcv_code,assorted_code, rec_amount,premium_rcv_detail_code,remaining_amt, payrec, mode_code,coinsurance_code,class_cd,it_remarks) values | G12: ="('"&E12&"','"&B12&"','"&C12&"',(select max(to_number(i.premium_rcv_detail_code))+1 from ins_premium_det i),'"&C12&"','"&C12&"','09', '11000003','00','Request by Mr. reheel malik 23-may-2025');" -> ('23May250004','040000194281','8105',(select max(to_number(i.premium_rcv_detail_code))+1 from ins_premium_det i),'8105','8105','09', '11000003','00','Request by Mr. reheel malik 23-may-2025'); | H12: =F12&G12 -> insert into ins_premium_det (premium_rcv_code,assorted_code, rec_amount,premium_rcv_detail_code,remaining_amt, payrec, mode_code,coinsurance_code,class_cd,it_remarks) values('23May250004','040000194281','8105',(select max(to_number(i.premium_rcv_detail_code))+1 from ins_premium_det i),'8105','8105','09', '11000003','00','Request by Mr. reheel malik 23-may-2025');
A13: KHI/HO/D/MO/PC COMP/P/106111/01/2025 | B13: =VLOOKUP(A13,policy!B:C,2,0) -> 040000194383 | C13: 8105 | D13: =ROUND(C13,0) -> 8105 | E13: 23May250004 | F13: ="insert into ins_premium_det (premium_rcv_code,assorted_code, rec_amount,premium_rcv_detail_code,remaining_amt, payrec, mode_code,coinsurance_code,class_cd,it_remarks) values" -> insert into ins_premium_det (premium_rcv_code,assorted_code, rec_amount,premium_rcv_detail_code,remaining_amt, payrec, mode_code,coinsurance_code,class_cd,it_remarks) values | G13: ="('"&E13&"','"&B13&"','"&C13&"',(select max(to_number(i.premium_rcv_detail_code))+1 from ins_premium_det i),'"&C13&"','"&C13&"','09', '11000003','00','Request by Mr. reheel malik 23-may-2025');" -> ('23May250004','040000194383','8105',(select max(to_number(i.premium_rcv_detail_code))+1 from ins_premium_det i),'8105','8105','09', '11000003','00','Request by Mr. reheel malik 23-may-2025'); | H13: =F13&G13 -> insert into ins_premium_det (premium_rcv_code,assorted_code, rec_amount,premium_rcv_detail_code,remaining_amt, payrec, mode_code,coinsurance_code,class_cd,it_remarks) values('23May250004','040000194383','8105',(select max(to_number(i.premium_rcv_detail_code))+1 from ins_premium_det i),'8105','8105','09', '11000003','00','Request by Mr. reheel malik 23-may-2025');
... A35: KHI/HO/D/MO/PC COMP/E/52337/02/2025 | B35: =VLOOKUP(A35,policy!B:C,2,0) -> 050000854472 | C35: 8105 | D35: =ROUND(C35,0) -> 8105 | E35: 23May250004 | F35: ="insert into ins_premium_det (premium_rcv_code,assorted_code, rec_amount,premium_rcv_detail_code,remaining_amt, payrec, mode_code,coinsurance_code,class_cd,it_remarks) values" -> insert into ins_premium_det (premium_rcv_code,assorted_code, rec_amount,premium_rcv_detail_code,remaining_amt, payrec, mode_code,coinsurance_code,class_cd,it_remarks) values | G35: ="('"&E35&"','"&B35&"','"&C35&"',(select max(to_number(i.premium_rcv_detail_code))+1 from ins_premium_det i),'"&C35&"','"&C35&"','09', '11000003','00','Request by Mr. reheel malik 23-may-2025');" -> ('23May250004','050000854472','8105',(select max(to_number(i.premium_rcv_detail_code))+1 from ins_premium_det i),'8105','8105','09', '11000003','00','Request by Mr. reheel malik 23-may-2025'); | H35: =F35&G35 -> insert into ins_premium_det (premium_rcv_code,assorted_code, rec_amount,premium_rcv_detail_code,remaining_amt, payrec, mode_code,coinsurance_code,class_cd,it_remarks) values('23May250004','050000854472','8105',(select max(to_number(i.premium_rcv_detail_code))+1 from ins_premium_det i),'8105','8105','09', '11000003','00','Request by Mr. reheel malik 23-may-2025');
A36: KHI/HO/D/MO/PC COMP/C/106033/2/01/2025 | B36: 070000174019 | C36: 7540 | D36: =ROUND(C36,0) -> 7540 | E36: 23May250004 | F36: ="insert into ins_premium_det (premium_rcv_code,assorted_code, rec_amount,premium_rcv_detail_code,remaining_amt, payrec, mode_code,coinsurance_code,class_cd,it_remarks) values" -> insert into ins_premium_det (premium_rcv_code,assorted_code, rec_amount,premium_rcv_detail_code,remaining_amt, payrec, mode_code,coinsurance_code,class_cd,it_remarks) values | G36: ="('"&E36&"','"&B36&"','"&C36&"',(select max(to_number(i.premium_rcv_detail_code))+1 from ins_premium_det i),'"&C36&"','"&C36&"','09', '11000003','00','Request by Mr. reheel malik 23-may-2025');" -> ('23May250004','070000174019','7540',(select max(to_number(i.premium_rcv_detail_code))+1 from ins_premium_det i),'7540','7540','09', '11000003','00','Request by Mr. reheel malik 23-may-2025'); | H36: =F36&G36 -> insert into ins_premium_det (premium_rcv_code,assorted_code, rec_amount,premium_rcv_detail_code,remaining_amt, payrec, mode_code,coinsurance_code,class_cd,it_remarks) values('23May250004','070000174019','7540',(select max(to_number(i.premium_rcv_detail_code))+1 from ins_premium_det i),'7540','7540','09', '11000003','00','Request by Mr. reheel malik 23-may-2025');
A37: KHI/HO/D/MO/PC COMP/P/84616/02/2024 | B37: =VLOOKUP(A37,policy!B:C,2,0) -> 040000167354 | C37: 8105 | D37: =ROUND(C37,0) -> 8105 | E37: 23May250004 | F37: ="insert into ins_premium_det (premium_rcv_code,assorted_code, rec_amount,premium_rcv_detail_code,remaining_amt, payrec, mode_code,coinsurance_code,class_cd,it_remarks) values" -> insert into ins_premium_det (premium_rcv_code,assorted_code, rec_amount,premium_rcv_detail_code,remaining_amt, payrec, mode_code,coinsurance_code,class_cd,it_remarks) values | G37: ="('"&E37&"','"&B37&"','"&C37&"',(select max(to_number(i.premium_rcv_detail_code))+1 from ins_premium_det i),'"&C37&"','"&C37&"','09', '11000003','00','Request by Mr. reheel malik 23-may-2025');" -> ('23May250004','040000167354','8105',(select max(to_number(i.premium_rcv_detail_code))+1 from ins_premium_det i),'8105','8105','09', '11000003','00','Request by Mr. reheel malik 23-may-2025'); | H37: =F37&G37 -> insert into ins_premium_det (premium_rcv_code,assorted_code, rec_amount,premium_rcv_detail_code,remaining_amt, payrec, mode_code,coinsurance_code,class_cd,it_remarks) values('23May250004','040000167354','8105',(select max(to_number(i.premium_rcv_detail_code))+1 from ins_premium_det i),'8105','8105','09', '11000003','00','Request by Mr. reheel malik 23-may-2025');
A38: KHI/HO/D/MO/CV/P/86492/04/2024 | B38: =VLOOKUP(A38,policy!B:C,2,0) -> 040000170045 | C38: 8105 | D38: =ROUND(C38,0) -> 8105 | E38: 23May250004 | F38: ="insert into ins_premium_det (premium_rcv_code,assorted_code, rec_amount,premium_rcv_detail_code,remaining_amt, payrec, mode_code,coinsurance_code,class_cd,it_remarks) values" -> insert into ins_premium_det (premium_rcv_code,assorted_code, rec_amount,premium_rcv_detail_code,remaining_amt, payrec, mode_code,coinsurance_code,class_cd,it_remarks) values | G38: ="('"&E38&"','"&B38&"','"&C38&"',(select max(to_number(i.premium_rcv_detail_code))+1 from ins_premium_det i),'"&C38&"','"&C38&"','09', '11000003','00','Request by Mr. reheel malik 23-may-2025');" -> ('23May250004','040000170045','8105',(select max(to_number(i.premium_rcv_detail_code))+1 from ins_premium_det i),'8105','8105','09', '11000003','00','Request by Mr. reheel malik 23-may-2025'); | H38: =F38&G38 -> insert into ins_premium_det (premium_rcv_code,assorted_code, rec_amount,premium_rcv_detail_code,remaining_amt, payrec, mode_code,coinsurance_code,class_cd,it_remarks) values('23May250004','040000170045','8105',(select max(to_number(i.premium_rcv_detail_code))+1 from ins_premium_det i),'8105','8105','09', '11000003','00','Request by Mr. reheel malik 23-may-2025');
A39: KHI/HO/D/MO/CV/P/86495/04/2024 | B39: =VLOOKUP(A39,policy!B:C,2,0) -> 040000170051 | C39: 8105 | D39: =ROUND(C39,0) -> 8105 | E39: 23May250004 | F39: ="insert into ins_premium_det (premium_rcv_code,assorted_code, rec_amount,premium_rcv_detail_code,remaining_amt, payrec, mode_code,coinsurance_code,class_cd,it_remarks) values" -> insert into ins_premium_det (premium_rcv_code,assorted_code, rec_amount,premium_rcv_detail_code,remaining_amt, payrec, mode_code,coinsurance_code,class_cd,it_remarks) values | G39: ="('"&E39&"','"&B39&"','"&C39&"',(select max(to_number(i.premium_rcv_detail_code))+1 from ins_premium_det i),'"&C39&"','"&C39&"','09', '11000003','00','Request by Mr. reheel malik 23-may-2025');" -> ('23May250004','040000170051','8105',(select max(to_number(i.premium_rcv_detail_code))+1 from ins_premium_det i),'8105','8105','09', '11000003','00','Request by Mr. reheel malik 23-may-2025'); | H39: =F39&G39 -> insert into ins_premium_det (premium_rcv_code,assorted_code, rec_amount,premium_rcv_detail_code,remaining_amt, payrec, mode_code,coinsurance_code,class_cd,it_remarks) values('23May250004','040000170051','8105',(select max(to_number(i.premium_rcv_detail_code))+1 from ins_premium_det i),'8105','8105','09', '11000003','00','Request by Mr. reheel malik 23-may-2025');
A40: KHI/HO/D/MO/CV/P/86585/04/2024 | B40: =VLOOKUP(A40,policy!B:C,2,0) -> 040000170158 | C40: 8105 | D40: =ROUND(C40,0) -> 8105 | E40: 23May250004 | F40: ="insert into ins_premium_det (premium_rcv_code,assorted_code, rec_amount,premium_rcv_detail_code,remaining_amt, payrec, mode_code,coinsurance_code,class_cd,it_remarks) values" -> insert into ins_premium_det (premium_rcv_code,assorted_code, rec_amount,premium_rcv_detail_code,remaining_amt, payrec, mode_code,coinsurance_code,class_cd,it_remarks) values | G40: ="('"&E40&"','"&B40&"','"&C40&"',(select max(to_number(i.premium_rcv_detail_code))+1 from ins_premium_det i),'"&C40&"','"&C40&"','09', '11000003','00','Request by Mr. reheel malik 23-may-2025');" -> ('23May250004','040000170158','8105',(select max(to_number(i.premium_rcv_detail_code))+1 from ins_premium_det i),'8105','8105','09', '11000003','00','Request by Mr. reheel malik 23-may-2025'); | H40: =F40&G40 -> insert into ins_premium_det (premium_rcv_code,assorted_code, rec_amount,premium_rcv_detail_code,remaining_amt, payrec, mode_code,coinsurance_code,class_cd,it_remarks) values('23May250004','040000170158','8105',(select max(to_number(i.premium_rcv_detail_code))+1 from ins_premium_det i),'8105','8105','09', '11000003','00','Request by Mr. reheel malik 23-may-2025');
A41: KHI/HO/D/MO/PC COMP/P/90692/06/2024 | B41: =VLOOKUP(A41,policy!B:C,2,0) -> 040000175713 | C41: 8105 | D41: =ROUND(C41,0) -> 8105 | E41: 23May250004 | F41: ="insert into ins_premium_det (premium_rcv_code,assorted_code, rec_amount,premium_rcv_detail_code,remaining_amt, payrec, mode_code,coinsurance_code,class_cd,it_remarks) values" -> insert into ins_premium_det (premium_rcv_code,assorted_code, rec_amount,premium_rcv_detail_code,remaining_amt, payrec, mode_code,coinsurance_code,class_cd,it_remarks) values | G41: ="('"&E41&"','"&B41&"','"&C41&"',(select max(to_number(i.premium_rcv_detail_code))+1 from ins_premium_det i),'"&C41&"','"&C41&"','09', '11000003','00','Request by Mr. reheel malik 23-may-2025');" -> ('23May250004','040000175713','8105',(select max(to_number(i.premium_rcv_detail_code))+1 from ins_premium_det i),'8105','8105','09', '11000003','00','Request by Mr. reheel malik 23-may-2025'); | H41: =F41&G41 -> insert into ins_premium_det (premium_rcv_code,assorted_code, rec_amount,premium_rcv_detail_code,remaining_amt, payrec, mode_code,coinsurance_code,class_cd,it_remarks) values('23May250004','040000175713','8105',(select max(to_number(i.premium_rcv_detail_code))+1 from ins_premium_det i),'8105','8105','09', '11000003','00','Request by Mr. reheel malik 23-may-2025');
A42: KHI/HO/D/MO/PC COMP/P/100672/10/2024 | B42: =VLOOKUP(A42,policy!B:C,2,0) -> 040000187846 | C42: 8105 | D42: =ROUND(C42,0) -> 8105 | E42: 23May250004 | F42: ="insert into ins_premium_det (premium_rcv_code,assorted_code, rec_amount,premium_rcv_detail_code,remaining_amt, payrec, mode_code,coinsurance_code,class_cd,it_remarks) values" -> insert into ins_premium_det (premium_rcv_code,assorted_code, rec_amount,premium_rcv_detail_code,remaining_amt, payrec, mode_code,coinsurance_code,class_cd,it_remarks) values | G42: ="('"&E42&"','"&B42&"','"&C42&"',(select max(to_number(i.premium_rcv_detail_code))+1 from ins_premium_det i),'"&C42&"','"&C42&"','09', '11000003','00','Request by Mr. reheel malik 23-may-2025');" -> ('23May250004','040000187846','8105',(select max(to_number(i.premium_rcv_detail_code))+1 from ins_premium_det i),'8105','8105','09', '11000003','00','Request by Mr. reheel malik 23-may-2025'); | H42: =F42&G42 -> insert into ins_premium_det (premium_rcv_code,assorted_code, rec_amount,premium_rcv_detail_code,remaining_amt, payrec, mode_code,coinsurance_code,class_cd,it_remarks) values('23May250004','040000187846','8105',(select max(to_number(i.premium_rcv_detail_code))+1 from ins_premium_det i),'8105','8105','09', '11000003','00','Request by Mr. reheel malik 23-may-2025');
A43: KHI/HO/D/MO/CV/P/103497/12/2024 | B43: =VLOOKUP(A43,policy!B:C,2,0) -> 040000191122 | C43: 8105 | D43: =ROUND(C43,0) -> 8105 | E43: 23May250004 | F43: ="insert into ins_premium_det (premium_rcv_code,assorted_code, rec_amount,premium_rcv_detail_code,remaining_amt, payrec, mode_code,coinsurance_code,class_cd,it_remarks) values" -> insert into ins_premium_det (premium_rcv_code,assorted_code, rec_amount,premium_rcv_detail_code,remaining_amt, payrec, mode_code,coinsurance_code,class_cd,it_remarks) values | G43: ="('"&E43&"','"&B43&"','"&C43&"',(select max(to_number(i.premium_rcv_detail_code))+1 from ins_premium_det i),'"&C43&"','"&C43&"','09', '11000003','00','Request by Mr. reheel malik 23-may-2025');" -> ('23May250004','040000191122','8105',(select max(to_number(i.premium_rcv_detail_code))+1 from ins_premium_det i),'8105','8105','09', '11000003','00','Request by Mr. reheel malik 23-may-2025'); | H43: =F43&G43 -> insert into ins_premium_det (premium_rcv_code,assorted_code, rec_amount,premium_rcv_detail_code,remaining_amt, payrec, mode_code,coinsurance_code,class_cd,it_remarks) values('23May250004','040000191122','8105',(select max(to_number(i.premium_rcv_detail_code))+1 from ins_premium_det i),'8105','8105','09', '11000003','00','Request by Mr. reheel malik 23-may-2025');
A44: KHI/HO/D/MO/PD COMP/P/79741/12/2023 | B44: =VLOOKUP(A44,policy!B:C,2,0) -> 040000159957 | C44: 8105 | D44: =ROUND(C44,0) -> 8105 | E44: 23May250004 | F44: ="insert into ins_premium_det (premium_rcv_code,assorted_code, rec_amount,premium_rcv_detail_code,remaining_amt, payrec, mode_code,coinsurance_code,class_cd,it_remarks) values" -> insert into ins_premium_det (premium_rcv_code,assorted_code, rec_amount,premium_rcv_detail_code,remaining_amt, payrec, mode_code,coinsurance_code,class_cd,it_remarks) values | G44: ="('"&E44&"','"&B44&"','"&C44&"',(select max(to_number(i.premium_rcv_detail_code))+1 from ins_premium_det i),'"&C44&"','"&C44&"','09', '11000003','00','Request by Mr. reheel malik 23-may-2025');" -> ('23May250004','040000159957','8105',(select max(to_number(i.premium_rcv_detail_code))+1 from ins_premium_det i),'8105','8105','09', '11000003','00','Request by Mr. reheel malik 23-may-2025'); | H44: =F44&G44 -> insert into ins_premium_det (premium_rcv_code,assorted_code, rec_amount,premium_rcv_detail_code,remaining_amt, payrec, mode_code,coinsurance_code,class_cd,it_remarks) values('23May250004','040000159957','8105',(select max(to_number(i.premium_rcv_detail_code))+1 from ins_premium_det i),'8105','8105','09', '11000003','00','Request by Mr. reheel malik 23-may-2025');
A45: KHI/HO/D/MO/PD COMP/P/87622/04/2024 | B45: =VLOOKUP(A45,policy!B:C,2,0) -> 040000171542 | C45: 8105 | D45: =ROUND(C45,0) -> 8105 | E45: 23May250004 | F45: ="insert into ins_premium_det (premium_rcv_code,assorted_code, rec_amount,premium_rcv_detail_code,remaining_amt, payrec, mode_code,coinsurance_code,class_cd,it_remarks) values" -> insert into ins_premium_det (premium_rcv_code,assorted_code, rec_amount,premium_rcv_detail_code,remaining_amt, payrec, mode_code,coinsurance_code,class_cd,it_remarks) values | G45: ="('"&E45&"','"&B45&"','"&C45&"',(select max(to_number(i.premium_rcv_detail_code))+1 from ins_premium_det i),'"&C45&"','"&C45&"','09', '11000003','00','Request by Mr. reheel malik 23-may-2025');" -> ('23May250004','040000171542','8105',(select max(to_number(i.premium_rcv_detail_code))+1 from ins_premium_det i),'8105','8105','09', '11000003','00','Request by Mr. reheel malik 23-may-2025'); | H45: =F45&G45 -> insert into ins_premium_det (premium_rcv_code,assorted_code, rec_amount,premium_rcv_detail_code,remaining_amt, payrec, mode_code,coinsurance_code,class_cd,it_remarks) values('23May250004','040000171542','8105',(select max(to_number(i.premium_rcv_detail_code))+1 from ins_premium_det i),'8105','8105','09', '11000003','00','Request by Mr. reheel malik 23-may-2025');
A46: KHI/HO/D/MO/PD COMP/P/87822/04/2024 | B46: =VLOOKUP(A46,policy!B:C,2,0) -> 040000171786 | C46: 8105 | D46: =ROUND(C46,0) -> 8105 | E46: 23May250004 | F46: ="insert into ins_premium_det (premium_rcv_code,assorted_code, rec_amount,premium_rcv_detail_code,remaining_amt, payrec, mode_code,coinsurance_code,class_cd,it_remarks) values" -> insert into ins_premium_det (premium_rcv_code,assorted_code, rec_amount,premium_rcv_detail_code,remaining_amt, payrec, mode_code,coinsurance_code,class_cd,it_remarks) values | G46: ="('"&E46&"','"&B46&"','"&C46&"',(select max(to_number(i.premium_rcv_detail_code))+1 from ins_premium_det i),'"&C46&"','"&C46&"','09', '11000003','00','Request by Mr. reheel malik 23-may-2025');" -> ('23May250004','040000171786','8105',(select max(to_number(i.premium_rcv_detail_code))+1 from ins_premium_det i),'8105','8105','09', '11000003','00','Request by Mr. reheel malik 23-may-2025'); | H46: =F46&G46 -> insert into ins_premium_det (premium_rcv_code,assorted_code, rec_amount,premium_rcv_detail_code,remaining_amt, payrec, mode_code,coinsurance_code,class_cd,it_remarks) values('23May250004','040000171786','8105',(select max(to_number(i.premium_rcv_detail_code))+1 from ins_premium_det i),'8105','8105','09', '11000003','00','Request by Mr. reheel malik 23-may-2025');
A47: KHI/HO/D/MO/PD COMP/P/88008/04/2024 | B47: =VLOOKUP(A47,policy!B:C,2,0) -> 040000172000 | C47: 8105 | D47: =ROUND(C47,0) -> 8105 | E47: 23May250004 | F47: ="insert into ins_premium_det (premium_rcv_code,assorted_code, rec_amount,premium_rcv_detail_code,remaining_amt, payrec, mode_code,coinsurance_code,class_cd,it_remarks) values" -> insert into ins_premium_det (premium_rcv_code,assorted_code, rec_amount,premium_rcv_detail_code,remaining_amt, payrec, mode_code,coinsurance_code,class_cd,it_remarks) values | G47: ="('"&E47&"','"&B47&"','"&C47&"',(select max(to_number(i.premium_rcv_detail_code))+1 from ins_premium_det i),'"&C47&"','"&C47&"','09', '11000003','00','Request by Mr. reheel malik 23-may-2025');" -> ('23May250004','040000172000','8105',(select max(to_number(i.premium_rcv_detail_code))+1 from ins_premium_det i),'8105','8105','09', '11000003','00','Request by Mr. reheel malik 23-may-2025'); | H47: =F47&G47 -> insert into ins_premium_det (premium_rcv_code,assorted_code, rec_amount,premium_rcv_detail_code,remaining_amt, payrec, mode_code,coinsurance_code,class_cd,it_remarks) values('23May250004','040000172000','8105',(select max(to_number(i.premium_rcv_detail_code))+1 from ins_premium_det i),'8105','8105','09', '11000003','00','Request by Mr. reheel malik 23-may-2025');
A48: KHI/HO/D/MO/PD COMP/P/88119/04/2024 | B48: =VLOOKUP(A48,policy!B:C,2,0) -> 040000172240 | C48: 8105 | D48: =ROUND(C48,0) -> 8105 | E48: 23May250004 | F48: ="insert into ins_premium_det (premium_rcv_code,assorted_code, rec_amount,premium_rcv_detail_code,remaining_amt, payrec, mode_code,coinsurance_code,class_cd,it_remarks) values" -> insert into ins_premium_det (premium_rcv_code,assorted_code, rec_amount,premium_rcv_detail_code,remaining_amt, payrec, mode_code,coinsurance_code,class_cd,it_remarks) values | G48: ="('"&E48&"','"&B48&"','"&C48&"',(select max(to_number(i.premium_rcv_detail_code))+1 from ins_premium_det i),'"&C48&"','"&C48&"','09', '11000003','00','Request by Mr. reheel malik 23-may-2025');" -> ('23May250004','040000172240','8105',(select max(to_number(i.premium_rcv_detail_code))+1 from ins_premium_det i),'8105','8105','09', '11000003','00','Request by Mr. reheel malik 23-may-2025'); | H48: =F48&G48 -> insert into ins_premium_det (premium_rcv_code,assorted_code, rec_amount,premium_rcv_detail_code,remaining_amt, payrec, mode_code,coinsurance_code,class_cd,it_remarks) values('23May250004','040000172240','8105',(select max(to_number(i.premium_rcv_detail_code))+1 from ins_premium_det i),'8105','8105','09', '11000003','00','Request by Mr. reheel malik 23-may-2025');
... A232: KHI/HO/D/MO/PC COMP/E/53222/03/2025 | B232: =VLOOKUP(A232,policy!B:C,2,0) -> 050000864515 | C232: 8105 | D232: =ROUND(C232,0) -> 8105 | E232: 23May250004 | F232: ="insert into ins_premium_det (premium_rcv_code,assorted_code, rec_amount,premium_rcv_detail_code,remaining_amt, payrec, mode_code,coinsurance_code,class_cd,it_remarks) values" -> insert into ins_premium_det (premium_rcv_code,assorted_code, rec_amount,premium_rcv_detail_code,remaining_amt, payrec, mode_code,coinsurance_code,class_cd,it_remarks) values | G232: ="('"&E232&"','"&B232&"','"&C232&"',(select max(to_number(i.premium_rcv_detail_code))+1 from ins_premium_det i),'"&C232&"','"&C232&"','09', '11000003','00','Request by Mr. reheel malik 23-may-2025');" -> ('23May250004','050000864515','8105',(select max(to_number(i.premium_rcv_detail_code))+1 from ins_premium_det i),'8105','8105','09', '11000003','00','Request by Mr. reheel malik 23-may-2025'); | H232: =F232&G232 -> insert into ins_premium_det (premium_rcv_code,assorted_code, rec_amount,premium_rcv_detail_code,remaining_amt, payrec, mode_code,coinsurance_code,class_cd,it_remarks) values('23May250004','050000864515','8105',(select max(to_number(i.premium_rcv_detail_code))+1 from ins_premium_det i),'8105','8105','09', '11000003','00','Request by Mr. reheel malik 23-may-2025');
A233: KHI/HO/D/MO/PC COMP/C/106254/1/01/2025 | B233: =VLOOKUP(A233,Sheet7!B:C,2,0) -> 070000174100 | C233: 8105 | D233: =ROUND(C233,0) -> 8105 | E233: 23May250004 | F233: ="insert into ins_premium_det (premium_rcv_code,assorted_code, rec_amount,premium_rcv_detail_code,remaining_amt, payrec, mode_code,coinsurance_code,class_cd,it_remarks) values" -> insert into ins_premium_det (premium_rcv_code,assorted_code, rec_amount,premium_rcv_detail_code,remaining_amt, payrec, mode_code,coinsurance_code,class_cd,it_remarks) values | G233: ="('"&E233&"','"&B233&"','"&C233&"',(select max(to_number(i.premium_rcv_detail_code))+1 from ins_premium_det i),'"&C233&"','"&C233&"','09', '11000003','00','Request by Mr. reheel malik 23-may-2025');" -> ('23May250004','070000174100','8105',(select max(to_number(i.premium_rcv_detail_code))+1 from ins_premium_det i),'8105','8105','09', '11000003','00','Request by Mr. reheel malik 23-may-2025'); | H233: =F233&G233 -> insert into ins_premium_det (premium_rcv_code,assorted_code, rec_amount,premium_rcv_detail_code,remaining_amt, payrec, mode_code,coinsurance_code,class_cd,it_remarks) values('23May250004','070000174100','8105',(select max(to_number(i.premium_rcv_detail_code))+1 from ins_premium_det i),'8105','8105','09', '11000003','00','Request by Mr. reheel malik 23-may-2025');
A234: KHI/HO/D/MO/PC COMP/P/92860/07/2024 | B234: =VLOOKUP(A234,policy!B:C,2,0) -> 040000178584 | C234: 30160 | D234: =ROUND(C234,0) -> 30160 | E234: 23May250004 | F234: ="insert into ins_premium_det (premium_rcv_code,assorted_code, rec_amount,premium_rcv_detail_code,remaining_amt, payrec, mode_code,coinsurance_code,class_cd,it_remarks) values" -> insert into ins_premium_det (premium_rcv_code,assorted_code, rec_amount,premium_rcv_detail_code,remaining_amt, payrec, mode_code,coinsurance_code,class_cd,it_remarks) values | G234: ="('"&E234&"','"&B234&"','"&C234&"',(select max(to_number(i.premium_rcv_detail_code))+1 from ins_premium_det i),'"&C234&"','"&C234&"','09', '11000003','00','Request by Mr. reheel malik 23-may-2025');" -> ('23May250004','040000178584','30160',(select max(to_number(i.premium_rcv_detail_code))+1 from ins_premium_det i),'30160','30160','09', '11000003','00','Request by Mr. reheel malik 23-may-2025'); | H234: =F234&G234 -> insert into ins_premium_det (premium_rcv_code,assorted_code, rec_amount,premium_rcv_detail_code,remaining_amt, payrec, mode_code,coinsurance_code,class_cd,it_remarks) values('23May250004','040000178584','30160',(select max(to_number(i.premium_rcv_detail_code))+1 from ins_premium_det i),'30160','30160','09', '11000003','00','Request by Mr. reheel malik 23-may-2025');
A235: KHI/HO/D/MO/PC COMP/P/94025/07/2024 | B235: =VLOOKUP(A235,policy!B:C,2,0) -> 040000179996 | C235: 7540 | D235: =ROUND(C235,0) -> 7540 | E235: 23May250004 | F235: ="insert into ins_premium_det (premium_rcv_code,assorted_code, rec_amount,premium_rcv_detail_code,remaining_amt, payrec, mode_code,coinsurance_code,class_cd,it_remarks) values" -> insert into ins_premium_det (premium_rcv_code,assorted_code, rec_amount,premium_rcv_detail_code,remaining_amt, payrec, mode_code,coinsurance_code,class_cd,it_remarks) values | G235: ="('"&E235&"','"&B235&"','"&C235&"',(select max(to_number(i.premium_rcv_detail_code))+1 from ins_premium_det i),'"&C235&"','"&C235&"','09', '11000003','00','Request by Mr. reheel malik 23-may-2025');" -> ('23May250004','040000179996','7540',(select max(to_number(i.premium_rcv_detail_code))+1 from ins_premium_det i),'7540','7540','09', '11000003','00','Request by Mr. reheel malik 23-may-2025'); | H235: =F235&G235 -> insert into ins_premium_det (premium_rcv_code,assorted_code, rec_amount,premium_rcv_detail_code,remaining_amt, payrec, mode_code,coinsurance_code,class_cd,it_remarks) values('23May250004','040000179996','7540',(select max(to_number(i.premium_rcv_detail_code))+1 from ins_premium_det i),'7540','7540','09', '11000003','00','Request by Mr. reheel malik 23-may-2025');
A236: KHI/HO/D/MO/PC COMP/P/107200/02/2025 | B236: =VLOOKUP(A236,policy!B:C,2,0) -> 040000195813 | C236: 7540 | D236: =ROUND(C236,0) -> 7540 | E236: 23May250004 | F236: ="insert into ins_premium_det (premium_rcv_code,assorted_code, rec_amount,premium_rcv_detail_code,remaining_amt, payrec, mode_code,coinsurance_code,class_cd,it_remarks) values" -> insert into ins_premium_det (premium_rcv_code,assorted_code, rec_amount,premium_rcv_detail_code,remaining_amt, payrec, mode_code,coinsurance_code,class_cd,it_remarks) values | G236: ="('"&E236&"','"&B236&"','"&C236&"',(select max(to_number(i.premium_rcv_detail_code))+1 from ins_premium_det i),'"&C236&"','"&C236&"','09', '11000003','00','Request by Mr. reheel malik 23-may-2025');" -> ('23May250004','040000195813','7540',(select max(to_number(i.premium_rcv_detail_code))+1 from ins_premium_det i),'7540','7540','09', '11000003','00','Request by Mr. reheel malik 23-may-2025'); | H236: =F236&G236 -> insert into ins_premium_det (premium_rcv_code,assorted_code, rec_amount,premium_rcv_detail_code,remaining_amt, payrec, mode_code,coinsurance_code,class_cd,it_remarks) values('23May250004','040000195813','7540',(select max(to_number(i.premium_rcv_detail_code))+1 from ins_premium_det i),'7540','7540','09', '11000003','00','Request by Mr. reheel malik 23-may-2025');
A237: KHI/HO/D/MO/PC COMP/P/107222/02/2025 | B237: =VLOOKUP(A237,policy!B:C,2,0) -> 040000195848 | C237: 7540 | D237: =ROUND(C237,0) -> 7540 | E237: 23May250004 | F237: ="insert into ins_premium_det (premium_rcv_code,assorted_code, rec_amount,premium_rcv_detail_code,remaining_amt, payrec, mode_code,coinsurance_code,class_cd,it_remarks) values" -> insert into ins_premium_det (premium_rcv_code,assorted_code, rec_amount,premium_rcv_detail_code,remaining_amt, payrec, mode_code,coinsurance_code,class_cd,it_remarks) values | G237: ="('"&E237&"','"&B237&"','"&C237&"',(select max(to_number(i.premium_rcv_detail_code))+1 from ins_premium_det i),'"&C237&"','"&C237&"','09', '11000003','00','Request by Mr. reheel malik 23-may-2025');" -> ('23May250004','040000195848','7540',(select max(to_number(i.premium_rcv_detail_code))+1 from ins_premium_det i),'7540','7540','09', '11000003','00','Request by Mr. reheel malik 23-may-2025'); | H237: =F237&G237 -> insert into ins_premium_det (premium_rcv_code,assorted_code, rec_amount,premium_rcv_detail_code,remaining_amt, payrec, mode_code,coinsurance_code,class_cd,it_remarks) values('23May250004','040000195848','7540',(select max(to_number(i.premium_rcv_detail_code))+1 from ins_premium_det i),'7540','7540','09', '11000003','00','Request by Mr. reheel malik 23-may-2025');
A238: KHI/HO/D/MO/PC COMP/P/107553/02/2025 | B238: =VLOOKUP(A238,policy!B:C,2,0) -> 040000196289 | C238: 7540 | D238: =ROUND(C238,0) -> 7540 | E238: 23May250004 | F238: ="insert into ins_premium_det (premium_rcv_code,assorted_code, rec_amount,premium_rcv_detail_code,remaining_amt, payrec, mode_code,coinsurance_code,class_cd,it_remarks) values" -> insert into ins_premium_det (premium_rcv_code,assorted_code, rec_amount,premium_rcv_detail_code,remaining_amt, payrec, mode_code,coinsurance_code,class_cd,it_remarks) values | G238: ="('"&E238&"','"&B238&"','"&C238&"',(select max(to_number(i.premium_rcv_detail_code))+1 from ins_premium_det i),'"&C238&"','"&C238&"','09', '11000003','00','Request by Mr. reheel malik 23-may-2025');" -> ('23May250004','040000196289','7540',(select max(to_number(i.premium_rcv_detail_code))+1 from ins_premium_det i),'7540','7540','09', '11000003','00','Request by Mr. reheel malik 23-may-2025'); | H238: =F238&G238 -> insert into ins_premium_det (premium_rcv_code,assorted_code, rec_amount,premium_rcv_detail_code,remaining_amt, payrec, mode_code,coinsurance_code,class_cd,it_remarks) values('23May250004','040000196289','7540',(select max(to_number(i.premium_rcv_detail_code))+1 from ins_premium_det i),'7540','7540','09', '11000003','00','Request by Mr. reheel malik 23-may-2025');
A239: FSD/FSD/D/MO/PC COMP/P/107621/02/2025 | B239: =VLOOKUP(A239,policy!B:C,2,0) -> 040000196389 | C239: 7540 | D239: =ROUND(C239,0) -> 7540 | E239: 23May250004 | F239: ="insert into ins_premium_det (premium_rcv_code,assorted_code, rec_amount,premium_rcv_detail_code,remaining_amt, payrec, mode_code,coinsurance_code,class_cd,it_remarks) values" -> insert into ins_premium_det (premium_rcv_code,assorted_code, rec_amount,premium_rcv_detail_code,remaining_amt, payrec, mode_code,coinsurance_code,class_cd,it_remarks) values | G239: ="('"&E239&"','"&B239&"','"&C239&"',(select max(to_number(i.premium_rcv_detail_code))+1 from ins_premium_det i),'"&C239&"','"&C239&"','09', '11000003','00','Request by Mr. reheel malik 23-may-2025');" -> ('23May250004','040000196389','7540',(select max(to_number(i.premium_rcv_detail_code))+1 from ins_premium_det i),'7540','7540','09', '11000003','00','Request by Mr. reheel malik 23-may-2025'); | H239: =F239&G239 -> insert into ins_premium_det (premium_rcv_code,assorted_code, rec_amount,premium_rcv_detail_code,remaining_amt, payrec, mode_code,coinsurance_code,class_cd,it_remarks) values('23May250004','040000196389','7540',(select max(to_number(i.premium_rcv_detail_code))+1 from ins_premium_det i),'7540','7540','09', '11000003','00','Request by Mr. reheel malik 23-may-2025');
A240: KHI/HO/D/MO/PC COMP/P/107667/02/2025 | B240: =VLOOKUP(A240,policy!B:C,2,0) -> 040000196467 | C240: 7540 | D240: =ROUND(C240,0) -> 7540 | E240: 23May250004 | F240: ="insert into ins_premium_det (premium_rcv_code,assorted_code, rec_amount,premium_rcv_detail_code,remaining_amt, payrec, mode_code,coinsurance_code,class_cd,it_remarks) values" -> insert into ins_premium_det (premium_rcv_code,assorted_code, rec_amount,premium_rcv_detail_code,remaining_amt, payrec, mode_code,coinsurance_code,class_cd,it_remarks) values | G240: ="('"&E240&"','"&B240&"','"&C240&"',(select max(to_number(i.premium_rcv_detail_code))+1 from ins_premium_det i),'"&C240&"','"&C240&"','09', '11000003','00','Request by Mr. reheel malik 23-may-2025');" -> ('23May250004','040000196467','7540',(select max(to_number(i.premium_rcv_detail_code))+1 from ins_premium_det i),'7540','7540','09', '11000003','00','Request by Mr. reheel malik 23-may-2025'); | H240: =F240&G240 -> insert into ins_premium_det (premium_rcv_code,assorted_code, rec_amount,premium_rcv_detail_code,remaining_amt, payrec, mode_code,coinsurance_code,class_cd,it_remarks) values('23May250004','040000196467','7540',(select max(to_number(i.premium_rcv_detail_code))+1 from ins_premium_det i),'7540','7540','09', '11000003','00','Request by Mr. reheel malik 23-may-2025');
A241: KHI/HO/D/MO/PC COMP/P/107960/03/2025 | B241: =VLOOKUP(A241,policy!B:C,2,0) -> 040000196831 | C241: 7540 | D241: =ROUND(C241,0) -> 7540 | E241: 23May250004 | F241: ="insert into ins_premium_det (premium_rcv_code,assorted_code, rec_amount,premium_rcv_detail_code,remaining_amt, payrec, mode_code,coinsurance_code,class_cd,it_remarks) values" -> insert into ins_premium_det (premium_rcv_code,assorted_code, rec_amount,premium_rcv_detail_code,remaining_amt, payrec, mode_code,coinsurance_code,class_cd,it_remarks) values | G241: ="('"&E241&"','"&B241&"','"&C241&"',(select max(to_number(i.premium_rcv_detail_code))+1 from ins_premium_det i),'"&C241&"','"&C241&"','09', '11000003','00','Request by Mr. reheel malik 23-may-2025');" -> ('23May250004','040000196831','7540',(select max(to_number(i.premium_rcv_detail_code))+1 from ins_premium_det i),'7540','7540','09', '11000003','00','Request by Mr. reheel malik 23-may-2025'); | H241: =F241&G241 -> insert into ins_premium_det (premium_rcv_code,assorted_code, rec_amount,premium_rcv_detail_code,remaining_amt, payrec, mode_code,coinsurance_code,class_cd,it_remarks) values('23May250004','040000196831','7540',(select max(to_number(i.premium_rcv_detail_code))+1 from ins_premium_det i),'7540','7540','09', '11000003','00','Request by Mr. reheel malik 23-may-2025');
A242: KHI/HO/D/MO/PC COMP/E/52647/00004/02/2025 | B242: =VLOOKUP(A242,Sheet8!B:C,2,0) -> 050000858775 | C242: 7540 | D242: =ROUND(C242,0) -> 7540 | E242: 23May250004 | F242: ="insert into ins_premium_det (premium_rcv_code,assorted_code, rec_amount,premium_rcv_detail_code,remaining_amt, payrec, mode_code,coinsurance_code,class_cd,it_remarks) values" -> insert into ins_premium_det (premium_rcv_code,assorted_code, rec_amount,premium_rcv_detail_code,remaining_amt, payrec, mode_code,coinsurance_code,class_cd,it_remarks) values | G242: ="('"&E242&"','"&B242&"','"&C242&"',(select max(to_number(i.premium_rcv_detail_code))+1 from ins_premium_det i),'"&C242&"','"&C242&"','09', '11000003','00','Request by Mr. reheel malik 23-may-2025');" -> ('23May250004','050000858775','7540',(select max(to_number(i.premium_rcv_detail_code))+1 from ins_premium_det i),'7540','7540','09', '11000003','00','Request by Mr. reheel malik 23-may-2025'); | H242: =F242&G242 -> insert into ins_premium_det (premium_rcv_code,assorted_code, rec_amount,premium_rcv_detail_code,remaining_amt, payrec, mode_code,coinsurance_code,class_cd,it_remarks) values('23May250004','050000858775','7540',(select max(to_number(i.premium_rcv_detail_code))+1 from ins_premium_det i),'7540','7540','09', '11000003','00','Request by Mr. reheel malik 23-may-2025');
A243: KHI/HO/D/MO/CV/C/107155/1/02/2025 | B243: =VLOOKUP(A243,Sheet7!B:C,2,0) -> 070000176514 | C243: 7540 | D243: =ROUND(C243,0) -> 7540 | E243: 23May250004 | F243: ="insert into ins_premium_det (premium_rcv_code,assorted_code, rec_amount,premium_rcv_detail_code,remaining_amt, payrec, mode_code,coinsurance_code,class_cd,it_remarks) values" -> insert into ins_premium_det (premium_rcv_code,assorted_code, rec_amount,premium_rcv_detail_code,remaining_amt, payrec, mode_code,coinsurance_code,class_cd,it_remarks) values | G243: ="('"&E243&"','"&B243&"','"&C243&"',(select max(to_number(i.premium_rcv_detail_code))+1 from ins_premium_det i),'"&C243&"','"&C243&"','09', '11000003','00','Request by Mr. reheel malik 23-may-2025');" -> ('23May250004','070000176514','7540',(select max(to_number(i.premium_rcv_detail_code))+1 from ins_premium_det i),'7540','7540','09', '11000003','00','Request by Mr. reheel malik 23-may-2025'); | H243: =F243&G243 -> insert into ins_premium_det (premium_rcv_code,assorted_code, rec_amount,premium_rcv_detail_code,remaining_amt, payrec, mode_code,coinsurance_code,class_cd,it_remarks) values('23May250004','070000176514','7540',(select max(to_number(i.premium_rcv_detail_code))+1 from ins_premium_det i),'7540','7540','09', '11000003','00','Request by Mr. reheel malik 23-may-2025');
A244: KHI/HO/D/MO/PC COMP/C/107260/1/02/2025 | B244: =VLOOKUP(A244,Sheet7!B:C,2,0) -> 070000176594 | C244: 7540 | D244: =ROUND(C244,0) -> 7540 | E244: 23May250004 | F244: ="insert into ins_premium_det (premium_rcv_code,assorted_code, rec_amount,premium_rcv_detail_code,remaining_amt, payrec, mode_code,coinsurance_code,class_cd,it_remarks) values" -> insert into ins_premium_det (premium_rcv_code,assorted_code, rec_amount,premium_rcv_detail_code,remaining_amt, payrec, mode_code,coinsurance_code,class_cd,it_remarks) values | G244: ="('"&E244&"','"&B244&"','"&C244&"',(select max(to_number(i.premium_rcv_detail_code))+1 from ins_premium_det i),'"&C244&"','"&C244&"','09', '11000003','00','Request by Mr. reheel malik 23-may-2025');" -> ('23May250004','070000176594','7540',(select max(to_number(i.premium_rcv_detail_code))+1 from ins_premium_det i),'7540','7540','09', '11000003','00','Request by Mr. reheel malik 23-may-2025'); | H244: =F244&G244 -> insert into ins_premium_det (premium_rcv_code,assorted_code, rec_amount,premium_rcv_detail_code,remaining_amt, payrec, mode_code,coinsurance_code,class_cd,it_remarks) values('23May250004','070000176594','7540',(select max(to_number(i.premium_rcv_detail_code))+1 from ins_premium_det i),'7540','7540','09', '11000003','00','Request by Mr. reheel malik 23-may-2025');
A245: KHI/HO/D/MO/PC COMP/C/93729/1/07/2024 | B245: =VLOOKUP(A245,Sheet7!B:C,2,0) -> 070000162987 | C245: 7540 | D245: =ROUND(C245,0) -> 7540 | E245: 23May250004 | F245: ="insert into ins_premium_det (premium_rcv_code,assorted_code, rec_amount,premium_rcv_detail_code,remaining_amt, payrec, mode_code,coinsurance_code,class_cd,it_remarks) values" -> insert into ins_premium_det (premium_rcv_code,assorted_code, rec_amount,premium_rcv_detail_code,remaining_amt, payrec, mode_code,coinsurance_code,class_cd,it_remarks) values | G245: ="('"&E245&"','"&B245&"','"&C245&"',(select max(to_number(i.premium_rcv_detail_code))+1 from ins_premium_det i),'"&C245&"','"&C245&"','09', '11000003','00','Request by Mr. reheel malik 23-may-2025');" -> ('23May250004','070000162987','7540',(select max(to_number(i.premium_rcv_detail_code))+1 from ins_premium_det i),'7540','7540','09', '11000003','00','Request by Mr. reheel malik 23-may-2025'); | H245: =F245&G245 -> insert into ins_premium_det (premium_rcv_code,assorted_code, rec_amount,premium_rcv_detail_code,remaining_amt, payrec, mode_code,coinsurance_code,class_cd,it_remarks) values('23May250004','070000162987','7540',(select max(to_number(i.premium_rcv_detail_code))+1 from ins_premium_det i),'7540','7540','09', '11000003','00','Request by Mr. reheel malik 23-may-2025');
A246: KHI/HO/D/MO/PD COMP/P/89923/05/2024 | B246: =VLOOKUP(A246,policy!B:C,2,0) -> 040000174700 | C246: 7540 | D246: =ROUND(C246,0) -> 7540 | E246: 23May250004 | F246: ="insert into ins_premium_det (premium_rcv_code,assorted_code, rec_amount,premium_rcv_detail_code,remaining_amt, payrec, mode_code,coinsurance_code,class_cd,it_remarks) values" -> insert into ins_premium_det (premium_rcv_code,assorted_code, rec_amount,premium_rcv_detail_code,remaining_amt, payrec, mode_code,coinsurance_code,class_cd,it_remarks) values | G246: ="('"&E246&"','"&B246&"','"&C246&"',(select max(to_number(i.premium_rcv_detail_code))+1 from ins_premium_det i),'"&C246&"','"&C246&"','09', '11000003','00','Request by Mr. reheel malik 23-may-2025');" -> ('23May250004','040000174700','7540',(select max(to_number(i.premium_rcv_detail_code))+1 from ins_premium_det i),'7540','7540','09', '11000003','00','Request by Mr. reheel malik 23-may-2025'); | H246: =F246&G246 -> insert into ins_premium_det (premium_rcv_code,assorted_code, rec_amount,premium_rcv_detail_code,remaining_amt, payrec, mode_code,coinsurance_code,class_cd,it_remarks) values('23May250004','040000174700','7540',(select max(to_number(i.premium_rcv_detail_code))+1 from ins_premium_det i),'7540','7540','09', '11000003','00','Request by Mr. reheel malik 23-may-2025');
A247: KHI/HO/D/MO/PD COMP/P/93063/07/2024 | B247: =VLOOKUP(A247,policy!B:C,2,0) -> 040000178812 | C247: 7540 | D247: =ROUND(C247,0) -> 7540 | E247: 23May250004 | F247: ="insert into ins_premium_det (premium_rcv_code,assorted_code, rec_amount,premium_rcv_detail_code,remaining_amt, payrec, mode_code,coinsurance_code,class_cd,it_remarks) values" -> insert into ins_premium_det (premium_rcv_code,assorted_code, rec_amount,premium_rcv_detail_code,remaining_amt, payrec, mode_code,coinsurance_code,class_cd,it_remarks) values | G247: ="('"&E247&"','"&B247&"','"&C247&"',(select max(to_number(i.premium_rcv_detail_code))+1 from ins_premium_det i),'"&C247&"','"&C247&"','09', '11000003','00','Request by Mr. reheel malik 23-may-2025');" -> ('23May250004','040000178812','7540',(select max(to_number(i.premium_rcv_detail_code))+1 from ins_premium_det i),'7540','7540','09', '11000003','00','Request by Mr. reheel malik 23-may-2025'); | H247: =F247&G247 -> insert into ins_premium_det (premium_rcv_code,assorted_code, rec_amount,premium_rcv_detail_code,remaining_amt, payrec, mode_code,coinsurance_code,class_cd,it_remarks) values('23May250004','040000178812','7540',(select max(to_number(i.premium_rcv_detail_code))+1 from ins_premium_det i),'7540','7540','09', '11000003','00','Request by Mr. reheel malik 23-may-2025');
A248: KHI/HO/D/MO/PD COMP/P/94297/07/2024 | B248: =VLOOKUP(A248,policy!B:C,2,0) -> 040000180357 | C248: 7540 | D248: =ROUND(C248,0) -> 7540 | E248: 23May250004 | F248: ="insert into ins_premium_det (premium_rcv_code,assorted_code, rec_amount,premium_rcv_detail_code,remaining_amt, payrec, mode_code,coinsurance_code,class_cd,it_remarks) values" -> insert into ins_premium_det (premium_rcv_code,assorted_code, rec_amount,premium_rcv_detail_code,remaining_amt, payrec, mode_code,coinsurance_code,class_cd,it_remarks) values | G248: ="('"&E248&"','"&B248&"','"&C248&"',(select max(to_number(i.premium_rcv_detail_code))+1 from ins_premium_det i),'"&C248&"','"&C248&"','09', '11000003','00','Request by Mr. reheel malik 23-may-2025');" -> ('23May250004','040000180357','7540',(select max(to_number(i.premium_rcv_detail_code))+1 from ins_premium_det i),'7540','7540','09', '11000003','00','Request by Mr. reheel malik 23-may-2025'); | H248: =F248&G248 -> insert into ins_premium_det (premium_rcv_code,assorted_code, rec_amount,premium_rcv_detail_code,remaining_amt, payrec, mode_code,coinsurance_code,class_cd,it_remarks) values('23May250004','040000180357','7540',(select max(to_number(i.premium_rcv_detail_code))+1 from ins_premium_det i),'7540','7540','09', '11000003','00','Request by Mr. reheel malik 23-may-2025');
A249: KHI/HO/D/MO/PD COMP/P/94667/08/2024 | B249: =VLOOKUP(A249,policy!B:C,2,0) -> 040000180799 | C249: 7540 | D249: =ROUND(C249,0) -> 7540 | E249: 23May250004 | F249: ="insert into ins_premium_det (premium_rcv_code,assorted_code, rec_amount,premium_rcv_detail_code,remaining_amt, payrec, mode_code,coinsurance_code,class_cd,it_remarks) values" -> insert into ins_premium_det (premium_rcv_code,assorted_code, rec_amount,premium_rcv_detail_code,remaining_amt, payrec, mode_code,coinsurance_code,class_cd,it_remarks) values | G249: ="('"&E249&"','"&B249&"','"&C249&"',(select max(to_number(i.premium_rcv_detail_code))+1 from ins_premium_det i),'"&C249&"','"&C249&"','09', '11000003','00','Request by Mr. reheel malik 23-may-2025');" -> ('23May250004','040000180799','7540',(select max(to_number(i.premium_rcv_detail_code))+1 from ins_premium_det i),'7540','7540','09', '11000003','00','Request by Mr. reheel malik 23-may-2025'); | H249: =F249&G249 -> insert into ins_premium_det (premium_rcv_code,assorted_code, rec_amount,premium_rcv_detail_code,remaining_amt, payrec, mode_code,coinsurance_code,class_cd,it_remarks) values('23May250004','040000180799','7540',(select max(to_number(i.premium_rcv_detail_code))+1 from ins_premium_det i),'7540','7540','09', '11000003','00','Request by Mr. reheel malik 23-may-2025');
A250: KHI/HO/D/MO/PD COMP/P/94867/08/2024 | B250: =VLOOKUP(A250,policy!B:C,2,0) -> 040000181040 | C250: 7540 | D250: =ROUND(C250,0) -> 7540 | E250: 23May250004 | F250: ="insert into ins_premium_det (premium_rcv_code,assorted_code, rec_amount,premium_rcv_detail_code,remaining_amt, payrec, mode_code,coinsurance_code,class_cd,it_remarks) values" -> insert into ins_premium_det (premium_rcv_code,assorted_code, rec_amount,premium_rcv_detail_code,remaining_amt, payrec, mode_code,coinsurance_code,class_cd,it_remarks) values | G250: ="('"&E250&"','"&B250&"','"&C250&"',(select max(to_number(i.premium_rcv_detail_code))+1 from ins_premium_det i),'"&C250&"','"&C250&"','09', '11000003','00','Request by Mr. reheel malik 23-may-2025');" -> ('23May250004','040000181040','7540',(select max(to_number(i.premium_rcv_detail_code))+1 from ins_premium_det i),'7540','7540','09', '11000003','00','Request by Mr. reheel malik 23-may-2025'); | H250: =F250&G250 -> insert into ins_premium_det (premium_rcv_code,assorted_code, rec_amount,premium_rcv_detail_code,remaining_amt, payrec, mode_code,coinsurance_code,class_cd,it_remarks) values('23May250004','040000181040','7540',(select max(to_number(i.premium_rcv_detail_code))+1 from ins_premium_det i),'7540','7540','09', '11000003','00','Request by Mr. reheel malik 23-may-2025');
A251: KHI/HO/D/MO/PD COMP/P/95758/08/2024 | B251: =VLOOKUP(A251,policy!B:C,2,0) -> 040000182201 | C251: 7540 | D251: =ROUND(C251,0) -> 7540 | E251: 23May250004 | F251: ="insert into ins_premium_det (premium_rcv_code,assorted_code, rec_amount,premium_rcv_detail_code,remaining_amt, payrec, mode_code,coinsurance_code,class_cd,it_remarks) values" -> insert into ins_premium_det (premium_rcv_code,assorted_code, rec_amount,premium_rcv_detail_code,remaining_amt, payrec, mode_code,coinsurance_code,class_cd,it_remarks) values | G251: ="('"&E251&"','"&B251&"','"&C251&"',(select max(to_number(i.premium_rcv_detail_code))+1 from ins_premium_det i),'"&C251&"','"&C251&"','09', '11000003','00','Request by Mr. reheel malik 23-may-2025');" -> ('23May250004','040000182201','7540',(select max(to_number(i.premium_rcv_detail_code))+1 from ins_premium_det i),'7540','7540','09', '11000003','00','Request by Mr. reheel malik 23-may-2025'); | H251: =F251&G251 -> insert into ins_premium_det (premium_rcv_code,assorted_code, rec_amount,premium_rcv_detail_code,remaining_amt, payrec, mode_code,coinsurance_code,class_cd,it_remarks) values('23May250004','040000182201','7540',(select max(to_number(i.premium_rcv_detail_code))+1 from ins_premium_det i),'7540','7540','09', '11000003','00','Request by Mr. reheel malik 23-may-2025');
A252: KHI/HO/D/MO/PD COMP/P/96377/08/2024 | B252: =VLOOKUP(A252,policy!B:C,2,0) -> 040000182903 | C252: 7540 | D252: =ROUND(C252,0) -> 7540 | E252: 23May250004 | F252: ="insert into ins_premium_det (premium_rcv_code,assorted_code, rec_amount,premium_rcv_detail_code,remaining_amt, payrec, mode_code,coinsurance_code,class_cd,it_remarks) values" -> insert into ins_premium_det (premium_rcv_code,assorted_code, rec_amount,premium_rcv_detail_code,remaining_amt, payrec, mode_code,coinsurance_code,class_cd,it_remarks) values | G252: ="('"&E252&"','"&B252&"','"&C252&"',(select max(to_number(i.premium_rcv_detail_code))+1 from ins_premium_det i),'"&C252&"','"&C252&"','09', '11000003','00','Request by Mr. reheel malik 23-may-2025');" -> ('23May250004','040000182903','7540',(select max(to_number(i.premium_rcv_detail_code))+1 from ins_premium_det i),'7540','7540','09', '11000003','00','Request by Mr. reheel malik 23-may-2025'); | H252: =F252&G252 -> insert into ins_premium_det (premium_rcv_code,assorted_code, rec_amount,premium_rcv_detail_code,remaining_amt, payrec, mode_code,coinsurance_code,class_cd,it_remarks) values('23May250004','040000182903','7540',(select max(to_number(i.premium_rcv_detail_code))+1 from ins_premium_det i),'7540','7540','09', '11000003','00','Request by Mr. reheel malik 23-may-2025');
A253: KHI/HO/D/MO/PD COMP/P/96784/09/2024 | B253: =VLOOKUP(A253,policy!B:C,2,0) -> 040000183356 | C253: 7540 | D253: =ROUND(C253,0) -> 7540 | E253: 23May250004 | F253: ="insert into ins_premium_det (premium_rcv_code,assorted_code, rec_amount,premium_rcv_detail_code,remaining_amt, payrec, mode_code,coinsurance_code,class_cd,it_remarks) values" -> insert into ins_premium_det (premium_rcv_code,assorted_code, rec_amount,premium_rcv_detail_code,remaining_amt, payrec, mode_code,coinsurance_code,class_cd,it_remarks) values | G253: ="('"&E253&"','"&B253&"','"&C253&"',(select max(to_number(i.premium_rcv_detail_code))+1 from ins_premium_det i),'"&C253&"','"&C253&"','09', '11000003','00','Request by Mr. reheel malik 23-may-2025');" -> ('23May250004','040000183356','7540',(select max(to_number(i.premium_rcv_detail_code))+1 from ins_premium_det i),'7540','7540','09', '11000003','00','Request by Mr. reheel malik 23-may-2025'); | H253: =F253&G253 -> insert into ins_premium_det (premium_rcv_code,assorted_code, rec_amount,premium_rcv_detail_code,remaining_amt, payrec, mode_code,coinsurance_code,class_cd,it_remarks) values('23May250004','040000183356','7540',(select max(to_number(i.premium_rcv_detail_code))+1 from ins_premium_det i),'7540','7540','09', '11000003','00','Request by Mr. reheel malik 23-may-2025');
A254: KHI/HO/D/MO/PD COMP/P/97047/09/2024 | B254: =VLOOKUP(A254,policy!B:C,2,0) -> 040000183674 | C254: 7540 | D254: =ROUND(C254,0) -> 7540 | E254: 23May250004 | F254: ="insert into ins_premium_det (premium_rcv_code,assorted_code, rec_amount,premium_rcv_detail_code,remaining_amt, payrec, mode_code,coinsurance_code,class_cd,it_remarks) values" -> insert into ins_premium_det (premium_rcv_code,assorted_code, rec_amount,premium_rcv_detail_code,remaining_amt, payrec, mode_code,coinsurance_code,class_cd,it_remarks) values | G254: ="('"&E254&"','"&B254&"','"&C254&"',(select max(to_number(i.premium_rcv_detail_code))+1 from ins_premium_det i),'"&C254&"','"&C254&"','09', '11000003','00','Request by Mr. reheel malik 23-may-2025');" -> ('23May250004','040000183674','7540',(select max(to_number(i.premium_rcv_detail_code))+1 from ins_premium_det i),'7540','7540','09', '11000003','00','Request by Mr. reheel malik 23-may-2025'); | H254: =F254&G254 -> insert into ins_premium_det (premium_rcv_code,assorted_code, rec_amount,premium_rcv_detail_code,remaining_amt, payrec, mode_code,coinsurance_code,class_cd,it_remarks) values('23May250004','040000183674','7540',(select max(to_number(i.premium_rcv_detail_code))+1 from ins_premium_det i),'7540','7540','09', '11000003','00','Request by Mr. reheel malik 23-may-2025');
A255: KHI/HO/D/MO/PD COMP/P/97279/09/2024 | B255: =VLOOKUP(A255,policy!B:C,2,0) -> 040000183981 | C255: 7540 | D255: =ROUND(C255,0) -> 7540 | E255: 23May250004 | F255: ="insert into ins_premium_det (premium_rcv_code,assorted_code, rec_amount,premium_rcv_detail_code,remaining_amt, payrec, mode_code,coinsurance_code,class_cd,it_remarks) values" -> insert into ins_premium_det (premium_rcv_code,assorted_code, rec_amount,premium_rcv_detail_code,remaining_amt, payrec, mode_code,coinsurance_code,class_cd,it_remarks) values | G255: ="('"&E255&"','"&B255&"','"&C255&"',(select max(to_number(i.premium_rcv_detail_code))+1 from ins_premium_det i),'"&C255&"','"&C255&"','09', '11000003','00','Request by Mr. reheel malik 23-may-2025');" -> ('23May250004','040000183981','7540',(select max(to_number(i.premium_rcv_detail_code))+1 from ins_premium_det i),'7540','7540','09', '11000003','00','Request by Mr. reheel malik 23-may-2025'); | H255: =F255&G255 -> insert into ins_premium_det (premium_rcv_code,assorted_code, rec_amount,premium_rcv_detail_code,remaining_amt, payrec, mode_code,coinsurance_code,class_cd,it_remarks) values('23May250004','040000183981','7540',(select max(to_number(i.premium_rcv_detail_code))+1 from ins_premium_det i),'7540','7540','09', '11000003','00','Request by Mr. reheel malik 23-may-2025');
A256: KHI/HO/D/MO/PD COMP/P/97992/09/2024 | B256: =VLOOKUP(A256,policy!B:C,2,0) -> 040000184766 | C256: 7540 | D256: =ROUND(C256,0) -> 7540 | E256: 23May250004 | F256: ="insert into ins_premium_det (premium_rcv_code,assorted_code, rec_amount,premium_rcv_detail_code,remaining_amt, payrec, mode_code,coinsurance_code,class_cd,it_remarks) values" -> insert into ins_premium_det (premium_rcv_code,assorted_code, rec_amount,premium_rcv_detail_code,remaining_amt, payrec, mode_code,coinsurance_code,class_cd,it_remarks) values | G256: ="('"&E256&"','"&B256&"','"&C256&"',(select max(to_number(i.premium_rcv_detail_code))+1 from ins_premium_det i),'"&C256&"','"&C256&"','09', '11000003','00','Request by Mr. reheel malik 23-may-2025');" -> ('23May250004','040000184766','7540',(select max(to_number(i.premium_rcv_detail_code))+1 from ins_premium_det i),'7540','7540','09', '11000003','00','Request by Mr. reheel malik 23-may-2025'); | H256: =F256&G256 -> insert into ins_premium_det (premium_rcv_code,assorted_code, rec_amount,premium_rcv_detail_code,remaining_amt, payrec, mode_code,coinsurance_code,class_cd,it_remarks) values('23May250004','040000184766','7540',(select max(to_number(i.premium_rcv_detail_code))+1 from ins_premium_det i),'7540','7540','09', '11000003','00','Request by Mr. reheel malik 23-may-2025');
A257: KHI/HO/D/MO/PD COMP/P/98018/09/2024 | B257: =VLOOKUP(A257,policy!B:C,2,0) -> 040000184793 | C257: 7540 | D257: =ROUND(C257,0) -> 7540 | E257: 23May250004 | F257: ="insert into ins_premium_det (premium_rcv_code,assorted_code, rec_amount,premium_rcv_detail_code,remaining_amt, payrec, mode_code,coinsurance_code,class_cd,it_remarks) values" -> insert into ins_premium_det (premium_rcv_code,assorted_code, rec_amount,premium_rcv_detail_code,remaining_amt, payrec, mode_code,coinsurance_code,class_cd,it_remarks) values | G257: ="('"&E257&"','"&B257&"','"&C257&"',(select max(to_number(i.premium_rcv_detail_code))+1 from ins_premium_det i),'"&C257&"','"&C257&"','09', '11000003','00','Request by Mr. reheel malik 23-may-2025');" -> ('23May250004','040000184793','7540',(select max(to_number(i.premium_rcv_detail_code))+1 from ins_premium_det i),'7540','7540','09', '11000003','00','Request by Mr. reheel malik 23-may-2025'); | H257: =F257&G257 -> insert into ins_premium_det (premium_rcv_code,assorted_code, rec_amount,premium_rcv_detail_code,remaining_amt, payrec, mode_code,coinsurance_code,class_cd,it_remarks) values('23May250004','040000184793','7540',(select max(to_number(i.premium_rcv_detail_code))+1 from ins_premium_det i),'7540','7540','09', '11000003','00','Request by Mr. reheel malik 23-may-2025');
... A291: KHI/HO/D/MO/PD COMP/E/51911/01/2025 | B291: =VLOOKUP(A291,policy!B:C,2,0) -> 050000846481 | C291: 7540 | D291: =ROUND(C291,0) -> 7540 | E291: 23May250004 | F291: ="insert into ins_premium_det (premium_rcv_code,assorted_code, rec_amount,premium_rcv_detail_code,remaining_amt, payrec, mode_code,coinsurance_code,class_cd,it_remarks) values" -> insert into ins_premium_det (premium_rcv_code,assorted_code, rec_amount,premium_rcv_detail_code,remaining_amt, payrec, mode_code,coinsurance_code,class_cd,it_remarks) values | G291: ="('"&E291&"','"&B291&"','"&C291&"',(select max(to_number(i.premium_rcv_detail_code))+1 from ins_premium_det i),'"&C291&"','"&C291&"','09', '11000003','00','Request by Mr. reheel malik 23-may-2025');" -> ('23May250004','050000846481','7540',(select max(to_number(i.premium_rcv_detail_code))+1 from ins_premium_det i),'7540','7540','09', '11000003','00','Request by Mr. reheel malik 23-may-2025'); | H291: =F291&G291 -> insert into ins_premium_det (premium_rcv_code,assorted_code, rec_amount,premium_rcv_detail_code,remaining_amt, payrec, mode_code,coinsurance_code,class_cd,it_remarks) values('23May250004','050000846481','7540',(select max(to_number(i.premium_rcv_detail_code))+1 from ins_premium_det i),'7540','7540','09', '11000003','00','Request by Mr. reheel malik 23-may-2025');
A292: KHI/HO/D/MO/PC COMP/C/106033/1/01/2025 | B292: =VLOOKUP(A292,Sheet7!B:C,2,0) -> 070000174018 | C292: 7540 | D292: =ROUND(C292,0) -> 7540 | E292: 23May250004 | F292: ="insert into ins_premium_det (premium_rcv_code,assorted_code, rec_amount,premium_rcv_detail_code,remaining_amt, payrec, mode_code,coinsurance_code,class_cd,it_remarks) values" -> insert into ins_premium_det (premium_rcv_code,assorted_code, rec_amount,premium_rcv_detail_code,remaining_amt, payrec, mode_code,coinsurance_code,class_cd,it_remarks) values | G292: ="('"&E292&"','"&B292&"','"&C292&"',(select max(to_number(i.premium_rcv_detail_code))+1 from ins_premium_det i),'"&C292&"','"&C292&"','09', '11000003','00','Request by Mr. reheel malik 23-may-2025');" -> ('23May250004','070000174018','7540',(select max(to_number(i.premium_rcv_detail_code))+1 from ins_premium_det i),'7540','7540','09', '11000003','00','Request by Mr. reheel malik 23-may-2025'); | H292: =F292&G292 -> insert into ins_premium_det (premium_rcv_code,assorted_code, rec_amount,premium_rcv_detail_code,remaining_amt, payrec, mode_code,coinsurance_code,class_cd,it_remarks) values('23May250004','070000174018','7540',(select max(to_number(i.premium_rcv_detail_code))+1 from ins_premium_det i),'7540','7540','09', '11000003','00','Request by Mr. reheel malik 23-may-2025');
A293: KHI/HO/D/MO/PC COMP/P/94786/08/2024 | B293: =VLOOKUP(A293,policy!B:C,2,0) -> 040000180936 | C293: 7540 | D293: =ROUND(C293,0) -> 7540 | E293: 23May250004 | F293: ="insert into ins_premium_det (premium_rcv_code,assorted_code, rec_amount,premium_rcv_detail_code,remaining_amt, payrec, mode_code,coinsurance_code,class_cd,it_remarks) values" -> insert into ins_premium_det (premium_rcv_code,assorted_code, rec_amount,premium_rcv_detail_code,remaining_amt, payrec, mode_code,coinsurance_code,class_cd,it_remarks) values | G293: ="('"&E293&"','"&B293&"','"&C293&"',(select max(to_number(i.premium_rcv_detail_code))+1 from ins_premium_det i),'"&C293&"','"&C293&"','09', '11000003','00','Request by Mr. reheel malik 23-may-2025');" -> ('23May250004','040000180936','7540',(select max(to_number(i.premium_rcv_detail_code))+1 from ins_premium_det i),'7540','7540','09', '11000003','00','Request by Mr. reheel malik 23-may-2025'); | H293: =F293&G293 -> insert into ins_premium_det (premium_rcv_code,assorted_code, rec_amount,premium_rcv_detail_code,remaining_amt, payrec, mode_code,coinsurance_code,class_cd,it_remarks) values('23May250004','040000180936','7540',(select max(to_number(i.premium_rcv_detail_code))+1 from ins_premium_det i),'7540','7540','09', '11000003','00','Request by Mr. reheel malik 23-may-2025');
A294: KHI/HO/D/MO/PC COMP/P/94787/08/2024 | B294: =VLOOKUP(A294,policy!B:C,2,0) -> 040000180937 | C294: 7540 | D294: =ROUND(C294,0) -> 7540 | E294: 23May250004 | F294: ="insert into ins_premium_det (premium_rcv_code,assorted_code, rec_amount,premium_rcv_detail_code,remaining_amt, payrec, mode_code,coinsurance_code,class_cd,it_remarks) values" -> insert into ins_premium_det (premium_rcv_code,assorted_code, rec_amount,premium_rcv_detail_code,remaining_amt, payrec, mode_code,coinsurance_code,class_cd,it_remarks) values | G294: ="('"&E294&"','"&B294&"','"&C294&"',(select max(to_number(i.premium_rcv_detail_code))+1 from ins_premium_det i),'"&C294&"','"&C294&"','09', '11000003','00','Request by Mr. reheel malik 23-may-2025');" -> ('23May250004','040000180937','7540',(select max(to_number(i.premium_rcv_detail_code))+1 from ins_premium_det i),'7540','7540','09', '11000003','00','Request by Mr. reheel malik 23-may-2025'); | H294: =F294&G294 -> insert into ins_premium_det (premium_rcv_code,assorted_code, rec_amount,premium_rcv_detail_code,remaining_amt, payrec, mode_code,coinsurance_code,class_cd,it_remarks) values('23May250004','040000180937','7540',(select max(to_number(i.premium_rcv_detail_code))+1 from ins_premium_det i),'7540','7540','09', '11000003','00','Request by Mr. reheel malik 23-may-2025');
A295: KHI/HO/D/MO/PC COMP/P/96596/09/2024 | B295: =VLOOKUP(A295,policy!B:C,2,0) -> 040000183148 | C295: 7540 | D295: =ROUND(C295,0) -> 7540 | E295: 23May250004 | F295: ="insert into ins_premium_det (premium_rcv_code,assorted_code, rec_amount,premium_rcv_detail_code,remaining_amt, payrec, mode_code,coinsurance_code,class_cd,it_remarks) values" -> insert into ins_premium_det (premium_rcv_code,assorted_code, rec_amount,premium_rcv_detail_code,remaining_amt, payrec, mode_code,coinsurance_code,class_cd,it_remarks) values | G295: ="('"&E295&"','"&B295&"','"&C295&"',(select max(to_number(i.premium_rcv_detail_code))+1 from ins_premium_det i),'"&C295&"','"&C295&"','09', '11000003','00','Request by Mr. reheel malik 23-may-2025');" -> ('23May250004','040000183148','7540',(select max(to_number(i.premium_rcv_detail_code))+1 from ins_premium_det i),'7540','7540','09', '11000003','00','Request by Mr. reheel malik 23-may-2025'); | H295: =F295&G295 -> insert into ins_premium_det (premium_rcv_code,assorted_code, rec_amount,premium_rcv_detail_code,remaining_amt, payrec, mode_code,coinsurance_code,class_cd,it_remarks) values('23May250004','040000183148','7540',(select max(to_number(i.premium_rcv_detail_code))+1 from ins_premium_det i),'7540','7540','09', '11000003','00','Request by Mr. reheel malik 23-may-2025');
A296: KHI/HO/D/MO/PC COMP/P/105252/01/2025 | B296: =VLOOKUP(A296,policy!B:C,2,0) -> 040000193356 | C296: 7540 | D296: =ROUND(C296,0) -> 7540 | E296: 23May250004 | F296: ="insert into ins_premium_det (premium_rcv_code,assorted_code, rec_amount,premium_rcv_detail_code,remaining_amt, payrec, mode_code,coinsurance_code,class_cd,it_remarks) values" -> insert into ins_premium_det (premium_rcv_code,assorted_code, rec_amount,premium_rcv_detail_code,remaining_amt, payrec, mode_code,coinsurance_code,class_cd,it_remarks) values | G296: ="('"&E296&"','"&B296&"','"&C296&"',(select max(to_number(i.premium_rcv_detail_code))+1 from ins_premium_det i),'"&C296&"','"&C296&"','09', '11000003','00','Request by Mr. reheel malik 23-may-2025');" -> ('23May250004','040000193356','7540',(select max(to_number(i.premium_rcv_detail_code))+1 from ins_premium_det i),'7540','7540','09', '11000003','00','Request by Mr. reheel malik 23-may-2025'); | H296: =F296&G296 -> insert into ins_premium_det (premium_rcv_code,assorted_code, rec_amount,premium_rcv_detail_code,remaining_amt, payrec, mode_code,coinsurance_code,class_cd,it_remarks) values('23May250004','040000193356','7540',(select max(to_number(i.premium_rcv_detail_code))+1 from ins_premium_det i),'7540','7540','09', '11000003','00','Request by Mr. reheel malik 23-may-2025');
A297: KHI/HO/D/MO/PC COMP/P/105848/01/2025 | B297: =VLOOKUP(A297,policy!B:C,2,0) -> 040000194067 | C297: 7540 | D297: =ROUND(C297,0) -> 7540 | E297: 23May250004 | F297: ="insert into ins_premium_det (premium_rcv_code,assorted_code, rec_amount,premium_rcv_detail_code,remaining_amt, payrec, mode_code,coinsurance_code,class_cd,it_remarks) values" -> insert into ins_premium_det (premium_rcv_code,assorted_code, rec_amount,premium_rcv_detail_code,remaining_amt, payrec, mode_code,coinsurance_code,class_cd,it_remarks) values | G297: ="('"&E297&"','"&B297&"','"&C297&"',(select max(to_number(i.premium_rcv_detail_code))+1 from ins_premium_det i),'"&C297&"','"&C297&"','09', '11000003','00','Request by Mr. reheel malik 23-may-2025');" -> ('23May250004','040000194067','7540',(select max(to_number(i.premium_rcv_detail_code))+1 from ins_premium_det i),'7540','7540','09', '11000003','00','Request by Mr. reheel malik 23-may-2025'); | H297: =F297&G297 -> insert into ins_premium_det (premium_rcv_code,assorted_code, rec_amount,premium_rcv_detail_code,remaining_amt, payrec, mode_code,coinsurance_code,class_cd,it_remarks) values('23May250004','040000194067','7540',(select max(to_number(i.premium_rcv_detail_code))+1 from ins_premium_det i),'7540','7540','09', '11000003','00','Request by Mr. reheel malik 23-may-2025');
A298: KHI/HO/D/MO/PC COMP/P/107833/03/2025 | B298: =VLOOKUP(A298,policy!B:C,2,0) -> 040000196652 | C298: 7540 | D298: =ROUND(C298,0) -> 7540 | E298: 23May250004 | F298: ="insert into ins_premium_det (premium_rcv_code,assorted_code, rec_amount,premium_rcv_detail_code,remaining_amt, payrec, mode_code,coinsurance_code,class_cd,it_remarks) values" -> insert into ins_premium_det (premium_rcv_code,assorted_code, rec_amount,premium_rcv_detail_code,remaining_amt, payrec, mode_code,coinsurance_code,class_cd,it_remarks) values | G298: ="('"&E298&"','"&B298&"','"&C298&"',(select max(to_number(i.premium_rcv_detail_code))+1 from ins_premium_det i),'"&C298&"','"&C298&"','09', '11000003','00','Request by Mr. reheel malik 23-may-2025');" -> ('23May250004','040000196652','7540',(select max(to_number(i.premium_rcv_detail_code))+1 from ins_premium_det i),'7540','7540','09', '11000003','00','Request by Mr. reheel malik 23-may-2025'); | H298: =F298&G298 -> insert into ins_premium_det (premium_rcv_code,assorted_code, rec_amount,premium_rcv_detail_code,remaining_amt, payrec, mode_code,coinsurance_code,class_cd,it_remarks) values('23May250004','040000196652','7540',(select max(to_number(i.premium_rcv_detail_code))+1 from ins_premium_det i),'7540','7540','09', '11000003','00','Request by Mr. reheel malik 23-may-2025');
A299: KHI/HO/D/MO/PC COMP/P/107834/03/2025 | B299: =VLOOKUP(A299,policy!B:C,2,0) -> 040000196653 | C299: 7540 | D299: =ROUND(C299,0) -> 7540 | E299: 23May250004 | F299: ="insert into ins_premium_det (premium_rcv_code,assorted_code, rec_amount,premium_rcv_detail_code,remaining_amt, payrec, mode_code,coinsurance_code,class_cd,it_remarks) values" -> insert into ins_premium_det (premium_rcv_code,assorted_code, rec_amount,premium_rcv_detail_code,remaining_amt, payrec, mode_code,coinsurance_code,class_cd,it_remarks) values | G299: ="('"&E299&"','"&B299&"','"&C299&"',(select max(to_number(i.premium_rcv_detail_code))+1 from ins_premium_det i),'"&C299&"','"&C299&"','09', '11000003','00','Request by Mr. reheel malik 23-may-2025');" -> ('23May250004','040000196653','7540',(select max(to_number(i.premium_rcv_detail_code))+1 from ins_premium_det i),'7540','7540','09', '11000003','00','Request by Mr. reheel malik 23-may-2025'); | H299: =F299&G299 -> insert into ins_premium_det (premium_rcv_code,assorted_code, rec_amount,premium_rcv_detail_code,remaining_amt, payrec, mode_code,coinsurance_code,class_cd,it_remarks) values('23May250004','040000196653','7540',(select max(to_number(i.premium_rcv_detail_code))+1 from ins_premium_det i),'7540','7540','09', '11000003','00','Request by Mr. reheel malik 23-may-2025');
A300: KHI/HO/D/MO/PC COMP/P/107835/03/2025 | B300: =VLOOKUP(A300,policy!B:C,2,0) -> 040000196654 | C300: 7540 | D300: =ROUND(C300,0) -> 7540 | E300: 23May250004 | F300: ="insert into ins_premium_det (premium_rcv_code,assorted_code, rec_amount,premium_rcv_detail_code,remaining_amt, payrec, mode_code,coinsurance_code,class_cd,it_remarks) values" -> insert into ins_premium_det (premium_rcv_code,assorted_code, rec_amount,premium_rcv_detail_code,remaining_amt, payrec, mode_code,coinsurance_code,class_cd,it_remarks) values | G300: ="('"&E300&"','"&B300&"','"&C300&"',(select max(to_number(i.premium_rcv_detail_code))+1 from ins_premium_det i),'"&C300&"','"&C300&"','09', '11000003','00','Request by Mr. reheel malik 23-may-2025');" -> ('23May250004','040000196654','7540',(select max(to_number(i.premium_rcv_detail_code))+1 from ins_premium_det i),'7540','7540','09', '11000003','00','Request by Mr. reheel malik 23-may-2025'); | H300: =F300&G300 -> insert into ins_premium_det (premium_rcv_code,assorted_code, rec_amount,premium_rcv_detail_code,remaining_amt, payrec, mode_code,coinsurance_code,class_cd,it_remarks) values('23May250004','040000196654','7540',(select max(to_number(i.premium_rcv_detail_code))+1 from ins_premium_det i),'7540','7540','09', '11000003','00','Request by Mr. reheel malik 23-may-2025');
A301: KHI/HO/D/MO/PC COMP/P/107836/03/2025 | B301: =VLOOKUP(A301,policy!B:C,2,0) -> 040000196655 | C301: 7540 | D301: =ROUND(C301,0) -> 7540 | E301: 23May250004 | F301: ="insert into ins_premium_det (premium_rcv_code,assorted_code, rec_amount,premium_rcv_detail_code,remaining_amt, payrec, mode_code,coinsurance_code,class_cd,it_remarks) values" -> insert into ins_premium_det (premium_rcv_code,assorted_code, rec_amount,premium_rcv_detail_code,remaining_amt, payrec, mode_code,coinsurance_code,class_cd,it_remarks) values | G301: ="('"&E301&"','"&B301&"','"&C301&"',(select max(to_number(i.premium_rcv_detail_code))+1 from ins_premium_det i),'"&C301&"','"&C301&"','09', '11000003','00','Request by Mr. reheel malik 23-may-2025');" -> ('23May250004','040000196655','7540',(select max(to_number(i.premium_rcv_detail_code))+1 from ins_premium_det i),'7540','7540','09', '11000003','00','Request by Mr. reheel malik 23-may-2025'); | H301: =F301&G301 -> insert into ins_premium_det (premium_rcv_code,assorted_code, rec_amount,premium_rcv_detail_code,remaining_amt, payrec, mode_code,coinsurance_code,class_cd,it_remarks) values('23May250004','040000196655','7540',(select max(to_number(i.premium_rcv_detail_code))+1 from ins_premium_det i),'7540','7540','09', '11000003','00','Request by Mr. reheel malik 23-may-2025');
A302: KHI/HO/D/MO/CV/P/107844/03/2025 | B302: =VLOOKUP(A302,policy!B:C,2,0) -> 040000196663 | C302: 7540 | D302: =ROUND(C302,0) -> 7540 | E302: 23May250004 | F302: ="insert into ins_premium_det (premium_rcv_code,assorted_code, rec_amount,premium_rcv_detail_code,remaining_amt, payrec, mode_code,coinsurance_code,class_cd,it_remarks) values" -> insert into ins_premium_det (premium_rcv_code,assorted_code, rec_amount,premium_rcv_detail_code,remaining_amt, payrec, mode_code,coinsurance_code,class_cd,it_remarks) values | G302: ="('"&E302&"','"&B302&"','"&C302&"',(select max(to_number(i.premium_rcv_detail_code))+1 from ins_premium_det i),'"&C302&"','"&C302&"','09', '11000003','00','Request by Mr. reheel malik 23-may-2025');" -> ('23May250004','040000196663','7540',(select max(to_number(i.premium_rcv_detail_code))+1 from ins_premium_det i),'7540','7540','09', '11000003','00','Request by Mr. reheel malik 23-may-2025'); | H302: =F302&G302 -> insert into ins_premium_det (premium_rcv_code,assorted_code, rec_amount,premium_rcv_detail_code,remaining_amt, payrec, mode_code,coinsurance_code,class_cd,it_remarks) values('23May250004','040000196663','7540',(select max(to_number(i.premium_rcv_detail_code))+1 from ins_premium_det i),'7540','7540','09', '11000003','00','Request by Mr. reheel malik 23-may-2025');
A303: KHI/HO/D/MO/PC COMP/P/107846/03/2025 | B303: =VLOOKUP(A303,policy!B:C,2,0) -> 040000196665 | C303: 7540 | D303: =ROUND(C303,0) -> 7540 | E303: 23May250004 | F303: ="insert into ins_premium_det (premium_rcv_code,assorted_code, rec_amount,premium_rcv_detail_code,remaining_amt, payrec, mode_code,coinsurance_code,class_cd,it_remarks) values" -> insert into ins_premium_det (premium_rcv_code,assorted_code, rec_amount,premium_rcv_detail_code,remaining_amt, payrec, mode_code,coinsurance_code,class_cd,it_remarks) values | G303: ="('"&E303&"','"&B303&"','"&C303&"',(select max(to_number(i.premium_rcv_detail_code))+1 from ins_premium_det i),'"&C303&"','"&C303&"','09', '11000003','00','Request by Mr. reheel malik 23-may-2025');" -> ('23May250004','040000196665','7540',(select max(to_number(i.premium_rcv_detail_code))+1 from ins_premium_det i),'7540','7540','09', '11000003','00','Request by Mr. reheel malik 23-may-2025'); | H303: =F303&G303 -> insert into ins_premium_det (premium_rcv_code,assorted_code, rec_amount,premium_rcv_detail_code,remaining_amt, payrec, mode_code,coinsurance_code,class_cd,it_remarks) values('23May250004','040000196665','7540',(select max(to_number(i.premium_rcv_detail_code))+1 from ins_premium_det i),'7540','7540','09', '11000003','00','Request by Mr. reheel malik 23-may-2025');
A304: KHI/HO/D/MO/PC COMP/P/107847/03/2025 | B304: =VLOOKUP(A304,policy!B:C,2,0) -> 040000196666 | C304: 7540 | D304: =ROUND(C304,0) -> 7540 | E304: 23May250004 | F304: ="insert into ins_premium_det (premium_rcv_code,assorted_code, rec_amount,premium_rcv_detail_code,remaining_amt, payrec, mode_code,coinsurance_code,class_cd,it_remarks) values" -> insert into ins_premium_det (premium_rcv_code,assorted_code, rec_amount,premium_rcv_detail_code,remaining_amt, payrec, mode_code,coinsurance_code,class_cd,it_remarks) values | G304: ="('"&E304&"','"&B304&"','"&C304&"',(select max(to_number(i.premium_rcv_detail_code))+1 from ins_premium_det i),'"&C304&"','"&C304&"','09', '11000003','00','Request by Mr. reheel malik 23-may-2025');" -> ('23May250004','040000196666','7540',(select max(to_number(i.premium_rcv_detail_code))+1 from ins_premium_det i),'7540','7540','09', '11000003','00','Request by Mr. reheel malik 23-may-2025'); | H304: =F304&G304 -> insert into ins_premium_det (premium_rcv_code,assorted_code, rec_amount,premium_rcv_detail_code,remaining_amt, payrec, mode_code,coinsurance_code,class_cd,it_remarks) values('23May250004','040000196666','7540',(select max(to_number(i.premium_rcv_detail_code))+1 from ins_premium_det i),'7540','7540','09', '11000003','00','Request by Mr. reheel malik 23-may-2025');
... A310: KHI/HO/D/MO/PC COMP/P/108902/04/2025 | B310: =VLOOKUP(A310,policy!B:C,2,0) -> 040000198076 | C310: 7540 | D310: =ROUND(C310,0) -> 7540 | E310: 23May250004 | F310: ="insert into ins_premium_det (premium_rcv_code,assorted_code, rec_amount,premium_rcv_detail_code,remaining_amt, payrec, mode_code,coinsurance_code,class_cd,it_remarks) values" -> insert into ins_premium_det (premium_rcv_code,assorted_code, rec_amount,premium_rcv_detail_code,remaining_amt, payrec, mode_code,coinsurance_code,class_cd,it_remarks) values | G310: ="('"&E310&"','"&B310&"','"&C310&"',(select max(to_number(i.premium_rcv_detail_code))+1 from ins_premium_det i),'"&C310&"','"&C310&"','09', '11000003','00','Request by Mr. reheel malik 23-may-2025');" -> ('23May250004','040000198076','7540',(select max(to_number(i.premium_rcv_detail_code))+1 from ins_premium_det i),'7540','7540','09', '11000003','00','Request by Mr. reheel malik 23-may-2025'); | H310: =F310&G310 -> insert into ins_premium_det (premium_rcv_code,assorted_code, rec_amount,premium_rcv_detail_code,remaining_amt, payrec, mode_code,coinsurance_code,class_cd,it_remarks) values('23May250004','040000198076','7540',(select max(to_number(i.premium_rcv_detail_code))+1 from ins_premium_det i),'7540','7540','09', '11000003','00','Request by Mr. reheel malik 23-may-2025');
A311: KHI/HO/D/MO/PC COMP/C/107535/3/02/2025 | B311: =VLOOKUP(A311,Sheet7!B:C,2,0) -> 070000177201 | C311: 7540 | D311: =ROUND(C311,0) -> 7540 | E311: 23May250004 | F311: ="insert into ins_premium_det (premium_rcv_code,assorted_code, rec_amount,premium_rcv_detail_code,remaining_amt, payrec, mode_code,coinsurance_code,class_cd,it_remarks) values" -> insert into ins_premium_det (premium_rcv_code,assorted_code, rec_amount,premium_rcv_detail_code,remaining_amt, payrec, mode_code,coinsurance_code,class_cd,it_remarks) values | G311: ="('"&E311&"','"&B311&"','"&C311&"',(select max(to_number(i.premium_rcv_detail_code))+1 from ins_premium_det i),'"&C311&"','"&C311&"','09', '11000003','00','Request by Mr. reheel malik 23-may-2025');" -> ('23May250004','070000177201','7540',(select max(to_number(i.premium_rcv_detail_code))+1 from ins_premium_det i),'7540','7540','09', '11000003','00','Request by Mr. reheel malik 23-may-2025'); | H311: =F311&G311 -> insert into ins_premium_det (premium_rcv_code,assorted_code, rec_amount,premium_rcv_detail_code,remaining_amt, payrec, mode_code,coinsurance_code,class_cd,it_remarks) values('23May250004','070000177201','7540',(select max(to_number(i.premium_rcv_detail_code))+1 from ins_premium_det i),'7540','7540','09', '11000003','00','Request by Mr. reheel malik 23-may-2025');
A312: KHI/HO/D/MO/PC COMP/C/107978/1/03/2025 | B312: =VLOOKUP(A312,Sheet7!B:C,2,0) -> 070000177873 | C312: 7540 | D312: =ROUND(C312,0) -> 7540 | E312: 23May250004 | F312: ="insert into ins_premium_det (premium_rcv_code,assorted_code, rec_amount,premium_rcv_detail_code,remaining_amt, payrec, mode_code,coinsurance_code,class_cd,it_remarks) values" -> insert into ins_premium_det (premium_rcv_code,assorted_code, rec_amount,premium_rcv_detail_code,remaining_amt, payrec, mode_code,coinsurance_code,class_cd,it_remarks) values | G312: ="('"&E312&"','"&B312&"','"&C312&"',(select max(to_number(i.premium_rcv_detail_code))+1 from ins_premium_det i),'"&C312&"','"&C312&"','09', '11000003','00','Request by Mr. reheel malik 23-may-2025');" -> ('23May250004','070000177873','7540',(select max(to_number(i.premium_rcv_detail_code))+1 from ins_premium_det i),'7540','7540','09', '11000003','00','Request by Mr. reheel malik 23-may-2025'); | H312: =F312&G312 -> insert into ins_premium_det (premium_rcv_code,assorted_code, rec_amount,premium_rcv_detail_code,remaining_amt, payrec, mode_code,coinsurance_code,class_cd,it_remarks) values('23May250004','070000177873','7540',(select max(to_number(i.premium_rcv_detail_code))+1 from ins_premium_det i),'7540','7540','09', '11000003','00','Request by Mr. reheel malik 23-may-2025');
A313: KHI/HO/D/MO/PC COMP/C/107978/2/03/2025 | B313: =VLOOKUP(A313,Sheet7!B:C,2,0) -> 070000177874 | C313: 7540 | D313: =ROUND(C313,0) -> 7540 | E313: 23May250004 | F313: ="insert into ins_premium_det (premium_rcv_code,assorted_code, rec_amount,premium_rcv_detail_code,remaining_amt, payrec, mode_code,coinsurance_code,class_cd,it_remarks) values" -> insert into ins_premium_det (premium_rcv_code,assorted_code, rec_amount,premium_rcv_detail_code,remaining_amt, payrec, mode_code,coinsurance_code,class_cd,it_remarks) values | G313: ="('"&E313&"','"&B313&"','"&C313&"',(select max(to_number(i.premium_rcv_detail_code))+1 from ins_premium_det i),'"&C313&"','"&C313&"','09', '11000003','00','Request by Mr. reheel malik 23-may-2025');" -> ('23May250004','070000177874','7540',(select max(to_number(i.premium_rcv_detail_code))+1 from ins_premium_det i),'7540','7540','09', '11000003','00','Request by Mr. reheel malik 23-may-2025'); | H313: =F313&G313 -> insert into ins_premium_det (premium_rcv_code,assorted_code, rec_amount,premium_rcv_detail_code,remaining_amt, payrec, mode_code,coinsurance_code,class_cd,it_remarks) values('23May250004','070000177874','7540',(select max(to_number(i.premium_rcv_detail_code))+1 from ins_premium_det i),'7540','7540','09', '11000003','00','Request by Mr. reheel malik 23-may-2025');
A314: KHI/HO/D/MO/PC COMP/C/107978/3/03/2025 | B314: =VLOOKUP(A314,Sheet7!B:C,2,0) -> 070000177875 | C314: 7540 | D314: =ROUND(C314,0) -> 7540 | E314: 23May250004 | F314: ="insert into ins_premium_det (premium_rcv_code,assorted_code, rec_amount,premium_rcv_detail_code,remaining_amt, payrec, mode_code,coinsurance_code,class_cd,it_remarks) values" -> insert into ins_premium_det (premium_rcv_code,assorted_code, rec_amount,premium_rcv_detail_code,remaining_amt, payrec, mode_code,coinsurance_code,class_cd,it_remarks) values | G314: ="('"&E314&"','"&B314&"','"&C314&"',(select max(to_number(i.premium_rcv_detail_code))+1 from ins_premium_det i),'"&C314&"','"&C314&"','09', '11000003','00','Request by Mr. reheel malik 23-may-2025');" -> ('23May250004','070000177875','7540',(select max(to_number(i.premium_rcv_detail_code))+1 from ins_premium_det i),'7540','7540','09', '11000003','00','Request by Mr. reheel malik 23-may-2025'); | H314: =F314&G314 -> insert into ins_premium_det (premium_rcv_code,assorted_code, rec_amount,premium_rcv_detail_code,remaining_amt, payrec, mode_code,coinsurance_code,class_cd,it_remarks) values('23May250004','070000177875','7540',(select max(to_number(i.premium_rcv_detail_code))+1 from ins_premium_det i),'7540','7540','09', '11000003','00','Request by Mr. reheel malik 23-may-2025');
A315: KHI/HO/D/MO/PC COMP/C/107978/4/03/2025 | B315: =VLOOKUP(A315,Sheet7!B:C,2,0) -> 070000177876 | C315: 7540 | D315: =ROUND(C315,0) -> 7540 | E315: 23May250004 | F315: ="insert into ins_premium_det (premium_rcv_code,assorted_code, rec_amount,premium_rcv_detail_code,remaining_amt, payrec, mode_code,coinsurance_code,class_cd,it_remarks) values" -> insert into ins_premium_det (premium_rcv_code,assorted_code, rec_amount,premium_rcv_detail_code,remaining_amt, payrec, mode_code,coinsurance_code,class_cd,it_remarks) values | G315: ="('"&E315&"','"&B315&"','"&C315&"',(select max(to_number(i.premium_rcv_detail_code))+1 from ins_premium_det i),'"&C315&"','"&C315&"','09', '11000003','00','Request by Mr. reheel malik 23-may-2025');" -> ('23May250004','070000177876','7540',(select max(to_number(i.premium_rcv_detail_code))+1 from ins_premium_det i),'7540','7540','09', '11000003','00','Request by Mr. reheel malik 23-may-2025'); | H315: =F315&G315 -> insert into ins_premium_det (premium_rcv_code,assorted_code, rec_amount,premium_rcv_detail_code,remaining_amt, payrec, mode_code,coinsurance_code,class_cd,it_remarks) values('23May250004','070000177876','7540',(select max(to_number(i.premium_rcv_detail_code))+1 from ins_premium_det i),'7540','7540','09', '11000003','00','Request by Mr. reheel malik 23-may-2025');
A316: KHI/HO/D/MO/PC COMP/C/107978/5/03/2025 | B316: =VLOOKUP(A316,Sheet7!B:C,2,0) -> 070000177877 | C316: 7540 | D316: =ROUND(C316,0) -> 7540 | E316: 23May250004 | F316: ="insert into ins_premium_det (premium_rcv_code,assorted_code, rec_amount,premium_rcv_detail_code,remaining_amt, payrec, mode_code,coinsurance_code,class_cd,it_remarks) values" -> insert into ins_premium_det (premium_rcv_code,assorted_code, rec_amount,premium_rcv_detail_code,remaining_amt, payrec, mode_code,coinsurance_code,class_cd,it_remarks) values | G316: ="('"&E316&"','"&B316&"','"&C316&"',(select max(to_number(i.premium_rcv_detail_code))+1 from ins_premium_det i),'"&C316&"','"&C316&"','09', '11000003','00','Request by Mr. reheel malik 23-may-2025');" -> ('23May250004','070000177877','7540',(select max(to_number(i.premium_rcv_detail_code))+1 from ins_premium_det i),'7540','7540','09', '11000003','00','Request by Mr. reheel malik 23-may-2025'); | H316: =F316&G316 -> insert into ins_premium_det (premium_rcv_code,assorted_code, rec_amount,premium_rcv_detail_code,remaining_amt, payrec, mode_code,coinsurance_code,class_cd,it_remarks) values('23May250004','070000177877','7540',(select max(to_number(i.premium_rcv_detail_code))+1 from ins_premium_det i),'7540','7540','09', '11000003','00','Request by Mr. reheel malik 23-may-2025');
A317: KHI/HO/D/MO/PC COMP/C/107979/1/03/2025 | B317: =VLOOKUP(A317,Sheet7!B:C,2,0) -> 070000177879 | C317: 7540 | D317: =ROUND(C317,0) -> 7540 | E317: 23May250004 | F317: ="insert into ins_premium_det (premium_rcv_code,assorted_code, rec_amount,premium_rcv_detail_code,remaining_amt, payrec, mode_code,coinsurance_code,class_cd,it_remarks) values" -> insert into ins_premium_det (premium_rcv_code,assorted_code, rec_amount,premium_rcv_detail_code,remaining_amt, payrec, mode_code,coinsurance_code,class_cd,it_remarks) values | G317: ="('"&E317&"','"&B317&"','"&C317&"',(select max(to_number(i.premium_rcv_detail_code))+1 from ins_premium_det i),'"&C317&"','"&C317&"','09', '11000003','00','Request by Mr. reheel malik 23-may-2025');" -> ('23May250004','070000177879','7540',(select max(to_number(i.premium_rcv_detail_code))+1 from ins_premium_det i),'7540','7540','09', '11000003','00','Request by Mr. reheel malik 23-may-2025'); | H317: =F317&G317 -> insert into ins_premium_det (premium_rcv_code,assorted_code, rec_amount,premium_rcv_detail_code,remaining_amt, payrec, mode_code,coinsurance_code,class_cd,it_remarks) values('23May250004','070000177879','7540',(select max(to_number(i.premium_rcv_detail_code))+1 from ins_premium_det i),'7540','7540','09', '11000003','00','Request by Mr. reheel malik 23-may-2025');
A318: KHI/HO/D/MO/PC COMP/C/107979/2/03/2025 | B318: =VLOOKUP(A318,Sheet7!B:C,2,0) -> 070000177880 | C318: 7540 | D318: =ROUND(C318,0) -> 7540 | E318: 23May250004 | F318: ="insert into ins_premium_det (premium_rcv_code,assorted_code, rec_amount,premium_rcv_detail_code,remaining_amt, payrec, mode_code,coinsurance_code,class_cd,it_remarks) values" -> insert into ins_premium_det (premium_rcv_code,assorted_code, rec_amount,premium_rcv_detail_code,remaining_amt, payrec, mode_code,coinsurance_code,class_cd,it_remarks) values | G318: ="('"&E318&"','"&B318&"','"&C318&"',(select max(to_number(i.premium_rcv_detail_code))+1 from ins_premium_det i),'"&C318&"','"&C318&"','09', '11000003','00','Request by Mr. reheel malik 23-may-2025');" -> ('23May250004','070000177880','7540',(select max(to_number(i.premium_rcv_detail_code))+1 from ins_premium_det i),'7540','7540','09', '11000003','00','Request by Mr. reheel malik 23-may-2025'); | H318: =F318&G318 -> insert into ins_premium_det (premium_rcv_code,assorted_code, rec_amount,premium_rcv_detail_code,remaining_amt, payrec, mode_code,coinsurance_code,class_cd,it_remarks) values('23May250004','070000177880','7540',(select max(to_number(i.premium_rcv_detail_code))+1 from ins_premium_det i),'7540','7540','09', '11000003','00','Request by Mr. reheel malik 23-may-2025');
A319: KHI/HO/D/MO/PC COMP/C/108284/1/03/2025 | B319: =VLOOKUP(A319,Sheet7!B:C,2,0) -> 070000179192 | C319: 7540 | D319: =ROUND(C319,0) -> 7540 | E319: 23May250004 | F319: ="insert into ins_premium_det (premium_rcv_code,assorted_code, rec_amount,premium_rcv_detail_code,remaining_amt, payrec, mode_code,coinsurance_code,class_cd,it_remarks) values" -> insert into ins_premium_det (premium_rcv_code,assorted_code, rec_amount,premium_rcv_detail_code,remaining_amt, payrec, mode_code,coinsurance_code,class_cd,it_remarks) values | G319: ="('"&E319&"','"&B319&"','"&C319&"',(select max(to_number(i.premium_rcv_detail_code))+1 from ins_premium_det i),'"&C319&"','"&C319&"','09', '11000003','00','Request by Mr. reheel malik 23-may-2025');" -> ('23May250004','070000179192','7540',(select max(to_number(i.premium_rcv_detail_code))+1 from ins_premium_det i),'7540','7540','09', '11000003','00','Request by Mr. reheel malik 23-may-2025'); | H319: =F319&G319 -> insert into ins_premium_det (premium_rcv_code,assorted_code, rec_amount,premium_rcv_detail_code,remaining_amt, payrec, mode_code,coinsurance_code,class_cd,it_remarks) values('23May250004','070000179192','7540',(select max(to_number(i.premium_rcv_detail_code))+1 from ins_premium_det i),'7540','7540','09', '11000003','00','Request by Mr. reheel malik 23-may-2025');
A320: KHI/HO/D/MO/PC COMP/C/108284/2/03/2025 | B320: =VLOOKUP(A320,Sheet7!B:C,2,0) -> 070000179193 | C320: 7540 | D320: =ROUND(C320,0) -> 7540 | E320: 23May250004 | F320: ="insert into ins_premium_det (premium_rcv_code,assorted_code, rec_amount,premium_rcv_detail_code,remaining_amt, payrec, mode_code,coinsurance_code,class_cd,it_remarks) values" -> insert into ins_premium_det (premium_rcv_code,assorted_code, rec_amount,premium_rcv_detail_code,remaining_amt, payrec, mode_code,coinsurance_code,class_cd,it_remarks) values | G320: ="('"&E320&"','"&B320&"','"&C320&"',(select max(to_number(i.premium_rcv_detail_code))+1 from ins_premium_det i),'"&C320&"','"&C320&"','09', '11000003','00','Request by Mr. reheel malik 23-may-2025');" -> ('23May250004','070000179193','7540',(select max(to_number(i.premium_rcv_detail_code))+1 from ins_premium_det i),'7540','7540','09', '11000003','00','Request by Mr. reheel malik 23-may-2025'); | H320: =F320&G320 -> insert into ins_premium_det (premium_rcv_code,assorted_code, rec_amount,premium_rcv_detail_code,remaining_amt, payrec, mode_code,coinsurance_code,class_cd,it_remarks) values('23May250004','070000179193','7540',(select max(to_number(i.premium_rcv_detail_code))+1 from ins_premium_det i),'7540','7540','09', '11000003','00','Request by Mr. reheel malik 23-may-2025');
A321: KHI/HO/D/MO/PC COMP/C/108284/3/03/2025 | B321: =VLOOKUP(A321,Sheet7!B:C,2,0) -> 070000179194 | C321: 7540 | D321: =ROUND(C321,0) -> 7540 | E321: 23May250004 | F321: ="insert into ins_premium_det (premium_rcv_code,assorted_code, rec_amount,premium_rcv_detail_code,remaining_amt, payrec, mode_code,coinsurance_code,class_cd,it_remarks) values" -> insert into ins_premium_det (premium_rcv_code,assorted_code, rec_amount,premium_rcv_detail_code,remaining_amt, payrec, mode_code,coinsurance_code,class_cd,it_remarks) values | G321: ="('"&E321&"','"&B321&"','"&C321&"',(select max(to_number(i.premium_rcv_detail_code))+1 from ins_premium_det i),'"&C321&"','"&C321&"','09', '11000003','00','Request by Mr. reheel malik 23-may-2025');" -> ('23May250004','070000179194','7540',(select max(to_number(i.premium_rcv_detail_code))+1 from ins_premium_det i),'7540','7540','09', '11000003','00','Request by Mr. reheel malik 23-may-2025'); | H321: =F321&G321 -> insert into ins_premium_det (premium_rcv_code,assorted_code, rec_amount,premium_rcv_detail_code,remaining_amt, payrec, mode_code,coinsurance_code,class_cd,it_remarks) values('23May250004','070000179194','7540',(select max(to_number(i.premium_rcv_detail_code))+1 from ins_premium_det i),'7540','7540','09', '11000003','00','Request by Mr. reheel malik 23-may-2025');
A322: KHI/HO/D/MO/PC COMP/C/108533/6/04/2025 | B322: =VLOOKUP(A322,Sheet7!B:C,2,0) -> 070000180108 | C322: 7540 | D322: =ROUND(C322,0) -> 7540 | E322: 23May250004 | F322: ="insert into ins_premium_det (premium_rcv_code,assorted_code, rec_amount,premium_rcv_detail_code,remaining_amt, payrec, mode_code,coinsurance_code,class_cd,it_remarks) values" -> insert into ins_premium_det (premium_rcv_code,assorted_code, rec_amount,premium_rcv_detail_code,remaining_amt, payrec, mode_code,coinsurance_code,class_cd,it_remarks) values | G322: ="('"&E322&"','"&B322&"','"&C322&"',(select max(to_number(i.premium_rcv_detail_code))+1 from ins_premium_det i),'"&C322&"','"&C322&"','09', '11000003','00','Request by Mr. reheel malik 23-may-2025');" -> ('23May250004','070000180108','7540',(select max(to_number(i.premium_rcv_detail_code))+1 from ins_premium_det i),'7540','7540','09', '11000003','00','Request by Mr. reheel malik 23-may-2025'); | H322: =F322&G322 -> insert into ins_premium_det (premium_rcv_code,assorted_code, rec_amount,premium_rcv_detail_code,remaining_amt, payrec, mode_code,coinsurance_code,class_cd,it_remarks) values('23May250004','070000180108','7540',(select max(to_number(i.premium_rcv_detail_code))+1 from ins_premium_det i),'7540','7540','09', '11000003','00','Request by Mr. reheel malik 23-may-2025');
... A324: KHI/HO/D/MO/PC COMP/C/103544/2/12/2024 | B324: =VLOOKUP(A324,Sheet7!B:C,2,0) -> 070000171591 | C324: 7540 | D324: =ROUND(C324,0) -> 7540 | E324: 23May250004 | F324: ="insert into ins_premium_det (premium_rcv_code,assorted_code, rec_amount,premium_rcv_detail_code,remaining_amt, payrec, mode_code,coinsurance_code,class_cd,it_remarks) values" -> insert into ins_premium_det (premium_rcv_code,assorted_code, rec_amount,premium_rcv_detail_code,remaining_amt, payrec, mode_code,coinsurance_code,class_cd,it_remarks) values | G324: ="('"&E324&"','"&B324&"','"&C324&"',(select max(to_number(i.premium_rcv_detail_code))+1 from ins_premium_det i),'"&C324&"','"&C324&"','09', '11000003','00','Request by Mr. reheel malik 23-may-2025');" -> ('23May250004','070000171591','7540',(select max(to_number(i.premium_rcv_detail_code))+1 from ins_premium_det i),'7540','7540','09', '11000003','00','Request by Mr. reheel malik 23-may-2025'); | H324: =F324&G324 -> insert into ins_premium_det (premium_rcv_code,assorted_code, rec_amount,premium_rcv_detail_code,remaining_amt, payrec, mode_code,coinsurance_code,class_cd,it_remarks) values('23May250004','070000171591','7540',(select max(to_number(i.premium_rcv_detail_code))+1 from ins_premium_det i),'7540','7540','09', '11000003','00','Request by Mr. reheel malik 23-may-2025');
A325: KHI/HO/D/MO/PC COMP/P/94021/07/2024 | B325: =VLOOKUP(A325,policy!B:C,2,0) -> 040000179991 | C325: 90480 | D325: =ROUND(C325,0) -> 90480 | E325: 23May250004 | F325: ="insert into ins_premium_det (premium_rcv_code,assorted_code, rec_amount,premium_rcv_detail_code,remaining_amt, payrec, mode_code,coinsurance_code,class_cd,it_remarks) values" -> insert into ins_premium_det (premium_rcv_code,assorted_code, rec_amount,premium_rcv_detail_code,remaining_amt, payrec, mode_code,coinsurance_code,class_cd,it_remarks) values | G325: ="('"&E325&"','"&B325&"','"&C325&"',(select max(to_number(i.premium_rcv_detail_code))+1 from ins_premium_det i),'"&C325&"','"&C325&"','09', '11000003','00','Request by Mr. reheel malik 23-may-2025');" -> ('23May250004','040000179991','90480',(select max(to_number(i.premium_rcv_detail_code))+1 from ins_premium_det i),'90480','90480','09', '11000003','00','Request by Mr. reheel malik 23-may-2025'); | H325: =F325&G325 -> insert into ins_premium_det (premium_rcv_code,assorted_code, rec_amount,premium_rcv_detail_code,remaining_amt, payrec, mode_code,coinsurance_code,class_cd,it_remarks) values('23May250004','040000179991','90480',(select max(to_number(i.premium_rcv_detail_code))+1 from ins_premium_det i),'90480','90480','09', '11000003','00','Request by Mr. reheel malik 23-may-2025');
A326: KHI/HO/D/MO/PC COMP/P/103523/12/2024 | B326: =VLOOKUP(A326,policy!B:C,2,0) -> 040000191157 | C326: 7540 | D326: =ROUND(C326,0) -> 7540 | E326: 23May250004 | F326: ="insert into ins_premium_det (premium_rcv_code,assorted_code, rec_amount,premium_rcv_detail_code,remaining_amt, payrec, mode_code,coinsurance_code,class_cd,it_remarks) values" -> insert into ins_premium_det (premium_rcv_code,assorted_code, rec_amount,premium_rcv_detail_code,remaining_amt, payrec, mode_code,coinsurance_code,class_cd,it_remarks) values | G326: ="('"&E326&"','"&B326&"','"&C326&"',(select max(to_number(i.premium_rcv_detail_code))+1 from ins_premium_det i),'"&C326&"','"&C326&"','09', '11000003','00','Request by Mr. reheel malik 23-may-2025');" -> ('23May250004','040000191157','7540',(select max(to_number(i.premium_rcv_detail_code))+1 from ins_premium_det i),'7540','7540','09', '11000003','00','Request by Mr. reheel malik 23-may-2025'); | H326: =F326&G326 -> insert into ins_premium_det (premium_rcv_code,assorted_code, rec_amount,premium_rcv_detail_code,remaining_amt, payrec, mode_code,coinsurance_code,class_cd,it_remarks) values('23May250004','040000191157','7540',(select max(to_number(i.premium_rcv_detail_code))+1 from ins_premium_det i),'7540','7540','09', '11000003','00','Request by Mr. reheel malik 23-may-2025');
A327: KHI/HO/D/MO/PC COMP/P/104666/12/2024 | B327: =VLOOKUP(A327,policy!B:C,2,0) -> 040000192608 | C327: 7540 | D327: =ROUND(C327,0) -> 7540 | E327: 23May250004 | F327: ="insert into ins_premium_det (premium_rcv_code,assorted_code, rec_amount,premium_rcv_detail_code,remaining_amt, payrec, mode_code,coinsurance_code,class_cd,it_remarks) values" -> insert into ins_premium_det (premium_rcv_code,assorted_code, rec_amount,premium_rcv_detail_code,remaining_amt, payrec, mode_code,coinsurance_code,class_cd,it_remarks) values | G327: ="('"&E327&"','"&B327&"','"&C327&"',(select max(to_number(i.premium_rcv_detail_code))+1 from ins_premium_det i),'"&C327&"','"&C327&"','09', '11000003','00','Request by Mr. reheel malik 23-may-2025');" -> ('23May250004','040000192608','7540',(select max(to_number(i.premium_rcv_detail_code))+1 from ins_premium_det i),'7540','7540','09', '11000003','00','Request by Mr. reheel malik 23-may-2025'); | H327: =F327&G327 -> insert into ins_premium_det (premium_rcv_code,assorted_code, rec_amount,premium_rcv_detail_code,remaining_amt, payrec, mode_code,coinsurance_code,class_cd,it_remarks) values('23May250004','040000192608','7540',(select max(to_number(i.premium_rcv_detail_code))+1 from ins_premium_det i),'7540','7540','09', '11000003','00','Request by Mr. reheel malik 23-may-2025');
A328: KHI/HO/D/MO/PD COMP/P/105187/01/2025 | B328: =VLOOKUP(A328,policy!B:C,2,0) -> 040000193272 | C328: 7540 | D328: =ROUND(C328,0) -> 7540 | E328: 23May250004 | F328: ="insert into ins_premium_det (premium_rcv_code,assorted_code, rec_amount,premium_rcv_detail_code,remaining_amt, payrec, mode_code,coinsurance_code,class_cd,it_remarks) values" -> insert into ins_premium_det (premium_rcv_code,assorted_code, rec_amount,premium_rcv_detail_code,remaining_amt, payrec, mode_code,coinsurance_code,class_cd,it_remarks) values | G328: ="('"&E328&"','"&B328&"','"&C328&"',(select max(to_number(i.premium_rcv_detail_code))+1 from ins_premium_det i),'"&C328&"','"&C328&"','09', '11000003','00','Request by Mr. reheel malik 23-may-2025');" -> ('23May250004','040000193272','7540',(select max(to_number(i.premium_rcv_detail_code))+1 from ins_premium_det i),'7540','7540','09', '11000003','00','Request by Mr. reheel malik 23-may-2025'); | H328: =F328&G328 -> insert into ins_premium_det (premium_rcv_code,assorted_code, rec_amount,premium_rcv_detail_code,remaining_amt, payrec, mode_code,coinsurance_code,class_cd,it_remarks) values('23May250004','040000193272','7540',(select max(to_number(i.premium_rcv_detail_code))+1 from ins_premium_det i),'7540','7540','09', '11000003','00','Request by Mr. reheel malik 23-may-2025');
A329: KHI/HO/D/MO/PC COMP/P/105225/01/2025 | B329: =VLOOKUP(A329,policy!B:C,2,0) -> 040000193328 | C329: 7540 | D329: =ROUND(C329,0) -> 7540 | E329: 23May250004 | F329: ="insert into ins_premium_det (premium_rcv_code,assorted_code, rec_amount,premium_rcv_detail_code,remaining_amt, payrec, mode_code,coinsurance_code,class_cd,it_remarks) values" -> insert into ins_premium_det (premium_rcv_code,assorted_code, rec_amount,premium_rcv_detail_code,remaining_amt, payrec, mode_code,coinsurance_code,class_cd,it_remarks) values | G329: ="('"&E329&"','"&B329&"','"&C329&"',(select max(to_number(i.premium_rcv_detail_code))+1 from ins_premium_det i),'"&C329&"','"&C329&"','09', '11000003','00','Request by Mr. reheel malik 23-may-2025');" -> ('23May250004','040000193328','7540',(select max(to_number(i.premium_rcv_detail_code))+1 from ins_premium_det i),'7540','7540','09', '11000003','00','Request by Mr. reheel malik 23-may-2025'); | H329: =F329&G329 -> insert into ins_premium_det (premium_rcv_code,assorted_code, rec_amount,premium_rcv_detail_code,remaining_amt, payrec, mode_code,coinsurance_code,class_cd,it_remarks) values('23May250004','040000193328','7540',(select max(to_number(i.premium_rcv_detail_code))+1 from ins_premium_det i),'7540','7540','09', '11000003','00','Request by Mr. reheel malik 23-may-2025');
A330: KHI/HO/D/MO/PC COMP/P/105237/01/2025 | B330: =VLOOKUP(A330,policy!B:C,2,0) -> 040000193340 | C330: 7540 | D330: =ROUND(C330,0) -> 7540 | E330: 23May250004 | F330: ="insert into ins_premium_det (premium_rcv_code,assorted_code, rec_amount,premium_rcv_detail_code,remaining_amt, payrec, mode_code,coinsurance_code,class_cd,it_remarks) values" -> insert into ins_premium_det (premium_rcv_code,assorted_code, rec_amount,premium_rcv_detail_code,remaining_amt, payrec, mode_code,coinsurance_code,class_cd,it_remarks) values | G330: ="('"&E330&"','"&B330&"','"&C330&"',(select max(to_number(i.premium_rcv_detail_code))+1 from ins_premium_det i),'"&C330&"','"&C330&"','09', '11000003','00','Request by Mr. reheel malik 23-may-2025');" -> ('23May250004','040000193340','7540',(select max(to_number(i.premium_rcv_detail_code))+1 from ins_premium_det i),'7540','7540','09', '11000003','00','Request by Mr. reheel malik 23-may-2025'); | H330: =F330&G330 -> insert into ins_premium_det (premium_rcv_code,assorted_code, rec_amount,premium_rcv_detail_code,remaining_amt, payrec, mode_code,coinsurance_code,class_cd,it_remarks) values('23May250004','040000193340','7540',(select max(to_number(i.premium_rcv_detail_code))+1 from ins_premium_det i),'7540','7540','09', '11000003','00','Request by Mr. reheel malik 23-may-2025');
A331: KHI/HO/D/MO/PC COMP/P/105239/01/2025 | B331: =VLOOKUP(A331,policy!B:C,2,0) -> 040000193343 | C331: 7540 | D331: =ROUND(C331,0) -> 7540 | E331: 23May250004 | F331: ="insert into ins_premium_det (premium_rcv_code,assorted_code, rec_amount,premium_rcv_detail_code,remaining_amt, payrec, mode_code,coinsurance_code,class_cd,it_remarks) values" -> insert into ins_premium_det (premium_rcv_code,assorted_code, rec_amount,premium_rcv_detail_code,remaining_amt, payrec, mode_code,coinsurance_code,class_cd,it_remarks) values | G331: ="('"&E331&"','"&B331&"','"&C331&"',(select max(to_number(i.premium_rcv_detail_code))+1 from ins_premium_det i),'"&C331&"','"&C331&"','09', '11000003','00','Request by Mr. reheel malik 23-may-2025');" -> ('23May250004','040000193343','7540',(select max(to_number(i.premium_rcv_detail_code))+1 from ins_premium_det i),'7540','7540','09', '11000003','00','Request by Mr. reheel malik 23-may-2025'); | H331: =F331&G331 -> insert into ins_premium_det (premium_rcv_code,assorted_code, rec_amount,premium_rcv_detail_code,remaining_amt, payrec, mode_code,coinsurance_code,class_cd,it_remarks) values('23May250004','040000193343','7540',(select max(to_number(i.premium_rcv_detail_code))+1 from ins_premium_det i),'7540','7540','09', '11000003','00','Request by Mr. reheel malik 23-may-2025');
A332: KHI/HO/D/MO/PC COMP/P/105241/01/2025 | B332: =VLOOKUP(A332,policy!B:C,2,0) -> 040000193345 | C332: 7540 | D332: =ROUND(C332,0) -> 7540 | E332: 23May250004 | F332: ="insert into ins_premium_det (premium_rcv_code,assorted_code, rec_amount,premium_rcv_detail_code,remaining_amt, payrec, mode_code,coinsurance_code,class_cd,it_remarks) values" -> insert into ins_premium_det (premium_rcv_code,assorted_code, rec_amount,premium_rcv_detail_code,remaining_amt, payrec, mode_code,coinsurance_code,class_cd,it_remarks) values | G332: ="('"&E332&"','"&B332&"','"&C332&"',(select max(to_number(i.premium_rcv_detail_code))+1 from ins_premium_det i),'"&C332&"','"&C332&"','09', '11000003','00','Request by Mr. reheel malik 23-may-2025');" -> ('23May250004','040000193345','7540',(select max(to_number(i.premium_rcv_detail_code))+1 from ins_premium_det i),'7540','7540','09', '11000003','00','Request by Mr. reheel malik 23-may-2025'); | H332: =F332&G332 -> insert into ins_premium_det (premium_rcv_code,assorted_code, rec_amount,premium_rcv_detail_code,remaining_amt, payrec, mode_code,coinsurance_code,class_cd,it_remarks) values('23May250004','040000193345','7540',(select max(to_number(i.premium_rcv_detail_code))+1 from ins_premium_det i),'7540','7540','09', '11000003','00','Request by Mr. reheel malik 23-may-2025');
A333: KHI/HO/D/MO/PC COMP/P/105243/01/2025 | B333: =VLOOKUP(A333,policy!B:C,2,0) -> 040000193347 | C333: 7540 | D333: =ROUND(C333,0) -> 7540 | E333: 23May250004 | F333: ="insert into ins_premium_det (premium_rcv_code,assorted_code, rec_amount,premium_rcv_detail_code,remaining_amt, payrec, mode_code,coinsurance_code,class_cd,it_remarks) values" -> insert into ins_premium_det (premium_rcv_code,assorted_code, rec_amount,premium_rcv_detail_code,remaining_amt, payrec, mode_code,coinsurance_code,class_cd,it_remarks) values | G333: ="('"&E333&"','"&B333&"','"&C333&"',(select max(to_number(i.premium_rcv_detail_code))+1 from ins_premium_det i),'"&C333&"','"&C333&"','09', '11000003','00','Request by Mr. reheel malik 23-may-2025');" -> ('23May250004','040000193347','7540',(select max(to_number(i.premium_rcv_detail_code))+1 from ins_premium_det i),'7540','7540','09', '11000003','00','Request by Mr. reheel malik 23-may-2025'); | H333: =F333&G333 -> insert into ins_premium_det (premium_rcv_code,assorted_code, rec_amount,premium_rcv_detail_code,remaining_amt, payrec, mode_code,coinsurance_code,class_cd,it_remarks) values('23May250004','040000193347','7540',(select max(to_number(i.premium_rcv_detail_code))+1 from ins_premium_det i),'7540','7540','09', '11000003','00','Request by Mr. reheel malik 23-may-2025');
A334: KHI/HO/D/MO/PC COMP/P/105268/01/2025 | B334: =VLOOKUP(A334,policy!B:C,2,0) -> 040000193374 | C334: 7540 | D334: =ROUND(C334,0) -> 7540 | E334: 23May250004 | F334: ="insert into ins_premium_det (premium_rcv_code,assorted_code, rec_amount,premium_rcv_detail_code,remaining_amt, payrec, mode_code,coinsurance_code,class_cd,it_remarks) values" -> insert into ins_premium_det (premium_rcv_code,assorted_code, rec_amount,premium_rcv_detail_code,remaining_amt, payrec, mode_code,coinsurance_code,class_cd,it_remarks) values | G334: ="('"&E334&"','"&B334&"','"&C334&"',(select max(to_number(i.premium_rcv_detail_code))+1 from ins_premium_det i),'"&C334&"','"&C334&"','09', '11000003','00','Request by Mr. reheel malik 23-may-2025');" -> ('23May250004','040000193374','7540',(select max(to_number(i.premium_rcv_detail_code))+1 from ins_premium_det i),'7540','7540','09', '11000003','00','Request by Mr. reheel malik 23-may-2025'); | H334: =F334&G334 -> insert into ins_premium_det (premium_rcv_code,assorted_code, rec_amount,premium_rcv_detail_code,remaining_amt, payrec, mode_code,coinsurance_code,class_cd,it_remarks) values('23May250004','040000193374','7540',(select max(to_number(i.premium_rcv_detail_code))+1 from ins_premium_det i),'7540','7540','09', '11000003','00','Request by Mr. reheel malik 23-may-2025');
A335: KHI/HO/D/MO/PC COMP/P/105380/01/2025 | B335: =VLOOKUP(A335,policy!B:C,2,0) -> 040000193518 | C335: 7540 | D335: =ROUND(C335,0) -> 7540 | E335: 23May250004 | F335: ="insert into ins_premium_det (premium_rcv_code,assorted_code, rec_amount,premium_rcv_detail_code,remaining_amt, payrec, mode_code,coinsurance_code,class_cd,it_remarks) values" -> insert into ins_premium_det (premium_rcv_code,assorted_code, rec_amount,premium_rcv_detail_code,remaining_amt, payrec, mode_code,coinsurance_code,class_cd,it_remarks) values | G335: ="('"&E335&"','"&B335&"','"&C335&"',(select max(to_number(i.premium_rcv_detail_code))+1 from ins_premium_det i),'"&C335&"','"&C335&"','09', '11000003','00','Request by Mr. reheel malik 23-may-2025');" -> ('23May250004','040000193518','7540',(select max(to_number(i.premium_rcv_detail_code))+1 from ins_premium_det i),'7540','7540','09', '11000003','00','Request by Mr. reheel malik 23-may-2025'); | H335: =F335&G335 -> insert into ins_premium_det (premium_rcv_code,assorted_code, rec_amount,premium_rcv_detail_code,remaining_amt, payrec, mode_code,coinsurance_code,class_cd,it_remarks) values('23May250004','040000193518','7540',(select max(to_number(i.premium_rcv_detail_code))+1 from ins_premium_det i),'7540','7540','09', '11000003','00','Request by Mr. reheel malik 23-may-2025');
A336: KHI/HO/D/MO/PC COMP/P/105489/01/2025 | B336: =VLOOKUP(A336,policy!B:C,2,0) -> 040000193639 | C336: 7540 | D336: =ROUND(C336,0) -> 7540 | E336: 23May250004 | F336: ="insert into ins_premium_det (premium_rcv_code,assorted_code, rec_amount,premium_rcv_detail_code,remaining_amt, payrec, mode_code,coinsurance_code,class_cd,it_remarks) values" -> insert into ins_premium_det (premium_rcv_code,assorted_code, rec_amount,premium_rcv_detail_code,remaining_amt, payrec, mode_code,coinsurance_code,class_cd,it_remarks) values | G336: ="('"&E336&"','"&B336&"','"&C336&"',(select max(to_number(i.premium_rcv_detail_code))+1 from ins_premium_det i),'"&C336&"','"&C336&"','09', '11000003','00','Request by Mr. reheel malik 23-may-2025');" -> ('23May250004','040000193639','7540',(select max(to_number(i.premium_rcv_detail_code))+1 from ins_premium_det i),'7540','7540','09', '11000003','00','Request by Mr. reheel malik 23-may-2025'); | H336: =F336&G336 -> insert into ins_premium_det (premium_rcv_code,assorted_code, rec_amount,premium_rcv_detail_code,remaining_amt, payrec, mode_code,coinsurance_code,class_cd,it_remarks) values('23May250004','040000193639','7540',(select max(to_number(i.premium_rcv_detail_code))+1 from ins_premium_det i),'7540','7540','09', '11000003','00','Request by Mr. reheel malik 23-may-2025');
... A351: KHI/HO/D/MO/PC COMP/E/50142/12/2024 | B351: =VLOOKUP(A351,policy!B:C,2,0) -> 050000834841 | C351: 7540 | D351: =ROUND(C351,0) -> 7540 | E351: 23May250004 | F351: ="insert into ins_premium_det (premium_rcv_code,assorted_code, rec_amount,premium_rcv_detail_code,remaining_amt, payrec, mode_code,coinsurance_code,class_cd,it_remarks) values" -> insert into ins_premium_det (premium_rcv_code,assorted_code, rec_amount,premium_rcv_detail_code,remaining_amt, payrec, mode_code,coinsurance_code,class_cd,it_remarks) values | G351: ="('"&E351&"','"&B351&"','"&C351&"',(select max(to_number(i.premium_rcv_detail_code))+1 from ins_premium_det i),'"&C351&"','"&C351&"','09', '11000003','00','Request by Mr. reheel malik 23-may-2025');" -> ('23May250004','050000834841','7540',(select max(to_number(i.premium_rcv_detail_code))+1 from ins_premium_det i),'7540','7540','09', '11000003','00','Request by Mr. reheel malik 23-may-2025'); | H351: =F351&G351 -> insert into ins_premium_det (premium_rcv_code,assorted_code, rec_amount,premium_rcv_detail_code,remaining_amt, payrec, mode_code,coinsurance_code,class_cd,it_remarks) values('23May250004','050000834841','7540',(select max(to_number(i.premium_rcv_detail_code))+1 from ins_premium_det i),'7540','7540','09', '11000003','00','Request by Mr. reheel malik 23-may-2025');
A352: KHI/HO/D/MO/PC COMP/E/51841/00002/01/2025 | B352: =VLOOKUP(A352,Sheet8!B:C,2,0) -> 050000846215 | C352: 7540 | D352: =ROUND(C352,0) -> 7540 | E352: 23May250004 | F352: ="insert into ins_premium_det (premium_rcv_code,assorted_code, rec_amount,premium_rcv_detail_code,remaining_amt, payrec, mode_code,coinsurance_code,class_cd,it_remarks) values" -> insert into ins_premium_det (premium_rcv_code,assorted_code, rec_amount,premium_rcv_detail_code,remaining_amt, payrec, mode_code,coinsurance_code,class_cd,it_remarks) values | G352: ="('"&E352&"','"&B352&"','"&C352&"',(select max(to_number(i.premium_rcv_detail_code))+1 from ins_premium_det i),'"&C352&"','"&C352&"','09', '11000003','00','Request by Mr. reheel malik 23-may-2025');" -> ('23May250004','050000846215','7540',(select max(to_number(i.premium_rcv_detail_code))+1 from ins_premium_det i),'7540','7540','09', '11000003','00','Request by Mr. reheel malik 23-may-2025'); | H352: =F352&G352 -> insert into ins_premium_det (premium_rcv_code,assorted_code, rec_amount,premium_rcv_detail_code,remaining_amt, payrec, mode_code,coinsurance_code,class_cd,it_remarks) values('23May250004','050000846215','7540',(select max(to_number(i.premium_rcv_detail_code))+1 from ins_premium_det i),'7540','7540','09', '11000003','00','Request by Mr. reheel malik 23-may-2025');
A353: KHI/HO/D/MO/PC COMP/E/51843/01/2025 | B353: =VLOOKUP(A353,policy!B:C,2,0) -> 050000846217 | C353: 7540 | D353: =ROUND(C353,0) -> 7540 | E353: 23May250004 | F353: ="insert into ins_premium_det (premium_rcv_code,assorted_code, rec_amount,premium_rcv_detail_code,remaining_amt, payrec, mode_code,coinsurance_code,class_cd,it_remarks) values" -> insert into ins_premium_det (premium_rcv_code,assorted_code, rec_amount,premium_rcv_detail_code,remaining_amt, payrec, mode_code,coinsurance_code,class_cd,it_remarks) values | G353: ="('"&E353&"','"&B353&"','"&C353&"',(select max(to_number(i.premium_rcv_detail_code))+1 from ins_premium_det i),'"&C353&"','"&C353&"','09', '11000003','00','Request by Mr. reheel malik 23-may-2025');" -> ('23May250004','050000846217','7540',(select max(to_number(i.premium_rcv_detail_code))+1 from ins_premium_det i),'7540','7540','09', '11000003','00','Request by Mr. reheel malik 23-may-2025'); | H353: =F353&G353 -> insert into ins_premium_det (premium_rcv_code,assorted_code, rec_amount,premium_rcv_detail_code,remaining_amt, payrec, mode_code,coinsurance_code,class_cd,it_remarks) values('23May250004','050000846217','7540',(select max(to_number(i.premium_rcv_detail_code))+1 from ins_premium_det i),'7540','7540','09', '11000003','00','Request by Mr. reheel malik 23-may-2025');
A354: KHI/HO/D/MO/PC COMP/E/51844/01/2025 | B354: =VLOOKUP(A354,policy!B:C,2,0) -> 050000846218 | C354: 7540 | D354: =ROUND(C354,0) -> 7540 | E354: 23May250004 | F354: ="insert into ins_premium_det (premium_rcv_code,assorted_code, rec_amount,premium_rcv_detail_code,remaining_amt, payrec, mode_code,coinsurance_code,class_cd,it_remarks) values" -> insert into ins_premium_det (premium_rcv_code,assorted_code, rec_amount,premium_rcv_detail_code,remaining_amt, payrec, mode_code,coinsurance_code,class_cd,it_remarks) values | G354: ="('"&E354&"','"&B354&"','"&C354&"',(select max(to_number(i.premium_rcv_detail_code))+1 from ins_premium_det i),'"&C354&"','"&C354&"','09', '11000003','00','Request by Mr. reheel malik 23-may-2025');" -> ('23May250004','050000846218','7540',(select max(to_number(i.premium_rcv_detail_code))+1 from ins_premium_det i),'7540','7540','09', '11000003','00','Request by Mr. reheel malik 23-may-2025'); | H354: =F354&G354 -> insert into ins_premium_det (premium_rcv_code,assorted_code, rec_amount,premium_rcv_detail_code,remaining_amt, payrec, mode_code,coinsurance_code,class_cd,it_remarks) values('23May250004','050000846218','7540',(select max(to_number(i.premium_rcv_detail_code))+1 from ins_premium_det i),'7540','7540','09', '11000003','00','Request by Mr. reheel malik 23-may-2025');
A355: KHI/HO/D/MO/PC COMP/C/106619/1/01/2025 | B355: =VLOOKUP(A355,Sheet7!B:C,2,0) -> 070000174470 | C355: 7540 | D355: =ROUND(C355,0) -> 7540 | E355: 23May250004 | F355: ="insert into ins_premium_det (premium_rcv_code,assorted_code, rec_amount,premium_rcv_detail_code,remaining_amt, payrec, mode_code,coinsurance_code,class_cd,it_remarks) values" -> insert into ins_premium_det (premium_rcv_code,assorted_code, rec_amount,premium_rcv_detail_code,remaining_amt, payrec, mode_code,coinsurance_code,class_cd,it_remarks) values | G355: ="('"&E355&"','"&B355&"','"&C355&"',(select max(to_number(i.premium_rcv_detail_code))+1 from ins_premium_det i),'"&C355&"','"&C355&"','09', '11000003','00','Request by Mr. reheel malik 23-may-2025');" -> ('23May250004','070000174470','7540',(select max(to_number(i.premium_rcv_detail_code))+1 from ins_premium_det i),'7540','7540','09', '11000003','00','Request by Mr. reheel malik 23-may-2025'); | H355: =F355&G355 -> insert into ins_premium_det (premium_rcv_code,assorted_code, rec_amount,premium_rcv_detail_code,remaining_amt, payrec, mode_code,coinsurance_code,class_cd,it_remarks) values('23May250004','070000174470','7540',(select max(to_number(i.premium_rcv_detail_code))+1 from ins_premium_det i),'7540','7540','09', '11000003','00','Request by Mr. reheel malik 23-may-2025');
A356: KHI/HO/D/MO/PC COMP/C/106619/2/01/2025 | B356: =VLOOKUP(A356,Sheet7!B:C,2,0) -> 070000174472 | C356: 7540 | D356: =ROUND(C356,0) -> 7540 | E356: 23May250004 | F356: ="insert into ins_premium_det (premium_rcv_code,assorted_code, rec_amount,premium_rcv_detail_code,remaining_amt, payrec, mode_code,coinsurance_code,class_cd,it_remarks) values" -> insert into ins_premium_det (premium_rcv_code,assorted_code, rec_amount,premium_rcv_detail_code,remaining_amt, payrec, mode_code,coinsurance_code,class_cd,it_remarks) values | G356: ="('"&E356&"','"&B356&"','"&C356&"',(select max(to_number(i.premium_rcv_detail_code))+1 from ins_premium_det i),'"&C356&"','"&C356&"','09', '11000003','00','Request by Mr. reheel malik 23-may-2025');" -> ('23May250004','070000174472','7540',(select max(to_number(i.premium_rcv_detail_code))+1 from ins_premium_det i),'7540','7540','09', '11000003','00','Request by Mr. reheel malik 23-may-2025'); | H356: =F356&G356 -> insert into ins_premium_det (premium_rcv_code,assorted_code, rec_amount,premium_rcv_detail_code,remaining_amt, payrec, mode_code,coinsurance_code,class_cd,it_remarks) values('23May250004','070000174472','7540',(select max(to_number(i.premium_rcv_detail_code))+1 from ins_premium_det i),'7540','7540','09', '11000003','00','Request by Mr. reheel malik 23-may-2025');
A357: KHI/HO/D/MO/PC COMP/C/106619/3/01/2025 | B357: =VLOOKUP(A357,Sheet7!B:C,2,0) -> 070000174473 | C357: 7540 | D357: =ROUND(C357,0) -> 7540 | E357: 23May250004 | F357: ="insert into ins_premium_det (premium_rcv_code,assorted_code, rec_amount,premium_rcv_detail_code,remaining_amt, payrec, mode_code,coinsurance_code,class_cd,it_remarks) values" -> insert into ins_premium_det (premium_rcv_code,assorted_code, rec_amount,premium_rcv_detail_code,remaining_amt, payrec, mode_code,coinsurance_code,class_cd,it_remarks) values | G357: ="('"&E357&"','"&B357&"','"&C357&"',(select max(to_number(i.premium_rcv_detail_code))+1 from ins_premium_det i),'"&C357&"','"&C357&"','09', '11000003','00','Request by Mr. reheel malik 23-may-2025');" -> ('23May250004','070000174473','7540',(select max(to_number(i.premium_rcv_detail_code))+1 from ins_premium_det i),'7540','7540','09', '11000003','00','Request by Mr. reheel malik 23-may-2025'); | H357: =F357&G357 -> insert into ins_premium_det (premium_rcv_code,assorted_code, rec_amount,premium_rcv_detail_code,remaining_amt, payrec, mode_code,coinsurance_code,class_cd,it_remarks) values('23May250004','070000174473','7540',(select max(to_number(i.premium_rcv_detail_code))+1 from ins_premium_det i),'7540','7540','09', '11000003','00','Request by Mr. reheel malik 23-may-2025');
...

Sheet Sheet5
A1: KHI/HO/D/MO/PC COMP/C/106033/2/01/2025 | B1: -01-2025 | H1: 106033 | I1: 00002 | J1: ="ia.assorted_string like '%"&H1&"-"&I1&B1&"%' or" -> ia.assorted_string like '%106033-00002-01-2025%' or
A2: KHI/HO/D/MO/PC COMP/C/106254/1/01/2025 | B2: -01-2025 | H2: 106254 | I2: 00001 | J2: ="ia.assorted_string like '%"&H2&"-"&I2&B2&"%' or" -> ia.assorted_string like '%106254-00001-01-2025%' or
A3: KHI/HO/D/MO/PC COMP/E/52647/00004/02/2025 | B3: -02-2025 | H3: 52647 | I3: 00004 | J3: ="ia.assorted_string like '%"&H3&"-"&I3&B3&"%' or" -> ia.assorted_string like '%52647-00004-02-2025%' or
A4: KHI/HO/D/MO/CV/C/107155/1/02/2025 | B4: -02-2025 | H4: 107155 | I4: 00001 | J4: ="ia.assorted_string like '%"&H4&"-"&I4&B4&"%' or" -> ia.assorted_string like '%107155-00001-02-2025%' or
A5: KHI/HO/D/MO/PC COMP/C/107260/1/02/2025 | B5: -02-2025 | H5: 107260 | I5: 00001 | J5: ="ia.assorted_string like '%"&H5&"-"&I5&B5&"%' or" -> ia.assorted_string like '%107260-00001-02-2025%' or
A6: KHI/HO/D/MO/PC COMP/C/93729/1/07/2024 | B6: -07-2024 | H6: 93729 | I6: 00001 | J6: ="ia.assorted_string like '%"&H6&"-"&I6&B6&"%' or" -> ia.assorted_string like '%93729-00001-07-2024%' or
A7: KHI/HO/D/MO/PC COMP/C/106033/1/01/2025 | B7: -01-2025 | H7: 106033 | I7: 00001 | J7: ="ia.assorted_string like '%"&H7&"-"&I7&B7&"%' or" -> ia.assorted_string like '%106033-00001-01-2025%' or
A8: KHI/HO/D/MO/PC COMP/C/107535/3/02/2025 | B8: -02-2025 | H8: 107535 | I8: 00003 | J8: ="ia.assorted_string like '%"&H8&"-"&I8&B8&"%' or" -> ia.assorted_string like '%107535-00003-02-2025%' or
A9: KHI/HO/D/MO/PC COMP/C/107978/1/03/2025 | B9: -03-2025 | H9: 107978 | I9: 00001 | J9: ="ia.assorted_string like '%"&H9&"-"&I9&B9&"%' or" -> ia.assorted_string like '%107978-00001-03-2025%' or
A10: KHI/HO/D/MO/PC COMP/C/107978/2/03/2025 | B10: -03-2025 | H10: 107978 | I10: 00002 | J10: ="ia.assorted_string like '%"&H10&"-"&I10&B10&"%' or" -> ia.assorted_string like '%107978-00002-03-2025%' or
A11: KHI/HO/D/MO/PC COMP/C/107978/3/03/2025 | B11: -03-2025 | H11: 107978 | I11: 00003 | J11: ="ia.assorted_string like '%"&H11&"-"&I11&B11&"%' or" -> ia.assorted_string like '%107978-00003-03-2025%' or
A12: KHI/HO/D/MO/PC COMP/C/107978/4/03/2025 | B12: -03-2025 | H12: 107978 | I12: 00004 | J12: ="ia.assorted_string like '%"&H12&"-"&I12&B12&"%' or" -> ia.assorted_string like '%107978-00004-03-2025%' or
... A45: KHI/HO/D/MO/PC COMP/C/106036/8/01/2025 | B45: -01-2025 | H45: 106036 | I45: 00008 | J45: ="ia.assorted_string like '%"&H45&"-"&I45&B45&"%' or" -> ia.assorted_string like '%106036-00008-01-2025%' or

Sheet policy
B1: FUNC_ASSORTED_STRING(IA.ASSORTED_CODE) | C1: ASSORTED_CODE
A2: 1 | B2: KHI/HO/D/HLGRP HEALTH/E/19975/05/2023 | C2: 050000600096
A3: 2 | B3: KHI/HO/D/HLGRP HEALTH/E/16491/09/2022 | C3: 050000505744
A4: 3 | B4: KHI/HO/D/MO/CV/P/86585/04/2024 | C4: 040000170158
A5: 4 | B5: KHI/HO/D/HLGRP HEALTH/E/23517/01/2024 | C5: 050000700693
A6: 5 | B6: KHI/HO/D/HLGRP HEALTH/E/24486/03/2024 | C6: 050000726618
A7: 6 | B7: KHI/HO/D/HLGRP HEALTH/E/22444/11/2023 | C7: 050000676907
A8: 7 | B8: KHI/HO/D/HLGRP HEALTH/E/22752/11/2023 | C8: 050000681397
A9: 8 | B9: KHI/HO/D/MO/PD COMP/P/92400/07/2024 | C9: 040000177997
A10: 9 | B10: KHI/HO/D/MO/CV/P/80024/12/2023 | C10: 040000160362
A11: 10 | B11: KHI/HO/D/HLGRP HEALTH/E/22263/10/2023 | C11: 050000668895
A12: 11 | B12: KHI/HO/D/HLGRP HEALTH/E/23018/12/2023 | C12: 050000688390
A13: 12 | B13: KHI/HO/D/MO/PC COMP/P/84616/02/2024 | C13: 040000167354
... A604: 187 | B604: KHI/HO/D/MO/PC COMP/C/108616/6/04/2025 | C604: 070000180526

Sheet Sheet7
B1: FUNC_ASSORTED_STRING(IA.ASSORTED_CODE) | C1: ASSORTED_CODE
A2: 1 | B2: KHI/HO/D/MO/PC COMP/C/93729/1/07/2024 | C2: 070000162987
A3: 2 | B3: KHI/HO/D/MO/PC COMP/C/106035/1/01/2025 | C3: 070000174024
A4: 3 | B4: KHI/HO/D/MO/PC COMP/C/106036/1/01/2025 | C4: 070000174026
A5: 4 | B5: KHI/HO/D/MO/PC COMP/C/106036/2/01/2025 | C5: 070000174027
A6: 5 | B6: KHI/HO/D/MO/PC COMP/C/106036/3/01/2025 | C6: 070000174028
A7: 6 | B7: KHI/HO/D/MO/PC COMP/C/106036/4/01/2025 | C7: 070000174029
A8: 7 | B8: KHI/HO/D/MO/PC COMP/C/106036/5/01/2025 | C8: 070000174030
A9: 8 | B9: KHI/HO/D/MO/PC COMP/C/106036/7/01/2025 | C9: 070000174032
A10: 9 | B10: KHI/HO/D/MO/PC COMP/C/106036/8/01/2025 | C10: 070000174033
A11: 10 | B11: KHI/HO/D/MO/PC COMP/C/107978/1/03/2025 | C11: 070000177873
A12: 11 | B12: KHI/HO/D/MO/PC COMP/C/107978/2/03/2025 | C12: 070000177874
A13: 12 | B13: KHI/HO/D/MO/PC COMP/C/107978/3/03/2025 | C13: 070000177875
... A38: 37 | B38: KHI/HO/D/MO/PC COMP/C/108533/6/04/2025 | C38: 070000180108

Sheet Sheet8
B1: FUNC_ASSORTED_STRING(IA.ASSORTED_CODE) | C1: ASSORTED_CODE
A2: 1 | B2: KHI/HO/D/MO/PC COMP/E/51840/00001/01/2025 | C2: 050000846212
A3: 2 | B3: KHI/HO/D/MO/PC COMP/E/51841/00002/01/2025 | C3: 050000846215
A4: 3 | B4: KHI/HO/D/MO/PC COMP/E/52382/00001/02/2025 | C4: 050000855916
A5: 4 | B5: KHI/HO/D/MO/PC COMP/E/52382/00002/02/2025 | C5: 050000855917
A6: 5 | B6: KHI/HO/D/MO/PC COMP/E/52647/00018/02/2025 | C6: 050000858754
A7: 6 | B7: KHI/HO/D/MO/PC COMP/E/52647/00028/02/2025 | C7: 050000858760
A8: 7 | B8: KHI/HO/D/MO/PC COMP/E/52647/00004/02/2025 | C8: 050000858775
A9: 8 | B9: KHI/HO/D/MO/PC COMP/E/52647/00021/02/2025 | C9: 050000858777
