Workbook

Sheet Sheet1
A1: ENDORSEMENT NUMBER | B1: NET CONTRIBUTION
A2: KHI/HO/D/HLGRP HEALTH/E/25195/05/2024 | B2: 17498
A3: KHI/HO/D/HLGRP HEALTH/E/25203/05/2024 | B3: 13386
A4: KHI/HO/D/HLGRP HEALTH/E/25204/05/2024 | B4: 9969
A5: KHI/HO/D/HLGRP HEALTH/E/25209/05/2024 | B5: 452345
A6: KHI/HO/D/HLGRP HEALTH/E/25310/05/2024 | B6: 24382
A7: KHI/HO/D/HLGRP HEALTH/E/25336/05/2024 | B7: 43311
A8: KHI/HO/D/HLGRP HEALTH/E/25344/05/2024 | B8: 56014
A9: KHI/HO/D/HLGRP HEALTH/E/25399/05/2024 | B9: -1365554
A10: KHI/HO/D/HLGRP HEALTH/E/25409/05/2024 | B10: 27935
A11: KHI/HO/D/HLGRP HEALTH/E/25410/05/2024 | B11: 4160
A12: KHI/HO/D/HLGRP HEALTH/E/25411/05/2024 | B12: 8320
A13: KHI/HO/D/HLGRP HEALTH/E/25433/05/2024 | B13: 946424
... A79: KHI/HO/D/HLGRP HEALTH/E/27900/10/2024 | B79: 7562
B80: =SUM(B2:B79) -> 1000000

Sheet WORKING
A1: POLICY NO. | B1: Assorted_code | D1: Premium | E1: 04Nov240291
A2: KHI/HO/D/HLGRP HEALTH/E/25195/05/2024 | B2: =VLOOKUP(A2,policy!B:C,2,0) -> 050000743839 | C2: 17498 | D2: =ROUND(C2,0) -> 17498 | E2: 04Nov240291 | F2: ="insert into ins_premium_det (premium_rcv_code,assorted_code, rec_amount,premium_rcv_detail_code,remaining_amt, payrec, mode_code,coinsurance_code,class_cd,it_remarks) values" -> insert into ins_premium_det (premium_rcv_code,assorted_code, rec_amount,premium_rcv_detail_code,remaining_amt, payrec, mode_code,coinsurance_code,class_cd,it_remarks) values | G2: ="('"&E2&"','"&B2&"','"&D2&"',(select max(to_number(i.premium_rcv_detail_code))+1 from ins_premium_det i),'"&D2&"','"&D2&"','02', '11000003','00','Request by Mr. Omair Ali 05-Nov-2024');" -> ('04Nov240291','050000743839','17498',(select max(to_number(i.premium_rcv_detail_code))+1 from ins_premium_det i),'17498','17498','02', '11000003','00','Request by Mr. Omair Ali 05-Nov-2024'); | H2: =F2&G2 -> insert into ins_premium_det (premium_rcv_code,assorted_code, rec_amount,premium_rcv_detail_code,remaining_amt, payrec, mode_code,coinsurance_code,class_cd,it_remarks) values('04Nov240291','050000743839','17498',(select max(to_number(i.premium_rcv_detail_code))+1 from ins_premium_det i),'17498','17498','02', '11000003','00','Request by Mr. Omair Ali 05-Nov-2024');
A3: KHI/HO/D/HLGRP HEALTH/E/25203/05/2024 | B3: =VLOOKUP(A3,policy!B:C,2,0) -> 050000745104 | C3: 13386 | D3: =ROUND(C3,0) -> 13386 | E3: 04Nov240291 | F3: ="insert into ins_premium_det (premium_rcv_code,assorted_code, rec_amount,premium_rcv_detail_code,remaining_amt, payrec, mode_code,coinsurance_code,class_cd,it_remarks) values" -> insert into ins_premium_det (premium_rcv_code,assorted_code, rec_amount,premium_rcv_detail_code,remaining_amt, payrec, mode_code,coinsurance_code,class_cd,it_remarks) values | G3: ="('"&E3&"','"&B3&"','"&D3&"',(select max(to_number(i.premium_rcv_detail_code))+1 from ins_premium_det i),'"&D3&"','"&D3&"','02', '11000003','00','Request by Mr. Omair Ali 05-Nov-2024');" -> ('04Nov240291','050000745104','13386',(select max(to_number(i.premium_rcv_detail_code))+1 from ins_premium_det i),'13386','13386','02', '11000003','00','Request by Mr. Omair Ali 05-Nov-2024'); | H3: =F3&G3 -> insert into ins_premium_det (premium_rcv_code,assorted_code, rec_amount,premium_rcv_detail_code,remaining_amt, payrec, mode_code,coinsurance_code,class_cd,it_remarks) values('04Nov240291','050000745104','13386',(select max(to_number(i.premium_rcv_detail_code))+1 from ins_premium_det i),'13386','13386','02', '11000003','00','Request by Mr. Omair Ali 05-Nov-2024');
A4: KHI/HO/D/HLGRP HEALTH/E/25204/05/2024 | B4: =VLOOKUP(A4,policy!B:C,2,0) -> 050000745106 | C4: 9969 | D4: =ROUND(C4,0) -> 9969 | E4: 04Nov240291 | F4: ="insert into ins_premium_det (premium_rcv_code,assorted_code, rec_amount,premium_rcv_detail_code,remaining_amt, payrec, mode_code,coinsurance_code,class_cd,it_remarks) values" -> insert into ins_premium_det (premium_rcv_code,assorted_code, rec_amount,premium_rcv_detail_code,remaining_amt, payrec, mode_code,coinsurance_code,class_cd,it_remarks) values | G4: ="('"&E4&"','"&B4&"','"&D4&"',(select max(to_number(i.premium_rcv_detail_code))+1 from ins_premium_det i),'"&D4&"','"&D4&"','02', '11000003','00','Request by Mr. Omair Ali 05-Nov-2024');" -> ('04Nov240291','050000745106','9969',(select max(to_number(i.premium_rcv_detail_code))+1 from ins_premium_det i),'9969','9969','02', '11000003','00','Request by Mr. Omair Ali 05-Nov-2024'); | H4: =F4&G4 -> insert into ins_premium_det (premium_rcv_code,assorted_code, rec_amount,premium_rcv_detail_code,remaining_amt, payrec, mode_code,coinsurance_code,class_cd,it_remarks) values('04Nov240291','050000745106','9969',(select max(to_number(i.premium_rcv_detail_code))+1 from ins_premium_det i),'9969','9969','02', '11000003','00','Request by Mr. Omair Ali 05-Nov-2024');
A5: KHI/HO/D/HLGRP HEALTH/E/25209/05/2024 | B5: =VLOOKUP(A5,policy!B:C,2,0) -> 050000745469 | C5: 452345 | D5: =ROUND(C5,0) -> 452345 | E5: 04Nov240291 | F5: ="insert into ins_premium_det (premium_rcv_code,assorted_code, rec_amount,premium_rcv_detail_code,remaining_amt, payrec, mode_code,coinsurance_code,class_cd,it_remarks) values" -> insert into ins_premium_det (premium_rcv_code,assorted_code, rec_amount,premium_rcv_detail_code,remaining_amt, payrec, mode_code,coinsurance_code,class_cd,it_remarks) values | G5: ="('"&E5&"','"&B5&"','"&D5&"',(select max(to_number(i.premium_rcv_detail_code))+1 from ins_premium_det i),'"&D5&"','"&D5&"','02', '11000003','00','Request by Mr. Omair Ali 05-Nov-2024');" -> ('04Nov240291','050000745469','452345',(select max(to_number(i.premium_rcv_detail_code))+1 from ins_premium_det i),'452345','452345','02', '11000003','00','Request by Mr. Omair Ali 05-Nov-2024'); | H5: =F5&G5 -> insert into ins_premium_det (premium_rcv_code,assorted_code, rec_amount,premium_rcv_detail_code,remaining_amt, payrec, mode_code,coinsurance_code,class_cd,it_remarks) values('04Nov240291','050000745469','452345',(select max(to_number(i.premium_rcv_detail_code))+1 from ins_premium_det i),'452345','452345','02', '11000003','00','Request by Mr. Omair Ali 05-Nov-2024');
A6: KHI/HO/D/HLGRP HEALTH/E/25310/05/2024 | B6: =VLOOKUP(A6,policy!B:C,2,0) -> 050000747250 | C6: 24382 | D6: =ROUND(C6,0) -> 24382 | E6: 04Nov240291 | F6: ="insert into ins_premium_det (premium_rcv_code,assorted_code, rec_amount,premium_rcv_detail_code,remaining_amt, payrec, mode_code,coinsurance_code,class_cd,it_remarks) values" -> insert into ins_premium_det (premium_rcv_code,assorted_code, rec_amount,premium_rcv_detail_code,remaining_amt, payrec, mode_code,coinsurance_code,class_cd,it_remarks) values | G6: ="('"&E6&"','"&B6&"','"&D6&"',(select max(to_number(i.premium_rcv_detail_code))+1 from ins_premium_det i),'"&D6&"','"&D6&"','02', '11000003','00','Request by Mr. Omair Ali 05-Nov-2024');" -> ('04Nov240291','050000747250','24382',(select max(to_number(i.premium_rcv_detail_code))+1 from ins_premium_det i),'24382','24382','02', '11000003','00','Request by Mr. Omair Ali 05-Nov-2024'); | H6: =F6&G6 -> insert into ins_premium_det (premium_rcv_code,assorted_code, rec_amount,premium_rcv_detail_code,remaining_amt, payrec, mode_code,coinsurance_code,class_cd,it_remarks) values('04Nov240291','050000747250','24382',(select max(to_number(i.premium_rcv_detail_code))+1 from ins_premium_det i),'24382','24382','02', '11000003','00','Request by Mr. Omair Ali 05-Nov-2024');
A7: KHI/HO/D/HLGRP HEALTH/E/25336/05/2024 | B7: =VLOOKUP(A7,policy!B:C,2,0) -> 050000747319 | C7: 43311 | D7: =ROUND(C7,0) -> 43311 | E7: 04Nov240291 | F7: ="insert into ins_premium_det (premium_rcv_code,assorted_code, rec_amount,premium_rcv_detail_code,remaining_amt, payrec, mode_code,coinsurance_code,class_cd,it_remarks) values" -> insert into ins_premium_det (premium_rcv_code,assorted_code, rec_amount,premium_rcv_detail_code,remaining_amt, payrec, mode_code,coinsurance_code,class_cd,it_remarks) values | G7: ="('"&E7&"','"&B7&"','"&D7&"',(select max(to_number(i.premium_rcv_detail_code))+1 from ins_premium_det i),'"&D7&"','"&D7&"','02', '11000003','00','Request by Mr. Omair Ali 05-Nov-2024');" -> ('04Nov240291','050000747319','43311',(select max(to_number(i.premium_rcv_detail_code))+1 from ins_premium_det i),'43311','43311','02', '11000003','00','Request by Mr. Omair Ali 05-Nov-2024'); | H7: =F7&G7 -> insert into ins_premium_det (premium_rcv_code,assorted_code, rec_amount,premium_rcv_detail_code,remaining_amt, payrec, mode_code,coinsurance_code,class_cd,it_remarks) values('04Nov240291','050000747319','43311',(select max(to_number(i.premium_rcv_detail_code))+1 from ins_premium_det i),'43311','43311','02', '11000003','00','Request by Mr. Omair Ali 05-Nov-2024');
A8: KHI/HO/D/HLGRP HEALTH/E/25344/05/2024 | B8: =VLOOKUP(A8,policy!B:C,2,0) -> 050000747367 | C8: 56014 | D8: =ROUND(C8,0) -> 56014 | E8: 04Nov240291 | F8: ="insert into ins_premium_det (premium_rcv_code,assorted_code, rec_amount,premium_rcv_detail_code,remaining_amt, payrec, mode_code,coinsurance_code,class_cd,it_remarks) values" -> insert into ins_premium_det (premium_rcv_code,assorted_code, rec_amount,premium_rcv_detail_code,remaining_amt, payrec, mode_code,coinsurance_code,class_cd,it_remarks) values | G8: ="('"&E8&"','"&B8&"','"&D8&"',(select max(to_number(i.premium_rcv_detail_code))+1 from ins_premium_det i),'"&D8&"','"&D8&"','02', '11000003','00','Request by Mr. Omair Ali 05-Nov-2024');" -> ('04Nov240291','050000747367','56014',(select max(to_number(i.premium_rcv_detail_code))+1 from ins_premium_det i),'56014','56014','02', '11000003','00','Request by Mr. Omair Ali 05-Nov-2024'); | H8: =F8&G8 -> insert into ins_premium_det (premium_rcv_code,assorted_code, rec_amount,premium_rcv_detail_code,remaining_amt, payrec, mode_code,coinsurance_code,class_cd,it_remarks) values('04Nov240291','050000747367','56014',(select max(to_number(i.premium_rcv_detail_code))+1 from ins_premium_det i),'56014','56014','02', '11000003','00','Request by Mr. Omair Ali 05-Nov-2024');
A9: KHI/HO/D/HLGRP HEALTH/E/25399/05/2024 | B9: =VLOOKUP(A9,policy!B:C,2,0) -> 050000748807 | C9: -1365554 | D9: =ROUND(C9,0) -> -1365554 | E9: 04Nov240291 | F9: ="insert into ins_premium_det (premium_rcv_code,assorted_code, rec_amount,premium_rcv_detail_code,remaining_amt, payrec, mode_code,coinsurance_code,class_cd,it_remarks) values" -> insert into ins_premium_det (premium_rcv_code,assorted_code, rec_amount,premium_rcv_detail_code,remaining_amt, payrec, mode_code,coinsurance_code,class_cd,it_remarks) values | G9: ="('"&E9&"','"&B9&"','"&D9&"',(select max(to_number(i.premium_rcv_detail_code))+1 from ins_premium_det i),'"&D9&"','"&D9&"','02', '11000003','00','Request by Mr. Omair Ali 05-Nov-2024');" -> ('04Nov240291','050000748807','-1365554',(select max(to_number(i.premium_rcv_detail_code))+1 from ins_premium_det i),'-1365554','-1365554','02', '11000003','00','Request by Mr. Omair Ali 05-Nov-2024'); | H9: =F9&G9 -> insert into ins_premium_det (premium_rcv_code,assorted_code, rec_amount,premium_rcv_detail_code,remaining_amt, payrec, mode_code,coinsurance_code,class_cd,it_remarks) values('04Nov240291','050000748807','-1365554',(select max(to_number(i.premium_rcv_detail_code))+1 from ins_premium_det i),'-1365554','-1365554','02', '11000003','00','Request by Mr. Omair Ali 05-Nov-2024');
A10: KHI/HO/D/HLGRP HEALTH/E/25409/05/2024 | B10: =VLOOKUP(A10,policy!B:C,2,0) -> 050000748851 | C10: 27935 | D10: =ROUND(C10,0) -> 27935 | E10: 04Nov240291 | F10: ="insert into ins_premium_det (premium_rcv_code,assorted_code, rec_amount,premium_rcv_detail_code,remaining_amt, payrec, mode_code,coinsurance_code,class_cd,it_remarks) values" -> insert into ins_premium_det (premium_rcv_code,assorted_code, rec_amount,premium_rcv_detail_code,remaining_amt, payrec, mode_code,coinsurance_code,class_cd,it_remarks) values | G10: ="('"&E10&"','"&B10&"','"&D10&"',(select max(to_number(i.premium_rcv_detail_code))+1 from ins_premium_det i),'"&D10&"','"&D10&"','02', '11000003','00','Request by Mr. Omair Ali 05-Nov-2024');" -> ('04Nov240291','050000748851','27935',(select max(to_number(i.premium_rcv_detail_code))+1 from ins_premium_det i),'27935','27935','02', '11000003','00','Request by Mr. Omair Ali 05-Nov-2024'); | H10: =F10&G10 -> insert into ins_premium_det (premium_rcv_code,assorted_code, rec_amount,premium_rcv_detail_code,remaining_amt, payrec, mode_code,coinsurance_code,class_cd,it_remarks) values('04Nov240291','050000748851','27935',(select max(to_number(i.premium_rcv_detail_code))+1 from ins_premium_det i),'27935','27935','02', '11000003','00','Request by Mr. Omair Ali 05-Nov-2024');
A11: KHI/HO/D/HLGRP HEALTH/E/25410/05/2024 | B11: =VLOOKUP(A11,policy!B:C,2,0) -> 050000748852 | C11: 4160 | D11: =ROUND(C11,0) -> 4160 | E11: 04Nov240291 | F11: ="insert into ins_premium_det (premium_rcv_code,assorted_code, rec_amount,premium_rcv_detail_code,remaining_amt, payrec, mode_code,coinsurance_code,class_cd,it_remarks) values" -> insert into ins_premium_det (premium_rcv_code,assorted_code, rec_amount,premium_rcv_detail_code,remaining_amt, payrec, mode_code,coinsurance_code,class_cd,it_remarks) values | G11: ="('"&E11&"','"&B11&"','"&D11&"',(select max(to_number(i.premium_rcv_detail_code))+1 from ins_premium_det i),'"&D11&"','"&D11&"','02', '11000003','00','Request by Mr. Omair Ali 05-Nov-2024');" -> ('04Nov240291','050000748852','4160',(select max(to_number(i.premium_rcv_detail_code))+1 from ins_premium_det i),'4160','4160','02', '11000003','00','Request by Mr. Omair Ali 05-Nov-2024'); | H11: =F11&G11 -> insert into ins_premium_det (premium_rcv_code,assorted_code, rec_amount,premium_rcv_detail_code,remaining_amt, payrec, mode_code,coinsurance_code,class_cd,it_remarks) values('04Nov240291','050000748852','4160',(select max(to_number(i.premium_rcv_detail_code))+1 from ins_premium_det i),'4160','4160','02', '11000003','00','Request by Mr. Omair Ali 05-Nov-2024');
A12: KHI/HO/D/HLGRP HEALTH/E/25411/05/2024 | B12: =VLOOKUP(A12,policy!B:C,2,0) -> 050000748853 | C12: 8320 | D12: =ROUND(C12,0) -> 8320 | E12: 04Nov240291 | F12: ="insert into ins_premium_det (premium_rcv_code,assorted_code, rec_amount,premium_rcv_detail_code,remaining_amt, payrec, mode_code,coinsurance_code,class_cd,it_remarks) values" -> insert into ins_premium_det (premium_rcv_code,assorted_code, rec_amount,premium_rcv_detail_code,remaining_amt, payrec, mode_code,coinsurance_code,class_cd,it_remarks) values | G12: ="('"&E12&"','"&B12&"','"&D12&"',(select max(to_number(i.premium_rcv_detail_code))+1 from ins_premium_det i),'"&D12&"','"&D12&"','02', '11000003','00','Request by Mr. Omair Ali 05-Nov-2024');" -> ('04Nov240291','050000748853','8320',(select max(to_number(i.premium_rcv_detail_code))+1 from ins_premium_det i),'8320','8320','02', '11000003','00','Request by Mr. Omair Ali 05-Nov-2024'); | H12: =F12&G12 -> insert into ins_premium_det (premium_rcv_code,assorted_code, rec_amount,premium_rcv_detail_code,remaining_amt, payrec, mode_code,coinsurance_code,class_cd,it_remarks) values('04Nov240291','050000748853','8320',(select max(to_number(i.premium_rcv_detail_code))+1 from ins_premium_det i),'8320','8320','02', '11000003','00','Request by Mr. Omair Ali 05-Nov-2024');
A13: KHI/HO/D/HLGRP HEALTH/E/25433/05/2024 | B13: =VLOOKUP(A13,policy!B:C,2,0) -> 050000750191 | C13: 946424 | D13: =ROUND(C13,0) -> 946424 | E13: 04Nov240291 | F13: ="insert into ins_premium_det (premium_rcv_code,assorted_code, rec_amount,premium_rcv_detail_code,remaining_amt, payrec, mode_code,coinsurance_code,class_cd,it_remarks) values" -> insert into ins_premium_det (premium_rcv_code,assorted_code, rec_amount,premium_rcv_detail_code,remaining_amt, payrec, mode_code,coinsurance_code,class_cd,it_remarks) values | G13: ="('"&E13&"','"&B13&"','"&D13&"',(select max(to_number(i.premium_rcv_detail_code))+1 from ins_premium_det i),'"&D13&"','"&D13&"','02', '11000003','00','Request by Mr. Omair Ali 05-Nov-2024');" -> ('04Nov240291','050000750191','946424',(select max(to_number(i.premium_rcv_detail_code))+1 from ins_premium_det i),'946424','946424','02', '11000003','00','Request by Mr. Omair Ali 05-Nov-2024'); | H13: =F13&G13 -> insert into ins_premium_det (premium_rcv_code,assorted_code, rec_amount,premium_rcv_detail_code,remaining_amt, payrec, mode_code,coinsurance_code,class_cd,it_remarks) values('04Nov240291','050000750191','946424',(select max(to_number(i.premium_rcv_detail_code))+1 from ins_premium_det i),'946424','946424','02', '11000003','00','Request by Mr. Omair Ali 05-Nov-2024');
... A79: KHI/HO/D/HLGRP HEALTH/E/27900/10/2024 | B79: =VLOOKUP(A79,policy!B:C,2,0) -> 050000800726 | C79: 7562 | D79: =ROUND(C79,0) -> 7562 | E79: 04Nov240291 | F79: ="insert into ins_premium_det (premium_rcv_code,assorted_code, rec_amount,premium_rcv_detail_code,remaining_amt, payrec, mode_code,coinsurance_code,class_cd,it_remarks) values" -> insert into ins_premium_det (premium_rcv_code,assorted_code, rec_amount,premium_rcv_detail_code,remaining_amt, payrec, mode_code,coinsurance_code,class_cd,it_remarks) values | G79: ="('"&E79&"','"&B79&"','"&D79&"',(select max(to_number(i.premium_rcv_detail_code))+1 from ins_premium_det i),'"&D79&"','"&D79&"','02', '11000003','00','Request by Mr. Omair Ali 05-Nov-2024');" -> ('04Nov240291','050000800726','7562',(select max(to_number(i.premium_rcv_detail_code))+1 from ins_premium_det i),'7562','7562','02', '11000003','00','Request by Mr. Omair Ali 05-Nov-2024'); | H79: =F79&G79 -> insert into ins_premium_det (premium_rcv_code,assorted_code, rec_amount,premium_rcv_detail_code,remaining_amt, payrec, mode_code,coinsurance_code,class_cd,it_remarks) values('04Nov240291','050000800726','7562',(select max(to_number(i.premium_rcv_detail_code))+1 from ins_premium_det i),'7562','7562','02', '11000003','00','Request by Mr. Omair Ali 05-Nov-2024');
C81: =SUM(C2:C79) -> 1000000 | D81: =SUM(D2:D79) -> 1000000

Sheet Sheet3
A1: KHI/HO/D/HLGRP HEALTH/E/25195/05/2024 | B1: -05-2024 | D1: 25195 | E1: ="ia.assorted_string like '%"&D1&B1&"%' or" -> ia.assorted_string like '%25195-05-2024%' or
A2: KHI/HO/D/HLGRP HEALTH/E/25203/05/2024 | B2: -05-2024 | D2: 25203 | E2: ="ia.assorted_string like '%"&D2&B2&"%' or" -> ia.assorted_string like '%25203-05-2024%' or
A3: KHI/HO/D/HLGRP HEALTH/E/25204/05/2024 | B3: -05-2024 | D3: 25204 | E3: ="ia.assorted_string like '%"&D3&B3&"%' or" -> ia.assorted_string like '%25204-05-2024%' or
A4: KHI/HO/D/HLGRP HEALTH/E/25209/05/2024 | B4: -05-2024 | D4: 25209 | E4: ="ia.assorted_string like '%"&D4&B4&"%' or" -> ia.assorted_string like '%25209-05-2024%' or
A5: KHI/HO/D/HLGRP HEALTH/E/25310/05/2024 | B5: -05-2024 | D5: 25310 | E5: ="ia.assorted_string like '%"&D5&B5&"%' or" -> ia.assorted_string like '%25310-05-2024%' or
A6: KHI/HO/D/HLGRP HEALTH/E/25336/05/2024 | B6: -05-2024 | D6: 25336 | E6: ="ia.assorted_string like '%"&D6&B6&"%' or" -> ia.assorted_string like '%25336-05-2024%' or
A7: KHI/HO/D/HLGRP HEALTH/E/25344/05/2024 | B7: -05-2024 | D7: 25344 | E7: ="ia.assorted_string like '%"&D7&B7&"%' or" -> ia.assorted_string like '%25344-05-2024%' or
A8: KHI/HO/D/HLGRP HEALTH/E/25399/05/2024 | B8: -05-2024 | D8: 25399 | E8: ="ia.assorted_string like '%"&D8&B8&"%' or" -> ia.assorted_string like '%25399-05-2024%' or
A9: KHI/HO/D/HLGRP HEALTH/E/25409/05/2024 | B9: -05-2024 | D9: 25409 | E9: ="ia.assorted_string like '%"&D9&B9&"%' or" -> ia.assorted_string like '%25409-05-2024%' or
A10: KHI/HO/D/HLGRP HEALTH/E/25410/05/2024 | B10: -05-2024 | D10: 25410 | E10: ="ia.assorted_string like '%"&D10&B10&"%' or" -> ia.assorted_string like '%25410-05-2024%' or
A11: KHI/HO/D/HLGRP HEALTH/E/25411/05/2024 | B11: -05-2024 | D11: 25411 | E11: ="ia.assorted_string like '%"&D11&B11&"%' or" -> ia.assorted_string like '%25411-05-2024%' or
A12: KHI/HO/D/HLGRP HEALTH/E/25433/05/2024 | B12: -05-2024 | D12: 25433 | E12: ="ia.assorted_string like '%"&D12&B12&"%' or" -> ia.assorted_string like '%25433-05-2024%' or
... A78: KHI/HO/D/HLGRP HEALTH/E/27900/10/2024 | B78: -10-2024 | D78: 27900 | E78: ="ia.assorted_string like '%"&D78&B78&"%' or" -> ia.assorted_string like '%27900-10-2024%' or

Sheet policy
B1: FUNC_ASSORTED_STRING(IA.ASSORTED_CODE) | C1: ASSORTED_CODE
A2: 1 | B2: KHI/HO/D/HLGRP HEALTH/E/26550/08/2024 | C2: 050000777730
A3: 2 | B3: KHI/HO/D/HLGRP HEALTH/E/25580/06/2024 | C3: 050000753670
A4: 3 | B4: KHI/HO/D/HLGRP HEALTH/E/25718/06/2024 | C4: 050000758201
A5: 4 | B5: KHI/HO/D/HLGRP HEALTH/E/27314/09/2024 | C5: 050000789886
A6: 5 | B6: KHI/HO/D/HLGRP HEALTH/E/27221/09/2024 | C6: 050000788839
A7: 6 | B7: KHI/HO/D/HLGRP HEALTH/E/27241/09/2024 | C7: 050000789464
A8: 7 | B8: KHI/HO/D/HLGRP HEALTH/E/27438/09/2024 | C8: 050000791635
A9: 8 | B9: KHI/HO/D/HLGRP HEALTH/E/26975/09/2024 | C9: 050000786196
A10: 9 | B10: KHI/HO/D/HLGRP HEALTH/E/27721/10/2024 | C10: 050000798282
A11: 10 | B11: KHI/HO/D/HLGRP HEALTH/E/26838/08/2024 | C11: 050000781452
A12: 11 | B12: KHI/HO/D/HLGRP HEALTH/E/27151/09/2024 | C12: 050000787805
A13: 12 | B13: KHI/HO/D/HLGRP HEALTH/E/27590/10/2024 | C13: 050000795469
... A79: 78 | B79: KHI/HO/D/HLGRP HEALTH/E/26005/07/2024 | C79: 050000761402
