Workbook

Sheet T-PAK
A1: Sr. | B1: Status | C1: Contract No. | D1: Insurance Agency | E1: Customer Name | F1: City | G1: CNIC No. | H1: Home Phone# | I1: Mobile Number | J1: Business Phone# | K1: Mail Address | L1: Finance Amount | M1: Car Price | N1: Ins. Policy | O1: Ins. Expiry Date | P1: Engine No. | Q1: Chassis No. | R1: Car Category | S1: Reg. No. | T1: Car Name | U1: Model | V1: Contract Booking Date | W1: Contract Value Date | X1: Contract Maturity Date | Y1: Purchase Order No. | Z1: Tenor#2 | AA1: Tracker Company | AB1: Tracker Reference Number | AC1: Tracker Installation Date | AD1: Rate | AE1: Sum Insured | AF1: Premium | AG1: OLD Contract Ref | AH1: Remarks-I | AI1: Remarks-II | AJ1: Policy # | AK1: Tms prem
A2: 1 | B2: ACTIVE | C2: 9976AD1211970001 | D2: T-PAK | E2: SOHAIL NASIR | F2: Faisalabad | G2: 33100-7633385-9 | H2: 03222227879 | I2: 03222227879, 03222227879 | J2: 03222227879 | K2: H NO 155 B-BLOCK GALIB CITY FAISALABAD PK | L2: 1001250 | M2: 1335000 | N2: 2021/10/CLFFTPCDP01207 | O2: 45597 | P2: 191006 | Q2: 1091022 | R2: NEW | T2: SUZUKI ALTO VXR EURO-II | U2: 2021 | V2: 16-JUL-2021 | W2: 11-NOV-2021 | X2: 11-Nov-2026 | Y2: OLAFSD300070753 | Z2: 5 | AA2: CTRK | AB2: DIB0032363 | AC2: 02-NOV-2021 | AD2: 2% | AE2: 1068000 | AF2: 21360 | AJ2: =_xlfn.XLOOKUP(Table9[[#This Row],[Engine No.]],'[1]Dubai Islamic Consumer'!$Q$3:$Q$1176,'[1]Dubai Islamic Consumer'!$B$3:$B$1176,,,) -> KHI/HO/D/MO/PC COMP/C/102086/2/11/2024
A3: 2 | B3: ACTIVE | C3: 9976AD1212090016 | D3: T-PAK | E3: IKHLAQ HUSSAIN | F3: Faisalabad | G3: 33100-0642718-5 | I3: 03006660309 | K3: SHOP NO 1891 AL MADINA COMMERCIAL MARKET NEAR MAIN CENTER GANESH MILLS FACTORY AREA FAISALABAD | L3: 1098000 | M3: 1830000 | N3: DIB/T/34267/LHR/1121 | O3: 45597 | P3: 187626 | Q3: 10087599 | R3: NEW | T3: CULTUS VXL | U3: 2021 | V3: 28-JUL-2021 | W3: 11-NOV-2021 | X3: 11-Nov-2026 | Y3: OLAFSD300071229 | Z3: 5 | AA3: CTRK | AB3: DIB0032361 | AC3: 02-NOV-2021 | AD3: 2% | AE3: 1464000 | AF3: 29280 | AJ3: =_xlfn.XLOOKUP(Table9[[#This Row],[Engine No.]],'[1]Dubai Islamic Consumer'!$Q$3:$Q$1176,'[1]Dubai Islamic Consumer'!$B$3:$B$1176,,,) -> KHI/HO/D/MO/PC COMP/C/102086/3/11/2024
A4: 3 | B4: ACTIVE | C4: 9976AD1212560009 | D4: T-PAK | E4: SELMAN RASHID IQBAL | F4: Sialkot | G4: 34603-2315200-3 | H4: 92524295927 | I4: 03018718899 | J4: 92523241923 | K4: HOUSE NO 127/24 HAIDAR ROAD SIALKOT CANTT TEHSIL AND DISTT SIALKOT | L4: 2027250 | M4: 2703000 | N4: UWT/D/T002/0000001124/1121/109-0 | O4: 45597 | P4: 2A39606 | Q4: 7024780 | R4: NEW | T4: COROLLA YARIS 1.3 AT | U4: 2021 | V4: 13-SEP-2021 | W4: 11-NOV-2021 | X4: 11-Nov-2026 | Y4: OLASKT300073113 | Z4: 5 | AA4: CTRK | AB4: DIB0032370 | AC4: 02-NOV-2021 | AD4: 1.75% | AE4: 2162400 | AF4: 37842 | AJ4: =_xlfn.XLOOKUP(Table9[[#This Row],[Engine No.]],'[1]Dubai Islamic Consumer'!$Q$3:$Q$1176,'[1]Dubai Islamic Consumer'!$B$3:$B$1176,,,) -> KHI/HO/D/MO/PC COMP/C/102086/5/11/2024
A5: 4 | B5: ACTIVE | C5: 997AAD1203050109 | D5: T-PAK | E5: ASAD MEHMOOD | F5: Rawalpindi | G5: 37405-0550285-5 | H5: 03345931343 | J5: 03005305187 | K5: KHASRA # 209 RAJA ASAD STREET ST # 37/8 MOHALLAH MILLATABAD BARAF KHAN RAWALPINDI PK | L5: 2986125 | M5: 3981500 | N5: 2524/02150/00177/11/2020 | O5: 45597 | P5: 914453 | Q5: 066325 | R5: NEW | T5: CIVIC VTI ORIEL P/T | U5: 2020 | V5: 31-OCT-2020 | W5: 11-NOV-2020 | X5: 11-Nov-2025 | Y5: POARWP300059795 | Z5: 5 | AA5: CTRK | AB5: DIB0028990 | AC5: 03-NOV-2020 | AD5: 2% | AE5: 2986125 | AF5: 59723 | AJ5: =_xlfn.XLOOKUP(Table9[[#This Row],[Engine No.]],'[1]Dubai Islamic Consumer'!$Q$3:$Q$1176,'[1]Dubai Islamic Consumer'!$B$3:$B$1176,,,) -> KHI/HO/D/MO/PC COMP/C/102086/6/11/2024
A6: 5 | B6: ACTIVE | C6: 9976AD1212120085 | D6: T-PAK | E6: ASIF MAHMOOD | F6: Lahore | G6: 35201-1571249-5 | H6: 03214765797 | I6: 03214765797 | J6: 04236520393 | K6: 5-A USMAN BLOCK CANAL BANK SCHEME H ARBANSPURA LAHORE | L6: 3952500 | M6: 5270000 | N6: DIB/T/34275/LHR/1121 | O6: 45597 | P6: 318580 | Q6: 513459 | R6: NEW | T6: KIA SPORTAGE AWD | U6: 2021 | V6: 31-JUL-2021 | W6: 11-NOV-2021 | X6: 11-Nov-2026 | Y6: OLALHR300071474 | Z6: 5 | AA6: ITECL | AB6: 5568/11/2021 | AC6: 02-NOV-2021 | AD6: 1.75% | AE6: 4216000 | AF6: 73780 | AJ6: =_xlfn.XLOOKUP(Table9[[#This Row],[Engine No.]],'[1]Dubai Islamic Consumer'!$Q$3:$Q$1176,'[1]Dubai Islamic Consumer'!$B$3:$B$1176,,,) -> KHI/HO/D/MO/PC COMP/C/102086/7/11/2024
A7: 6 | B7: ACTIVE | C7: 9976AD1211650002 | D7: T-PAK | E7: USAMA SHAFIQ | F7: Faisalabad | G7: 33102-6906523-3 | H7: 8777818 | I7: 03119999595, 03119999595 | J7: 03119999595 | K7: 46-A, TECH TOWN, NEAR SATYANA ROAD FAISALABAD PK | L7: 6516300 | M7: 9309000 | N7: 01-2110-PO-MTR-PCCM-D-001497 | O7: 45597 | P7: 1GD-5077748 | Q7: R-1097037 | R7: NEW | T7: FORTUNER A/T | U7: 2021 | V7: 14-JUN-2021 | W7: 03-DEC-2021 | X7: 03-Dec-2026 | Y7: OLAFSD300069468 | Z7: 5 | AA7: CTRK | AB7: DIB0032371 | AC7: 02-NOV-2021 | AD7: 1.75% | AE7: 7447200 | AF7: 130326 | AJ7: =_xlfn.XLOOKUP(Table9[[#This Row],[Engine No.]],'[1]Dubai Islamic Consumer'!$Q$3:$Q$1176,'[1]Dubai Islamic Consumer'!$B$3:$B$1176,,,) -> KHI/HO/D/MO/PC COMP/C/102086/8/11/2024
A8: 7 | B8: ACTIVE | C8: 9976AP1223080006 | D8: T-PAK | E8: MUHAMMAD SAMEER KAZI | F8: Karachi | G8: 42201-1431273-3 | H8: 03043615125 | I8: 03043615125 | J8: 0 | K8: H # R- 18 SUPARCO CO OPERATIVE HOUS ING SCOIETY SCHEEM 33 MAYMAR MORE KARACHI PK | L8: 922500 | M8: 2050000 | N8: 64794/00001/11/2022 | O8: 45597 | P8: 246433 | Q8: 1146470 | R8: USD | S8: BXP-407 | T8: SUZUKI ALTO VXR EURO-II | U8: 2022 | V8: 04-NOV-2022 | W8: 11-NOV-2022 | X8: 11-Nov-2025 | Y8: OLUKHI30009013 | Z8: 3 | AA8: ITFT | AB8: 9285/11/2022/ITFM | AC8: 02-NOV-2022 | AD8: 1.75% | AE8: 1742500 | AF8: 30494 | AJ8: =_xlfn.XLOOKUP(Table9[[#This Row],[Engine No.]],'[1]Dubai Islamic Consumer'!$Q$3:$Q$1176,'[1]Dubai Islamic Consumer'!$B$3:$B$1176,,,) -> KHI/HO/D/MO/PC COMP/C/102086/10/11/2024
A9: 8 | B9: ACTIVE | C9: 997AAD1201950001 | D9: T-PAK | E9: ZAHID SAMUEL | F9: JHELUM | G9: 37301-9691544-9 | H9: 03325922916 | J9: 0544275675 | K9: ROHTAS ROAD , MUHALLAH CHRISTAN COL ONY NEAR QASIR CHOWK JHELUM PK | L9: 1959750 | M9: 2613000 | N9: DIB/T/BT/29418/ISB/1120 | O9: 45597 | P9: 2A10639 | Q9: 7006139 | R9: NEW | T9: YARIS ATIV MT 1.3 | U9: 2020 | V9: 13-JUL-2020 | W9: 21-NOV-2020 | X9: 21-Nov-2027 | Y9: POAJHM300055111 | Z9: 7 | AA9: CTRK | AB9: DIB0028988 | AC9: 03-NOV-2020 | AD9: 2.5% | AE9: 1959750 | AF9: 48994 | AJ9: =_xlfn.XLOOKUP(Table9[[#This Row],[Engine No.]],'[1]Dubai Islamic Consumer'!$Q$3:$Q$1176,'[1]Dubai Islamic Consumer'!$B$3:$B$1176,,,) -> KHI/HO/D/MO/PC COMP/C/102086/11/11/2024
A10: 9 | B10: ACTIVE | C10: 9976AD1212350014 | D10: T-PAK | E10: MUHAMMAD ARIF | F10: Rawalpindi | G10: 37405-2017815-9 | H10: 03360573213 | J10: 0519268147 | K10: H # G-1 BLOCK C GHAZI COLONY TIPU R OAD NEAR GO CNG PUMP RAWALPINDI PK | L10: 744750 | M10: 1655000 | N10: DIB/T/34281/ISB/1121 | O10: 45598 | P10: 188029 | Q10: 10088024 | R10: NEW | T10: SUZUKI CULTUS VXR EURO II | U10: 2021 | V10: 23-AUG-2021 | W10: 11-NOV-2021 | X10: 11-Nov-2026 | Y10: OLARWP300072176 | Z10: 5 | AA10: CTRK | AB10: TDIDIB0029793 | AC10: 05-NOV-2021 | AD10: 2% | AE10: 1324000 | AF10: 26480 | AJ10: =_xlfn.XLOOKUP(Table9[[#This Row],[Engine No.]],'[1]Dubai Islamic Consumer'!$Q$3:$Q$1176,'[1]Dubai Islamic Consumer'!$B$3:$B$1176,,,) -> KHI/HO/D/MO/PC COMP/C/102086/12/11/2024
A11: 10 | B11: ACTIVE | C11: 9976AD2212290009 | D11: T-PAK | E11: TASLEEM AKHTAR | F11: Lahore | G11: 38201-2575486-8 | H11: 03137357790 | I11: 03137357790 | J11: 03137357790 | K11: JAIL ROAD PUNJAB CARDIALOGY 3RD FLO OR OPPOSITE MECHDOLANDS LAHORE | L11: 1001250 | M11: 1335000 | N11: 2524/02742/0003/11/2021 | O11: 45598 | P11: 191149 | Q11: 1091170 | R11: NEW | T11: SUZUKI ALTO VXR EURO II | U11: 2021 | V11: 17-AUG-2021 | W11: 21-NOV-2021 | X11: 21-Nov-2025 | Y11: OLALHR300071995 | Z11: 4 | AA11: CTRK | AB11: DIB0032382 | AC11: 04-NOV-2021 | AD11: 2% | AE11: 1068000 | AF11: 21360 | AJ11: =_xlfn.XLOOKUP(Table9[[#This Row],[Engine No.]],'[1]Dubai Islamic Consumer'!$Q$3:$Q$1176,'[1]Dubai Islamic Consumer'!$B$3:$B$1176,,,) -> KHI/HO/D/MO/PC COMP/C/102086/13/11/2024
A12: 11 | B12: ACTIVE | C12: 9976AD1211810025 | D12: T-PAK | E12: AMEER ALI LUHUR | F12: LARKANA | G12: 43203-3056842-9 | I12: 03342243242 | K12: LUHUR DECORATION SERVICE NAUDERO ROAD BYPASS NEAR SINDH GREEN HOTEL LARKANA | L12: 999750 | M12: 1333000 | N12: DIB/T/34280/HYD/1121 | O12: 45598 | P12: 6R188933 | Q12: NF1AET306H1088889 | R12: NEW | T12: ALTO VXR EURO-II | U12: 2021 | V12: 30-JUN-2021 | W12: 11-NOV-2021 | X12: 11-Nov-2026 | Y12: OLALRK300070128 | Z12: 5 | AA12: CTRK | AB12: TDIDIB0029753 | AC12: 29-OCT-2021 | AD12: 2% | AE12: 1066400 | AF12: 21328 | AJ12: =_xlfn.XLOOKUP(Table9[[#This Row],[Engine No.]],'[1]Dubai Islamic Consumer'!$Q$3:$Q$1176,'[1]Dubai Islamic Consumer'!$B$3:$B$1176,,,) -> KHI/HO/D/MO/PC COMP/C/102086/14/11/2024
A13: 12 | B13: ACTIVE | C13: 997APD1203110006 | D13: T-PAK | E13: ASHFAQUE AHMED | F13: Lahore | G13: 35201-5806207-9 | H13: 03214228449 | I13: 03214228449 | J13: 04237191274 | K13: OFFICE NO 94 COMMERCIAL BROADWAY PA RGON CITY BARKI ROAD NEAR FUTURE NO W TECH LAHORE | L13: 1211000 | M13: 1730000 | N13: 53157/00004/11/2020 | O13: 45598 | P13: 207189 | Q13: 10107185 | R13: NEW | T13: WAGONR VXL | U13: 2020 | V13: 06-NOV-2020 | W13: 11-NOV-2020 | X13: 11-Nov-2026 | Y13: PODLHR300060261 | Z13: 6 | AA13: ITFM | AB13: 3474/11/2020/ITFM | AC13: 04-NOV-2020 | AD13: 2% | AE13: 1297500 | AF13: 25950 | AJ13: =_xlfn.XLOOKUP(Table9[[#This Row],[Engine No.]],'[1]Dubai Islamic Consumer'!$Q$3:$Q$1176,'[1]Dubai Islamic Consumer'!$B$3:$B$1176,,,) -> KHI/HO/D/MO/PC COMP/C/102086/15/11/2024
A14: 13 | B14: ACTIVE | C14: 9976AD2211800001 | D14: T-PAK | E14: MUHAMMAD IQBAL | F14: Gujrat | G14: 34201-0363899-5 | H14: 03036871894 | I14: 03036871894 | J14: 03036871894 | K14: OPPOSITE PUBLIC SCHOOL NO 2 MOHALLA H AZIZABAD RAILWAY ROAD GUJRAT PK | L14: 1066000 | M14: 1640000 | N14: 56607/00005/11/2021 | O14: 45598 | P14: 505771 | Q14: 1010057 | R14: NEW | T14: KARVAAN PLUS | U14: 2021 | V14: 29-JUN-2021 | W14: 03-DEC-2021 | X14: 03-Dec-2026 | Y14: OLAGJR300069996 | Z14: 5 | AA14: CTRK | AB14: DIB0032386 | AC14: 04-NOV-2021 | AD14: 2% | AE14: 1312000 | AF14: 26240 | AJ14: =_xlfn.XLOOKUP(Table9[[#This Row],[Engine No.]],'[1]Dubai Islamic Consumer'!$Q$3:$Q$1176,'[1]Dubai Islamic Consumer'!$B$3:$B$1176,,,) -> KHI/HO/D/MO/PC COMP/C/102086/16/11/2024
A15: 14 | B15: ACTIVE | C15: 997AAD2203020015 | D15: T-PAK | E15: AYEEN MUHAMMAD KHAN | F15: Islamabad | G15: 71501-0639654-5 | H15: 03327424312 | J15: 0518840517 | K15: H # 708 ST # 47 SECTOR # G-9/1 ISLAMABAD PK | L15: 1232500 | M15: 2465000 | N15: 2524/02150/00174/11/2020 | O15: 45598 | P15: 7541706 | Q15: LR-264824 | R15: NEW | T15: HONDA CITY IVTEC | U15: 2020 | V15: 28-OCT-2020 | W15: 11-NOV-2020 | X15: 11-Nov-2027 | Y15: POAISD300059172 | Z15: 7 | AA15: ITMM | AB15: 3463/11/2020/ITMM | AC15: 02-NOV-2020 | AD15: 2% | AE15: 1848750 | AF15: 36975 | AJ15: =_xlfn.XLOOKUP(Table9[[#This Row],[Engine No.]],'[1]Dubai Islamic Consumer'!$Q$3:$Q$1176,'[1]Dubai Islamic Consumer'!$B$3:$B$1176,,,) -> KHI/HO/D/MO/PC COMP/C/102086/17/11/2024
A16: 15 | B16: ACTIVE | C16: 997AAD1202960014 | D16: T-PAK | E16: MUHAMMAD YOUSAF ASLAM | F16: Faisalabad | G16: 33100-8463560-7 | H16: 03217821165 | I16: 03217821165, 03217821165 | J16: 0418728819 | K16: H NO 3-X BLOCK X UPPER FLOOR ST NO 12 MADINA TOWN FAISALABAD PK | L16: 2787050 | M16: 3981500 | N16: 2524/02150/00152/11/2020 | O16: 45598 | P16: 6914492 | Q16: LR066318 | R16: NEW | T16: CIVIC VTI ORIEL P/T | U16: 2020 | V16: 22-OCT-2020 | W16: 11-NOV-2020 | X16: 11-Nov-2025 | Y16: POAFSD300059003 | Z16: 5 | AA16: ITFM | AB16: 3476/11/2020/ITFM | AC16: 04-NOV-2020 | AD16: 2% | AE16: 2986125 | AF16: 59723 | AJ16: =_xlfn.XLOOKUP(Table9[[#This Row],[Engine No.]],'[1]Dubai Islamic Consumer'!$Q$3:$Q$1176,'[1]Dubai Islamic Consumer'!$B$3:$B$1176,,,) -> KHI/HO/D/MO/PC COMP/C/102086/20/11/2024
A17: 16 | B17: ACTIVE | C17: 9976AD1212380020 | D17: T-PAK | E17: RAJA ADIL SARFRAZ | F17: Faisalabad | G17: 41306-0723517-3 | H17: 03452932949 | I17: 03452932949, 03452932949 | J17: 0419200161 | K17: H NO P-391-C BLOCK-C MILLAT TOWN MI LLAT ROAD FAISALABAD PK | L17: 2549200 | M17: 3186500 | N17: 2021-10-205-V01501OP0002654 | O17: 45598 | P17: L15Z81001399 | Q17: NFBGN966XMR005542 | R17: NEW | T17: HONDA CITY ASPIRE | U17: 2021 | V17: 26-AUG-2021 | W17: 11-NOV-2021 | X17: 11-Nov-2026 | Y17: OLAFSD300072297 | Z17: 5 | AA17: CTRK | AB17: DIB0032299 | AC17: 03-NOV-2021 | AD17: 2% | AE17: 2549200 | AF17: 50984 | AJ17: =_xlfn.XLOOKUP(Table9[[#This Row],[Engine No.]],'[1]Dubai Islamic Consumer'!$Q$3:$Q$1176,'[1]Dubai Islamic Consumer'!$B$3:$B$1176,,,) -> KHI/HO/D/MO/PC COMP/C/102086/21/11/2024
A18: 17 | B18: ACTIVE | C18: 997AAD1202050020 | D18: T-PAK | E18: BILAL ZIA | F18: Gujranwala | G18: 34101-4056821-7 | H18: 03152227292 | I18: 03152227292 | J18: 03152227292 | K18: HOUSE NO 351 STREET NO 5 SECTOR 1 CANTT GUJRANWALA | L18: 3239400 | M18: 5399000 | N18: 53157/00003/11/2020 | O18: 45598 | P18: 327392 | Q18: KP506234 | R18: NEW | T18: KIA SPORTAGE AWD | U18: 2020 | V18: 23-JUL-2020 | W18: 11-NOV-2020 | X18: 11-Nov-2025 | Y18: POAGWL300055621 | Z18: 5 | AD18: 1.5% | AE18: 4049250 | AF18: 60739 | AJ18: =_xlfn.XLOOKUP(Table9[[#This Row],[Engine No.]],'[1]Dubai Islamic Consumer'!$Q$3:$Q$1176,'[1]Dubai Islamic Consumer'!$B$3:$B$1176,,,) -> KHI/HO/D/MO/PC COMP/C/102086/22/11/2024
A19: 18 | B19: ACTIVE | C19: 997AAD1201990002 | D19: T-PAK | E19: WASEEM EJAZ | F19: Lahore | G19: 35202-4832610-5 | H19: 0321-8807749 | I19: 0321-8807749 | J19: 35959594 | K19: H NO 11 MALIK STREET EJAZ CHOWK 18 KM FEROZPUR ROAD REHMAT COLONY NISHTER COLONY LAHORE | L19: 3798900 | M19: 5427000 | N19: DIB/T/29424/LHR/1120 | O19: 45598 | P19: 324054 | Q19: 506019 | R19: NEW | T19: KIA SPORATAGE AWD | U19: 2020 | V19: 17-JUL-2020 | W19: 11-NOV-2020 | X19: 11-Nov-2025 | Y19: POALHR300055319 | Z19: 5 | AD19: 1.5% | AE19: 4070250 | AF19: 61054 | AJ19: =_xlfn.XLOOKUP(Table9[[#This Row],[Engine No.]],'[1]Dubai Islamic Consumer'!$Q$3:$Q$1176,'[1]Dubai Islamic Consumer'!$B$3:$B$1176,,,) -> KHI/HO/D/MO/PC COMP/C/102086/23/11/2024
A20: 19 | B20: ACTIVE | C20: 9976AP1223080007 | D20: T-PAK | E20: MALIK MUHAMMAD BASHARAT | F20: Islamabad | G20: 42201-0256988-9 | H20: 03008232280 | J20: 0515709137 | K20: H # 7 ST # 8 FEDERATION HOUSING SOC IETY LOHI BAIR SECTOR A ISLAMABAD PK | L20: 1794800 | M20: 2564000 | N20: 64794/00003/11/2022 | O20: 45598 | P20: 10B239700 | Q20: 10139728 | R20: NEW | T20: SUZUKI WAGONR VXL | U20: 2022 | V20: 04-NOV-2022 | W20: 11-NOV-2022 | X20: 11-Nov-2027 | Y20: OLDISD300090725 | Z20: 5 | AA20: FLCN | AB20: 108809/11/2022 | AC20: 03-NOV-2022 | AD20: 1.75% | AE20: 2179400 | AF20: 38140 | AJ20: =_xlfn.XLOOKUP(Table9[[#This Row],[Engine No.]],'[1]Dubai Islamic Consumer'!$Q$3:$Q$1176,'[1]Dubai Islamic Consumer'!$B$3:$B$1176,,,) -> KHI/HO/D/MO/PC COMP/C/102086/24/11/2024
A21: 20 | B21: ACTIVE | C21: 9976AP2223110007 | D21: T-PAK | E21: MUHAMMAD KASHIF | F21: Karachi | G21: 42301-7784361-9 | H21: 03132213808 | I21: 03132213808 | J21: 0 | K21: C- 27 4 RTH FLOOR ZEESHAN BLESSING GULSHAN-E- IQBAL BOCK 16 OPP NOOR M KARACHI PK | L21: 1330000 | M21: 1900000 | N21: 64794/0004/11/2022 | O21: 45598 | P21: 122604 | Q21: 10022606 | R21: USD | S21: BKK-497 | T21: SUZUKI WAGONR VXL | U21: 2017 | V21: 07-NOV-2022 | W21: 11-NOV-2022 | X21: 11-Nov-2026 | Y21: OLUKHI300090714 | Z21: 4 | AA21: ITFT | AB21: 9298/11/2022/ITFM | AC21: 05-NOV-2022 | AD21: 1.75% | AE21: 1615000 | AF21: 28263 | AJ21: =_xlfn.XLOOKUP(Table9[[#This Row],[Engine No.]],'[1]Dubai Islamic Consumer'!$Q$3:$Q$1176,'[1]Dubai Islamic Consumer'!$B$3:$B$1176,,,) -> KHI/HO/D/MO/PC COMP/C/102086/26/11/2024
A22: 21 | B22: ACTIVE | C22: 9976AD2221710002 | D22: T-PAK | E22: USMAN JAVED BUTT | F22: Lahore | G22: 35202-3706453-7 | H22: 03004580882 | I22: 03004580882 | J22: 03004580882 | K22: H NO 829-A MUHALLAH CANAL VIEW BLOC K E LAHORE LAHORE PK | L22: 2733500 | M22: 3905000 | N22: 64794/00002/11/2022 | O22: 45598 | P22: 81012003 | Q22: 027765 | R22: NEW | T22: HONDA CITY ASPIRE A/T | U22: 2022 | V22: 20-JUN-2022 | W22: 11-NOV-2022 | X22: 11-Nov-2025 | Y22: OLALHR300088166 | Z22: 3 | AA22: ITFT | AB22: 9288/11/2022/ITFM | AC22: 03-NOV-2022 | AD22: 2% | AE22: 3319250 | AF22: 66385 | AJ22: =_xlfn.XLOOKUP(Table9[[#This Row],[Engine No.]],'[1]Dubai Islamic Consumer'!$Q$3:$Q$1176,'[1]Dubai Islamic Consumer'!$B$3:$B$1176,,,) -> KHI/HO/D/MO/PC COMP/C/102086/28/11/2024
A23: 22 | B23: ACTIVE | C23: 9976AD1213620032 | D23: T-PAK | E23: SALMAN IKRAM | F23: Sialkot | G23: 34603-5068241-5 | H23: 03008612564 | I23: 03008612564 | J23: 03008612564 | K23: MOH MODEL TOWN UGOKI PO KHAS GUJRANWALA PK | L23: 1524600 | M23: 2178000 | N23: 64794/00006/11/2022 | O23: 45598 | P23: 085661 | Q23: 711231 | R23: NEW | T23: KIA PICANTO 1.0 L A/T | U23: 2022 | V23: 28-DEC-2021 | W23: 11-NOV-2022 | X23: 11-Nov-2025 | Y23: OLASKT300082278 | Z23: 3 | AA23: ITECL | AB23: 9283/11/2022 | AC23: 01-NOV-2022 | AD23: 2% | AE23: 1851300 | AF23: 37026 | AJ23: =_xlfn.XLOOKUP(Table9[[#This Row],[Engine No.]],'[1]Dubai Islamic Consumer'!$Q$3:$Q$1176,'[1]Dubai Islamic Consumer'!$B$3:$B$1176,,,) -> KHI/HO/D/MO/PC COMP/C/102086/31/11/2024
A24: 23 | B24: ACTIVE | C24: 9976AP2223080004 | D24: T-PAK | E24: MUHAMMAD MOHSIN KHAIRI | F24: Karachi | G24: 42201-4373898-1 | H24: 03343236770 | I24: 03343236770 | J24: 03343236770 | K24: FLAT NO. 601 6TH FLOOR BURJ UL IMRA N APARTMENT SECTOR JINNAH AVENUE NE KARACHI PK | L24: 1267500 | M24: 1950000 | N24: 64794/00005/11/2022 | O24: 45598 | P24: 6R241226 | Q24: 1141200 | R24: USD | S24: BXF-240 | T24: SUZUKI ALTO VXR EURO-II | U24: 2022 | V24: 04-NOV-2022 | W24: 11-NOV-2022 | X24: 11-Nov-2027 | Y24: OLUKHI300090726 | Z24: 5 | AA24: ITFT | AB24: 9289/11/2022/ITFM | AC24: 03-NOV-2022 | AD24: 1.75% | AE24: 1657500 | AF24: 29006 | AJ24: =_xlfn.XLOOKUP(Table9[[#This Row],[Engine No.]],'[1]Dubai Islamic Consumer'!$Q$3:$Q$1176,'[1]Dubai Islamic Consumer'!$B$3:$B$1176,,,) -> KHI/HO/D/MO/PC COMP/C/102086/36/11/2024
A25: 24 | B25: ACTIVE | C25: 9976AD2232710003 | D25: T-PAK | E25: MUHAMMAD BILAL | F25: Lahore | G25: 34603-7401604-5 | H25: 03037015616 | I25: 03037015616 | J25: 04236400007 | K25: HOUSE NO 3-S-38 AZIM STREET CLIFTON COLONY NEAR GHATTI CHOWK WAHDAT CO LAHORE PK | L25: 1514960 | M25: 2612000 | N25: 77638/0001/11/2023 | O25: 02-NOV-2024 | P25: 6R286844 | Q25: 1187030 | R25: NEW | T25: SUZUKI ALTO VXR EURO II | U25: 2023 | V25: 45197 | W25: 27-NOV-2023 | X25: 27-Nov-2026 | Y25: OLALHR300097279 | Z25: 3 | AA25: CTRK | AB25: DIB0035410 | AC25: 06-NOV-2023 | AD25: 2% | AE25: 2350800 | AF25: 47016 | AJ25: =_xlfn.XLOOKUP(Table9[[#This Row],[Engine No.]],'[1]Dubai Islamic Consumer'!$Q$3:$Q$1176,'[1]Dubai Islamic Consumer'!$B$3:$B$1176,,,) -> KHI/HO/D/MO/PC COMP/C/102086/37/11/2024
A26: 25 | B26: ACTIVE | C26: 9976AD2212120031 | D26: T-PAK | E26: MUMTAZ AHMAD | F26: Lahore | G26: 35202-2733554-3 | H26: 03334634898 | I26: 03334634898 | J26: 099214240 | K26: DIO SAMAAJ ROAD NEAR MALL ROAD LAHORE | L26: 801000 | M26: 1335000 | N26: 2524/02742/00005/11/2021 | O26: 45599 | P26: 6R190275 | Q26: NF1AET306H1090242 | R26: NEW | T26: ALTO VXR EURO-II | U26: 2021 | V26: 31-JUL-2021 | W26: 21-NOV-2021 | X26: 21-Nov-2026 | Y26: OLALHR300071469 | Z26: 5 | AA26: ITECL | AB26: 5577/11/2021 | AC26: 04-NOV-2021 | AD26: 2% | AE26: 1068000 | AF26: 21360 | AJ26: =_xlfn.XLOOKUP(Table9[[#This Row],[Engine No.]],'[1]Dubai Islamic Consumer'!$Q$3:$Q$1176,'[1]Dubai Islamic Consumer'!$B$3:$B$1176,,,) -> KHI/HO/D/MO/PC COMP/C/102086/38/11/2024
A27: 26 | B27: ACTIVE | C27: 997AAD1202740084 | D27: T-PAK | E27: MAHER TAUSEEF AHMED | F27: Multan | G27: 36302-8413092-1 | I27: 03018510587 | J27: 6350987 | K27: AL JADEED ASSOCIATES PVT LTD HOUSE NO 16 CANTT COTTAGES SHER SHAH ROAD MULTAN CANTT | L27: 1198500 | M27: 1598000 | N27: 2020/11/CLFTTPCDP00682 | O27: 45599 | P27: 142804 | Q27: 1043351 | R27: NEW | T27: SUZUKI ALTO VXL EURO II AGS | U27: 2020 | V27: 30-SEP-2020 | W27: 21-NOV-2020 | X27: 21-Nov-2025 | Y27: POAMUX300058118 | Z27: 5 | AA27: CTRK | AB27: DIB0028999 | AC27: 04-NOV-2020 | AD27: 2% | AE27: 1198500 | AF27: 23970 | AJ27: =_xlfn.XLOOKUP(Table9[[#This Row],[Engine No.]],'[1]Dubai Islamic Consumer'!$Q$3:$Q$1176,'[1]Dubai Islamic Consumer'!$B$3:$B$1176,,,) -> KHI/HO/D/MO/PC COMP/C/102086/39/11/2024
A28: 27 | B28: ACTIVE | C28: 997APD2203140004 | D28: T-PAK | E28: DANYIAL ASIF | F28: Lahore | G28: 35202-2670690-5 | H28: 03349755036 | I28: 03349755036 | J28: 04235249651 | K28: PLAZA NO 50 SECTOR D BLOCK AA COMME RCIAL MARKET BAHRIA TOWN NEAR MCDON ALD LAHORE | L28: 1218000 | M28: 2030000 | N28: 53157/00009/11/2020 | O28: 45599 | P28: 13045447 | Q28: 10045452 | R28: NEW | T28: SUZUKI SWIFT DLX 1.3 MT | U28: 2020 | V28: 09-NOV-2020 | W28: 11-NOV-2020 | X28: 11-Nov-2025 | Y28: PODLHR300060201 | Z28: 5 | AA28: ITFM | AB28: 34921/11/2020/ITFM | AC28: 05-NOV-2020 | AD28: 2% | AE28: 1522500 | AF28: 30450 | AJ28: =_xlfn.XLOOKUP(Table9[[#This Row],[Engine No.]],'[1]Dubai Islamic Consumer'!$Q$3:$Q$1176,'[1]Dubai Islamic Consumer'!$B$3:$B$1176,,,) -> KHI/HO/D/MO/PC COMP/C/102086/40/11/2024
A29: 28 | B29: ACTIVE | C29: 9976AD2212230011 | D29: T-PAK | E29: SUHAIL AHMED | F29: Islamabad | G29: 43406-0374772-7 | H29: 2210817 | I29: 03322023689 | J29: 2210817 | K29: HOSE NO 181 SR NO 68 F 10/3 ISLAMABAD | L29: 1098000 | M29: 1830000 | N29: 01-2111-PO-MTR-PCCM-D-001510 | O29: 45599 | P29: 188067 | Q29: 10088066 | R29: NEW | T29: CULTUS VXL EURO II | U29: 2021 | V29: 11-AUG-2021 | W29: 21-NOV-2021 | X29: 21-Nov-2026 | Y29: OLAISD300071823 | Z29: 5 | AA29: CTRK | AB29: DIB0032403 | AC29: 05-NOV-2021 | AD29: 2% | AE29: 1464000 | AF29: 29280 | AJ29: =_xlfn.XLOOKUP(Table9[[#This Row],[Engine No.]],'[1]Dubai Islamic Consumer'!$Q$3:$Q$1176,'[1]Dubai Islamic Consumer'!$B$3:$B$1176,,,) -> KHI/HO/D/MO/PC COMP/C/102086/42/11/2024
A30: 29 | B30: ACTIVE | C30: 997AAD2202440025 | D30: T-PAK | E30: MUHAMMAD MANSHA | F30: Faisalabad | G30: 33100-2927708-3 | H30: 03008662363 | I30: 03008662363, 03008662363 | J30: 03008662363 | K30: P-21 MUSLIM PARK SARGODHA ROAD MUSL IM TOWN YOUSAF BLOCK FSD NEAR R.S B FAISALABAD PK | L30: 1657800 | M30: 2763000 | N30: 2524/02150/00185/11/2020 | O30: 45599 | P30: 2A11204 | Q30: 7006644 | R30: NEW | T30: TOYOTA COROLLA YARIS | U30: 2020 | V30: 31-AUG-2020 | W30: 27-NOV-2020 | X30: 27-Nov-2025 | Y30: POAFSD300057032 | Z30: 5 | AA30: ITFM | AB30: 3477/11/2020/ITFM | AC30: 04-NOV-2020 | AD30: 2% | AE30: 2072250 | AF30: 41445 | AJ30: =_xlfn.XLOOKUP(Table9[[#This Row],[Engine No.]],'[1]Dubai Islamic Consumer'!$Q$3:$Q$1176,'[1]Dubai Islamic Consumer'!$B$3:$B$1176,,,) -> KHI/HO/D/MO/PC COMP/C/102086/44/11/2024
A31: 30 | B31: ACTIVE | C31: 997APD2203110007 | D31: T-PAK | E31: MONIS ALI KHAN | F31: Karachi | G31: 42201-4151547-1 | H31: 03452250916 | I31: 03452250916 | J31: 03452250916 | K31: HOUSE # SDH # 108, NEW FALCON COMPLEX NEW MALIR OPP CHECK POST # 5 MALIR CANTT KARACHI | L31: 1692500 | M31: 3385000 | N31: 53157/00007/11/2020 | O31: 45599 | P31: 12917077 | Q31: 020450 | R31: USD | S31: BJV-518 | T31: CIVIC IVTEC P/T | U31: 2017 | V31: 06-NOV-2020 | W31: 11-NOV-2020 | X31: 11-Nov-2025 | Y31: POUKHI300060091 | Z31: 5 | AA31: ITFT | AB31: 3482/11/2020/ITFM | AC31: 04-NOV-2020 | AD31: 2% | AE31: 2538750 | AF31: 50775 | AJ31: =_xlfn.XLOOKUP(Table9[[#This Row],[Engine No.]],'[1]Dubai Islamic Consumer'!$Q$3:$Q$1176,'[1]Dubai Islamic Consumer'!$B$3:$B$1176,,,) -> KHI/HO/D/MO/PC COMP/C/102086/45/11/2024
A32: 31 | B32: ACTIVE | C32: 997AAD1202680015 | D32: T-PAK | E32: AFTAB AHMAD | F32: Lahore | G32: 35404-1596350-9 | H32: 03216460886 | I32: 03216460886 | J32: 03216460886 | K32: 50-U USMAN BLOCK NEAR TEDDI GALI NE W PAKISTAN CLOTH MARKET LAHORE | L32: 1851500 | M32: 2645000 | N32: DIB/T/BT/29430/LHR/1120 | O32: 45599 | P32: 7541647 | Q32: 264797 | R32: NEW | T32: CITY I-VTEC P/T | U32: 2020 | V32: 24-SEP-2020 | W32: 11-NOV-2020 | X32: 11-Nov-2025 | Y32: POALHR300057517 | Z32: 5 | AA32: CTRK | AB32: TDIDIB0028733 | AC32: 04-NOV-2020 | AD32: 2% | AE32: 1983750 | AF32: 39675 | AJ32: =_xlfn.XLOOKUP(Table9[[#This Row],[Engine No.]],'[1]Dubai Islamic Consumer'!$Q$3:$Q$1176,'[1]Dubai Islamic Consumer'!$B$3:$B$1176,,,) -> KHI/HO/D/MO/PC COMP/C/102086/47/11/2024
A33: 32 | B33: ACTIVE | C33: 9976AP1213090067 | D33: T-PAK | E33: RASHID MUNIR | F33: Faisalabad | G33: 33100-3524195-3 | H33: 041-8728868 | I33: 0300-9664972 0300-7632840 | J33: 041-2659191 | K33: H NO P-64 BLOCK-A PEOPLES COLONY # 2 NR PAK ELECTRIC STORE FAISALABAD | L33: 1715000 | M33: 2450000 | N33: DIB/T/34285/LHR/1121 | O33: 45599 | P33: L15A79789003 | Q33: R219402 | R33: USD | S33: AEW-076 | T33: HONDA CITY I-VTEC | U33: 2018 | V33: 05-NOV-2021 | W33: 11-NOV-2021 | X33: 11-Nov-2026 | Y33: OLUFSD300078032 | Z33: 5 | AA33: ITECL | AB33: 5578/11/2021 | AC33: 04-NOV-2021 | AD33: 2% | AE33: 1960000 | AF33: 39200 | AJ33: =_xlfn.XLOOKUP(Table9[[#This Row],[Engine No.]],'[1]Dubai Islamic Consumer'!$Q$3:$Q$1176,'[1]Dubai Islamic Consumer'!$B$3:$B$1176,,,) -> KHI/HO/D/MO/PC COMP/C/102086/48/11/2024
A34: 33 | B34: ACTIVE | C34: 9976AD1211200072 | D34: T-PAK | E34: ABDUL REHMAN | F34: Multan | G34: 36302-1281975-1 | H34: 03059638486 | I34: 03059638486 | J34: 03059638486 | K34: STREET NO 2 BOSAN ROAD AL QADIR STR EET MOHALLAH GHAFARIA CHUNGI NO 6 MULTAN PK | L34: 1847300 | M34: 2639000 | N34: 2021/11/CLFTTPCDP01216 | O34: 45599 | P34: CAD517751 | Q34: 1003750 | R34: NEW | T34: CHANGAN ALSVIN | U34: 2021 | V34: 30-APR-2021 | W34: 03-DEC-2021 | X34: 03-Dec-2026 | Y34: OLAMUX300068556 | Z34: 5 | AA34: ITFT | AB34: 5579/11/2021/ITFM | AC34: 05-NOV-2021 | AD34: 2% | AE34: 2243150 | AF34: 44863 | AJ34: =_xlfn.XLOOKUP(Table9[[#This Row],[Engine No.]],'[1]Dubai Islamic Consumer'!$Q$3:$Q$1176,'[1]Dubai Islamic Consumer'!$B$3:$B$1176,,,) -> KHI/HO/D/MO/PC COMP/C/102086/49/11/2024
A35: 34 | B35: ACTIVE | C35: 997AAD1202120020 | D35: T-PAK | E35: MUHAMMAD MUNEEB | F35: Gujranwala | G35: 34101-2584569-3 | H35: 03218112232 | I35: 03218112232 | J35: 0553844551 | K35: H# C 1 -576 WAPDA TOWM GUJRANWALA PK | L35: 2699500 | M35: 5399000 | N35: 2524/02150/00188/11/2020 | O35: 45599 | P35: G4NALH324032 | Q35: NNAQL51AZKP505918 | R35: NEW | T35: SPORTAGE AWD | U35: 2020 | V35: 30-JUL-2020 | W35: 27-NOV-2020 | X35: 27-Nov-2025 | Y35: POAGWL300056055 | Z35: 5 | AD35: 2% | AE35: 4049250 | AF35: 80985 | AJ35: =_xlfn.XLOOKUP(Table9[[#This Row],[Engine No.]],'[1]Dubai Islamic Consumer'!$Q$3:$Q$1176,'[1]Dubai Islamic Consumer'!$B$3:$B$1176,,,) -> KHI/HO/D/MO/PC COMP/C/102086/50/11/2024
A36: 35 | B36: ACTIVE | C36: 997AAD2202120012 | D36: T-PAK | E36: SANIA QAMAR | F36: Hyderabad | G36: 41304-8992077-0 | I36: 03338181234 | K36: HOUSE NO C/D-293 MOHALLA QAMAR HOUSE UNIT NO 06 LATIFABAD HYDERABAD PAKISTAN | L36: 2699500 | M36: 5399000 | N36: 2524/02150/00189/11/2020 | O36: 45599 | P36: 327106 | Q36: 506258 | R36: NEW | T36: KIA SPORTAGE AWD | U36: 2020 | V36: 30-JUL-2020 | W36: 03-DEC-2020 | X36: 03-Dec-2025 | Y36: POAHYD300056139 | Z36: 5 | AD36: 2% | AE36: 4049250 | AF36: 80985 | AJ36: =_xlfn.XLOOKUP(Table9[[#This Row],[Engine No.]],'[1]Dubai Islamic Consumer'!$Q$3:$Q$1176,'[1]Dubai Islamic Consumer'!$B$3:$B$1176,,,) -> KHI/HO/D/MO/PC COMP/C/102086/51/11/2024
A37: 36 | B37: ACTIVE | C37: 9976AP1213090072 | D37: T-PAK | E37: WAJEEHA YASMIN | F37: Lahore | G37: 35202-7676878-8 | H37: 03434678887 | I37: 03434678887 | J37: 03434678887 | K37: 49-E MAIN MOLANA SHAUKAT ALI ROAD K KT BUILDING MAZANINE FLOOR LAHORE | L37: 2416500 | M37: 5370000 | N37: DIB/T/34284/LHR/1121 | O37: 45599 | P37: G4NALH313952 | Q37: NNAQL51AZKP503950 | R37: USD | S37: AAC-234 | T37: SPORTAGE AWD | U37: 2020 | V37: 05-NOV-2021 | W37: 11-NOV-2021 | X37: 11-Nov-2026 | Y37: OLULHR300078002 | Z37: 5 | AA37: CTRK | AB37: TDIDIB0029794 | AC37: 04-NOV-2021 | AD37: 2% | AE37: 4296000 | AF37: 85920 | AJ37: =_xlfn.XLOOKUP(Table9[[#This Row],[Engine No.]],'[1]Dubai Islamic Consumer'!$Q$3:$Q$1176,'[1]Dubai Islamic Consumer'!$B$3:$B$1176,,,) -> KHI/HO/D/MO/PC COMP/C/102086/52/11/2024
A38: 37 | B38: ACTIVE | C38: 997AAD1203020044 | D38: T-PAK | E38: SULTAN MUHAMMAD KAIGOHAR KIANI | F38: Islamabad | G38: 61101-3717511-7 | H38: 03335524253 | J38: 0519220383 | K38: H # 14 ST # 3 ROAD-L BLOCK-E NAVAL ANCHORAGE ISLAMABAD PK | L38: 2986125 | M38: 3981500 | N38: 2524/02150/00187/11/2020 | O38: 45599 | P38: 16914508 | Q38: LR066375 | R38: NEW | T38: CIVIC VTI ORIEL P/T | U38: 2020 | V38: 28-OCT-2020 | W38: 21-NOV-2020 | X38: 21-Nov-2027 | Y38: POAISD300059175 | Z38: 7 | AA38: ITMM | AB38: 3480/11/2020/ITMM | AC38: 04-NOV-2020 | AD38: 2% | AE38: 2986125 | AF38: 59723 | AJ38: =_xlfn.XLOOKUP(Table9[[#This Row],[Engine No.]],'[1]Dubai Islamic Consumer'!$Q$3:$Q$1176,'[1]Dubai Islamic Consumer'!$B$3:$B$1176,,,) -> KHI/HO/D/MO/PC COMP/C/102086/53/11/2024
A39: 38 | B39: ACTIVE | C39: 997AAD1202050021 | D39: T-PAK | E39: MUHAMMAD ARSHAD | F39: Lahore | G39: 35202-9453292-9 | H39: 03219472731 | I39: 03219472731 | J39: 04235219011 | K39: 29-M , INTERNATIONAL MARKET MODEL T OWN (EXT) LAHORE | L39: 3527550 | M39: 5427000 | N39: 53157/00006/11/2020 | O39: 45599 | P39: 325988 | Q39: 506312 | R39: NEW | T39: KIA SPORAGE AWD | U39: 2020 | V39: 23-JUL-2020 | W39: 11-NOV-2020 | X39: 11-Nov-2025 | Y39: POALHR300055693 | Z39: 5 | AD39: 1.5% | AE39: 4070250 | AF39: 61054 | AJ39: =_xlfn.XLOOKUP(Table9[[#This Row],[Engine No.]],'[1]Dubai Islamic Consumer'!$Q$3:$Q$1176,'[1]Dubai Islamic Consumer'!$B$3:$B$1176,,,) -> KHI/HO/D/MO/PC COMP/C/102086/54/11/2024
A40: 39 | B40: ACTIVE | C40: 997APD2203100001 | D40: T-PAK | E40: SARDAR HASAN RAZA | F40: Islamabad | G40: 13101-4387845-3 | H40: 03018422202 | J40: 0519245702 | K40: H # 273 ST # 148/149 SECTOR # D-12/ 4 ISLAMABAD PK | L40: 3919300 | M40: 5599000 | N40: 53157/00008/11/2020 | O40: 45599 | P40: 576961 | Q40: 200411 | R40: NEW | T40: TUCSON AWD | U40: 2020 | V40: 05-NOV-2020 | W40: 11-NOV-2020 | X40: 11-Nov-2025 | Y40: PODISD300060131 | Z40: 5 | AA40: CTRK | AB40: DIB0029001 | AC40: 05-NOV-2020 | AD40: 1.5% | AE40: 4199250 | AF40: 62989 | AJ40: =_xlfn.XLOOKUP(Table9[[#This Row],[Engine No.]],'[1]Dubai Islamic Consumer'!$Q$3:$Q$1176,'[1]Dubai Islamic Consumer'!$B$3:$B$1176,,,) -> KHI/HO/D/MO/PC COMP/C/102086/55/11/2024
A41: 40 | B41: ACTIVE | C41: 9976AD1212090005 | D41: T-PAK | E41: SYED SULEMAN BIN WARIS GILLANI | F41: Lahore | G41: 35201-1392372-5 | I41: 03018888880 | J41: 35777777 | K41: H NO 173 PHASE 2 DHA LHR | L41: 36750000 | M41: 73500000 | N41: DIB/T/34289/LHR/1121 | O41: 45599 | P41: 256930-30-371940 | Q41: A066413 | R41: NEW | T41: MERCEDES S450 | U41: 2021 | V41: 28-JUL-2021 | W41: 03-DEC-2021 | X41: 03-Dec-2026 | Y41: OLALHR300070960 | Z41: 5 | AD41: 1.75% | AE41: 58800000 | AF41: 1029000 | AJ41: =_xlfn.XLOOKUP(Table9[[#This Row],[Engine No.]],'[1]Dubai Islamic Consumer'!$Q$3:$Q$1176,'[1]Dubai Islamic Consumer'!$B$3:$B$1176,,,) -> KHI/HO/D/MO/PC COMP/P/103649/12/2024
A42: 41 | B42: ACTIVE | C42: 9976AP2223110006 | D42: T-PAK | E42: RUBINA | F42: Karachi | G42: 42401-8899642-4 | H42: 03142279958 | I42: 03142279958, 03142279958 | J42: 03142279958 | K42: PLOT # 169/B 1ST FLOOR SHAH WALIULL AH ROAD KHADDA MARKET LIYARI NOORAB KARACHI PK | L42: 1404000 | M42: 3600000 | N42: 64794/0008/11/2022 | O42: 45599 | P42: 12914524 | Q42: R017761 | R42: USD | S42: BJV-380 | T42: HONDA CIVIC 1.8L ORIEL | U42: 2017 | V42: 07-NOV-2022 | W42: 11-NOV-2022 | X42: 11-Nov-2025 | Y42: OLUKHI300090736 | Z42: 3 | AA42: ITFM | AB42: 9301/11/2022/ITFM | AC42: 07-NOV-2022 | AD42: 1.75% | AE42: 3060000 | AF42: 53550 | AJ42: =_xlfn.XLOOKUP(Table9[[#This Row],[Engine No.]],'[1]Dubai Islamic Consumer'!$Q$3:$Q$1176,'[1]Dubai Islamic Consumer'!$B$3:$B$1176,,,) -> KHI/HO/D/MO/PC COMP/C/102086/407/11/2024
A43: 42 | B43: ACTIVE | C43: 9976AP1223110009 | D43: T-PAK | E43: MUHAMMAD ARSALAN ISMAIL | F43: Islamabad | G43: 42401-0956309-5 | I43: 03334345672 | K43: PLOT NO 92-A SPRING NORTH COMMERCIAL DEFENCE VIEW MALL PHASE 7 BAHRIA TOWN RAWALPINDI. | L43: 1470000 | M43: 2100000 | N43: 64794/00011/11/2022 | O43: 45599 | P43: 6R106184 | Q43: 1006170 | R43: USD | S43: ANZ-030 | T43: SUZUKI ALTO VXL AGS EURO II | U43: 2019 | V43: 07-NOV-2022 | W43: 11-NOV-2022 | X43: 11-Nov-2025 | Y43: OLUISD300090734 | Z43: 3 | AA43: FLCN | AD43: 1.75% | AE43: 1785000 | AF43: 31238 | AJ43: =_xlfn.XLOOKUP(Table9[[#This Row],[Engine No.]],'[1]Dubai Islamic Consumer'!$Q$3:$Q$1176,'[1]Dubai Islamic Consumer'!$B$3:$B$1176,,,) -> KHI/HO/D/MO/PC COMP/C/102086/60/11/2024
A44: 43 | B44: ACTIVE | C44: 9976AP2223120001 | D44: T-PAK | E44: SEHRISH | F44: Islamabad | G44: 37405-6624932-2 | H44: 03215119764 | J44: 03215119764 | K44: H # 15 ST # 8 SECTOR F DHA PH 2 ISLAMABAD PK | L44: 1536250 | M44: 6145000 | N44: 64794/0009/11/2022 | O44: 45599 | P44: 1897309 | Q44: 501017 | R44: NEW | T44: PEUGEOT 2008 ALLURE | U44: 2022 | V44: 08-NOV-2022 | W44: 11-NOV-2022 | X44: 11-Nov-2025 | Y44: OLDISD300090741 | Z44: 3 | AA44: FLCN | AB44: 108811/11/2022 | AC44: 04-NOV-2022 | AD44: 1.75% | AE44: 5223250 | AF44: 91407 | AJ44: =_xlfn.XLOOKUP(Table9[[#This Row],[Engine No.]],'[1]Dubai Islamic Consumer'!$Q$3:$Q$1176,'[1]Dubai Islamic Consumer'!$B$3:$B$1176,,,) -> KHI/HO/D/MO/PC COMP/C/102086/61/11/2024
A45: 44 | B45: ACTIVE | C45: 9976AP1223110010 | D45: T-PAK | E45: FARHAN ZAFAR | F45: Islamabad | G45: 42401-3838231-5 | H45: NA | I45: 0333-5475134 | J45: 051-4445789 | K45: H NO 346 ST NO 10 GHORI TOWN PHASE III ISLAMABAD | L45: 700000 | M45: 1000000 | N45: 64794/00007/11/2022 | O45: 45599 | P45: 724598 | Q45: 01263117 | R45: USD | S45: AHT-536 | T45: SUZUKI MEHRAN VXR EURO II | U45: 2018 | V45: 07-NOV-2022 | W45: 11-NOV-2022 | X45: 11-Nov-2027 | Y45: OLUISD300090733 | Z45: 5 | AA45: FLCN | AC45: 04-NOV-2022 | AD45: 1.75% | AE45: 850000 | AF45: 14875 | AJ45: =_xlfn.XLOOKUP(Table9[[#This Row],[Engine No.]],'[1]Dubai Islamic Consumer'!$Q$3:$Q$1176,'[1]Dubai Islamic Consumer'!$B$3:$B$1176,,,) -> KHI/HO/D/MO/PC COMP/C/102086/62/11/2024
A46: 45 | B46: ACTIVE | C46: 9976AP1223120004 | D46: T-PAK | E46: MUHAMMAD SHAKEEL | F46: Karachi | G46: 42101-1507171-5 | H46: 03002123659 | I46: 03002123659 | J46: 0 | K46: R- 624 BLOCK 18 FB AREA SAMNABAD GU LBERG FB AREA MAZEEDAR HALEEM KARACHI PK | L46: 1456000 | M46: 2600000 | N46: 64794/00010/11/2022 | O46: 45599 | P46: Q029872 | Q46: 6007345 | R46: USD | S46: BFL-679 | T46: TOYOTA COROLLA ALTIS A/T | U46: 2016 | V46: 08-NOV-2022 | W46: 11-NOV-2022 | X46: 11-Nov-2025 | Y46: OLUKHI300090739 | Z46: 3 | AA46: ITFT | AB46: 9300/11/2022/ITFM | AC46: 04-NOV-2022 | AD46: 1.75% | AE46: 2210000 | AF46: 38675 | AJ46: =_xlfn.XLOOKUP(Table9[[#This Row],[Engine No.]],'[1]Dubai Islamic Consumer'!$Q$3:$Q$1176,'[1]Dubai Islamic Consumer'!$B$3:$B$1176,,,) -> KHI/HO/D/MO/PC COMP/C/102086/63/11/2024
A47: 46 | B47: ACTIVE | C47: 9976AD2212230001 | D47: T-PAK | E47: ALI RAZA | F47: Lahore | G47: 35202-7802664-9 | H47: 03440435811 | I47: 03440435811 | J47: 03440435811 | K47: 95 J-1 BLOCK JOHAR TOWN AHMAAR PVT LTD MANAGEMENT HOUSE JOHAR TOWN LAHORE | L47: 934500 | M47: 1335000 | N47: 2524/02742/0009/11/2021 | O47: 45600 | P47: 190390 | Q47: 1090375 | R47: NEW | T47: SUZUKI ALTO VXR EURO II | U47: 2021 | V47: 11-AUG-2021 | W47: 21-NOV-2021 | X47: 21-Nov-2026 | Y47: OLALHR300071813 | Z47: 5 | AA47: ITECL | AB47: 5581/11/2021 | AC47: 05-NOV-2021 | AD47: 2% | AE47: 1068000 | AF47: 21360 | AJ47: =_xlfn.XLOOKUP(Table9[[#This Row],[Engine No.]],'[1]Dubai Islamic Consumer'!$Q$3:$Q$1176,'[1]Dubai Islamic Consumer'!$B$3:$B$1176,,,) -> KHI/HO/D/MO/PC COMP/C/102086/67/11/2024
A48: 47 | B48: ACTIVE | C48: 9976AD1212120126 | D48: T-PAK | E48: USMAN ALI | F48: Multan | G48: 36302-0572577-1 | H48: 03008474132 | I48: 03008474132 | J48: 0614551166 | K48: HOUSE NO 344/4 KUSHHAL COLONY KHAKH WANI STREET KHANEWAL ROAD MULTAN PK | L48: 1001250 | M48: 1335000 | N48: 01-2111-PO-MTR-PCCM-D-001515 | O48: 45600 | P48: 6R189877 | Q48: NF1AET306H1089877 | R48: NEW | T48: SUZUKI ALTO VXR | U48: 2021 | V48: 31-JUL-2021 | W48: 11-NOV-2021 | X48: 11-Nov-2026 | Y48: OLAMUX300071567 | Z48: 5 | AA48: ITECL | AB48: 5583/11/2021 | AC48: 06-NOV-2021 | AD48: 2% | AE48: 1068000 | AF48: 21360 | AJ48: =_xlfn.XLOOKUP(Table9[[#This Row],[Engine No.]],'[1]Dubai Islamic Consumer'!$Q$3:$Q$1176,'[1]Dubai Islamic Consumer'!$B$3:$B$1176,,,) -> KHI/HO/D/MO/PC COMP/C/102086/68/11/2024
A49: 48 | B49: ACTIVE | C49: 997APD1203170006 | D49: T-PAK | E49: NAWAZ AHMED | F49: Lahore | G49: 35202-6560809-9 | H49: 03464565634 | I49: 03464565634 | J49: 3532145660 | K49: 1 KM DEFENCE ROAD OFF RAIWIND ROAD NEAR BGOBTIAN CHOWK LAHORE | L49: 1287200 | M49: 1609000 | N49: DIB/T/BT/29435/LHR/1120 | O49: 45600 | P49: 301240 | Q49: 20002767 | R49: NEW | T49: FAW-V2 | U49: 2020 | V49: 12-NOV-2020 | W49: 11-NOV-2020 | X49: 11-Nov-2025 | Y49: PODLHR300060221 | Z49: 5 | AA49: ITFM | AB49: 3499/11/2020/ITFM | AC49: 05-NOV-2020 | AD49: 2% | AE49: 1206750 | AF49: 24135 | AJ49: =_xlfn.XLOOKUP(Table9[[#This Row],[Engine No.]],'[1]Dubai Islamic Consumer'!$Q$3:$Q$1176,'[1]Dubai Islamic Consumer'!$B$3:$B$1176,,,) -> KHI/HO/D/MO/PC COMP/C/102086/69/11/2024
A50: 49 | B50: ACTIVE | C50: 997AAD2201810002 | D50: T-PAK | E50: TARIQ MEHMOOD | F50: SAHIWAL | G50: 36502-1340727-9 | H50: 03016919667 | I50: 03016919667 | J50: 03016919667 | K50: PLOT NO 45 ST NO 1 93/9-L COMSATS R OAD SAHIWAL PK | L50: 2008500 | M50: 2678000 | N50: 2524/02150/00192/11/2020 | O50: 45600 | P50: 2A10756 | Q50: 7006226 | R50: NEW | T50: TOYOTA YARIS GLI CVT 1.3 | U50: 2020 | V50: 29-JUN-2020 | W50: 21-NOV-2020 | X50: 21-Nov-2025 | Y50: POASHW300054475 | Z50: 5 | AA50: ITFM | AB50: 3493/11/2020/ITFM | AC50: 05-NOV-2020 | AD50: 2.5% | AE50: 2008500 | AF50: 50213 | AJ50: =_xlfn.XLOOKUP(Table9[[#This Row],[Engine No.]],'[1]Dubai Islamic Consumer'!$Q$3:$Q$1176,'[1]Dubai Islamic Consumer'!$B$3:$B$1176,,,) -> KHI/HO/D/MO/PC COMP/C/102086/74/11/2024
A51: 50 | B51: ACTIVE | C51: 9976AP1213120073 | D51: T-PAK | E51: MUHAMMAD ANNUS KHAN | F51: Karachi | G51: 42101-6768225-7 | H51: 03323224208 | I51: 03158290158 | J51: 36335158 | K51: R- 208, BLOCK 1, SHARIFABAD, FB ARE A, BLOCK 1 NEAR AL AZAM SQUARE KARACHI PK | L51: 1697500 | M51: 2425000 | N51: DIB/T/34311/KHI/1121 | O51: 45600 | P51: 3745777 | Q51: R-119840 | R51: USD | S51: BCC-883 | T51: HONDA CIVIC VTI ORIEL | U51: 2014 | V51: 08-NOV-2021 | W51: 11-NOV-2021 | X51: 11-Nov-2025 | Y51: OLUKHI300078203 | Z51: 4 | AA51: ITECL | AB51: 5583/11/2021 | AC51: 06-NOV-2021 | AD51: 2% | AE51: 1940000 | AF51: 38800 | AJ51: =_xlfn.XLOOKUP(Table9[[#This Row],[Engine No.]],'[1]Dubai Islamic Consumer'!$Q$3:$Q$1176,'[1]Dubai Islamic Consumer'!$B$3:$B$1176,,,) -> KHI/HO/D/MO/PC COMP/C/102086/75/11/2024
A52: 51 | B52: ACTIVE | C52: 9976AD2212740075 | D52: T-PAK | E52: SARIM SOHAIL | F52: Lahore | G52: 37405-4673915-5 | I52: 03018932382 | K52: HOUSE NO 39-D, STREET NO 14, ASKARI 10 LAHORE CANTT 0301-8932382 | L52: 2128500 | M52: 3870000 | N52: 56607/00011/11/2021 | O52: 45600 | P52: R18Z16927609 | Q52: NFBFC6668MR080191 | R52: NEW | T52: HONDA CIVIC VTI ORIEL PT | U52: 2021 | V52: 01-OCT-2021 | W52: 11-NOV-2021 | X52: 11-Nov-2026 | Y52: OLALHR300073908 | Z52: 5 | AA52: CTRK | AB52: DIB0032400 | AC52: 05-NOV-2021 | AD52: 2% | AE52: 3096000 | AF52: 61920 | AJ52: =_xlfn.XLOOKUP(Table9[[#This Row],[Engine No.]],'[1]Dubai Islamic Consumer'!$Q$3:$Q$1176,'[1]Dubai Islamic Consumer'!$B$3:$B$1176,,,) -> KHI/HO/D/MO/PC COMP/C/102086/76/11/2024
A53: 52 | B53: ACTIVE | C53: 997AAD1202120054 | D53: T-PAK | E53: SYED SHAHID MUSTAFA | F53: Lahore | G53: 35201-1691311-7 | H53: 03248411953 03218411953 | I53: 0321-8411953 | J53: 35862332-3 | K53: H # 284 BLOCK J PHASE 1 DHA LAHORE | L53: 2984850 | M53: 5427000 | N53: DIB/T/29437/LHR/1120 | O53: 45600 | P53: H327353 | Q53: KP506221 | R53: NEW | T53: SPORTAGE AWD | U53: 2020 | V53: 30-JUL-2020 | W53: 11-NOV-2020 | X53: 11-Nov-2025 | Y53: POALHR300056213 | Z53: 5 | AD53: 1.5% | AE53: 4070250 | AF53: 61054 | AJ53: =_xlfn.XLOOKUP(Table9[[#This Row],[Engine No.]],'[1]Dubai Islamic Consumer'!$Q$3:$Q$1176,'[1]Dubai Islamic Consumer'!$B$3:$B$1176,,,) -> KHI/HO/D/MO/PC COMP/C/102086/77/11/2024
A54: 53 | B54: ACTIVE | C54: 9976AD1211400010 | D54: T-PAK | E54: PIRZADA AHSAR SUQLAIN | F54: Rawalpindi | G54: 35202-4706938-9 | H54: 03009436923 | J54: 03009436923 | K54: H # 118 ST # 8 SECTOR E PHASE 8 BAH RIA TOWN RAWALPINDI PK | L54: 3804500 | M54: 5435000 | N54: PO-MTR-PCCM-D-001514 | O54: 45600 | P54: 318193 | Q54: 513592 | R54: NEW | T54: SPORTAGE AWD | U54: 2021 | V54: 20-MAY-2021 | W54: 03-DEC-2021 | X54: 03-Dec-2026 | Y54: OLARWP300068814 | Z54: 5 | AD54: 2% | AE54: 4348000 | AF54: 86960 | AJ54: =_xlfn.XLOOKUP(Table9[[#This Row],[Engine No.]],'[1]Dubai Islamic Consumer'!$Q$3:$Q$1176,'[1]Dubai Islamic Consumer'!$B$3:$B$1176,,,) -> KHI/HO/D/MO/PC COMP/C/102086/78/11/2024
A55: 54 | B55: ACTIVE | C55: 9976AD1212870025 | D55: T-PAK | E55: AFZAL RASOOL AHMED | F55: Sialkot | G55: 34603-7763645-7 | H55: 03008471789 | I55: 03008471789 | J55: 03008471789 | K55: MOH BABE BERI GALI TALAB WALI NEAR HAFIZ KARYANA ROAD PASRUR ROAD SIALKOT PK | L55: 1001250 | M55: 1335000 | N55: PL-1021-1101010102-V14-D-00485 | O55: 45600 | P55: 188065 | Q55: 1088035 | R55: NEW | T55: SUZUKI ALTO VXR EURO II | U55: 2021 | V55: 14-OCT-2021 | W55: 11-NOV-2021 | X55: 11-Nov-2026 | Y55: OLASKT30007475 | Z55: 5 | AA55: CTRK | AB55: DIB0032152 | AC55: 05-NOV-2021 | AD55: 2% | AE55: 1068000 | AF55: 21360 | AJ55: =_xlfn.XLOOKUP(Table9[[#This Row],[Engine No.]],'[1]Dubai Islamic Consumer'!$Q$3:$Q$1176,'[1]Dubai Islamic Consumer'!$B$3:$B$1176,,,) -> KHI/HO/D/MO/PC COMP/C/102086/80/11/2024
A56: 55 | B56: ACTIVE | C56: 9976AP1213120078 | D56: T-PAK | E56: ZEESHAN HUSSAIN | F56: SARGODHA | G56: 38403-2214965-5 | I56: 03007200007 | K56: HOUSE NO. 786, STREET NO. 1, ISLAMPURA, SARGODHA. 0300-7200007 | L56: 927500 | M56: 1855000 | N56: UWT/D/T002/0000001126/1121/109-0 | O56: 45600 | P56: PK10K152612 | Q56: NF1AVK31H10052599 | R56: USD | T56: CULTUS VXL | U56: 2020 | V56: 08-NOV-2021 | W56: 11-NOV-2021 | X56: 11-Nov-2026 | Y56: OLUSGD300078052 | Z56: 5 | AA56: CTRK | AB56: DIB0032404 | AC56: 05-NOV-2021 | AD56: 2% | AE56: 1484000 | AF56: 29680 | AJ56: =_xlfn.XLOOKUP(Table9[[#This Row],[Engine No.]],'[1]Dubai Islamic Consumer'!$Q$3:$Q$1176,'[1]Dubai Islamic Consumer'!$B$3:$B$1176,,,) -> KHI/HO/D/MO/PC COMP/C/102086/83/11/2024
A57: 56 | B57: ACTIVE | C57: 9976AD1192110003 | D57: T-PAK | E57: NAUMAN MUSTAFA AWAN | F57: Islamabad | G57: 37201-1741239-9 | H57: 03335904302 | J57: 0512804401 | K57: FLAT # 01 BLOCK # 14 / 7 G - 7 MARK AZ NEAR PETROL PUMP ISLAMABAD PK | L57: 971250 | M57: 1295000 | N57: 01-1911-PO-MTR-PCCM-D-002835 | O57: 45601 | P57: 6R119480 | Q57: 1019136 | R57: NEW | S57: APU-024 | T57: ALTO VXL AGS EURO-II | U57: 2019 | V57: 30-JUL-2019 | W57: 11-NOV-2019 | X57: 11-Nov-2025 | Y57: POAISD300047981 | Z57: 6 | AA57: ITFM | AB57: 1977/11/2019/ITFM | AC57: 07-NOV-2019 | AD57: 2.5% | AE57: 906500 | AF57: 22663 | AJ57: =_xlfn.XLOOKUP(Table9[[#This Row],[Engine No.]],'[1]Dubai Islamic Consumer'!$Q$3:$Q$1176,'[1]Dubai Islamic Consumer'!$B$3:$B$1176,,,) -> KHI/HO/D/MO/PC COMP/C/102086/85/11/2024
A58: 57 | B58: ACTIVE | C58: 997AAD1202680018 | D58: T-PAK | E58: ASAD JAVED | F58: Islamabad | G58: 61101-4693224-7 | I58: 03314440602 | K58: ASAD JAVED HOUSE NO 116 STREET NO 42 G-10/4 ISLAMABAD | L58: 958400 | M58: 1198000 | N58: 2524/02208/00007/11/2020 | O58: 45601 | P58: 144342 | Q58: 1043315 | R58: NEW | T58: ALTO VX EURO-II | U58: 2020 | V58: 24-SEP-2020 | W58: 21-NOV-2020 | X58: 21-Nov-2025 | Y58: POAISD300057531 | Z58: 5 | AA58: CTRK | AB58: DIB0029014 | AC58: 09-NOV-2020 | AD58: 2% | AE58: 898500 | AF58: 17970 | AJ58: =_xlfn.XLOOKUP(Table9[[#This Row],[Engine No.]],'[1]Dubai Islamic Consumer'!$Q$3:$Q$1176,'[1]Dubai Islamic Consumer'!$B$3:$B$1176,,,) -> KHI/HO/D/MO/PC COMP/C/102086/86/11/2024
A59: 58 | B59: ACTIVE | C59: 997AAD1202930002 | D59: T-PAK | E59: ZAREEN SALMAN | F59: Faisalabad | G59: 33100-4587047-2 | I59: 03247420300 | J59: 0321-8484777 | K59: FIRST STEP EDUCATIONAL SYSTEM PVT LTD EAST CANAL ROAD OFF KASHMIR BRIDGE FAISALABAD | L59: 898500 | M59: 1198000 | N59: 2524/02150/00193/11/2020 | O59: 45601 | P59: 144371 | Q59: 1043844 | R59: NEW | T59: ALTO VX EURO II | U59: 2020 | V59: 19-OCT-2020 | W59: 11-NOV-2020 | X59: 11-Nov-2027 | Y59: POAFSD300058793 | Z59: 7 | AA59: CTRK | AB59: DIB0029005 | AC59: 06-NOV-2020 | AD59: 2% | AE59: 898500 | AF59: 17970 | AJ59: =_xlfn.XLOOKUP(Table9[[#This Row],[Engine No.]],'[1]Dubai Islamic Consumer'!$Q$3:$Q$1176,'[1]Dubai Islamic Consumer'!$B$3:$B$1176,,,) -> KHI/HO/D/MO/PC COMP/C/102086/87/11/2024
A60: 59 | B60: ACTIVE | C60: 997APD2203140003 | D60: T-PAK | E60: MUHAMMAD USMAN SAEED | F60: Lahore | G60: 35201-2468933-7 | H60: 03214188321 | I60: 03214188321 | J60: 04235747060 | K60: 1ST FLOOR MEEZAN BANK T-BLOCK PLOT NO 7 CCA-2 PHASE II DHA LAHORE | L60: 1068750 | M60: 1425000 | N60: 53157/00019/11/2020 | O60: 45601 | P60: PK10B127808 | Q60: A1J310PK10027793 | R60: USD | S60: LEB-17-6401 | T60: WAGONR VXL | U60: 2017 | V60: 09-NOV-2020 | W60: 11-NOV-2020 | X60: 11-Nov-2026 | Y60: POULHR300060362 | Z60: 6 | AA60: ITFM | AB60: 3508/11/2020/ITFM | AC60: 07-NOV-2020 | AD60: 2% | AE60: 1068750 | AF60: 21375 | AJ60: =_xlfn.XLOOKUP(Table9[[#This Row],[Engine No.]],'[1]Dubai Islamic Consumer'!$Q$3:$Q$1176,'[1]Dubai Islamic Consumer'!$B$3:$B$1176,,,) -> KHI/HO/D/MO/PC COMP/C/102086/88/11/2024
A61: 60 | B61: ACTIVE | C61: 997AAD1202960016 | D61: T-PAK | E61: IBTIHAJ UDDIN | F61: Karachi | G61: 42101-5826182-9 | H61: 36312392 | I61: 03323033112 | J61: 36312392 | K61: REVAMP HOUSE NO 1337 R BLOCK 15 FB AREA CENTRAL GULBERG TOWN KARACHI | L61: 1306400 | M61: 1633000 | N61: 2524/02208/00008/11/2020 | O61: 45601 | P61: 6R142617 | Q61: NF1AET306H1042581 | R61: NEW | T61: ALTO VXL AGS EURO II | U61: 2020 | V61: 22-OCT-2020 | W61: 27-NOV-2020 | X61: 27-Nov-2025 | Y61: POAKHI300058891 | Z61: 5 | AA61: CTRK | AB61: DIB0028994 | AC61: 06-NOV-2020 | AD61: 2% | AE61: 1224750 | AF61: 24495 | AJ61: =_xlfn.XLOOKUP(Table9[[#This Row],[Engine No.]],'[1]Dubai Islamic Consumer'!$Q$3:$Q$1176,'[1]Dubai Islamic Consumer'!$B$3:$B$1176,,,) -> KHI/HO/D/MO/PC COMP/C/102086/89/11/2024
A62: 61 | B62: ACTIVE | C62: 997AAD1202730039 | D62: T-PAK | E62: ZABI ULLAH NAGRA | F62: Lahore | G62: 35202-9655638-9 | H62: 03218442175 | I62: 03218442175 | J62: 03218442175 | K62: 9-FANE ROAD, BEHIND PUNJAB BAR COUN CIL BUILDING LAHORE | L62: 2215000 | M62: 4430000 | N62: 53157/00022/11/2020 | O62: 45601 | P62: 325789 | Q62: 100163 | R62: NEW | T62: SPORTAGE ALPHA | U62: 2020 | V62: 29-SEP-2020 | W62: 11-NOV-2020 | X62: 11-Nov-2025 | Y62: POALHR300057702 | Z62: 5 | AD62: 1.5% | AE62: 3322500 | AF62: 49838 | AJ62: =_xlfn.XLOOKUP(Table9[[#This Row],[Engine No.]],'[1]Dubai Islamic Consumer'!$Q$3:$Q$1176,'[1]Dubai Islamic Consumer'!$B$3:$B$1176,,,) -> KHI/HO/D/MO/PC COMP/C/102086/94/11/2024
A63: 62 | B63: ACTIVE | C63: 9976AD2212180071 | D63: T-PAK | E63: WASEEM AKRAM | F63: Burewala | G63: 36601-7184165-3 | I63: 00971501901136 03336627048 | K63: S/O MUHAMMAD AKRAM CHAK NO. 373/E.B P/O KHAS BUREWALA 03336627048 | L63: 918000 | M63: 1530000 | N63: 2524/02742/00024/10/2021 | O63: 45602 | P63: PK10B220553 | Q63: A1J310PK10120481 | R63: RDA | T63: SUZUKI WAGONR VXR | U63: 2021 | V63: 06-AUG-2021 | W63: 03-DEC-2021 | X63: 03-Dec-2025 | Y63: OLABRW300071309 | Z63: 4 | AA63: ITFT | AB63: 5499/10/2021/ITFM | AC63: 07-NOV-2021 | AD63: 1.75% | AE63: 1224000 | AF63: 21420 | AJ63: =_xlfn.XLOOKUP(Table9[[#This Row],[Engine No.]],'[1]Dubai Islamic Consumer'!$Q$3:$Q$1176,'[1]Dubai Islamic Consumer'!$B$3:$B$1176,,,) -> KHI/HO/D/MO/PC COMP/C/102086/96/11/2024
A64: 63 | B64: ACTIVE | C64: 9976AP1183180005 | D64: T-PAK | E64: MUHAMMAD KHURRAM ZAHUR BAJWA | F64: Lahore | G64: 35202-2333946-5 | H64: 03313290999 | I64: 03313290999 | J64: 03313290999 | K64: C S 223 UNIVERSITY OF LHR DEFENCE R OAD BHOBATIAN CHOWK LAHORE | L64: 1473050 | M64: 1733000 | N64: 50025/00015/10/2018 | O64: 45602 | P64: 7520220 | Q64: JR236762 | R64: NEW | S64: LEC-18A-9375 | T64: HONDA CITY IVTEC M/T | U64: 2018 | V64: 14-NOV-2018 | W64: 21-NOV-2018 | X64: 21-Nov-2025 | Y64: PODLHR300040093 | Z64: 7 | AA64: FTSM | AB64: 16760/11/2018/FTSM | AC64: 08-NOV-2018 | AD64: 3.1% | AE64: 1126450 | AF64: 34920 | AJ64: =_xlfn.XLOOKUP(Table9[[#This Row],[Engine No.]],'[1]Dubai Islamic Consumer'!$Q$3:$Q$1176,'[1]Dubai Islamic Consumer'!$B$3:$B$1176,,,) -> KHI/HO/D/MO/PC COMP/C/102086/97/11/2024
A65: 64 | B65: ACTIVE | C65: 9976AD1220840043 | D65: T-PAK | E65: SHEIKH MUHAMMAD SABEEH | F65: Islamabad | G65: 37405-4690602-7 | H65: 03351599872 | J65: 0 | K65: H # B-89 BLOCK B SATELLITE TOWN NEA R JAMSHAID BOYS HOSTEL RAWALPINDI PK | L65: 2029300 | M65: 2899000 | N65: 64794/00013/11/2022 | O65: 45602 | P65: 1009739 | Q65: 109741 | R65: NEW | T65: SUZUKI SWIFT GLX CVT | U65: 2022 | V65: 25-MAR-2022 | W65: 11-NOV-2022 | X65: 11-Nov-2027 | Y65: OLAISD300085954 | Z65: 5 | AA65: CTRK | AB65: DIB0034819 | AC65: 07-NOV-2022 | AD65: 2% | AE65: 2464150 | AF65: 49283 | AJ65: =_xlfn.XLOOKUP(Table9[[#This Row],[Engine No.]],'[1]Dubai Islamic Consumer'!$Q$3:$Q$1176,'[1]Dubai Islamic Consumer'!$B$3:$B$1176,,,) -> KHI/HO/D/MO/PC COMP/C/102086/98/11/2024
A66: 65 | B66: ACTIVE | C66: 9976AP2223140001 | D66: T-PAK | E66: TAHSEEN AHMED | F66: Karachi | G66: 42201-9071854-9 | H66: 03002202579 | I66: 03002202579 | J66: 0 | K66: 39-E BLOCK 6 FIRST FLOOR PECHS RAWA L MASJID KARACHI PK | L66: 1265000 | M66: 2530000 | N66: 64794/00014/11/2022 | O66: 45602 | P66: 286677 | Q66: 4038826 | R66: USD | S66: BDV-285 | T66: TOYOTA COROLLA GLI MT | U66: 2015 | V66: 10-NOV-2022 | W66: 11-NOV-2022 | X66: 11-Nov-2025 | Y66: OLUKHI300090738 | Z66: 3 | AA66: ITFM | AB66: 9306/11/2022/ITFM | AC66: 07-NOV-2022 | AD66: 1.75% | AE66: 2150500 | AF66: 37634 | AJ66: =_xlfn.XLOOKUP(Table9[[#This Row],[Engine No.]],'[1]Dubai Islamic Consumer'!$Q$3:$Q$1176,'[1]Dubai Islamic Consumer'!$B$3:$B$1176,,,) -> KHI/HO/D/MO/PC COMP/C/102086/99/11/2024
A67: 66 | B67: ACTIVE | C67: 9976AP1223140004 | D67: T-PAK | E67: HAMMAD KHALID | F67: Karachi | G67: 42101-8642987-9 | H67: 03332085028 | I67: 03332085028 | J67: 0 | K67: L- 497 1ST FLOOR SEC 5-C /2 NORTH K HI ROSE APPARTMENT KARACHI PK | L67: 1625000 | M67: 2500000 | N67: 64794/00016/11/2022 | O67: 45602 | P67: 480532 | Q67: 4105936 | R67: USD | S67: BHP-717 | T67: TOYOTA COROLLA GLI MT | U67: 2017 | V67: 10-NOV-2022 | W67: 11-NOV-2022 | X67: 11-Nov-2025 | Y67: OLUKHI300090754 | Z67: 3 | AA67: ITFM | AB67: 9320/11/2022/ITFM | AC67: 10-NOV-2022 | AD67: 1.75% | AE67: 2125000 | AF67: 37188 | AJ67: =_xlfn.XLOOKUP(Table9[[#This Row],[Engine No.]],'[1]Dubai Islamic Consumer'!$Q$3:$Q$1176,'[1]Dubai Islamic Consumer'!$B$3:$B$1176,,,) -> KHI/HO/D/MO/PC COMP/C/102086/100/11/2024
A68: 67 | B68: ACTIVE | C68: 9976AD1221030005 | D68: T-PAK | E68: MIAN JALAL UDDIN BANDAY | F68: Islamabad | G68: 37405-5041296-5 | H68: 03335305716 | J68: 0514842421 | K68: H # 22 ST # 3 BLOCK F SHALIMAR ROAD SOAN GARDEN ISLAMABAD PK | L68: 2218300 | M68: 3169000 | N68: 64794/00012/11/2022 | O68: 45602 | P68: 1009429 | Q68: 109446 | R68: NEW | T68: SUZUKI SWIFT GLX CVT | U68: 2022 | V68: 13-APR-2022 | W68: 11-NOV-2022 | X68: 11-Nov-2027 | Y68: OLAISD300086443 | Z68: 5 | AA68: ITECL | AB68: 9303/11/2022 | AC68: 07-NOV-2022 | AD68: 2% | AE68: 2693650 | AF68: 53873 | AJ68: =_xlfn.XLOOKUP(Table9[[#This Row],[Engine No.]],'[1]Dubai Islamic Consumer'!$Q$3:$Q$1176,'[1]Dubai Islamic Consumer'!$B$3:$B$1176,,,) -> KHI/HO/D/MO/PC COMP/C/102086/103/11/2024
A69: 68 | B69: ACTIVE | C69: 9976AD1222730013 | D69: T-PAK | E69: UZAIR SAJJAD | F69: Bahawalpur | G69: 31202-9542659-3 | I69: 00966558962216 | K69: MADINAH QIBLATTIN DIST 42351 SAUDI ARABIA | L69: 1694700 | M69: 2421000 | N69: 64794/00015/11/2022 | O69: 45602 | P69: 241050 | Q69: 10141046 | R69: RDA | T69: SUZUKI WAGONR VXR | U69: 2022 | V69: 30-SEP-2022 | W69: 03-DEC-2022 | X69: 03-Dec-2025 | Y69: OLABHP300090163 | Z69: 3 | AA69: ITFM | AB69: 9312/11/2022/ITFM | AC69: 07-NOV-2022 | AD69: 1.4% | AE69: 2057850 | AF69: 28810 | AJ69: =_xlfn.XLOOKUP(Table9[[#This Row],[Engine No.]],'[1]Dubai Islamic Consumer'!$Q$3:$Q$1176,'[1]Dubai Islamic Consumer'!$B$3:$B$1176,,,) -> KHI/HO/D/MO/PC COMP/C/102086/108/11/2024
A70: 69 | B70: ACTIVE | C70: 9976AD1232820001 | D70: T-PAK | E70: SAYED SAJJAD HUSSAIN MUSAVI | F70: Karachi | G70: 45502-5958413-7 | H70: 03337102949 | I70: 03337102949 | J70: 0 | K70: FLAT NO 501 5TH FLOOR SEA CASTLE 1 CLIFTON BLOCK 3 AND 4 KHI KARACHI PK | L70: 1446720 | M70: 6028000 | N70: 77638/00002/11/2023 | O70: 06-NOV-2024 | P70: 81014737 | Q70: 034297 | R70: NEW | T70: HONDA CITY I-VTEC | U70: 2023 | V70: 45208 | W70: 11-NOV-2023 | X70: 11-Nov-2026 | Y70: OLAKHI300097370 | Z70: 3 | AA70: CTRK | AB70: DIB0035394 | AC70: 27-OCT-2023 | AD70: 2% | AE70: 5425200 | AF70: 108504 | AJ70: =_xlfn.XLOOKUP(Table9[[#This Row],[Engine No.]],'[1]Dubai Islamic Consumer'!$Q$3:$Q$1176,'[1]Dubai Islamic Consumer'!$B$3:$B$1176,,,) -> KHI/HO/D/MO/PC COMP/C/102086/109/11/2024
A71: 70 | B71: ACTIVE | C71: 9976AP2213140044 | D71: T-PAK | E71: MUHAMMAD TAYYAB YAQUB | F71: Faisalabad | G71: 33102-2485464-1 | H71: 03004562537 | I71: 03004562537, 03004562537 | J71: 03004562537 | K71: 157 MOHALLA KORIAN SAMUNDRI ROAD D TYPE COLONY NEARE BOHAR WALI MASJID FAISALABAD PK | L71: 734300 | M71: 1049000 | N71: 56038/00084/10/2021 | O71: 45603 | P71: 1016784 | Q71: PK0113291 | R71: NEW | T71: SUZUKI BOLAN VX EURO II | U71: 2021 | V71: 10-NOV-2021 | W71: 11-NOV-2021 | X71: 11-Nov-2026 | Y71: OLDFSD300078242 | Z71: 5 | AA71: CTRK | AB71: DIB0032347 | AC71: 08-NOV-2021 | AD71: 2% | AE71: 839200 | AF71: 16784 | AJ71: =_xlfn.XLOOKUP(Table9[[#This Row],[Engine No.]],'[1]Dubai Islamic Consumer'!$Q$3:$Q$1176,'[1]Dubai Islamic Consumer'!$B$3:$B$1176,,,) -> KHI/HO/D/MO/PC COMP/C/102086/113/11/2024
A72: 71 | B72: ACTIVE | C72: 9976AP2213130036 | D72: T-PAK | E72: DANISH RIAZ | F72: Faisalabad | G72: 33100-2734803-3 | H72: 8781274 03007622075 | I72: 03007622075 | J72: 0418580060 | K72: HOUSE NO.80, STREET NO.3 UMAR BLOCK, MUSLIM TOWN NO.1 FAISALABAD | L72: 1035000 | M72: 1725000 | N72: 56607/00014/11/2021 | O72: 45603 | P72: 134290 | Q72: 10034302 | R72: USD | S72: LE-19-9819 | T72: SUZUKI CULTUS VXR EURO II | U72: 2018 | V72: 09-NOV-2021 | W72: 11-NOV-2021 | X72: 11-Nov-2025 | Y72: OLUFSD300078252 | Z72: 4 | AA72: CTRK | AB72: DIB0032418 | AC72: 08-NOV-2021 | AD72: 2% | AE72: 1380000 | AF72: 27600 | AJ72: =_xlfn.XLOOKUP(Table9[[#This Row],[Engine No.]],'[1]Dubai Islamic Consumer'!$Q$3:$Q$1176,'[1]Dubai Islamic Consumer'!$B$3:$B$1176,,,) -> KHI/HO/D/MO/PC COMP/C/102086/114/11/2024
A73: 72 | B73: ACTIVE | C73: 9976AD2212250015 | D73: T-PAK | E73: FAIZ UR REHMAN ZAHID | F73: Islamabad | G73: 14301-2003773-9 | H73: 0515430548 | J73: 0518023010 | K73: H # 64-B ST # 7 FECHS LOHI BHER SEC TOR O-9 ISLAMABAD PK | L73: 1068000 | M73: 1335000 | N73: 01-2111-PO-MTR-PCCM-D-001533 | O73: 45603 | P73: 6R191974 | Q73: 1091928 | R73: NEW | T73: SUZUKI ALTO VXR EURO II | U73: 2021 | V73: 13-AUG-2021 | W73: 21-NOV-2021 | X73: 21-Nov-2027 | Y73: OLAISD300071915 | Z73: 6 | AA73: CTRK | AB73: DIB0032428 | AC73: 09-NOV-2021 | AD73: 2% | AE73: 1068000 | AF73: 21360 | AJ73: =_xlfn.XLOOKUP(Table9[[#This Row],[Engine No.]],'[1]Dubai Islamic Consumer'!$Q$3:$Q$1176,'[1]Dubai Islamic Consumer'!$B$3:$B$1176,,,) -> KHI/HO/D/MO/PC COMP/C/102086/115/11/2024
A74: 73 | B74: ACTIVE | C74: 9976AP2213130035 | D74: T-PAK | E74: ZUKHRAF JAMIL | F74: Islamabad | G74: 61101-7906867-0 | H74: 03345381860 | J74: 0 | K74: H # 620 ST # 12/1 BLOCK-B NATIONAL POLICE FOUNDATION SECTOR O-9 NEAR G ISLAMABAD PK | L74: 1472000 | M74: 2300000 | N74: 56607/00015/11/2021 | O74: 45603 | P74: 79755064 | Q74: 190192 | R74: USD | S74: ABE-262 | T74: HONDA CITY ASPIRE | U74: 2016 | V74: 09-NOV-2021 | W74: 11-NOV-2021 | X74: 11-Nov-2026 | Y74: OLUISDAT300078362 | Z74: 5 | AA74: CTRK | AB74: DIB0032420 | AC74: 09-NOV-2021 | AD74: 2% | AE74: 1840000 | AF74: 36800 | AJ74: =_xlfn.XLOOKUP(Table9[[#This Row],[Engine No.]],'[1]Dubai Islamic Consumer'!$Q$3:$Q$1176,'[1]Dubai Islamic Consumer'!$B$3:$B$1176,,,) -> KHI/HO/D/MO/PC COMP/C/102086/117/11/2024
A75: 74 | B75: ACTIVE | C75: 9976AD1210810005 | D75: T-PAK | E75: MUHAMMAD SIDDIQUE | F75: Lahore | G75: 31202-1631060-1 | H75: 03008464402 | I75: 03008464402 | J75: 03008464402 | K75: JOREY PUL BAHAR SHAH ROAD AL FAISAL TOWN LAHORE CANTT LAHORE | L75: 1784300 | M75: 2549000 | N75: DIB/T/34322/LHR/1121 | O75: 45603 | P75: 518223 | Q75: 1003905 | R75: NEW | T75: ALSVIN 1.5L LUMIERE | U75: 2021 | V75: 22-MAR-2021 | W75: 03-DEC-2021 | X75: 03-Dec-2026 | Y75: OLALHR300066859 | Z75: 5 | AA75: CTRK | AB75: TDIDIB0029799 | AC75: 09-NOV-2021 | AD75: 2% | AE75: 2039200 | AF75: 40784 | AJ75: =_xlfn.XLOOKUP(Table9[[#This Row],[Engine No.]],'[1]Dubai Islamic Consumer'!$Q$3:$Q$1176,'[1]Dubai Islamic Consumer'!$B$3:$B$1176,,,) -> KHI/HO/D/MO/PC COMP/C/102086/122/11/2024
A76: 75 | B76: ACTIVE | C76: 997AAD2203660006 | D76: T-PAK | E76: JAVED IQBAL MUGHAL | F76: Karachi | G76: 42201-7570368-3 | H76: 03008230290 | I76: 03008230290 | J76: 02132460050 | K76: SUIT NO 611- 612 FLOOR POONAWALA TR ADE TOWER DANDIA BAZAR KARACHI | L76: 3550950 | M76: 5463000 | N76: DIB/T/34321/KHI/1121 | O76: 45603 | P76: 5MGM6250379 | Q76: MN116315 | R76: NEW | T76: MG HS TURBO | U76: 2021 | V76: 31-DEC-2020 | W76: 21-NOV-2021 | X76: 21-Nov-2026 | Y76: OLAKHI300064538 | Z76: 5 | AA76: CTRK | AB76: TDIDIB0029791 | AC76: 04-NOV-2021 | AD76: 1.5% | AE76: 4370400 | AF76: 65556 | AJ76: =_xlfn.XLOOKUP(Table9[[#This Row],[Engine No.]],'[1]Dubai Islamic Consumer'!$Q$3:$Q$1176,'[1]Dubai Islamic Consumer'!$B$3:$B$1176,,,) -> KHI/HO/D/MO/PC COMP/C/102086/126/11/2024
A77: 76 | B77: ACTIVE | C77: 9976AD2211200010 | D77: T-PAK | E77: SYED REHAN BIN WARIS GILLANI | F77: Lahore | G77: 35200-1532614-1 | H77: 03028409999 | I77: 03028409999 | J77: 04236162336 7 | K77: H NO 173 PHASE NO 2 DHA LAHORE LAHORE | L77: 5273800 | M77: 7534000 | N77: 56607/00017/11/2021 | O77: 45603 | P77: 1GD5065229 | Q77: R-5548737 | R77: NEW | T77: HLIUX REVO V DC A/T 4X4 | U77: 2021 | V77: 30-APR-2021 | W77: 03-DEC-2021 | X77: 03-Dec-2026 | Y77: OLALHR300068433 | Z77: 5 | AA77: CTRK | AB77: DIB0032431 | AC77: 09-NOV-2021 | AD77: 1.75% | AE77: 6027200 | AF77: 105476 | AJ77: =_xlfn.XLOOKUP(Table9[[#This Row],[Engine No.]],'[1]Dubai Islamic Consumer'!$Q$3:$Q$1176,'[1]Dubai Islamic Consumer'!$B$3:$B$1176,,,) -> KHI/HO/D/MO/PC COMP/C/102086/127/11/2024
A78: 77 | B78: ACTIVE | C78: 997AAD2210670001 | D78: T-PAK | E78: MAZHAR UL HAQ | F78: Gujranwala | I78: 03216456380 | K78: KORN MILLS PVT LTD 10 KM LAHORE SIDE G T ROAD GUJRANWALA | L78: 6891750 | M78: 9189000 | N78: 56607/00018/11/2021 | O78: 45603 | P78: 1GD5078075 | Q78: 1096765 | R78: NEW | T78: TOYOTA FORTUNER 4X4 SPORTIV | U78: 2021 | V78: 08-MAR-2021 | W78: 27-NOV-2021 | X78: 27-Nov-2026 | Y78: OLAGWL300066546 | Z78: 5 | AA78: ITMT | AB78: 5589/11/2021/ITMM | AC78: 09-NOV-2021 | AD78: 1.5% | AE78: 7351200 | AF78: 110268 | AJ78: =_xlfn.XLOOKUP(Table9[[#This Row],[Engine No.]],'[1]Dubai Islamic Consumer'!$Q$3:$Q$1176,'[1]Dubai Islamic Consumer'!$B$3:$B$1176,,,) -> KHI/HO/D/MO/PC COMP/C/102086/130/11/2024
A79: 78 | B79: ACTIVE | C79: 9976AP1223140003 | D79: T-PAK | E79: MUHAMMAD ARSALAN GULL | F79: Rawalpindi | G79: 37405-7320530-1 | I79: 03170007516 | K79: H NO CB-2786, LANE 02, MUKARAM TOWN CHUR HAMPAL RAWALPINDI. | L79: 2660000 | M79: 3800000 | N79: 64794/00017/11/2022 | O79: 45603 | P79: 12908456 | Q79: 011460 | R79: USD | T79: HONDA CIVIC VTI ORIEL P/T | U79: 2017 | V79: 10-NOV-2022 | W79: 11-NOV-2022 | X79: 11-Nov-2025 | Y79: OLURWP300090763 | Z79: 3 | AA79: FLCN | AB79: 108813/11/2022 | AC79: 08-NOV-2022 | AD79: 1.75% | AE79: 3230000 | AF79: 56525 | AJ79: =_xlfn.XLOOKUP(Table9[[#This Row],[Engine No.]],'[1]Dubai Islamic Consumer'!$Q$3:$Q$1176,'[1]Dubai Islamic Consumer'!$B$3:$B$1176,,,) -> KHI/HO/D/MO/PC COMP/C/102086/131/11/2024
A80: 79 | B80: ACTIVE | C80: 9976AP2223200007 | D80: T-PAK | E80: MUHAMMAD MUBEEN IQBAL | F80: Islamabad | G80: 37302-8820227-3 | H80: 03445849745 | J80: 0512215262 | K80: H # 114S ST # 2 SECTOR G-12 NEAR MA ILK BOYS HOSTAL ISLAMABAD PK | L80: 875000 | M80: 1250000 | N80: 64794/00018/11/2022 | O80: 45603 | P80: 607544 | Q80: 514423 | R80: USD | S80: DS-635 | T80: SUZUKI CULTUS VXR EURO-II | U80: 2015 | V80: 16-NOV-2022 | W80: 21-NOV-2022 | X80: 21-Nov-2025 | Y80: OLUISD300090764 | Z80: 3 | AA80: FLCN | AB80: 108814/11/2022 | AC80: 08-NOV-2022 | AD80: 1.75% | AE80: 1062500 | AF80: 18594 | AJ80: =_xlfn.XLOOKUP(Table9[[#This Row],[Engine No.]],'[1]Dubai Islamic Consumer'!$Q$3:$Q$1176,'[1]Dubai Islamic Consumer'!$B$3:$B$1176,,,) -> KHI/HO/D/MO/PC COMP/C/102086/138/11/2024
A81: 80 | B81: ACTIVE | C81: 9976AD1212650002 | D81: T-PAK | E81: ARSHAD FAROOQ | F81: Rawalpindi | G81: 37405-6982755-5 | H81: 03345353612 | J81: 0515551825 | K81: H # 61 GROUND FLOOR MUBARIK LANE #2 ADYALA ROAD RAWALPINDI PK | L81: 839200 | M81: 1049000 | N81: 2021-11-205-V01501DP0002759 | O81: 45604 | P81: 1016963 | Q81: 01133476 | R81: NEW | T81: SUZUKI BOLAN VX EURO II | U81: 2021 | V81: 22-SEP-2021 | W81: 21-NOV-2021 | X81: 21-Nov-2026 | Y81: OLARWP300073901 | Z81: 5 | AA81: CTRK | AB81: DIB0032444 | AC81: 10-NOV-2021 | AD81: 2% | AE81: 839200 | AF81: 16784 | AJ81: =_xlfn.XLOOKUP(Table9[[#This Row],[Engine No.]],'[1]Dubai Islamic Consumer'!$Q$3:$Q$1176,'[1]Dubai Islamic Consumer'!$B$3:$B$1176,,,) -> KHI/HO/D/MO/PC COMP/C/102086/144/11/2024
A82: 81 | B82: ACTIVE | C82: 9976AD1211960010 | D82: T-PAK | E82: MUHAMMAD USMAN | F82: Gujranwala | G82: 34101-3445040-1 | H82: 03008724748 | I82: 03008724748 | J82: 03008724748 | K82: H NO 57 BLOCK FF G MANGNOLIA PARK N EAR HADI SUPER STORE GUJRANWALA PK | L82: 1001250 | M82: 1335000 | N82: 56607/00026/11/2021 | O82: 45604 | P82: 191014 | Q82: 1091064 | R82: NEW | T82: ALTO VXR EURO-II | U82: 2021 | V82: 15-JUL-2021 | W82: 27-NOV-2021 | X82: 27-Nov-2026 | Y82: OLAGWL300070600 | Z82: 5 | AA82: ITFT | AB82: 5593/11/2021/ITFM | AC82: 10-NOV-2021 | AD82: 2% | AE82: 1068000 | AF82: 21360 | AJ82: =_xlfn.XLOOKUP(Table9[[#This Row],[Engine No.]],'[1]Dubai Islamic Consumer'!$Q$3:$Q$1176,'[1]Dubai Islamic Consumer'!$B$3:$B$1176,,,) -> KHI/HO/D/MO/PC COMP/C/102086/145/11/2024
A83: 82 | B83: ACTIVE | C83: 9976AD1212110037 | D83: T-PAK | E83: MALIK MUHAMMAD NADEEM AWAN | F83: Lahore | G83: 35201-1672072-5 | H83: 03004267807 | I83: 03004267807 | J83: 03004267807 | K83: DACCA ROAD QASIM BUILDING SADAR BAZ AR LAHORE CANTT NEAR HBL BANK LAHORE | L83: 1372500 | M83: 1830000 | N83: 2021-11-205-V01501OP0002755 | O83: 45604 | P83: 186931 | Q83: 10086927 | R83: NEW | T83: SUZUKI CULTUS VXL EUROII | U83: 2021 | V83: 30-JUL-2021 | W83: 11-NOV-2021 | X83: 11-Nov-2026 | Y83: OLALHR300071224 | Z83: 5 | AA83: CTRK | AB83: DIB0032436 | AC83: 09-NOV-2021 | AD83: 2% | AE83: 1464000 | AF83: 29280 | AJ83: =_xlfn.XLOOKUP(Table9[[#This Row],[Engine No.]],'[1]Dubai Islamic Consumer'!$Q$3:$Q$1176,'[1]Dubai Islamic Consumer'!$B$3:$B$1176,,,) -> KHI/HO/D/MO/PC COMP/C/102086/150/11/2024
A84: 83 | B84: ACTIVE | C84: 997APD2203160003 | D84: T-PAK | E84: FAREED FATEH ALI JESSANI | F84: Karachi | G84: 42101-1735191-3 | H84: 03003611599 | I84: 03003611599 | J84: 032722087 | K84: HOUSE # T/547 BLOCK-03 KARIMABAD CO LONY F.B.AREA NEAR AGHA KHAN JAMAT KARACHI PK | L84: 1787500 | M84: 2750000 | N84: 53157/00028/11/2020 | O84: 45604 | P84: Q030649 | Q84: 6008134 | R84: USD | S84: BFR-858 | T84: TOYOTA COROLLA ALTIS | U84: 2016 | V84: 11-NOV-2020 | W84: 11-NOV-2020 | X84: 11-Nov-2026 | Y84: POUKHI300060522 | Z84: 6 | AA84: ITFM | AB84: 3515/11/2020/ITFM | AC84: 09-NOV-2020 | AD84: 2% | AE84: 2062500 | AF84: 41250 | AJ84: =_xlfn.XLOOKUP(Table9[[#This Row],[Engine No.]],'[1]Dubai Islamic Consumer'!$Q$3:$Q$1176,'[1]Dubai Islamic Consumer'!$B$3:$B$1176,,,) -> KHI/HO/D/MO/PC COMP/C/102086/151/11/2024
A85: 84 | B85: ACTIVE | C85: 997APD1203150011 | D85: T-PAK | E85: MUHAMMAD NASIR SIDDIQUE | F85: Lahore | G85: 35202-9502649-1 | H85: 03218480932 | I85: 03218480932 | J85: 04237211655 | K85: 40 MAIN BAZAR FOOD STREET OLD ANARK ALI LAHORE | L85: 2250000 | M85: 3000000 | N85: 53157/00029/11/2020 | O85: 45604 | P85: Z567033 | Q85: NZE170R-4192765 | R85: USD | S85: LE-19A-7170 | T85: COROLLA GLI A/T | U85: 2019 | V85: 10-NOV-2020 | W85: 11-NOV-2020 | X85: 11-Nov-2025 | Y85: POULHR300060601 | Z85: 5 | AA85: ITFM | AB85: 3516/11/2020/ITFM | AC85: 09-NOV-2020 | AD85: 2% | AE85: 2250000 | AF85: 45000 | AJ85: =_xlfn.XLOOKUP(Table9[[#This Row],[Engine No.]],'[1]Dubai Islamic Consumer'!$Q$3:$Q$1176,'[1]Dubai Islamic Consumer'!$B$3:$B$1176,,,) -> KHI/HO/D/MO/PC COMP/C/102086/152/11/2024
A86: 85 | B86: ACTIVE | C86: 9976AD1211470028 | D86: T-PAK | E86: GHULAM SUGHRAN | F86: Lahore | G86: 35404-7640896-4 | H86: 03314470454 | I86: 03314470454 | J86: 99213739 | K86: GILLI SHAH SIR MAST SHAH SHARIF PUR A HAFIZABAD PK | L86: 1874160 | M86: 4932000 | N86: 2524/02742/00028/11/2021 | O86: 45604 | P86: 36099 | Q86: 307689 | R86: NEW | T86: KIA SPORTAGE FWD | U86: 2021 | V86: 27-MAY-2021 | W86: 03-DEC-2021 | X86: 03-Dec-2026 | Y86: OLALHR300068951 | Z86: 5 | AD86: 2% | AE86: 3945600 | AF86: 78912 | AJ86: =_xlfn.XLOOKUP(Table9[[#This Row],[Engine No.]],'[1]Dubai Islamic Consumer'!$Q$3:$Q$1176,'[1]Dubai Islamic Consumer'!$B$3:$B$1176,,,) -> KHI/HO/D/MO/PC COMP/C/102086/153/11/2024
A87: 86 | B87: ACTIVE | C87: 9976AD2212420003 | D87: T-PAK | E87: MUHAMMAD ASHFAQ ZIA | F87: Lahore | G87: 35302-3250000-7 | H87: 0336-4353356 | I87: 03336981590 | K87: FAIZPUR INTERCHANGE M2 MOTORWAY LAHORE | L87: 1966250 | M87: 3025000 | N87: 2524/02742/00026/11/2021 | O87: 45604 | P87: 1001234 | Q87: MR005195 | R87: NEW | T87: CITY ASPIRE A/T | U87: 2021 | V87: 30-AUG-2021 | W87: 27-NOV-2021 | X87: 27-Nov-2026 | Y87: OLALHR300072432 | Z87: 5 | AA87: CTRK | AB87: DIB0032433 | AC87: 09-NOV-2021 | AD87: 2% | AE87: 2420000 | AF87: 48400 | AJ87: =_xlfn.XLOOKUP(Table9[[#This Row],[Engine No.]],'[1]Dubai Islamic Consumer'!$Q$3:$Q$1176,'[1]Dubai Islamic Consumer'!$B$3:$B$1176,,,) -> KHI/HO/D/MO/PC COMP/C/102086/155/11/2024
A88: 87 | B88: ACTIVE | C88: 9976AP1213140094 | D88: T-PAK | E88: SYED IMRAN RAZA ZAIDI | F88: Rawalpindi | G88: 37405-2813481-5 | I88: 03336555001 | K88: HOUSE NO 306 STREET NO 22 NEAR FATIMA MOSQUE BAHRIA TOWN PHASE-7 RAWALPINDI. | L88: 2073500 | M88: 3190000 | N88: 56607/00021/11/2021 | O88: 45604 | P88: 1001391 | Q88: 005537 | R88: NEW | T88: CITY ASPIRE A/T | U88: 2021 | V88: 10-NOV-2021 | W88: 11-NOV-2021 | X88: 11-Nov-2026 | Y88: OLDRWP300078513 | Z88: 5 | AA88: CTRK | AB88: DIB0032434 | AC88: 10-NOV-2021 | AD88: 2% | AE88: 2552000 | AF88: 51040 | AJ88: =_xlfn.XLOOKUP(Table9[[#This Row],[Engine No.]],'[1]Dubai Islamic Consumer'!$Q$3:$Q$1176,'[1]Dubai Islamic Consumer'!$B$3:$B$1176,,,) -> KHI/HO/D/MO/PC COMP/C/102086/156/11/2024
A89: 88 | B89: ACTIVE | C89: 9976AD2210970003 | D89: T-PAK | E89: SADAF NAZ | F89: Islamabad | G89: 37405-7202627-8 | I89: 0336-1503732 | J89: 051-2614349 | K89: COLONY GOLRA MORR PESHAWAR ROAD RAWALPINDI | L89: 2211950 | M89: 3403000 | N89: DIB/T/34336/ISB/1121 | O89: 45604 | P89: 083421 | Q89: 6060973 | R89: NEW | T89: COROLLA ALTIS A/T | U89: 2021 | V89: 07-APR-2021 | W89: 03-DEC-2021 | X89: 03-Dec-2028 | Y89: OLAISD300067631 | Z89: 7 | AA89: CTRK | AB89: TDIDIB0029810 | AC89: 10-NOV-2021 | AD89: 2% | AE89: 2722400 | AF89: 54448 | AJ89: =_xlfn.XLOOKUP(Table9[[#This Row],[Engine No.]],'[1]Dubai Islamic Consumer'!$Q$3:$Q$1176,'[1]Dubai Islamic Consumer'!$B$3:$B$1176,,,) -> KHI/HO/D/MO/PC COMP/C/102086/158/11/2024
A90: 89 | B90: ACTIVE | C90: 9976AD1212440012 | D90: T-PAK | E90: FAISAL SHAHZAD | F90: MANDIBAHUDDIN | G90: 34402-9964263-9 | I90: 00971558283567 03456285468 | K90: SHARJAH MUWELAH 25235 UNITED ARAB EMIRATES | L90: 2298100 | M90: 3283000 | N90: 56607/00022/11/2021 | O90: 45604 | P90: Q083137 | Q90: 6060628 | R90: RDA | T90: TOYOTA COROLLA ALTIS | U90: 2021 | V90: 01-SEP-2021 | W90: 21-NOV-2021 | X90: 21-Nov-2028 | Y90: OLAMNB300072634 | Z90: 7 | AA90: CTRK | AB90: DIB0032399 | AC90: 05-NOV-2021 | AD90: 1.4% | AE90: 2626400 | AF90: 36770 | AJ90: =_xlfn.XLOOKUP(Table9[[#This Row],[Engine No.]],'[1]Dubai Islamic Consumer'!$Q$3:$Q$1176,'[1]Dubai Islamic Consumer'!$B$3:$B$1176,,,) -> KHI/HO/D/MO/PC COMP/C/102086/159/11/2024
A91: 90 | B91: ACTIVE | C91: 997APD2203210015 | D91: T-PAK | E91: MUHAMMAD FARHAN | F91: Karachi | G91: 42101-1363392-1 | H91: 03002014317 | I91: 03002014317 | J91: 03002014317 | K91: HOUSE # A-124 ISHAQABAD BLOCK 1 FB AREA KARACHI PK | L91: 2992500 | M91: 3990000 | N91: 53157/00027/11/2020 | O91: 45604 | P91: 5051718 | Q91: 1107710 | R91: RCN | T91: HONDA VEZEL | U91: 2015 | V91: 16-NOV-2020 | W91: 21-NOV-2020 | X91: 21-Nov-2025 | Y91: POUKHI300060171 | Z91: 5 | AA91: ITFT | AB91: 3517/11/2020/ITFM | AC91: 09-NOV-2020 | AD91: 2% | AE91: 2992500 | AF91: 59850 | AJ91: =_xlfn.XLOOKUP(Table9[[#This Row],[Engine No.]],'[1]Dubai Islamic Consumer'!$Q$3:$Q$1176,'[1]Dubai Islamic Consumer'!$B$3:$B$1176,,,) -> KHI/HO/D/MO/PC COMP/C/102086/160/11/2024
A92: 91 | B92: ACTIVE | C92: 9976AD1212810010 | D92: T-PAK | E92: AHMED NADEEM | F92: Rawalpindi | G92: 82303-0332382-9 | I92: 0097466026822 | K92: VILLA 15 STREET 288 ZONE 46 AIN KHALID DOHA 288 QATAR | L92: 2790550 | M92: 3283000 | N92: 56607/00025/11/2021 | O92: 45604 | P92: Q083741 | Q92: R-6061192 | R92: RDA | T92: TOYOTA COROLLA ALTIS | U92: 2021 | V92: 08-OCT-2021 | W92: 27-NOV-2021 | X92: 27-Nov-2025 | Y92: OLARWP300074652 | Z92: 4 | AA92: CTRK | AB92: DIB0032442 | AC92: 10-NOV-2021 | AD92: 1.4% | AE92: 2626400 | AF92: 36770 | AJ92: =_xlfn.XLOOKUP(Table9[[#This Row],[Engine No.]],'[1]Dubai Islamic Consumer'!$Q$3:$Q$1176,'[1]Dubai Islamic Consumer'!$B$3:$B$1176,,,) -> KHI/HO/D/MO/PC COMP/C/104052/1/12/2024
A93: 92 | B93: ACTIVE | C93: 9976AD1212840003 | D93: T-PAK | E93: AMIR IQBAL | F93: Islamabad | G93: 61101-8458291-1 | H93: 03215006222 | J93: 0518896222 | K93: H # 269 ST # 83 SECTOR # G-11/3 BAC K SIDE IBN E SEENA ROAD ISLAMABAD PK | L93: 2729300 | M93: 3899000 | N93: 2021-11-205-V01501DP0002750 | O93: 45604 | P93: 877935 | Q93: 301413 | R93: NEW | T93: HYUNDAI ELANTRA | U93: 2021 | V93: 11-OCT-2021 | W93: 21-NOV-2021 | X93: 21-Nov-2026 | Y93: OLAISD300074762 | Z93: 5 | AA93: CTRK | AB93: DIB0032441 | AC93: 10-NOV-2021 | AD93: 2% | AE93: 3119200 | AF93: 62384 | AJ93: =_xlfn.XLOOKUP(Table9[[#This Row],[Engine No.]],'[1]Dubai Islamic Consumer'!$Q$3:$Q$1176,'[1]Dubai Islamic Consumer'!$B$3:$B$1176,,,) -> KHI/HO/D/MO/PC COMP/C/102086/162/11/2024
A94: 93 | B94: ACTIVE | C94: 9976AP1213190012 | D94: T-PAK | E94: SUNDAS JAVAID | F94: Lahore | G94: 35202-6521817-8 | H94: 03121412644 | I94: 03121412644 | J94: 03121412644 | K94: AG OFFICE FUND 10 7TH FLOOR MOJ DHA RA ROAD TURNER ROAD LAHORE | L94: 987900 | M94: 1335000 | N94: DIB/T/34341/LHR/1121 | O94: 45605 | P94: 6R193082 | Q94: 1093101 | R94: NEW | T94: SUZUKI ALTO VXR EURO II | U94: 2021 | V94: 15-NOV-2021 | W94: 21-NOV-2021 | X94: 21-Nov-2028 | Y94: OLDLHR300078412 | Z94: 7 | AA94: FLCN | AB94: 108612/11/2021 | AC94: 15-NOV-2021 | AD94: 2% | AE94: 1068000 | AF94: 21360 | AJ94: =_xlfn.XLOOKUP(Table9[[#This Row],[Engine No.]],'[1]Dubai Islamic Consumer'!$Q$3:$Q$1176,'[1]Dubai Islamic Consumer'!$B$3:$B$1176,,,) -> KHI/HO/D/MO/PC COMP/C/102086/165/11/2024
A95: 94 | B95: ACTIVE | C95: 9976AP1213200021 | D95: T-PAK | E95: EMAD ATEEQ | F95: Faisalabad | G95: 33100-7046888-9 | H95: 03216652084 | I95: 03216652084, 03216652084 | J95: 03216652084 | K95: 1388 ST NO 6 NISAR COLONY FSD SAMAN ABAD FSD FAISALABAD PK | L95: 1077300 | M95: 1539000 | N95: 56607/00028/11/2021 | O95: 45605 | P95: 506229 | Q95: 1010461 | R95: NEW | T95: CHANGAN KARVAAN PLUS | U95: 2021 | V95: 16-NOV-2021 | W95: 21-NOV-2021 | X95: 21-Nov-2026 | Y95: OLDFSD300078622 | Z95: 5 | AA95: CTRK | AB95: DIB0032447 | AC95: 16-NOV-2021 | AD95: 2% | AE95: 1231200 | AF95: 24624 | AJ95: =_xlfn.XLOOKUP(Table9[[#This Row],[Engine No.]],'[1]Dubai Islamic Consumer'!$Q$3:$Q$1176,'[1]Dubai Islamic Consumer'!$B$3:$B$1176,,,) -> KHI/HO/D/MO/PC COMP/C/102086/166/11/2024
A96: 95 | B96: ACTIVE | C96: 9976AD1211810063 | D96: T-PAK | E96: ABIDA PARVEEN | F96: Karachi | G96: 42000-3893945-6 | H96: 03322095937 | I96: 03322095937 | J96: 0 | K96: BANGLOW # R-35 JINNAH AVENUE NEAR W IRELESS GATE NEAR AIRPORT KARACHI PK | L96: 1088430 | M96: 1533000 | N96: 2524/02742/00037/11/2021 | O96: 45605 | P96: 190806 | Q96: 1090736 | R96: NEW | T96: SUZUKI ALTO VXL AGS EURO-II | U96: 2021 | V96: 30-JUN-2021 | W96: 11-NOV-2021 | X96: 11-Nov-2026 | Y96: OLAKHI300070274 | Z96: 5 | AA96: CTRK | AB96: DIB0032381 | AC96: 03-NOV-2021 | AD96: 2% | AE96: 1226400 | AF96: 24528 | AJ96: =_xlfn.XLOOKUP(Table9[[#This Row],[Engine No.]],'[1]Dubai Islamic Consumer'!$Q$3:$Q$1176,'[1]Dubai Islamic Consumer'!$B$3:$B$1176,,,) -> KHI/HO/D/MO/PC COMP/C/102086/167/11/2024
A97: 96 | B97: ACTIVE | C97: 9976AP2213160049 | D97: T-PAK | E97: ZEESHAN | F97: Karachi | G97: 42301-6476639-9 | I97: 03462019215 | J97: 32467731 32466631 | K97: SUIT 10, 5TH FLOOR, SHARJAH TRADE CENTRE, OPP. R.K. SQUARE ALTAF HUSSAIN ROAD, NEW CHALLI KARACHI | L97: 1643000 | M97: 2650000 | N97: 2524/02742/00040/11/2021 | O97: 45605 | P97: Z516627 | Q97: 4142828 | R97: USD | S97: BLY-175 | T97: TOYOTA COROLLA GLI | U97: 2018 | V97: 12-NOV-2021 | W97: 21-NOV-2021 | X97: 21-Nov-2025 | Y97: OLUKHI300078583 | Z97: 4 | AA97: ITECL | AB97: 5597/11/2021 | AC97: 11-NOV-2021 | AD97: 2% | AE97: 2120000 | AF97: 42400 | AJ97: =_xlfn.XLOOKUP(Table9[[#This Row],[Engine No.]],'[1]Dubai Islamic Consumer'!$Q$3:$Q$1176,'[1]Dubai Islamic Consumer'!$B$3:$B$1176,,,) -> KHI/HO/D/MO/PC COMP/C/102086/170/11/2024
A98: 97 | B98: ACTIVE | C98: 9976AD1212120132 | D98: T-PAK | E98: QAMMAR NISAR | F98: Gujranwala | G98: 34101-2173729-7 | H98: 03046485000 | I98: 03046485000 | J98: 03046485000 | K98: H NO 4 MAIN BAZAR NOSHERA SANSI ROA D GUJRANWALA PK | L98: 1812300 | M98: 2589000 | N98: PL-1121-1101010102-V14-D-00523 | O98: 45605 | P98: 521129 | Q98: 1004132 | R98: NEW | T98: CHANGAN ALSVIN 1.5L | U98: 2021 | V98: 31-JUL-2021 | W98: 27-NOV-2021 | X98: 27-Nov-2025 | Y98: OLAGWL300071397 | Z98: 4 | AA98: ITECL | AB98: 5598/11/2021 | AC98: 11-NOV-2021 | AD98: 2% | AE98: 2071200 | AF98: 41424 | AJ98: =_xlfn.XLOOKUP(Table9[[#This Row],[Engine No.]],'[1]Dubai Islamic Consumer'!$Q$3:$Q$1176,'[1]Dubai Islamic Consumer'!$B$3:$B$1176,,,) -> KHI/HO/D/MO/PC COMP/C/102086/171/11/2024
A99: 98 | B99: ACTIVE | C99: 9976AP1213150097 | D99: T-PAK | E99: RANA BILAWAL | F99: Lahore | G99: 35202-0416071-9 | H99: 03470140107 | I99: 03470140107 | J99: 03470140107 | K99: SHOP NO 11 MAIN BAZAR WANDALA ROAD SHAHDARA LAHORE | L99: 1963500 | M99: 2805000 | N99: DIB/T/34340/LHR/1121 | O99: 45605 | P99: 1002427 | Q99: MR003278 | R99: NEW | T99: HONDA CITY I-VTEC | U99: 2021 | V99: 11-NOV-2021 | W99: 11-NOV-2021 | X99: 11-Nov-2026 | Y99: OLDLHR300078542 | Z99: 5 | AA99: FLCN | AB99: 108611/11/2021 | AC99: 10-NOV-2021 | AD99: 2% | AE99: 2244000 | AF99: 44880 | AJ99: =_xlfn.XLOOKUP(Table9[[#This Row],[Engine No.]],'[1]Dubai Islamic Consumer'!$Q$3:$Q$1176,'[1]Dubai Islamic Consumer'!$B$3:$B$1176,,,) -> KHI/HO/D/MO/PC COMP/C/102086/172/11/2024
A100: 99 | B100: ACTIVE | C100: 9976AP1223150008 | D100: T-PAK | E100: DANISH HUSSAIN | F100: Karachi | G100: 42101-8923401-3 | H100: 03458100118 | I100: 03458100118 | J100: 0 | K100: N4 306 METROVILE 3RD BLCOK 1 SCHEEM 33 MASKAN CHOWRANGI PARADISE BAKER KARACHI PK | L100: 1330000 | M100: 1900000 | N100: 64794/00028/11/2022 | O100: 45605 | P100: 102170 | Q100: 10002166 | R100: USD | S100: BKH-968 | T100: SUZUKI CULTUS VXL | U100: 2017 | V100: 11-NOV-2022 | W100: 11-NOV-2022 | X100: 11-Nov-2027 | Y100: OLUKHI300090783 | Z100: 5 | AA100: ITFM | AB100: 9338/11/2022/ITFM | AC100: 10-NOV-2022 | AD100: 1.75% | AE100: 1615000 | AF100: 28263 | AJ100: =_xlfn.XLOOKUP(Table9[[#This Row],[Engine No.]],'[1]Dubai Islamic Consumer'!$Q$3:$Q$1176,'[1]Dubai Islamic Consumer'!$B$3:$B$1176,,,) -> KHI/HO/D/MO/PC COMP/C/102086/175/11/2024
...

Sheet Active cases
A1: Sr. | B1: Status | C1: Contract No. | D1: Insurance Agency | E1: Customer Name | F1: City | G1: CNIC No. | H1: Home Phone# | I1: Mobile Number | J1: Business Phone# | K1: Mail Address | L1: Finance Amount | M1: Car Price | N1: Ins. Policy | O1: Ins. Expiry Date | P1: Engine No. | Q1: Chassis No. | R1: Car Category | S1: Reg. No. | T1: Car Name | U1: Model | V1: Contract Booking Date | W1: Contract Value Date | X1: Contract Maturity Date | Y1: Purchase Order No. | Z1: Tenor#2 | AA1: Tracker Company | AB1: Tracker Reference Number | AC1: Tracker Installation Date | AD1: Rate | AE1: Sum Insured | AF1: Premium | AG1: OLD Contract Ref | AH1: Remarks-I | AI1: Remarks-II | AJ1: Policy # | AK1: Tms prem | AL1: End. # | AM1: Difference | AN1: Tagging
A2: 1 | B2: ACTIVE | C2: 9976AD1211970001 | D2: T-PAK | E2: SOHAIL NASIR | F2: Faisalabad | G2: 33100-7633385-9 | H2: 03222227879 | I2: 03222227879, 03222227879 | J2: 03222227879 | K2: H NO 155 B-BLOCK GALIB CITY FAISALABAD PK | L2: 1001250 | M2: 1335000 | N2: 2021/10/CLFFTPCDP01207 | O2: 45597 | P2: 191006 | Q2: 1091022 | R2: NEW | T2: SUZUKI ALTO VXR EURO-II | U2: 2021 | V2: 16-JUL-2021 | W2: 11-NOV-2021 | X2: 11-Nov-2026 | Y2: OLAFSD300070753 | Z2: 5 | AA2: CTRK | AB2: DIB0032363 | AC2: 02-NOV-2021 | AD2: 2% | AE2: 1068000 | AF2: 21360 | AJ2: KHI/HO/D/MO/PC COMP/C/102086/2/11/2024 | AK2: 21360 | AM2: =AF2-AK2 -> 0 | AN2: REN
A3: 2 | B3: ACTIVE | C3: 9976AD1212090016 | D3: T-PAK | E3: IKHLAQ HUSSAIN | F3: Faisalabad | G3: 33100-0642718-5 | I3: 03006660309 | K3: SHOP NO 1891 AL MADINA COMMERCIAL MARKET NEAR MAIN CENTER GANESH MILLS FACTORY AREA FAISALABAD | L3: 1098000 | M3: 1830000 | N3: DIB/T/34267/LHR/1121 | O3: 45597 | P3: 187626 | Q3: 10087599 | R3: NEW | T3: CULTUS VXL | U3: 2021 | V3: 28-JUL-2021 | W3: 11-NOV-2021 | X3: 11-Nov-2026 | Y3: OLAFSD300071229 | Z3: 5 | AA3: CTRK | AB3: DIB0032361 | AC3: 02-NOV-2021 | AD3: 2% | AE3: 1464000 | AF3: 29280 | AJ3: KHI/HO/D/MO/PC COMP/C/102086/3/11/2024 | AK3: 29280 | AM3: =AF3-AK3 -> 0 | AN3: REN
A4: 3 | B4: ACTIVE | C4: 9976AD1212560009 | D4: T-PAK | E4: SELMAN RASHID IQBAL | F4: Sialkot | G4: 34603-2315200-3 | H4: 92524295927 | I4: 03018718899 | J4: 92523241923 | K4: HOUSE NO 127/24 HAIDAR ROAD SIALKOT CANTT TEHSIL AND DISTT SIALKOT | L4: 2027250 | M4: 2703000 | N4: UWT/D/T002/0000001124/1121/109-0 | O4: 45597 | P4: 2A39606 | Q4: 7024780 | R4: NEW | T4: COROLLA YARIS 1.3 AT | U4: 2021 | V4: 13-SEP-2021 | W4: 11-NOV-2021 | X4: 11-Nov-2026 | Y4: OLASKT300073113 | Z4: 5 | AA4: CTRK | AB4: DIB0032370 | AC4: 02-NOV-2021 | AD4: 1.75% | AE4: 2162400 | AF4: 37842 | AJ4: KHI/HO/D/MO/PC COMP/C/102086/5/11/2024 | AK4: 37842 | AM4: =AF4-AK4 -> 0 | AN4: REN
A5: 4 | B5: ACTIVE | C5: 997AAD1203050109 | D5: T-PAK | E5: ASAD MEHMOOD | F5: Rawalpindi | G5: 37405-0550285-5 | H5: 03345931343 | J5: 03005305187 | K5: KHASRA # 209 RAJA ASAD STREET ST # 37/8 MOHALLAH MILLATABAD BARAF KHAN RAWALPINDI PK | L5: 2986125 | M5: 3981500 | N5: 2524/02150/00177/11/2020 | O5: 45597 | P5: 914453 | Q5: 066325 | R5: NEW | T5: CIVIC VTI ORIEL P/T | U5: 2020 | V5: 31-OCT-2020 | W5: 11-NOV-2020 | X5: 11-Nov-2025 | Y5: POARWP300059795 | Z5: 5 | AA5: CTRK | AB5: DIB0028990 | AC5: 03-NOV-2020 | AD5: 2% | AE5: 2986125 | AF5: 59723 | AJ5: KHI/HO/D/MO/PC COMP/C/102086/6/11/2024 | AK5: 59723 | AM5: =AF5-AK5 -> 0 | AN5: REN
A6: 5 | B6: ACTIVE | C6: 9976AD1212120085 | D6: T-PAK | E6: ASIF MAHMOOD | F6: Lahore | G6: 35201-1571249-5 | H6: 03214765797 | I6: 03214765797 | J6: 04236520393 | K6: 5-A USMAN BLOCK CANAL BANK SCHEME H ARBANSPURA LAHORE | L6: 3952500 | M6: 5270000 | N6: DIB/T/34275/LHR/1121 | O6: 45597 | P6: 318580 | Q6: 513459 | R6: NEW | T6: KIA SPORTAGE AWD | U6: 2021 | V6: 31-JUL-2021 | W6: 11-NOV-2021 | X6: 11-Nov-2026 | Y6: OLALHR300071474 | Z6: 5 | AA6: ITECL | AB6: 5568/11/2021 | AC6: 02-NOV-2021 | AD6: 1.75% | AE6: 4216000 | AF6: 73780 | AJ6: KHI/HO/D/MO/PC COMP/C/102086/7/11/2024 | AK6: 73780 | AM6: =AF6-AK6 -> 0 | AN6: REN
A7: 6 | B7: ACTIVE | C7: 9976AD1211650002 | D7: T-PAK | E7: USAMA SHAFIQ | F7: Faisalabad | G7: 33102-6906523-3 | H7: 8777818 | I7: 03119999595, 03119999595 | J7: 03119999595 | K7: 46-A, TECH TOWN, NEAR SATYANA ROAD FAISALABAD PK | L7: 6516300 | M7: 9309000 | N7: 01-2110-PO-MTR-PCCM-D-001497 | O7: 45597 | P7: 1GD-5077748 | Q7: R-1097037 | R7: NEW | T7: FORTUNER A/T | U7: 2021 | V7: 14-JUN-2021 | W7: 03-DEC-2021 | X7: 03-Dec-2026 | Y7: OLAFSD300069468 | Z7: 5 | AA7: CTRK | AB7: DIB0032371 | AC7: 02-NOV-2021 | AD7: 1.75% | AE7: 7447200 | AF7: 130326 | AJ7: KHI/HO/D/MO/PC COMP/C/102086/8/11/2024 | AK7: 130326 | AM7: =AF7-AK7 -> 0 | AN7: REN
A8: 7 | B8: ACTIVE | C8: 9976AP1223080006 | D8: T-PAK | E8: MUHAMMAD SAMEER KAZI | F8: Karachi | G8: 42201-1431273-3 | H8: 03043615125 | I8: 03043615125 | J8: 0 | K8: H # R- 18 SUPARCO CO OPERATIVE HOUS ING SCOIETY SCHEEM 33 MAYMAR MORE KARACHI PK | L8: 922500 | M8: 2050000 | N8: 64794/00001/11/2022 | O8: 45597 | P8: 246433 | Q8: 1146470 | R8: USD | S8: BXP-407 | T8: SUZUKI ALTO VXR EURO-II | U8: 2022 | V8: 04-NOV-2022 | W8: 11-NOV-2022 | X8: 11-Nov-2025 | Y8: OLUKHI30009013 | Z8: 3 | AA8: ITFT | AB8: 9285/11/2022/ITFM | AC8: 02-NOV-2022 | AD8: 1.75% | AE8: 1742500 | AF8: 30494 | AJ8: KHI/HO/D/MO/PC COMP/C/102086/10/11/2024 | AK8: 30494 | AM8: =AF8-AK8 -> 0 | AN8: REN
A9: 8 | B9: ACTIVE | C9: 997AAD1201950001 | D9: T-PAK | E9: ZAHID SAMUEL | F9: JHELUM | G9: 37301-9691544-9 | H9: 03325922916 | J9: 0544275675 | K9: ROHTAS ROAD , MUHALLAH CHRISTAN COL ONY NEAR QASIR CHOWK JHELUM PK | L9: 1959750 | M9: 2613000 | N9: DIB/T/BT/29418/ISB/1120 | O9: 45597 | P9: 2A10639 | Q9: 7006139 | R9: NEW | T9: YARIS ATIV MT 1.3 | U9: 2020 | V9: 13-JUL-2020 | W9: 21-NOV-2020 | X9: 21-Nov-2027 | Y9: POAJHM300055111 | Z9: 7 | AA9: CTRK | AB9: DIB0028988 | AC9: 03-NOV-2020 | AD9: 2.5% | AE9: 1959750 | AF9: 48994 | AJ9: KHI/HO/D/MO/PC COMP/C/102086/11/11/2024 | AK9: 48994 | AM9: =AF9-AK9 -> 0 | AN9: REN
A10: 9 | B10: ACTIVE | C10: 9976AD1212350014 | D10: T-PAK | E10: MUHAMMAD ARIF | F10: Rawalpindi | G10: 37405-2017815-9 | H10: 03360573213 | J10: 0519268147 | K10: H # G-1 BLOCK C GHAZI COLONY TIPU R OAD NEAR GO CNG PUMP RAWALPINDI PK | L10: 744750 | M10: 1655000 | N10: DIB/T/34281/ISB/1121 | O10: 45598 | P10: 188029 | Q10: 10088024 | R10: NEW | T10: SUZUKI CULTUS VXR EURO II | U10: 2021 | V10: 23-AUG-2021 | W10: 11-NOV-2021 | X10: 11-Nov-2026 | Y10: OLARWP300072176 | Z10: 5 | AA10: CTRK | AB10: TDIDIB0029793 | AC10: 05-NOV-2021 | AD10: 2% | AE10: 1324000 | AF10: 26480 | AJ10: KHI/HO/D/MO/PC COMP/C/102086/12/11/2024 | AK10: 26480 | AM10: =AF10-AK10 -> 0 | AN10: REN
A11: 10 | B11: ACTIVE | C11: 9976AD2212290009 | D11: T-PAK | E11: TASLEEM AKHTAR | F11: Lahore | G11: 38201-2575486-8 | H11: 03137357790 | I11: 03137357790 | J11: 03137357790 | K11: JAIL ROAD PUNJAB CARDIALOGY 3RD FLO OR OPPOSITE MECHDOLANDS LAHORE | L11: 1001250 | M11: 1335000 | N11: 2524/02742/0003/11/2021 | O11: 45598 | P11: 191149 | Q11: 1091170 | R11: NEW | T11: SUZUKI ALTO VXR EURO II | U11: 2021 | V11: 17-AUG-2021 | W11: 21-NOV-2021 | X11: 21-Nov-2025 | Y11: OLALHR300071995 | Z11: 4 | AA11: CTRK | AB11: DIB0032382 | AC11: 04-NOV-2021 | AD11: 2% | AE11: 1068000 | AF11: 21360 | AJ11: KHI/HO/D/MO/PC COMP/C/102086/13/11/2024 | AK11: 21360 | AM11: =AF11-AK11 -> 0 | AN11: REN
A12: 11 | B12: ACTIVE | C12: 9976AD1211810025 | D12: T-PAK | E12: AMEER ALI LUHUR | F12: LARKANA | G12: 43203-3056842-9 | I12: 03342243242 | K12: LUHUR DECORATION SERVICE NAUDERO ROAD BYPASS NEAR SINDH GREEN HOTEL LARKANA | L12: 999750 | M12: 1333000 | N12: DIB/T/34280/HYD/1121 | O12: 45598 | P12: 6R188933 | Q12: NF1AET306H1088889 | R12: NEW | T12: ALTO VXR EURO-II | U12: 2021 | V12: 30-JUN-2021 | W12: 11-NOV-2021 | X12: 11-Nov-2026 | Y12: OLALRK300070128 | Z12: 5 | AA12: CTRK | AB12: TDIDIB0029753 | AC12: 29-OCT-2021 | AD12: 2% | AE12: 1066400 | AF12: 21328 | AJ12: KHI/HO/D/MO/PC COMP/C/102086/14/11/2024 | AK12: 21328 | AM12: =AF12-AK12 -> 0 | AN12: REN
A13: 12 | B13: ACTIVE | C13: 997APD1203110006 | D13: T-PAK | E13: ASHFAQUE AHMED | F13: Lahore | G13: 35201-5806207-9 | H13: 03214228449 | I13: 03214228449 | J13: 04237191274 | K13: OFFICE NO 94 COMMERCIAL BROADWAY PA RGON CITY BARKI ROAD NEAR FUTURE NO W TECH LAHORE | L13: 1211000 | M13: 1730000 | N13: 53157/00004/11/2020 | O13: 45598 | P13: 207189 | Q13: 10107185 | R13: NEW | T13: WAGONR VXL | U13: 2020 | V13: 06-NOV-2020 | W13: 11-NOV-2020 | X13: 11-Nov-2026 | Y13: PODLHR300060261 | Z13: 6 | AA13: ITFM | AB13: 3474/11/2020/ITFM | AC13: 04-NOV-2020 | AD13: 2% | AE13: 1297500 | AF13: 25950 | AJ13: KHI/HO/D/MO/PC COMP/C/102086/15/11/2024 | AK13: 27680 | AL13: KHI/HO/D/MO/PC COMP/E/49863/00015/12/2024 | AM13: =AF13-AK13 -> -1730 | AN13: REN
A14: 13 | B14: ACTIVE | C14: 9976AD2211800001 | D14: T-PAK | E14: MUHAMMAD IQBAL | F14: Gujrat | G14: 34201-0363899-5 | H14: 03036871894 | I14: 03036871894 | J14: 03036871894 | K14: OPPOSITE PUBLIC SCHOOL NO 2 MOHALLA H AZIZABAD RAILWAY ROAD GUJRAT PK | L14: 1066000 | M14: 1640000 | N14: 56607/00005/11/2021 | O14: 45598 | P14: 505771 | Q14: 1010057 | R14: NEW | T14: KARVAAN PLUS | U14: 2021 | V14: 29-JUN-2021 | W14: 03-DEC-2021 | X14: 03-Dec-2026 | Y14: OLAGJR300069996 | Z14: 5 | AA14: CTRK | AB14: DIB0032386 | AC14: 04-NOV-2021 | AD14: 2% | AE14: 1312000 | AF14: 26240 | AJ14: KHI/HO/D/MO/PC COMP/C/102086/16/11/2024 | AK14: 26240 | AM14: =AF14-AK14 -> 0 | AN14: REN
A15: 14 | B15: ACTIVE | C15: 997AAD2203020015 | D15: T-PAK | E15: AYEEN MUHAMMAD KHAN | F15: Islamabad | G15: 71501-0639654-5 | H15: 03327424312 | J15: 0518840517 | K15: H # 708 ST # 47 SECTOR # G-9/1 ISLAMABAD PK | L15: 1232500 | M15: 2465000 | N15: 2524/02150/00174/11/2020 | O15: 45598 | P15: 7541706 | Q15: LR-264824 | R15: NEW | T15: HONDA CITY IVTEC | U15: 2020 | V15: 28-OCT-2020 | W15: 11-NOV-2020 | X15: 11-Nov-2027 | Y15: POAISD300059172 | Z15: 7 | AA15: ITMM | AB15: 3463/11/2020/ITMM | AC15: 02-NOV-2020 | AD15: 2% | AE15: 1848750 | AF15: 36975 | AJ15: KHI/HO/D/MO/PC COMP/C/102086/17/11/2024 | AK15: 36975 | AM15: =AF15-AK15 -> 0 | AN15: REN
A16: 15 | B16: ACTIVE | C16: 997AAD1202960014 | D16: T-PAK | E16: MUHAMMAD YOUSAF ASLAM | F16: Faisalabad | G16: 33100-8463560-7 | H16: 03217821165 | I16: 03217821165, 03217821165 | J16: 0418728819 | K16: H NO 3-X BLOCK X UPPER FLOOR ST NO 12 MADINA TOWN FAISALABAD PK | L16: 2787050 | M16: 3981500 | N16: 2524/02150/00152/11/2020 | O16: 45598 | P16: 6914492 | Q16: LR066318 | R16: NEW | T16: CIVIC VTI ORIEL P/T | U16: 2020 | V16: 22-OCT-2020 | W16: 11-NOV-2020 | X16: 11-Nov-2025 | Y16: POAFSD300059003 | Z16: 5 | AA16: ITFM | AB16: 3476/11/2020/ITFM | AC16: 04-NOV-2020 | AD16: 2% | AE16: 2986125 | AF16: 59723 | AJ16: KHI/HO/D/MO/PC COMP/C/102086/20/11/2024 | AK16: 59723 | AM16: =AF16-AK16 -> 0 | AN16: REN
A17: 16 | B17: ACTIVE | C17: 9976AD1212380020 | D17: T-PAK | E17: RAJA ADIL SARFRAZ | F17: Faisalabad | G17: 41306-0723517-3 | H17: 03452932949 | I17: 03452932949, 03452932949 | J17: 0419200161 | K17: H NO P-391-C BLOCK-C MILLAT TOWN MI LLAT ROAD FAISALABAD PK | L17: 2549200 | M17: 3186500 | N17: 2021-10-205-V01501OP0002654 | O17: 45598 | P17: L15Z81001399 | Q17: NFBGN966XMR005542 | R17: NEW | T17: HONDA CITY ASPIRE | U17: 2021 | V17: 26-AUG-2021 | W17: 11-NOV-2021 | X17: 11-Nov-2026 | Y17: OLAFSD300072297 | Z17: 5 | AA17: CTRK | AB17: DIB0032299 | AC17: 03-NOV-2021 | AD17: 2% | AE17: 2549200 | AF17: 50984 | AJ17: KHI/HO/D/MO/PC COMP/C/102086/21/11/2024 | AK17: 50984 | AM17: =AF17-AK17 -> 0 | AN17: REN
A18: 17 | B18: ACTIVE | C18: 997AAD1202050020 | D18: T-PAK | E18: BILAL ZIA | F18: Gujranwala | G18: 34101-4056821-7 | H18: 03152227292 | I18: 03152227292 | J18: 03152227292 | K18: HOUSE NO 351 STREET NO 5 SECTOR 1 CANTT GUJRANWALA | L18: 3239400 | M18: 5399000 | N18: 53157/00003/11/2020 | O18: 45598 | P18: 327392 | Q18: KP506234 | R18: NEW | T18: KIA SPORTAGE AWD | U18: 2020 | V18: 23-JUL-2020 | W18: 11-NOV-2020 | X18: 11-Nov-2025 | Y18: POAGWL300055621 | Z18: 5 | AD18: 1.5% | AE18: 4049250 | AF18: 60739 | AJ18: KHI/HO/D/MO/PC COMP/C/102086/22/11/2024 | AK18: 60739 | AM18: =AF18-AK18 -> 0 | AN18: REN
A19: 18 | B19: ACTIVE | C19: 997AAD1201990002 | D19: T-PAK | E19: WASEEM EJAZ | F19: Lahore | G19: 35202-4832610-5 | H19: 0321-8807749 | I19: 0321-8807749 | J19: 35959594 | K19: H NO 11 MALIK STREET EJAZ CHOWK 18 KM FEROZPUR ROAD REHMAT COLONY NISHTER COLONY LAHORE | L19: 3798900 | M19: 5427000 | N19: DIB/T/29424/LHR/1120 | O19: 45598 | P19: 324054 | Q19: 506019 | R19: NEW | T19: KIA SPORATAGE AWD | U19: 2020 | V19: 17-JUL-2020 | W19: 11-NOV-2020 | X19: 11-Nov-2025 | Y19: POALHR300055319 | Z19: 5 | AD19: 1.5% | AE19: 4070250 | AF19: 61054 | AJ19: KHI/HO/D/MO/PC COMP/C/102086/23/11/2024 | AK19: 61054 | AM19: =AF19-AK19 -> 0 | AN19: REN
A20: 19 | B20: ACTIVE | C20: 9976AP1223080007 | D20: T-PAK | E20: MALIK MUHAMMAD BASHARAT | F20: Islamabad | G20: 42201-0256988-9 | H20: 03008232280 | J20: 0515709137 | K20: H # 7 ST # 8 FEDERATION HOUSING SOC IETY LOHI BAIR SECTOR A ISLAMABAD PK | L20: 1794800 | M20: 2564000 | N20: 64794/00003/11/2022 | O20: 45598 | P20: 10B239700 | Q20: 10139728 | R20: NEW | T20: SUZUKI WAGONR VXL | U20: 2022 | V20: 04-NOV-2022 | W20: 11-NOV-2022 | X20: 11-Nov-2027 | Y20: OLDISD300090725 | Z20: 5 | AA20: FLCN | AB20: 108809/11/2022 | AC20: 03-NOV-2022 | AD20: 1.75% | AE20: 2179400 | AF20: 38140 | AJ20: KHI/HO/D/MO/PC COMP/C/102086/24/11/2024 | AK20: 38140 | AM20: =AF20-AK20 -> 0 | AN20: REN
A21: 20 | B21: ACTIVE | C21: 9976AP2223110007 | D21: T-PAK | E21: MUHAMMAD KASHIF | F21: Karachi | G21: 42301-7784361-9 | H21: 03132213808 | I21: 03132213808 | J21: 0 | K21: C- 27 4 RTH FLOOR ZEESHAN BLESSING GULSHAN-E- IQBAL BOCK 16 OPP NOOR M KARACHI PK | L21: 1330000 | M21: 1900000 | N21: 64794/0004/11/2022 | O21: 45598 | P21: 122604 | Q21: 10022606 | R21: USD | S21: BKK-497 | T21: SUZUKI WAGONR VXL | U21: 2017 | V21: 07-NOV-2022 | W21: 11-NOV-2022 | X21: 11-Nov-2026 | Y21: OLUKHI300090714 | Z21: 4 | AA21: ITFT | AB21: 9298/11/2022/ITFM | AC21: 05-NOV-2022 | AD21: 1.75% | AE21: 1615000 | AF21: 28263 | AJ21: KHI/HO/D/MO/PC COMP/C/102086/26/11/2024 | AK21: 28263 | AM21: =AF21-AK21 -> 0 | AN21: REN
A22: 21 | B22: ACTIVE | C22: 9976AD2221710002 | D22: T-PAK | E22: USMAN JAVED BUTT | F22: Lahore | G22: 35202-3706453-7 | H22: 03004580882 | I22: 03004580882 | J22: 03004580882 | K22: H NO 829-A MUHALLAH CANAL VIEW BLOC K E LAHORE LAHORE PK | L22: 2733500 | M22: 3905000 | N22: 64794/00002/11/2022 | O22: 45598 | P22: 81012003 | Q22: 027765 | R22: NEW | T22: HONDA CITY ASPIRE A/T | U22: 2022 | V22: 20-JUN-2022 | W22: 11-NOV-2022 | X22: 11-Nov-2025 | Y22: OLALHR300088166 | Z22: 3 | AA22: ITFT | AB22: 9288/11/2022/ITFM | AC22: 03-NOV-2022 | AD22: 2% | AE22: 3319250 | AF22: 66385 | AJ22: KHI/HO/D/MO/PC COMP/C/102086/28/11/2024 | AK22: 66385 | AM22: =AF22-AK22 -> 0 | AN22: REN
A23: 22 | B23: ACTIVE | C23: 9976AD1213620032 | D23: T-PAK | E23: SALMAN IKRAM | F23: Sialkot | G23: 34603-5068241-5 | H23: 03008612564 | I23: 03008612564 | J23: 03008612564 | K23: MOH MODEL TOWN UGOKI PO KHAS GUJRANWALA PK | L23: 1524600 | M23: 2178000 | N23: 64794/00006/11/2022 | O23: 45598 | P23: 085661 | Q23: 711231 | R23: NEW | T23: KIA PICANTO 1.0 L A/T | U23: 2022 | V23: 28-DEC-2021 | W23: 11-NOV-2022 | X23: 11-Nov-2025 | Y23: OLASKT300082278 | Z23: 3 | AA23: ITECL | AB23: 9283/11/2022 | AC23: 01-NOV-2022 | AD23: 2% | AE23: 1851300 | AF23: 37026 | AJ23: KHI/HO/D/MO/PC COMP/C/102086/31/11/2024 | AK23: 37026 | AM23: =AF23-AK23 -> 0 | AN23: REN
A24: 23 | B24: ACTIVE | C24: 9976AP2223080004 | D24: T-PAK | E24: MUHAMMAD MOHSIN KHAIRI | F24: Karachi | G24: 42201-4373898-1 | H24: 03343236770 | I24: 03343236770 | J24: 03343236770 | K24: FLAT NO. 601 6TH FLOOR BURJ UL IMRA N APARTMENT SECTOR JINNAH AVENUE NE KARACHI PK | L24: 1267500 | M24: 1950000 | N24: 64794/00005/11/2022 | O24: 45598 | P24: 6R241226 | Q24: 1141200 | R24: USD | S24: BXF-240 | T24: SUZUKI ALTO VXR EURO-II | U24: 2022 | V24: 04-NOV-2022 | W24: 11-NOV-2022 | X24: 11-Nov-2027 | Y24: OLUKHI300090726 | Z24: 5 | AA24: ITFT | AB24: 9289/11/2022/ITFM | AC24: 03-NOV-2022 | AD24: 1.75% | AE24: 1657500 | AF24: 29006 | AJ24: KHI/HO/D/MO/PC COMP/C/102086/36/11/2024 | AK24: 29006 | AM24: =AF24-AK24 -> 0 | AN24: REN
A25: 24 | B25: ACTIVE | C25: 9976AD2232710003 | D25: T-PAK | E25: MUHAMMAD BILAL | F25: Lahore | G25: 34603-7401604-5 | H25: 03037015616 | I25: 03037015616 | J25: 04236400007 | K25: HOUSE NO 3-S-38 AZIM STREET CLIFTON COLONY NEAR GHATTI CHOWK WAHDAT CO LAHORE PK | L25: 1514960 | M25: 2612000 | N25: 77638/0001/11/2023 | O25: 02-NOV-2024 | P25: 6R286844 | Q25: 1187030 | R25: NEW | T25: SUZUKI ALTO VXR EURO II | U25: 2023 | V25: 45197 | W25: 27-NOV-2023 | X25: 27-Nov-2026 | Y25: OLALHR300097279 | Z25: 3 | AA25: CTRK | AB25: DIB0035410 | AC25: 06-NOV-2023 | AD25: 2% | AE25: 2350800 | AF25: 47016 | AJ25: KHI/HO/D/MO/PC COMP/C/102086/37/11/2024 | AK25: 47016 | AM25: =AF25-AK25 -> 0 | AN25: REN
A26: 25 | B26: ACTIVE | C26: 9976AD2212120031 | D26: T-PAK | E26: MUMTAZ AHMAD | F26: Lahore | G26: 35202-2733554-3 | H26: 03334634898 | I26: 03334634898 | J26: 099214240 | K26: DIO SAMAAJ ROAD NEAR MALL ROAD LAHORE | L26: 801000 | M26: 1335000 | N26: 2524/02742/00005/11/2021 | O26: 45599 | P26: 6R190275 | Q26: NF1AET306H1090242 | R26: NEW | T26: ALTO VXR EURO-II | U26: 2021 | V26: 31-JUL-2021 | W26: 21-NOV-2021 | X26: 21-Nov-2026 | Y26: OLALHR300071469 | Z26: 5 | AA26: ITECL | AB26: 5577/11/2021 | AC26: 04-NOV-2021 | AD26: 2% | AE26: 1068000 | AF26: 21360 | AJ26: KHI/HO/D/MO/PC COMP/C/102086/38/11/2024 | AK26: 21360 | AM26: =AF26-AK26 -> 0 | AN26: REN
A27: 26 | B27: ACTIVE | C27: 997AAD1202740084 | D27: T-PAK | E27: MAHER TAUSEEF AHMED | F27: Multan | G27: 36302-8413092-1 | I27: 03018510587 | J27: 6350987 | K27: AL JADEED ASSOCIATES PVT LTD HOUSE NO 16 CANTT COTTAGES SHER SHAH ROAD MULTAN CANTT | L27: 1198500 | M27: 1598000 | N27: 2020/11/CLFTTPCDP00682 | O27: 45599 | P27: 142804 | Q27: 1043351 | R27: NEW | T27: SUZUKI ALTO VXL EURO II AGS | U27: 2020 | V27: 30-SEP-2020 | W27: 21-NOV-2020 | X27: 21-Nov-2025 | Y27: POAMUX300058118 | Z27: 5 | AA27: CTRK | AB27: DIB0028999 | AC27: 04-NOV-2020 | AD27: 2% | AE27: 1198500 | AF27: 23970 | AJ27: KHI/HO/D/MO/PC COMP/C/102086/39/11/2024 | AK27: 23970 | AM27: =AF27-AK27 -> 0 | AN27: REN
A28: 27 | B28: ACTIVE | C28: 997APD2203140004 | D28: T-PAK | E28: DANYIAL ASIF | F28: Lahore | G28: 35202-2670690-5 | H28: 03349755036 | I28: 03349755036 | J28: 04235249651 | K28: PLAZA NO 50 SECTOR D BLOCK AA COMME RCIAL MARKET BAHRIA TOWN NEAR MCDON ALD LAHORE | L28: 1218000 | M28: 2030000 | N28: 53157/00009/11/2020 | O28: 45599 | P28: 13045447 | Q28: 10045452 | R28: NEW | T28: SUZUKI SWIFT DLX 1.3 MT | U28: 2020 | V28: 09-NOV-2020 | W28: 11-NOV-2020 | X28: 11-Nov-2025 | Y28: PODLHR300060201 | Z28: 5 | AA28: ITFM | AB28: 34921/11/2020/ITFM | AC28: 05-NOV-2020 | AD28: 2% | AE28: 1522500 | AF28: 30450 | AJ28: KHI/HO/D/MO/PC COMP/C/102086/40/11/2024 | AK28: 30450 | AM28: =AF28-AK28 -> 0 | AN28: REN
A29: 28 | B29: ACTIVE | C29: 9976AD2212230011 | D29: T-PAK | E29: SUHAIL AHMED | F29: Islamabad | G29: 43406-0374772-7 | H29: 2210817 | I29: 03322023689 | J29: 2210817 | K29: HOSE NO 181 SR NO 68 F 10/3 ISLAMABAD | L29: 1098000 | M29: 1830000 | N29: 01-2111-PO-MTR-PCCM-D-001510 | O29: 45599 | P29: 188067 | Q29: 10088066 | R29: NEW | T29: CULTUS VXL EURO II | U29: 2021 | V29: 11-AUG-2021 | W29: 21-NOV-2021 | X29: 21-Nov-2026 | Y29: OLAISD300071823 | Z29: 5 | AA29: CTRK | AB29: DIB0032403 | AC29: 05-NOV-2021 | AD29: 2% | AE29: 1464000 | AF29: 29280 | AJ29: KHI/HO/D/MO/PC COMP/C/102086/42/11/2024 | AK29: 29280 | AM29: =AF29-AK29 -> 0 | AN29: REN
A30: 29 | B30: ACTIVE | C30: 997AAD2202440025 | D30: T-PAK | E30: MUHAMMAD MANSHA | F30: Faisalabad | G30: 33100-2927708-3 | H30: 03008662363 | I30: 03008662363, 03008662363 | J30: 03008662363 | K30: P-21 MUSLIM PARK SARGODHA ROAD MUSL IM TOWN YOUSAF BLOCK FSD NEAR R.S B FAISALABAD PK | L30: 1657800 | M30: 2763000 | N30: 2524/02150/00185/11/2020 | O30: 45599 | P30: 2A11204 | Q30: 7006644 | R30: NEW | T30: TOYOTA COROLLA YARIS | U30: 2020 | V30: 31-AUG-2020 | W30: 27-NOV-2020 | X30: 27-Nov-2025 | Y30: POAFSD300057032 | Z30: 5 | AA30: ITFM | AB30: 3477/11/2020/ITFM | AC30: 04-NOV-2020 | AD30: 2% | AE30: 2072250 | AF30: 41445 | AJ30: KHI/HO/D/MO/PC COMP/C/102086/44/11/2024 | AK30: 41445 | AM30: =AF30-AK30 -> 0 | AN30: REN
A31: 30 | B31: ACTIVE | C31: 997APD2203110007 | D31: T-PAK | E31: MONIS ALI KHAN | F31: Karachi | G31: 42201-4151547-1 | H31: 03452250916 | I31: 03452250916 | J31: 03452250916 | K31: HOUSE # SDH # 108, NEW FALCON COMPLEX NEW MALIR OPP CHECK POST # 5 MALIR CANTT KARACHI | L31: 1692500 | M31: 3385000 | N31: 53157/00007/11/2020 | O31: 45599 | P31: 12917077 | Q31: 020450 | R31: USD | S31: BJV-518 | T31: CIVIC IVTEC P/T | U31: 2017 | V31: 06-NOV-2020 | W31: 11-NOV-2020 | X31: 11-Nov-2025 | Y31: POUKHI300060091 | Z31: 5 | AA31: ITFT | AB31: 3482/11/2020/ITFM | AC31: 04-NOV-2020 | AD31: 2% | AE31: 2538750 | AF31: 50775 | AJ31: KHI/HO/D/MO/PC COMP/C/102086/45/11/2024 | AK31: 50775 | AM31: =AF31-AK31 -> 0 | AN31: REN
A32: 31 | B32: ACTIVE | C32: 997AAD1202680015 | D32: T-PAK | E32: AFTAB AHMAD | F32: Lahore | G32: 35404-1596350-9 | H32: 03216460886 | I32: 03216460886 | J32: 03216460886 | K32: 50-U USMAN BLOCK NEAR TEDDI GALI NE W PAKISTAN CLOTH MARKET LAHORE | L32: 1851500 | M32: 2645000 | N32: DIB/T/BT/29430/LHR/1120 | O32: 45599 | P32: 7541647 | Q32: 264797 | R32: NEW | T32: CITY I-VTEC P/T | U32: 2020 | V32: 24-SEP-2020 | W32: 11-NOV-2020 | X32: 11-Nov-2025 | Y32: POALHR300057517 | Z32: 5 | AA32: CTRK | AB32: TDIDIB0028733 | AC32: 04-NOV-2020 | AD32: 2% | AE32: 1983750 | AF32: 39675 | AJ32: KHI/HO/D/MO/PC COMP/C/102086/47/11/2024 | AK32: 39675 | AM32: =AF32-AK32 -> 0 | AN32: REN
A33: 32 | B33: ACTIVE | C33: 9976AP1213090067 | D33: T-PAK | E33: RASHID MUNIR | F33: Faisalabad | G33: 33100-3524195-3 | H33: 041-8728868 | I33: 0300-9664972 0300-7632840 | J33: 041-2659191 | K33: H NO P-64 BLOCK-A PEOPLES COLONY # 2 NR PAK ELECTRIC STORE FAISALABAD | L33: 1715000 | M33: 2450000 | N33: DIB/T/34285/LHR/1121 | O33: 45599 | P33: L15A79789003 | Q33: R219402 | R33: USD | S33: AEW-076 | T33: HONDA CITY I-VTEC | U33: 2018 | V33: 05-NOV-2021 | W33: 11-NOV-2021 | X33: 11-Nov-2026 | Y33: OLUFSD300078032 | Z33: 5 | AA33: ITECL | AB33: 5578/11/2021 | AC33: 04-NOV-2021 | AD33: 2% | AE33: 1960000 | AF33: 39200 | AJ33: KHI/HO/D/MO/PC COMP/C/102086/48/11/2024 | AK33: 39200 | AM33: =AF33-AK33 -> 0 | AN33: REN
A34: 33 | B34: ACTIVE | C34: 9976AD1211200072 | D34: T-PAK | E34: ABDUL REHMAN | F34: Multan | G34: 36302-1281975-1 | H34: 03059638486 | I34: 03059638486 | J34: 03059638486 | K34: STREET NO 2 BOSAN ROAD AL QADIR STR EET MOHALLAH GHAFARIA CHUNGI NO 6 MULTAN PK | L34: 1847300 | M34: 2639000 | N34: 2021/11/CLFTTPCDP01216 | O34: 45599 | P34: CAD517751 | Q34: 1003750 | R34: NEW | T34: CHANGAN ALSVIN | U34: 2021 | V34: 30-APR-2021 | W34: 03-DEC-2021 | X34: 03-Dec-2026 | Y34: OLAMUX300068556 | Z34: 5 | AA34: ITFT | AB34: 5579/11/2021/ITFM | AC34: 05-NOV-2021 | AD34: 2% | AE34: 2243150 | AF34: 44863 | AJ34: KHI/HO/D/MO/PC COMP/C/102086/49/11/2024 | AK34: 44863 | AM34: =AF34-AK34 -> 0 | AN34: REN
A35: 34 | B35: ACTIVE | C35: 997AAD1202120020 | D35: T-PAK | E35: MUHAMMAD MUNEEB | F35: Gujranwala | G35: 34101-2584569-3 | H35: 03218112232 | I35: 03218112232 | J35: 0553844551 | K35: H# C 1 -576 WAPDA TOWM GUJRANWALA PK | L35: 2699500 | M35: 5399000 | N35: 2524/02150/00188/11/2020 | O35: 45599 | P35: G4NALH324032 | Q35: NNAQL51AZKP505918 | R35: NEW | T35: SPORTAGE AWD | U35: 2020 | V35: 30-JUL-2020 | W35: 27-NOV-2020 | X35: 27-Nov-2025 | Y35: POAGWL300056055 | Z35: 5 | AD35: 2% | AE35: 4049250 | AF35: 80985 | AJ35: KHI/HO/D/MO/PC COMP/C/102086/50/11/2024 | AK35: 80985 | AM35: =AF35-AK35 -> 0 | AN35: REN
A36: 35 | B36: ACTIVE | C36: 997AAD2202120012 | D36: T-PAK | E36: SANIA QAMAR | F36: Hyderabad | G36: 41304-8992077-0 | I36: 03338181234 | K36: HOUSE NO C/D-293 MOHALLA QAMAR HOUSE UNIT NO 06 LATIFABAD HYDERABAD PAKISTAN | L36: 2699500 | M36: 5399000 | N36: 2524/02150/00189/11/2020 | O36: 45599 | P36: 327106 | Q36: 506258 | R36: NEW | T36: KIA SPORTAGE AWD | U36: 2020 | V36: 30-JUL-2020 | W36: 03-DEC-2020 | X36: 03-Dec-2025 | Y36: POAHYD300056139 | Z36: 5 | AD36: 2% | AE36: 4049250 | AF36: 80985 | AJ36: KHI/HO/D/MO/PC COMP/C/102086/51/11/2024 | AK36: 80985 | AM36: =AF36-AK36 -> 0 | AN36: REN
A37: 36 | B37: ACTIVE | C37: 9976AP1213090072 | D37: T-PAK | E37: WAJEEHA YASMIN | F37: Lahore | G37: 35202-7676878-8 | H37: 03434678887 | I37: 03434678887 | J37: 03434678887 | K37: 49-E MAIN MOLANA SHAUKAT ALI ROAD K KT BUILDING MAZANINE FLOOR LAHORE | L37: 2416500 | M37: 5370000 | N37: DIB/T/34284/LHR/1121 | O37: 45599 | P37: G4NALH313952 | Q37: NNAQL51AZKP503950 | R37: USD | S37: AAC-234 | T37: SPORTAGE AWD | U37: 2020 | V37: 05-NOV-2021 | W37: 11-NOV-2021 | X37: 11-Nov-2026 | Y37: OLULHR300078002 | Z37: 5 | AA37: CTRK | AB37: TDIDIB0029794 | AC37: 04-NOV-2021 | AD37: 2% | AE37: 4296000 | AF37: 85920 | AJ37: KHI/HO/D/MO/PC COMP/C/102086/52/11/2024 | AK37: 85920 | AM37: =AF37-AK37 -> 0 | AN37: REN
A38: 37 | B38: ACTIVE | C38: 997AAD1203020044 | D38: T-PAK | E38: SULTAN MUHAMMAD KAIGOHAR KIANI | F38: Islamabad | G38: 61101-3717511-7 | H38: 03335524253 | J38: 0519220383 | K38: H # 14 ST # 3 ROAD-L BLOCK-E NAVAL ANCHORAGE ISLAMABAD PK | L38: 2986125 | M38: 3981500 | N38: 2524/02150/00187/11/2020 | O38: 45599 | P38: 16914508 | Q38: LR066375 | R38: NEW | T38: CIVIC VTI ORIEL P/T | U38: 2020 | V38: 28-OCT-2020 | W38: 21-NOV-2020 | X38: 21-Nov-2027 | Y38: POAISD300059175 | Z38: 7 | AA38: ITMM | AB38: 3480/11/2020/ITMM | AC38: 04-NOV-2020 | AD38: 2% | AE38: 2986125 | AF38: 59723 | AJ38: KHI/HO/D/MO/PC COMP/C/102086/53/11/2024 | AK38: 59723 | AM38: =AF38-AK38 -> 0 | AN38: REN
A39: 38 | B39: ACTIVE | C39: 997AAD1202050021 | D39: T-PAK | E39: MUHAMMAD ARSHAD | F39: Lahore | G39: 35202-9453292-9 | H39: 03219472731 | I39: 03219472731 | J39: 04235219011 | K39: 29-M , INTERNATIONAL MARKET MODEL T OWN (EXT) LAHORE | L39: 3527550 | M39: 5427000 | N39: 53157/00006/11/2020 | O39: 45599 | P39: 325988 | Q39: 506312 | R39: NEW | T39: KIA SPORAGE AWD | U39: 2020 | V39: 23-JUL-2020 | W39: 11-NOV-2020 | X39: 11-Nov-2025 | Y39: POALHR300055693 | Z39: 5 | AD39: 1.5% | AE39: 4070250 | AF39: 61054 | AJ39: KHI/HO/D/MO/PC COMP/C/102086/54/11/2024 | AK39: 61054 | AM39: =AF39-AK39 -> 0 | AN39: REN
A40: 39 | B40: ACTIVE | C40: 997APD2203100001 | D40: T-PAK | E40: SARDAR HASAN RAZA | F40: Islamabad | G40: 13101-4387845-3 | H40: 03018422202 | J40: 0519245702 | K40: H # 273 ST # 148/149 SECTOR # D-12/ 4 ISLAMABAD PK | L40: 3919300 | M40: 5599000 | N40: 53157/00008/11/2020 | O40: 45599 | P40: 576961 | Q40: 200411 | R40: NEW | T40: TUCSON AWD | U40: 2020 | V40: 05-NOV-2020 | W40: 11-NOV-2020 | X40: 11-Nov-2025 | Y40: PODISD300060131 | Z40: 5 | AA40: CTRK | AB40: DIB0029001 | AC40: 05-NOV-2020 | AD40: 1.5% | AE40: 4199250 | AF40: 62989 | AJ40: KHI/HO/D/MO/PC COMP/C/102086/55/11/2024 | AK40: 62989 | AM40: =AF40-AK40 -> 0 | AN40: REN
A41: 40 | B41: ACTIVE | C41: 9976AD1212090005 | D41: T-PAK | E41: SYED SULEMAN BIN WARIS GILLANI | F41: Lahore | G41: 35201-1392372-5 | I41: 03018888880 | J41: 35777777 | K41: H NO 173 PHASE 2 DHA LHR | L41: 36750000 | M41: 73500000 | N41: DIB/T/34289/LHR/1121 | O41: 45599 | P41: 256930-30-371940 | Q41: A066413 | R41: NEW | T41: MERCEDES S450 | U41: 2021 | V41: 28-JUL-2021 | W41: 03-DEC-2021 | X41: 03-Dec-2026 | Y41: OLALHR300070960 | Z41: 5 | AD41: 1.75% | AE41: 58800000 | AF41: 1029000 | AJ41: KHI/HO/D/MO/PC COMP/P/103649/12/2024 | AK41: 1029000 | AM41: =AF41-AK41 -> 0 | AN41: REN
A42: 41 | B42: ACTIVE | C42: 9976AP2223110006 | D42: T-PAK | E42: RUBINA | F42: Karachi | G42: 42401-8899642-4 | H42: 03142279958 | I42: 03142279958, 03142279958 | J42: 03142279958 | K42: PLOT # 169/B 1ST FLOOR SHAH WALIULL AH ROAD KHADDA MARKET LIYARI NOORAB KARACHI PK | L42: 1404000 | M42: 3600000 | N42: 64794/0008/11/2022 | O42: 45599 | P42: 12914524 | Q42: R017761 | R42: USD | S42: BJV-380 | T42: HONDA CIVIC 1.8L ORIEL | U42: 2017 | V42: 07-NOV-2022 | W42: 11-NOV-2022 | X42: 11-Nov-2025 | Y42: OLUKHI300090736 | Z42: 3 | AA42: ITFM | AB42: 9301/11/2022/ITFM | AC42: 07-NOV-2022 | AD42: 1.75% | AE42: 3060000 | AF42: 53550 | AJ42: KHI/HO/D/MO/PC COMP/C/102086/407/11/2024 | AK42: 53550 | AM42: =AF42-AK42 -> 0 | AN42: REN
A43: 42 | B43: ACTIVE | C43: 9976AP1223110009 | D43: T-PAK | E43: MUHAMMAD ARSALAN ISMAIL | F43: Islamabad | G43: 42401-0956309-5 | I43: 03334345672 | K43: PLOT NO 92-A SPRING NORTH COMMERCIAL DEFENCE VIEW MALL PHASE 7 BAHRIA TOWN RAWALPINDI. | L43: 1470000 | M43: 2100000 | N43: 64794/00011/11/2022 | O43: 45599 | P43: 6R106184 | Q43: 1006170 | R43: USD | S43: ANZ-030 | T43: SUZUKI ALTO VXL AGS EURO II | U43: 2019 | V43: 07-NOV-2022 | W43: 11-NOV-2022 | X43: 11-Nov-2025 | Y43: OLUISD300090734 | Z43: 3 | AA43: FLCN | AD43: 1.75% | AE43: 1785000 | AF43: 31238 | AJ43: KHI/HO/D/MO/PC COMP/C/102086/60/11/2024 | AK43: 31238 | AM43: =AF43-AK43 -> 0 | AN43: REN
A44: 43 | B44: ACTIVE | C44: 9976AP2223120001 | D44: T-PAK | E44: SEHRISH | F44: Islamabad | G44: 37405-6624932-2 | H44: 03215119764 | J44: 03215119764 | K44: H # 15 ST # 8 SECTOR F DHA PH 2 ISLAMABAD PK | L44: 1536250 | M44: 6145000 | N44: 64794/0009/11/2022 | O44: 45599 | P44: 1897309 | Q44: 501017 | R44: NEW | T44: PEUGEOT 2008 ALLURE | U44: 2022 | V44: 08-NOV-2022 | W44: 11-NOV-2022 | X44: 11-Nov-2025 | Y44: OLDISD300090741 | Z44: 3 | AA44: FLCN | AB44: 108811/11/2022 | AC44: 04-NOV-2022 | AD44: 1.75% | AE44: 5223250 | AF44: 91407 | AJ44: KHI/HO/D/MO/PC COMP/C/102086/61/11/2024 | AK44: 91407 | AM44: =AF44-AK44 -> 0 | AN44: REN
A45: 44 | B45: ACTIVE | C45: 9976AP1223110010 | D45: T-PAK | E45: FARHAN ZAFAR | F45: Islamabad | G45: 42401-3838231-5 | H45: NA | I45: 0333-5475134 | J45: 051-4445789 | K45: H NO 346 ST NO 10 GHORI TOWN PHASE III ISLAMABAD | L45: 700000 | M45: 1000000 | N45: 64794/00007/11/2022 | O45: 45599 | P45: 724598 | Q45: 01263117 | R45: USD | S45: AHT-536 | T45: SUZUKI MEHRAN VXR EURO II | U45: 2018 | V45: 07-NOV-2022 | W45: 11-NOV-2022 | X45: 11-Nov-2027 | Y45: OLUISD300090733 | Z45: 5 | AA45: FLCN | AC45: 04-NOV-2022 | AD45: 1.75% | AE45: 850000 | AF45: 14875 | AJ45: KHI/HO/D/MO/PC COMP/C/102086/62/11/2024 | AK45: 14875 | AM45: =AF45-AK45 -> 0 | AN45: REN
A46: 45 | B46: ACTIVE | C46: 9976AP1223120004 | D46: T-PAK | E46: MUHAMMAD SHAKEEL | F46: Karachi | G46: 42101-1507171-5 | H46: 03002123659 | I46: 03002123659 | J46: 0 | K46: R- 624 BLOCK 18 FB AREA SAMNABAD GU LBERG FB AREA MAZEEDAR HALEEM KARACHI PK | L46: 1456000 | M46: 2600000 | N46: 64794/00010/11/2022 | O46: 45599 | P46: Q029872 | Q46: 6007345 | R46: USD | S46: BFL-679 | T46: TOYOTA COROLLA ALTIS A/T | U46: 2016 | V46: 08-NOV-2022 | W46: 11-NOV-2022 | X46: 11-Nov-2025 | Y46: OLUKHI300090739 | Z46: 3 | AA46: ITFT | AB46: 9300/11/2022/ITFM | AC46: 04-NOV-2022 | AD46: 1.75% | AE46: 2210000 | AF46: 38675 | AJ46: KHI/HO/D/MO/PC COMP/C/102086/63/11/2024 | AK46: 38675 | AM46: =AF46-AK46 -> 0 | AN46: REN
A47: 46 | B47: ACTIVE | C47: 9976AD2212230001 | D47: T-PAK | E47: ALI RAZA | F47: Lahore | G47: 35202-7802664-9 | H47: 03440435811 | I47: 03440435811 | J47: 03440435811 | K47: 95 J-1 BLOCK JOHAR TOWN AHMAAR PVT LTD MANAGEMENT HOUSE JOHAR TOWN LAHORE | L47: 934500 | M47: 1335000 | N47: 2524/02742/0009/11/2021 | O47: 45600 | P47: 190390 | Q47: 1090375 | R47: NEW | T47: SUZUKI ALTO VXR EURO II | U47: 2021 | V47: 11-AUG-2021 | W47: 21-NOV-2021 | X47: 21-Nov-2026 | Y47: OLALHR300071813 | Z47: 5 | AA47: ITECL | AB47: 5581/11/2021 | AC47: 05-NOV-2021 | AD47: 2% | AE47: 1068000 | AF47: 21360 | AJ47: KHI/HO/D/MO/PC COMP/C/102086/67/11/2024 | AK47: 21360 | AM47: =AF47-AK47 -> 0 | AN47: REN
A48: 47 | B48: ACTIVE | C48: 9976AD1212120126 | D48: T-PAK | E48: USMAN ALI | F48: Multan | G48: 36302-0572577-1 | H48: 03008474132 | I48: 03008474132 | J48: 0614551166 | K48: HOUSE NO 344/4 KUSHHAL COLONY KHAKH WANI STREET KHANEWAL ROAD MULTAN PK | L48: 1001250 | M48: 1335000 | N48: 01-2111-PO-MTR-PCCM-D-001515 | O48: 45600 | P48: 6R189877 | Q48: NF1AET306H1089877 | R48: NEW | T48: SUZUKI ALTO VXR | U48: 2021 | V48: 31-JUL-2021 | W48: 11-NOV-2021 | X48: 11-Nov-2026 | Y48: OLAMUX300071567 | Z48: 5 | AA48: ITECL | AB48: 5583/11/2021 | AC48: 06-NOV-2021 | AD48: 2% | AE48: 1068000 | AF48: 21360 | AJ48: KHI/HO/D/MO/PC COMP/C/102086/68/11/2024 | AK48: 21360 | AM48: =AF48-AK48 -> 0 | AN48: REN
A49: 48 | B49: ACTIVE | C49: 997APD1203170006 | D49: T-PAK | E49: NAWAZ AHMED | F49: Lahore | G49: 35202-6560809-9 | H49: 03464565634 | I49: 03464565634 | J49: 3532145660 | K49: 1 KM DEFENCE ROAD OFF RAIWIND ROAD NEAR BGOBTIAN CHOWK LAHORE | L49: 1287200 | M49: 1609000 | N49: DIB/T/BT/29435/LHR/1120 | O49: 45600 | P49: 301240 | Q49: 20002767 | R49: NEW | T49: FAW-V2 | U49: 2020 | V49: 12-NOV-2020 | W49: 11-NOV-2020 | X49: 11-Nov-2025 | Y49: PODLHR300060221 | Z49: 5 | AA49: ITFM | AB49: 3499/11/2020/ITFM | AC49: 05-NOV-2020 | AD49: 2% | AE49: 1206750 | AF49: 24135 | AJ49: KHI/HO/D/MO/PC COMP/C/102086/69/11/2024 | AK49: 24135 | AM49: =AF49-AK49 -> 0 | AN49: REN
A50: 49 | B50: ACTIVE | C50: 997AAD2201810002 | D50: T-PAK | E50: TARIQ MEHMOOD | F50: SAHIWAL | G50: 36502-1340727-9 | H50: 03016919667 | I50: 03016919667 | J50: 03016919667 | K50: PLOT NO 45 ST NO 1 93/9-L COMSATS R OAD SAHIWAL PK | L50: 2008500 | M50: 2678000 | N50: 2524/02150/00192/11/2020 | O50: 45600 | P50: 2A10756 | Q50: 7006226 | R50: NEW | T50: TOYOTA YARIS GLI CVT 1.3 | U50: 2020 | V50: 29-JUN-2020 | W50: 21-NOV-2020 | X50: 21-Nov-2025 | Y50: POASHW300054475 | Z50: 5 | AA50: ITFM | AB50: 3493/11/2020/ITFM | AC50: 05-NOV-2020 | AD50: 2.5% | AE50: 2008500 | AF50: 50213 | AJ50: KHI/HO/D/MO/PC COMP/C/102086/74/11/2024 | AK50: 50213 | AM50: =AF50-AK50 -> 0 | AN50: REN
A51: 50 | B51: ACTIVE | C51: 9976AP1213120073 | D51: T-PAK | E51: MUHAMMAD ANNUS KHAN | F51: Karachi | G51: 42101-6768225-7 | H51: 03323224208 | I51: 03158290158 | J51: 36335158 | K51: R- 208, BLOCK 1, SHARIFABAD, FB ARE A, BLOCK 1 NEAR AL AZAM SQUARE KARACHI PK | L51: 1697500 | M51: 2425000 | N51: DIB/T/34311/KHI/1121 | O51: 45600 | P51: 3745777 | Q51: R-119840 | R51: USD | S51: BCC-883 | T51: HONDA CIVIC VTI ORIEL | U51: 2014 | V51: 08-NOV-2021 | W51: 11-NOV-2021 | X51: 11-Nov-2025 | Y51: OLUKHI300078203 | Z51: 4 | AA51: ITECL | AB51: 5583/11/2021 | AC51: 06-NOV-2021 | AD51: 2% | AE51: 1940000 | AF51: 38800 | AJ51: KHI/HO/D/MO/PC COMP/C/102086/75/11/2024 | AK51: 38800 | AM51: =AF51-AK51 -> 0 | AN51: REN
A52: 51 | B52: ACTIVE | C52: 9976AD2212740075 | D52: T-PAK | E52: SARIM SOHAIL | F52: Lahore | G52: 37405-4673915-5 | I52: 03018932382 | K52: HOUSE NO 39-D, STREET NO 14, ASKARI 10 LAHORE CANTT 0301-8932382 | L52: 2128500 | M52: 3870000 | N52: 56607/00011/11/2021 | O52: 45600 | P52: R18Z16927609 | Q52: NFBFC6668MR080191 | R52: NEW | T52: HONDA CIVIC VTI ORIEL PT | U52: 2021 | V52: 01-OCT-2021 | W52: 11-NOV-2021 | X52: 11-Nov-2026 | Y52: OLALHR300073908 | Z52: 5 | AA52: CTRK | AB52: DIB0032400 | AC52: 05-NOV-2021 | AD52: 2% | AE52: 3096000 | AF52: 61920 | AJ52: KHI/HO/D/MO/PC COMP/C/102086/76/11/2024 | AK52: 61920 | AM52: =AF52-AK52 -> 0 | AN52: REN
A53: 52 | B53: ACTIVE | C53: 997AAD1202120054 | D53: T-PAK | E53: SYED SHAHID MUSTAFA | F53: Lahore | G53: 35201-1691311-7 | H53: 03248411953 03218411953 | I53: 0321-8411953 | J53: 35862332-3 | K53: H # 284 BLOCK J PHASE 1 DHA LAHORE | L53: 2984850 | M53: 5427000 | N53: DIB/T/29437/LHR/1120 | O53: 45600 | P53: H327353 | Q53: KP506221 | R53: NEW | T53: SPORTAGE AWD | U53: 2020 | V53: 30-JUL-2020 | W53: 11-NOV-2020 | X53: 11-Nov-2025 | Y53: POALHR300056213 | Z53: 5 | AD53: 1.5% | AE53: 4070250 | AF53: 61054 | AJ53: KHI/HO/D/MO/PC COMP/C/102086/77/11/2024 | AK53: 61054 | AM53: =AF53-AK53 -> 0 | AN53: REN
A54: 53 | B54: ACTIVE | C54: 9976AD1211400010 | D54: T-PAK | E54: PIRZADA AHSAR SUQLAIN | F54: Rawalpindi | G54: 35202-4706938-9 | H54: 03009436923 | J54: 03009436923 | K54: H # 118 ST # 8 SECTOR E PHASE 8 BAH RIA TOWN RAWALPINDI PK | L54: 3804500 | M54: 5435000 | N54: PO-MTR-PCCM-D-001514 | O54: 45600 | P54: 318193 | Q54: 513592 | R54: NEW | T54: SPORTAGE AWD | U54: 2021 | V54: 20-MAY-2021 | W54: 03-DEC-2021 | X54: 03-Dec-2026 | Y54: OLARWP300068814 | Z54: 5 | AD54: 2% | AE54: 4348000 | AF54: 86960 | AJ54: KHI/HO/D/MO/PC COMP/C/102086/78/11/2024 | AK54: 86960 | AM54: =AF54-AK54 -> 0 | AN54: REN
A55: 54 | B55: ACTIVE | C55: 9976AD1212870025 | D55: T-PAK | E55: AFZAL RASOOL AHMED | F55: Sialkot | G55: 34603-7763645-7 | H55: 03008471789 | I55: 03008471789 | J55: 03008471789 | K55: MOH BABE BERI GALI TALAB WALI NEAR HAFIZ KARYANA ROAD PASRUR ROAD SIALKOT PK | L55: 1001250 | M55: 1335000 | N55: PL-1021-1101010102-V14-D-00485 | O55: 45600 | P55: 188065 | Q55: 1088035 | R55: NEW | T55: SUZUKI ALTO VXR EURO II | U55: 2021 | V55: 14-OCT-2021 | W55: 11-NOV-2021 | X55: 11-Nov-2026 | Y55: OLASKT30007475 | Z55: 5 | AA55: CTRK | AB55: DIB0032152 | AC55: 05-NOV-2021 | AD55: 2% | AE55: 1068000 | AF55: 21360 | AJ55: KHI/HO/D/MO/PC COMP/C/102086/80/11/2024 | AK55: 21360 | AM55: =AF55-AK55 -> 0 | AN55: REN
A56: 55 | B56: ACTIVE | C56: 9976AP1213120078 | D56: T-PAK | E56: ZEESHAN HUSSAIN | F56: SARGODHA | G56: 38403-2214965-5 | I56: 03007200007 | K56: HOUSE NO. 786, STREET NO. 1, ISLAMPURA, SARGODHA. 0300-7200007 | L56: 927500 | M56: 1855000 | N56: UWT/D/T002/0000001126/1121/109-0 | O56: 45600 | P56: PK10K152612 | Q56: NF1AVK31H10052599 | R56: USD | T56: CULTUS VXL | U56: 2020 | V56: 08-NOV-2021 | W56: 11-NOV-2021 | X56: 11-Nov-2026 | Y56: OLUSGD300078052 | Z56: 5 | AA56: CTRK | AB56: DIB0032404 | AC56: 05-NOV-2021 | AD56: 2% | AE56: 1484000 | AF56: 29680 | AJ56: KHI/HO/D/MO/PC COMP/C/102086/83/11/2024 | AK56: 29680 | AM56: =AF56-AK56 -> 0 | AN56: REN
A57: 56 | B57: ACTIVE | C57: 9976AD1192110003 | D57: T-PAK | E57: NAUMAN MUSTAFA AWAN | F57: Islamabad | G57: 37201-1741239-9 | H57: 03335904302 | J57: 0512804401 | K57: FLAT # 01 BLOCK # 14 / 7 G - 7 MARK AZ NEAR PETROL PUMP ISLAMABAD PK | L57: 971250 | M57: 1295000 | N57: 01-1911-PO-MTR-PCCM-D-002835 | O57: 45601 | P57: 6R119480 | Q57: 1019136 | R57: NEW | S57: APU-024 | T57: ALTO VXL AGS EURO-II | U57: 2019 | V57: 30-JUL-2019 | W57: 11-NOV-2019 | X57: 11-Nov-2025 | Y57: POAISD300047981 | Z57: 6 | AA57: ITFM | AB57: 1977/11/2019/ITFM | AC57: 07-NOV-2019 | AD57: 2.5% | AE57: 906500 | AF57: 22663 | AJ57: KHI/HO/D/MO/PC COMP/C/102086/85/11/2024 | AK57: 22663 | AM57: =AF57-AK57 -> 0 | AN57: REN
A58: 57 | B58: ACTIVE | C58: 997AAD1202680018 | D58: T-PAK | E58: ASAD JAVED | F58: Islamabad | G58: 61101-4693224-7 | I58: 03314440602 | K58: ASAD JAVED HOUSE NO 116 STREET NO 42 G-10/4 ISLAMABAD | L58: 958400 | M58: 1198000 | N58: 2524/02208/00007/11/2020 | O58: 45601 | P58: 144342 | Q58: 1043315 | R58: NEW | T58: ALTO VX EURO-II | U58: 2020 | V58: 24-SEP-2020 | W58: 21-NOV-2020 | X58: 21-Nov-2025 | Y58: POAISD300057531 | Z58: 5 | AA58: CTRK | AB58: DIB0029014 | AC58: 09-NOV-2020 | AD58: 2% | AE58: 898500 | AF58: 17970 | AJ58: KHI/HO/D/MO/PC COMP/C/102086/86/11/2024 | AK58: 17970 | AM58: =AF58-AK58 -> 0 | AN58: REN
A59: 58 | B59: ACTIVE | C59: 997AAD1202930002 | D59: T-PAK | E59: ZAREEN SALMAN | F59: Faisalabad | G59: 33100-4587047-2 | I59: 03247420300 | J59: 0321-8484777 | K59: FIRST STEP EDUCATIONAL SYSTEM PVT LTD EAST CANAL ROAD OFF KASHMIR BRIDGE FAISALABAD | L59: 898500 | M59: 1198000 | N59: 2524/02150/00193/11/2020 | O59: 45601 | P59: 144371 | Q59: 1043844 | R59: NEW | T59: ALTO VX EURO II | U59: 2020 | V59: 19-OCT-2020 | W59: 11-NOV-2020 | X59: 11-Nov-2027 | Y59: POAFSD300058793 | Z59: 7 | AA59: CTRK | AB59: DIB0029005 | AC59: 06-NOV-2020 | AD59: 2% | AE59: 898500 | AF59: 17970 | AJ59: KHI/HO/D/MO/PC COMP/C/102086/87/11/2024 | AK59: 17970 | AM59: =AF59-AK59 -> 0 | AN59: REN
A60: 59 | B60: ACTIVE | C60: 997APD2203140003 | D60: T-PAK | E60: MUHAMMAD USMAN SAEED | F60: Lahore | G60: 35201-2468933-7 | H60: 03214188321 | I60: 03214188321 | J60: 04235747060 | K60: 1ST FLOOR MEEZAN BANK T-BLOCK PLOT NO 7 CCA-2 PHASE II DHA LAHORE | L60: 1068750 | M60: 1425000 | N60: 53157/00019/11/2020 | O60: 45601 | P60: PK10B127808 | Q60: A1J310PK10027793 | R60: USD | S60: LEB-17-6401 | T60: WAGONR VXL | U60: 2017 | V60: 09-NOV-2020 | W60: 11-NOV-2020 | X60: 11-Nov-2026 | Y60: POULHR300060362 | Z60: 6 | AA60: ITFM | AB60: 3508/11/2020/ITFM | AC60: 07-NOV-2020 | AD60: 2% | AE60: 1068750 | AF60: 21375 | AJ60: KHI/HO/D/MO/PC COMP/C/102086/88/11/2024 | AK60: 22800 | AL60: KHI/HO/D/MO/PC COMP/E/49863/00088/12/2024 | AM60: =AF60-AK60 -> -1425 | AN60: REN
A61: 60 | B61: ACTIVE | C61: 997AAD1202960016 | D61: T-PAK | E61: IBTIHAJ UDDIN | F61: Karachi | G61: 42101-5826182-9 | H61: 36312392 | I61: 03323033112 | J61: 36312392 | K61: REVAMP HOUSE NO 1337 R BLOCK 15 FB AREA CENTRAL GULBERG TOWN KARACHI | L61: 1306400 | M61: 1633000 | N61: 2524/02208/00008/11/2020 | O61: 45601 | P61: 6R142617 | Q61: NF1AET306H1042581 | R61: NEW | T61: ALTO VXL AGS EURO II | U61: 2020 | V61: 22-OCT-2020 | W61: 27-NOV-2020 | X61: 27-Nov-2025 | Y61: POAKHI300058891 | Z61: 5 | AA61: CTRK | AB61: DIB0028994 | AC61: 06-NOV-2020 | AD61: 2% | AE61: 1224750 | AF61: 24495 | AJ61: KHI/HO/D/MO/PC COMP/C/102086/89/11/2024 | AK61: 24495 | AM61: =AF61-AK61 -> 0 | AN61: REN
A62: 61 | B62: ACTIVE | C62: 997AAD1202730039 | D62: T-PAK | E62: ZABI ULLAH NAGRA | F62: Lahore | G62: 35202-9655638-9 | H62: 03218442175 | I62: 03218442175 | J62: 03218442175 | K62: 9-FANE ROAD, BEHIND PUNJAB BAR COUN CIL BUILDING LAHORE | L62: 2215000 | M62: 4430000 | N62: 53157/00022/11/2020 | O62: 45601 | P62: 325789 | Q62: 100163 | R62: NEW | T62: SPORTAGE ALPHA | U62: 2020 | V62: 29-SEP-2020 | W62: 11-NOV-2020 | X62: 11-Nov-2025 | Y62: POALHR300057702 | Z62: 5 | AD62: 1.5% | AE62: 3322500 | AF62: 49838 | AJ62: KHI/HO/D/MO/PC COMP/C/102086/94/11/2024 | AK62: 49838 | AM62: =AF62-AK62 -> 0 | AN62: REN
A63: 62 | B63: ACTIVE | C63: 9976AD2212180071 | D63: T-PAK | E63: WASEEM AKRAM | F63: Burewala | G63: 36601-7184165-3 | I63: 00971501901136 03336627048 | K63: S/O MUHAMMAD AKRAM CHAK NO. 373/E.B P/O KHAS BUREWALA 03336627048 | L63: 918000 | M63: 1530000 | N63: 2524/02742/00024/10/2021 | O63: 45602 | P63: PK10B220553 | Q63: A1J310PK10120481 | R63: RDA | T63: SUZUKI WAGONR VXR | U63: 2021 | V63: 06-AUG-2021 | W63: 03-DEC-2021 | X63: 03-Dec-2025 | Y63: OLABRW300071309 | Z63: 4 | AA63: ITFT | AB63: 5499/10/2021/ITFM | AC63: 07-NOV-2021 | AD63: 1.75% | AE63: 1224000 | AF63: 21420 | AJ63: KHI/HO/D/MO/PC COMP/C/102086/96/11/2024 | AK63: 21420 | AM63: =AF63-AK63 -> 0 | AN63: REN
A64: 63 | B64: ACTIVE | C64: 9976AP1183180005 | D64: T-PAK | E64: MUHAMMAD KHURRAM ZAHUR BAJWA | F64: Lahore | G64: 35202-2333946-5 | H64: 03313290999 | I64: 03313290999 | J64: 03313290999 | K64: C S 223 UNIVERSITY OF LHR DEFENCE R OAD BHOBATIAN CHOWK LAHORE | L64: 1473050 | M64: 1733000 | N64: 50025/00015/10/2018 | O64: 45602 | P64: 7520220 | Q64: JR236762 | R64: NEW | S64: LEC-18A-9375 | T64: HONDA CITY IVTEC M/T | U64: 2018 | V64: 14-NOV-2018 | W64: 21-NOV-2018 | X64: 21-Nov-2025 | Y64: PODLHR300040093 | Z64: 7 | AA64: FTSM | AB64: 16760/11/2018/FTSM | AC64: 08-NOV-2018 | AD64: 3.1% | AE64: 1126450 | AF64: 34920 | AJ64: KHI/HO/D/MO/PC COMP/C/102086/97/11/2024 | AK64: 34920 | AM64: =AF64-AK64 -> 0 | AN64: REN
A65: 64 | B65: ACTIVE | C65: 9976AD1220840043 | D65: T-PAK | E65: SHEIKH MUHAMMAD SABEEH | F65: Islamabad | G65: 37405-4690602-7 | H65: 03351599872 | J65: 0 | K65: H # B-89 BLOCK B SATELLITE TOWN NEA R JAMSHAID BOYS HOSTEL RAWALPINDI PK | L65: 2029300 | M65: 2899000 | N65: 64794/00013/11/2022 | O65: 45602 | P65: 1009739 | Q65: 109741 | R65: NEW | T65: SUZUKI SWIFT GLX CVT | U65: 2022 | V65: 25-MAR-2022 | W65: 11-NOV-2022 | X65: 11-Nov-2027 | Y65: OLAISD300085954 | Z65: 5 | AA65: CTRK | AB65: DIB0034819 | AC65: 07-NOV-2022 | AD65: 2% | AE65: 2464150 | AF65: 49283 | AJ65: KHI/HO/D/MO/PC COMP/C/102086/98/11/2024 | AK65: 49283 | AM65: =AF65-AK65 -> 0 | AN65: REN
A66: 65 | B66: ACTIVE | C66: 9976AP2223140001 | D66: T-PAK | E66: TAHSEEN AHMED | F66: Karachi | G66: 42201-9071854-9 | H66: 03002202579 | I66: 03002202579 | J66: 0 | K66: 39-E BLOCK 6 FIRST FLOOR PECHS RAWA L MASJID KARACHI PK | L66: 1265000 | M66: 2530000 | N66: 64794/00014/11/2022 | O66: 45602 | P66: 286677 | Q66: 4038826 | R66: USD | S66: BDV-285 | T66: TOYOTA COROLLA GLI MT | U66: 2015 | V66: 10-NOV-2022 | W66: 11-NOV-2022 | X66: 11-Nov-2025 | Y66: OLUKHI300090738 | Z66: 3 | AA66: ITFM | AB66: 9306/11/2022/ITFM | AC66: 07-NOV-2022 | AD66: 1.75% | AE66: 2150500 | AF66: 37634 | AJ66: KHI/HO/D/MO/PC COMP/C/102086/99/11/2024 | AK66: 37634 | AM66: =AF66-AK66 -> 0 | AN66: REN
A67: 66 | B67: ACTIVE | C67: 9976AP1223140004 | D67: T-PAK | E67: HAMMAD KHALID | F67: Karachi | G67: 42101-8642987-9 | H67: 03332085028 | I67: 03332085028 | J67: 0 | K67: L- 497 1ST FLOOR SEC 5-C /2 NORTH K HI ROSE APPARTMENT KARACHI PK | L67: 1625000 | M67: 2500000 | N67: 64794/00016/11/2022 | O67: 45602 | P67: 480532 | Q67: 4105936 | R67: USD | S67: BHP-717 | T67: TOYOTA COROLLA GLI MT | U67: 2017 | V67: 10-NOV-2022 | W67: 11-NOV-2022 | X67: 11-Nov-2025 | Y67: OLUKHI300090754 | Z67: 3 | AA67: ITFM | AB67: 9320/11/2022/ITFM | AC67: 10-NOV-2022 | AD67: 1.75% | AE67: 2125000 | AF67: 37188 | AJ67: KHI/HO/D/MO/PC COMP/C/102086/100/11/2024 | AK67: 37188 | AM67: =AF67-AK67 -> 0 | AN67: REN
A68: 67 | B68: ACTIVE | C68: 9976AD1221030005 | D68: T-PAK | E68: MIAN JALAL UDDIN BANDAY | F68: Islamabad | G68: 37405-5041296-5 | H68: 03335305716 | J68: 0514842421 | K68: H # 22 ST # 3 BLOCK F SHALIMAR ROAD SOAN GARDEN ISLAMABAD PK | L68: 2218300 | M68: 3169000 | N68: 64794/00012/11/2022 | O68: 45602 | P68: 1009429 | Q68: 109446 | R68: NEW | T68: SUZUKI SWIFT GLX CVT | U68: 2022 | V68: 13-APR-2022 | W68: 11-NOV-2022 | X68: 11-Nov-2027 | Y68: OLAISD300086443 | Z68: 5 | AA68: ITECL | AB68: 9303/11/2022 | AC68: 07-NOV-2022 | AD68: 2% | AE68: 2693650 | AF68: 53873 | AJ68: KHI/HO/D/MO/PC COMP/C/102086/103/11/2024 | AK68: 53873 | AM68: =AF68-AK68 -> 0 | AN68: REN
A69: 68 | B69: ACTIVE | C69: 9976AD1222730013 | D69: T-PAK | E69: UZAIR SAJJAD | F69: Bahawalpur | G69: 31202-9542659-3 | I69: 00966558962216 | K69: MADINAH QIBLATTIN DIST 42351 SAUDI ARABIA | L69: 1694700 | M69: 2421000 | N69: 64794/00015/11/2022 | O69: 45602 | P69: 241050 | Q69: 10141046 | R69: RDA | T69: SUZUKI WAGONR VXR | U69: 2022 | V69: 30-SEP-2022 | W69: 03-DEC-2022 | X69: 03-Dec-2025 | Y69: OLABHP300090163 | Z69: 3 | AA69: ITFM | AB69: 9312/11/2022/ITFM | AC69: 07-NOV-2022 | AD69: 1.4% | AE69: 2057850 | AF69: 28810 | AJ69: KHI/HO/D/MO/PC COMP/C/102086/108/11/2024 | AK69: 28810 | AM69: =AF69-AK69 -> 0 | AN69: REN
A70: 69 | B70: ACTIVE | C70: 9976AD1232820001 | D70: T-PAK | E70: SAYED SAJJAD HUSSAIN MUSAVI | F70: Karachi | G70: 45502-5958413-7 | H70: 03337102949 | I70: 03337102949 | J70: 0 | K70: FLAT NO 501 5TH FLOOR SEA CASTLE 1 CLIFTON BLOCK 3 AND 4 KHI KARACHI PK | L70: 1446720 | M70: 6028000 | N70: 77638/00002/11/2023 | O70: 06-NOV-2024 | P70: 81014737 | Q70: 034297 | R70: NEW | T70: HONDA CITY I-VTEC | U70: 2023 | V70: 45208 | W70: 11-NOV-2023 | X70: 11-Nov-2026 | Y70: OLAKHI300097370 | Z70: 3 | AA70: CTRK | AB70: DIB0035394 | AC70: 27-OCT-2023 | AD70: 2% | AE70: 5425200 | AF70: 108504 | AJ70: KHI/HO/D/MO/PC COMP/C/102086/109/11/2024 | AK70: 108504 | AM70: =AF70-AK70 -> 0 | AN70: REN
A71: 70 | B71: ACTIVE | C71: 9976AP2213140044 | D71: T-PAK | E71: MUHAMMAD TAYYAB YAQUB | F71: Faisalabad | G71: 33102-2485464-1 | H71: 03004562537 | I71: 03004562537, 03004562537 | J71: 03004562537 | K71: 157 MOHALLA KORIAN SAMUNDRI ROAD D TYPE COLONY NEARE BOHAR WALI MASJID FAISALABAD PK | L71: 734300 | M71: 1049000 | N71: 56038/00084/10/2021 | O71: 45603 | P71: 1016784 | Q71: PK0113291 | R71: NEW | T71: SUZUKI BOLAN VX EURO II | U71: 2021 | V71: 10-NOV-2021 | W71: 11-NOV-2021 | X71: 11-Nov-2026 | Y71: OLDFSD300078242 | Z71: 5 | AA71: CTRK | AB71: DIB0032347 | AC71: 08-NOV-2021 | AD71: 2% | AE71: 839200 | AF71: 16784 | AJ71: KHI/HO/D/MO/PC COMP/C/102086/113/11/2024 | AK71: 16784 | AM71: =AF71-AK71 -> 0 | AN71: REN
A72: 71 | B72: ACTIVE | C72: 9976AP2213130036 | D72: T-PAK | E72: DANISH RIAZ | F72: Faisalabad | G72: 33100-2734803-3 | H72: 8781274 03007622075 | I72: 03007622075 | J72: 0418580060 | K72: HOUSE NO.80, STREET NO.3 UMAR BLOCK, MUSLIM TOWN NO.1 FAISALABAD | L72: 1035000 | M72: 1725000 | N72: 56607/00014/11/2021 | O72: 45603 | P72: 134290 | Q72: 10034302 | R72: USD | S72: LE-19-9819 | T72: SUZUKI CULTUS VXR EURO II | U72: 2018 | V72: 09-NOV-2021 | W72: 11-NOV-2021 | X72: 11-Nov-2025 | Y72: OLUFSD300078252 | Z72: 4 | AA72: CTRK | AB72: DIB0032418 | AC72: 08-NOV-2021 | AD72: 2% | AE72: 1380000 | AF72: 27600 | AJ72: KHI/HO/D/MO/PC COMP/C/102086/114/11/2024 | AK72: 27600 | AM72: =AF72-AK72 -> 0 | AN72: REN
A73: 72 | B73: ACTIVE | C73: 9976AD2212250015 | D73: T-PAK | E73: FAIZ UR REHMAN ZAHID | F73: Islamabad | G73: 14301-2003773-9 | H73: 0515430548 | J73: 0518023010 | K73: H # 64-B ST # 7 FECHS LOHI BHER SEC TOR O-9 ISLAMABAD PK | L73: 1068000 | M73: 1335000 | N73: 01-2111-PO-MTR-PCCM-D-001533 | O73: 45603 | P73: 6R191974 | Q73: 1091928 | R73: NEW | T73: SUZUKI ALTO VXR EURO II | U73: 2021 | V73: 13-AUG-2021 | W73: 21-NOV-2021 | X73: 21-Nov-2027 | Y73: OLAISD300071915 | Z73: 6 | AA73: CTRK | AB73: DIB0032428 | AC73: 09-NOV-2021 | AD73: 2% | AE73: 1068000 | AF73: 21360 | AJ73: KHI/HO/D/MO/PC COMP/C/102086/115/11/2024 | AK73: 21360 | AM73: =AF73-AK73 -> 0 | AN73: REN
A74: 73 | B74: ACTIVE | C74: 9976AP2213130035 | D74: T-PAK | E74: ZUKHRAF JAMIL | F74: Islamabad | G74: 61101-7906867-0 | H74: 03345381860 | J74: 0 | K74: H # 620 ST # 12/1 BLOCK-B NATIONAL POLICE FOUNDATION SECTOR O-9 NEAR G ISLAMABAD PK | L74: 1472000 | M74: 2300000 | N74: 56607/00015/11/2021 | O74: 45603 | P74: 79755064 | Q74: 190192 | R74: USD | S74: ABE-262 | T74: HONDA CITY ASPIRE | U74: 2016 | V74: 09-NOV-2021 | W74: 11-NOV-2021 | X74: 11-Nov-2026 | Y74: OLUISDAT300078362 | Z74: 5 | AA74: CTRK | AB74: DIB0032420 | AC74: 09-NOV-2021 | AD74: 2% | AE74: 1840000 | AF74: 36800 | AJ74: KHI/HO/D/MO/PC COMP/C/102086/117/11/2024 | AK74: 36800 | AM74: =AF74-AK74 -> 0 | AN74: REN
A75: 74 | B75: ACTIVE | C75: 9976AD1210810005 | D75: T-PAK | E75: MUHAMMAD SIDDIQUE | F75: Lahore | G75: 31202-1631060-1 | H75: 03008464402 | I75: 03008464402 | J75: 03008464402 | K75: JOREY PUL BAHAR SHAH ROAD AL FAISAL TOWN LAHORE CANTT LAHORE | L75: 1784300 | M75: 2549000 | N75: DIB/T/34322/LHR/1121 | O75: 45603 | P75: 518223 | Q75: 1003905 | R75: NEW | T75: ALSVIN 1.5L LUMIERE | U75: 2021 | V75: 22-MAR-2021 | W75: 03-DEC-2021 | X75: 03-Dec-2026 | Y75: OLALHR300066859 | Z75: 5 | AA75: CTRK | AB75: TDIDIB0029799 | AC75: 09-NOV-2021 | AD75: 2% | AE75: 2039200 | AF75: 40784 | AJ75: KHI/HO/D/MO/PC COMP/C/102086/122/11/2024 | AK75: 40784 | AM75: =AF75-AK75 -> 0 | AN75: REN
A76: 75 | B76: ACTIVE | C76: 997AAD2203660006 | D76: T-PAK | E76: JAVED IQBAL MUGHAL | F76: Karachi | G76: 42201-7570368-3 | H76: 03008230290 | I76: 03008230290 | J76: 02132460050 | K76: SUIT NO 611- 612 FLOOR POONAWALA TR ADE TOWER DANDIA BAZAR KARACHI | L76: 3550950 | M76: 5463000 | N76: DIB/T/34321/KHI/1121 | O76: 45603 | P76: 5MGM6250379 | Q76: MN116315 | R76: NEW | T76: MG HS TURBO | U76: 2021 | V76: 31-DEC-2020 | W76: 21-NOV-2021 | X76: 21-Nov-2026 | Y76: OLAKHI300064538 | Z76: 5 | AA76: CTRK | AB76: TDIDIB0029791 | AC76: 04-NOV-2021 | AD76: 1.5% | AE76: 4370400 | AF76: 65556 | AJ76: KHI/HO/D/MO/PC COMP/C/102086/126/11/2024 | AK76: 65556 | AM76: =AF76-AK76 -> 0 | AN76: REN
A77: 76 | B77: ACTIVE | C77: 9976AD2211200010 | D77: T-PAK | E77: SYED REHAN BIN WARIS GILLANI | F77: Lahore | G77: 35200-1532614-1 | H77: 03028409999 | I77: 03028409999 | J77: 04236162336 7 | K77: H NO 173 PHASE NO 2 DHA LAHORE LAHORE | L77: 5273800 | M77: 7534000 | N77: 56607/00017/11/2021 | O77: 45603 | P77: 1GD5065229 | Q77: R-5548737 | R77: NEW | T77: HLIUX REVO V DC A/T 4X4 | U77: 2021 | V77: 30-APR-2021 | W77: 03-DEC-2021 | X77: 03-Dec-2026 | Y77: OLALHR300068433 | Z77: 5 | AA77: CTRK | AB77: DIB0032431 | AC77: 09-NOV-2021 | AD77: 1.75% | AE77: 6027200 | AF77: 105476 | AJ77: KHI/HO/D/MO/PC COMP/C/102086/127/11/2024 | AK77: 105476 | AM77: =AF77-AK77 -> 0 | AN77: REN
A78: 77 | B78: ACTIVE | C78: 997AAD2210670001 | D78: T-PAK | E78: MAZHAR UL HAQ | F78: Gujranwala | I78: 03216456380 | K78: KORN MILLS PVT LTD 10 KM LAHORE SIDE G T ROAD GUJRANWALA | L78: 6891750 | M78: 9189000 | N78: 56607/00018/11/2021 | O78: 45603 | P78: 1GD5078075 | Q78: 1096765 | R78: NEW | T78: TOYOTA FORTUNER 4X4 SPORTIV | U78: 2021 | V78: 08-MAR-2021 | W78: 27-NOV-2021 | X78: 27-Nov-2026 | Y78: OLAGWL300066546 | Z78: 5 | AA78: ITMT | AB78: 5589/11/2021/ITMM | AC78: 09-NOV-2021 | AD78: 1.5% | AE78: 7351200 | AF78: 110268 | AJ78: KHI/HO/D/MO/PC COMP/C/102086/130/11/2024 | AK78: 110268 | AM78: =AF78-AK78 -> 0 | AN78: REN
A79: 78 | B79: ACTIVE | C79: 9976AP1223140003 | D79: T-PAK | E79: MUHAMMAD ARSALAN GULL | F79: Rawalpindi | G79: 37405-7320530-1 | I79: 03170007516 | K79: H NO CB-2786, LANE 02, MUKARAM TOWN CHUR HAMPAL RAWALPINDI. | L79: 2660000 | M79: 3800000 | N79: 64794/00017/11/2022 | O79: 45603 | P79: 12908456 | Q79: 011460 | R79: USD | T79: HONDA CIVIC VTI ORIEL P/T | U79: 2017 | V79: 10-NOV-2022 | W79: 11-NOV-2022 | X79: 11-Nov-2025 | Y79: OLURWP300090763 | Z79: 3 | AA79: FLCN | AB79: 108813/11/2022 | AC79: 08-NOV-2022 | AD79: 1.75% | AE79: 3230000 | AF79: 56525 | AJ79: KHI/HO/D/MO/PC COMP/C/102086/131/11/2024 | AK79: 56525 | AM79: =AF79-AK79 -> 0 | AN79: REN
A80: 79 | B80: ACTIVE | C80: 9976AP2223200007 | D80: T-PAK | E80: MUHAMMAD MUBEEN IQBAL | F80: Islamabad | G80: 37302-8820227-3 | H80: 03445849745 | J80: 0512215262 | K80: H # 114S ST # 2 SECTOR G-12 NEAR MA ILK BOYS HOSTAL ISLAMABAD PK | L80: 875000 | M80: 1250000 | N80: 64794/00018/11/2022 | O80: 45603 | P80: 607544 | Q80: 514423 | R80: USD | S80: DS-635 | T80: SUZUKI CULTUS VXR EURO-II | U80: 2015 | V80: 16-NOV-2022 | W80: 21-NOV-2022 | X80: 21-Nov-2025 | Y80: OLUISD300090764 | Z80: 3 | AA80: FLCN | AB80: 108814/11/2022 | AC80: 08-NOV-2022 | AD80: 1.75% | AE80: 1062500 | AF80: 18594 | AJ80: KHI/HO/D/MO/PC COMP/C/102086/138/11/2024 | AK80: 18594 | AM80: =AF80-AK80 -> 0 | AN80: REN
A81: 80 | B81: ACTIVE | C81: 9976AD1212650002 | D81: T-PAK | E81: ARSHAD FAROOQ | F81: Rawalpindi | G81: 37405-6982755-5 | H81: 03345353612 | J81: 0515551825 | K81: H # 61 GROUND FLOOR MUBARIK LANE #2 ADYALA ROAD RAWALPINDI PK | L81: 839200 | M81: 1049000 | N81: 2021-11-205-V01501DP0002759 | O81: 45604 | P81: 1016963 | Q81: 01133476 | R81: NEW | T81: SUZUKI BOLAN VX EURO II | U81: 2021 | V81: 22-SEP-2021 | W81: 21-NOV-2021 | X81: 21-Nov-2026 | Y81: OLARWP300073901 | Z81: 5 | AA81: CTRK | AB81: DIB0032444 | AC81: 10-NOV-2021 | AD81: 2% | AE81: 839200 | AF81: 16784 | AJ81: KHI/HO/D/MO/PC COMP/C/102086/144/11/2024 | AK81: 16784 | AM81: =AF81-AK81 -> 0 | AN81: REN
A82: 81 | B82: ACTIVE | C82: 9976AD1211960010 | D82: T-PAK | E82: MUHAMMAD USMAN | F82: Gujranwala | G82: 34101-3445040-1 | H82: 03008724748 | I82: 03008724748 | J82: 03008724748 | K82: H NO 57 BLOCK FF G MANGNOLIA PARK N EAR HADI SUPER STORE GUJRANWALA PK | L82: 1001250 | M82: 1335000 | N82: 56607/00026/11/2021 | O82: 45604 | P82: 191014 | Q82: 1091064 | R82: NEW | T82: ALTO VXR EURO-II | U82: 2021 | V82: 15-JUL-2021 | W82: 27-NOV-2021 | X82: 27-Nov-2026 | Y82: OLAGWL300070600 | Z82: 5 | AA82: ITFT | AB82: 5593/11/2021/ITFM | AC82: 10-NOV-2021 | AD82: 2% | AE82: 1068000 | AF82: 21360 | AJ82: KHI/HO/D/MO/PC COMP/C/102086/145/11/2024 | AK82: 21360 | AM82: =AF82-AK82 -> 0 | AN82: REN
A83: 82 | B83: ACTIVE | C83: 9976AD1212110037 | D83: T-PAK | E83: MALIK MUHAMMAD NADEEM AWAN | F83: Lahore | G83: 35201-1672072-5 | H83: 03004267807 | I83: 03004267807 | J83: 03004267807 | K83: DACCA ROAD QASIM BUILDING SADAR BAZ AR LAHORE CANTT NEAR HBL BANK LAHORE | L83: 1372500 | M83: 1830000 | N83: 2021-11-205-V01501OP0002755 | O83: 45604 | P83: 186931 | Q83: 10086927 | R83: NEW | T83: SUZUKI CULTUS VXL EUROII | U83: 2021 | V83: 30-JUL-2021 | W83: 11-NOV-2021 | X83: 11-Nov-2026 | Y83: OLALHR300071224 | Z83: 5 | AA83: CTRK | AB83: DIB0032436 | AC83: 09-NOV-2021 | AD83: 2% | AE83: 1464000 | AF83: 29280 | AJ83: KHI/HO/D/MO/PC COMP/C/102086/150/11/2024 | AK83: 29280 | AM83: =AF83-AK83 -> 0 | AN83: REN
A84: 83 | B84: ACTIVE | C84: 997APD2203160003 | D84: T-PAK | E84: FAREED FATEH ALI JESSANI | F84: Karachi | G84: 42101-1735191-3 | H84: 03003611599 | I84: 03003611599 | J84: 032722087 | K84: HOUSE # T/547 BLOCK-03 KARIMABAD CO LONY F.B.AREA NEAR AGHA KHAN JAMAT KARACHI PK | L84: 1787500 | M84: 2750000 | N84: 53157/00028/11/2020 | O84: 45604 | P84: Q030649 | Q84: 6008134 | R84: USD | S84: BFR-858 | T84: TOYOTA COROLLA ALTIS | U84: 2016 | V84: 11-NOV-2020 | W84: 11-NOV-2020 | X84: 11-Nov-2026 | Y84: POUKHI300060522 | Z84: 6 | AA84: ITFM | AB84: 3515/11/2020/ITFM | AC84: 09-NOV-2020 | AD84: 2% | AE84: 2062500 | AF84: 41250 | AJ84: KHI/HO/D/MO/PC COMP/C/102086/151/11/2024 | AK84: 44000 | AL84: KHI/HO/D/MO/PC COMP/E/49863/00151/12/2024 | AM84: =AF84-AK84 -> -2750 | AN84: REN
A85: 84 | B85: ACTIVE | C85: 997APD1203150011 | D85: T-PAK | E85: MUHAMMAD NASIR SIDDIQUE | F85: Lahore | G85: 35202-9502649-1 | H85: 03218480932 | I85: 03218480932 | J85: 04237211655 | K85: 40 MAIN BAZAR FOOD STREET OLD ANARK ALI LAHORE | L85: 2250000 | M85: 3000000 | N85: 53157/00029/11/2020 | O85: 45604 | P85: Z567033 | Q85: NZE170R-4192765 | R85: USD | S85: LE-19A-7170 | T85: COROLLA GLI A/T | U85: 2019 | V85: 10-NOV-2020 | W85: 11-NOV-2020 | X85: 11-Nov-2025 | Y85: POULHR300060601 | Z85: 5 | AA85: ITFM | AB85: 3516/11/2020/ITFM | AC85: 09-NOV-2020 | AD85: 2% | AE85: 2250000 | AF85: 45000 | AJ85: KHI/HO/D/MO/PC COMP/C/102086/152/11/2024 | AK85: 45000 | AM85: =AF85-AK85 -> 0 | AN85: REN
A86: 85 | B86: ACTIVE | C86: 9976AD1211470028 | D86: T-PAK | E86: GHULAM SUGHRAN | F86: Lahore | G86: 35404-7640896-4 | H86: 03314470454 | I86: 03314470454 | J86: 99213739 | K86: GILLI SHAH SIR MAST SHAH SHARIF PUR A HAFIZABAD PK | L86: 1874160 | M86: 4932000 | N86: 2524/02742/00028/11/2021 | O86: 45604 | P86: 36099 | Q86: 307689 | R86: NEW | T86: KIA SPORTAGE FWD | U86: 2021 | V86: 27-MAY-2021 | W86: 03-DEC-2021 | X86: 03-Dec-2026 | Y86: OLALHR300068951 | Z86: 5 | AD86: 2% | AE86: 3945600 | AF86: 78912 | AJ86: KHI/HO/D/MO/PC COMP/C/102086/153/11/2024 | AK86: 78912 | AM86: =AF86-AK86 -> 0 | AN86: REN
A87: 86 | B87: ACTIVE | C87: 9976AD2212420003 | D87: T-PAK | E87: MUHAMMAD ASHFAQ ZIA | F87: Lahore | G87: 35302-3250000-7 | H87: 0336-4353356 | I87: 03336981590 | K87: FAIZPUR INTERCHANGE M2 MOTORWAY LAHORE | L87: 1966250 | M87: 3025000 | N87: 2524/02742/00026/11/2021 | O87: 45604 | P87: 1001234 | Q87: MR005195 | R87: NEW | T87: CITY ASPIRE A/T | U87: 2021 | V87: 30-AUG-2021 | W87: 27-NOV-2021 | X87: 27-Nov-2026 | Y87: OLALHR300072432 | Z87: 5 | AA87: CTRK | AB87: DIB0032433 | AC87: 09-NOV-2021 | AD87: 2% | AE87: 2420000 | AF87: 48400 | AJ87: KHI/HO/D/MO/PC COMP/C/102086/155/11/2024 | AK87: 48400 | AM87: =AF87-AK87 -> 0 | AN87: REN
A88: 87 | B88: ACTIVE | C88: 9976AP1213140094 | D88: T-PAK | E88: SYED IMRAN RAZA ZAIDI | F88: Rawalpindi | G88: 37405-2813481-5 | I88: 03336555001 | K88: HOUSE NO 306 STREET NO 22 NEAR FATIMA MOSQUE BAHRIA TOWN PHASE-7 RAWALPINDI. | L88: 2073500 | M88: 3190000 | N88: 56607/00021/11/2021 | O88: 45604 | P88: 1001391 | Q88: 005537 | R88: NEW | T88: CITY ASPIRE A/T | U88: 2021 | V88: 10-NOV-2021 | W88: 11-NOV-2021 | X88: 11-Nov-2026 | Y88: OLDRWP300078513 | Z88: 5 | AA88: CTRK | AB88: DIB0032434 | AC88: 10-NOV-2021 | AD88: 2% | AE88: 2552000 | AF88: 51040 | AJ88: KHI/HO/D/MO/PC COMP/C/102086/156/11/2024 | AK88: 51040 | AM88: =AF88-AK88 -> 0 | AN88: REN
A89: 88 | B89: ACTIVE | C89: 9976AD2210970003 | D89: T-PAK | E89: SADAF NAZ | F89: Islamabad | G89: 37405-7202627-8 | I89: 0336-1503732 | J89: 051-2614349 | K89: COLONY GOLRA MORR PESHAWAR ROAD RAWALPINDI | L89: 2211950 | M89: 3403000 | N89: DIB/T/34336/ISB/1121 | O89: 45604 | P89: 083421 | Q89: 6060973 | R89: NEW | T89: COROLLA ALTIS A/T | U89: 2021 | V89: 07-APR-2021 | W89: 03-DEC-2021 | X89: 03-Dec-2028 | Y89: OLAISD300067631 | Z89: 7 | AA89: CTRK | AB89: TDIDIB0029810 | AC89: 10-NOV-2021 | AD89: 2% | AE89: 2722400 | AF89: 54448 | AJ89: KHI/HO/D/MO/PC COMP/C/102086/158/11/2024 | AK89: 54448 | AM89: =AF89-AK89 -> 0 | AN89: REN
A90: 89 | B90: ACTIVE | C90: 9976AD1212440012 | D90: T-PAK | E90: FAISAL SHAHZAD | F90: MANDIBAHUDDIN | G90: 34402-9964263-9 | I90: 00971558283567 03456285468 | K90: SHARJAH MUWELAH 25235 UNITED ARAB EMIRATES | L90: 2298100 | M90: 3283000 | N90: 56607/00022/11/2021 | O90: 45604 | P90: Q083137 | Q90: 6060628 | R90: RDA | T90: TOYOTA COROLLA ALTIS | U90: 2021 | V90: 01-SEP-2021 | W90: 21-NOV-2021 | X90: 21-Nov-2028 | Y90: OLAMNB300072634 | Z90: 7 | AA90: CTRK | AB90: DIB0032399 | AC90: 05-NOV-2021 | AD90: 1.4% | AE90: 2626400 | AF90: 36770 | AJ90: KHI/HO/D/MO/PC COMP/C/102086/159/11/2024 | AK90: 36770 | AM90: =AF90-AK90 -> 0 | AN90: REN
A91: 90 | B91: ACTIVE | C91: 997APD2203210015 | D91: T-PAK | E91: MUHAMMAD FARHAN | F91: Karachi | G91: 42101-1363392-1 | H91: 03002014317 | I91: 03002014317 | J91: 03002014317 | K91: HOUSE # A-124 ISHAQABAD BLOCK 1 FB AREA KARACHI PK | L91: 2992500 | M91: 3990000 | N91: 53157/00027/11/2020 | O91: 45604 | P91: 5051718 | Q91: 1107710 | R91: RCN | T91: HONDA VEZEL | U91: 2015 | V91: 16-NOV-2020 | W91: 21-NOV-2020 | X91: 21-Nov-2025 | Y91: POUKHI300060171 | Z91: 5 | AA91: ITFT | AB91: 3517/11/2020/ITFM | AC91: 09-NOV-2020 | AD91: 2% | AE91: 2992500 | AF91: 59850 | AJ91: KHI/HO/D/MO/PC COMP/C/102086/160/11/2024 | AK91: 59850 | AM91: =AF91-AK91 -> 0 | AN91: REN
A92: 91 | B92: ACTIVE | C92: 9976AD1212810010 | D92: T-PAK | E92: AHMED NADEEM | F92: Rawalpindi | G92: 82303-0332382-9 | I92: 0097466026822 | K92: VILLA 15 STREET 288 ZONE 46 AIN KHALID DOHA 288 QATAR | L92: 2790550 | M92: 3283000 | N92: 56607/00025/11/2021 | O92: 45604 | P92: Q083741 | Q92: R-6061192 | R92: RDA | T92: TOYOTA COROLLA ALTIS | U92: 2021 | V92: 08-OCT-2021 | W92: 27-NOV-2021 | X92: 27-Nov-2025 | Y92: OLARWP300074652 | Z92: 4 | AA92: CTRK | AB92: DIB0032442 | AC92: 10-NOV-2021 | AD92: 1.4% | AE92: 2626400 | AF92: 36770 | AJ92: KHI/HO/D/MO/PC COMP/C/104052/1/12/2024 | AK92: 36770 | AM92: =AF92-AK92 -> 0 | AN92: REN
A93: 92 | B93: ACTIVE | C93: 9976AD1212840003 | D93: T-PAK | E93: AMIR IQBAL | F93: Islamabad | G93: 61101-8458291-1 | H93: 03215006222 | J93: 0518896222 | K93: H # 269 ST # 83 SECTOR # G-11/3 BAC K SIDE IBN E SEENA ROAD ISLAMABAD PK | L93: 2729300 | M93: 3899000 | N93: 2021-11-205-V01501DP0002750 | O93: 45604 | P93: 877935 | Q93: 301413 | R93: NEW | T93: HYUNDAI ELANTRA | U93: 2021 | V93: 11-OCT-2021 | W93: 21-NOV-2021 | X93: 21-Nov-2026 | Y93: OLAISD300074762 | Z93: 5 | AA93: CTRK | AB93: DIB0032441 | AC93: 10-NOV-2021 | AD93: 2% | AE93: 3119200 | AF93: 62384 | AJ93: KHI/HO/D/MO/PC COMP/C/102086/162/11/2024 | AK93: 62384 | AM93: =AF93-AK93 -> 0 | AN93: REN
A94: 93 | B94: ACTIVE | C94: 9976AP1213190012 | D94: T-PAK | E94: SUNDAS JAVAID | F94: Lahore | G94: 35202-6521817-8 | H94: 03121412644 | I94: 03121412644 | J94: 03121412644 | K94: AG OFFICE FUND 10 7TH FLOOR MOJ DHA RA ROAD TURNER ROAD LAHORE | L94: 987900 | M94: 1335000 | N94: DIB/T/34341/LHR/1121 | O94: 45605 | P94: 6R193082 | Q94: 1093101 | R94: NEW | T94: SUZUKI ALTO VXR EURO II | U94: 2021 | V94: 15-NOV-2021 | W94: 21-NOV-2021 | X94: 21-Nov-2028 | Y94: OLDLHR300078412 | Z94: 7 | AA94: FLCN | AB94: 108612/11/2021 | AC94: 15-NOV-2021 | AD94: 2% | AE94: 1068000 | AF94: 21360 | AJ94: KHI/HO/D/MO/PC COMP/C/102086/165/11/2024 | AK94: 21360 | AM94: =AF94-AK94 -> 0 | AN94: REN
A95: 94 | B95: ACTIVE | C95: 9976AP1213200021 | D95: T-PAK | E95: EMAD ATEEQ | F95: Faisalabad | G95: 33100-7046888-9 | H95: 03216652084 | I95: 03216652084, 03216652084 | J95: 03216652084 | K95: 1388 ST NO 6 NISAR COLONY FSD SAMAN ABAD FSD FAISALABAD PK | L95: 1077300 | M95: 1539000 | N95: 56607/00028/11/2021 | O95: 45605 | P95: 506229 | Q95: 1010461 | R95: NEW | T95: CHANGAN KARVAAN PLUS | U95: 2021 | V95: 16-NOV-2021 | W95: 21-NOV-2021 | X95: 21-Nov-2026 | Y95: OLDFSD300078622 | Z95: 5 | AA95: CTRK | AB95: DIB0032447 | AC95: 16-NOV-2021 | AD95: 2% | AE95: 1231200 | AF95: 24624 | AJ95: KHI/HO/D/MO/PC COMP/C/102086/166/11/2024 | AK95: 24624 | AM95: =AF95-AK95 -> 0 | AN95: REN
A96: 95 | B96: ACTIVE | C96: 9976AD1211810063 | D96: T-PAK | E96: ABIDA PARVEEN | F96: Karachi | G96: 42000-3893945-6 | H96: 03322095937 | I96: 03322095937 | J96: 0 | K96: BANGLOW # R-35 JINNAH AVENUE NEAR W IRELESS GATE NEAR AIRPORT KARACHI PK | L96: 1088430 | M96: 1533000 | N96: 2524/02742/00037/11/2021 | O96: 45605 | P96: 190806 | Q96: 1090736 | R96: NEW | T96: SUZUKI ALTO VXL AGS EURO-II | U96: 2021 | V96: 30-JUN-2021 | W96: 11-NOV-2021 | X96: 11-Nov-2026 | Y96: OLAKHI300070274 | Z96: 5 | AA96: CTRK | AB96: DIB0032381 | AC96: 03-NOV-2021 | AD96: 2% | AE96: 1226400 | AF96: 24528 | AJ96: KHI/HO/D/MO/PC COMP/C/102086/167/11/2024 | AK96: 24528 | AM96: =AF96-AK96 -> 0 | AN96: REN
A97: 96 | B97: ACTIVE | C97: 9976AP2213160049 | D97: T-PAK | E97: ZEESHAN | F97: Karachi | G97: 42301-6476639-9 | I97: 03462019215 | J97: 32467731 32466631 | K97: SUIT 10, 5TH FLOOR, SHARJAH TRADE CENTRE, OPP. R.K. SQUARE ALTAF HUSSAIN ROAD, NEW CHALLI KARACHI | L97: 1643000 | M97: 2650000 | N97: 2524/02742/00040/11/2021 | O97: 45605 | P97: Z516627 | Q97: 4142828 | R97: USD | S97: BLY-175 | T97: TOYOTA COROLLA GLI | U97: 2018 | V97: 12-NOV-2021 | W97: 21-NOV-2021 | X97: 21-Nov-2025 | Y97: OLUKHI300078583 | Z97: 4 | AA97: ITECL | AB97: 5597/11/2021 | AC97: 11-NOV-2021 | AD97: 2% | AE97: 2120000 | AF97: 42400 | AJ97: KHI/HO/D/MO/PC COMP/C/102086/170/11/2024 | AK97: 42400 | AM97: =AF97-AK97 -> 0 | AN97: REN
A98: 97 | B98: ACTIVE | C98: 9976AD1212120132 | D98: T-PAK | E98: QAMMAR NISAR | F98: Gujranwala | G98: 34101-2173729-7 | H98: 03046485000 | I98: 03046485000 | J98: 03046485000 | K98: H NO 4 MAIN BAZAR NOSHERA SANSI ROA D GUJRANWALA PK | L98: 1812300 | M98: 2589000 | N98: PL-1121-1101010102-V14-D-00523 | O98: 45605 | P98: 521129 | Q98: 1004132 | R98: NEW | T98: CHANGAN ALSVIN 1.5L | U98: 2021 | V98: 31-JUL-2021 | W98: 27-NOV-2021 | X98: 27-Nov-2025 | Y98: OLAGWL300071397 | Z98: 4 | AA98: ITECL | AB98: 5598/11/2021 | AC98: 11-NOV-2021 | AD98: 2% | AE98: 2071200 | AF98: 41424 | AJ98: KHI/HO/D/MO/PC COMP/C/102086/171/11/2024 | AK98: 41424 | AM98: =AF98-AK98 -> 0 | AN98: REN
A99: 98 | B99: ACTIVE | C99: 9976AP1213150097 | D99: T-PAK | E99: RANA BILAWAL | F99: Lahore | G99: 35202-0416071-9 | H99: 03470140107 | I99: 03470140107 | J99: 03470140107 | K99: SHOP NO 11 MAIN BAZAR WANDALA ROAD SHAHDARA LAHORE | L99: 1963500 | M99: 2805000 | N99: DIB/T/34340/LHR/1121 | O99: 45605 | P99: 1002427 | Q99: MR003278 | R99: NEW | T99: HONDA CITY I-VTEC | U99: 2021 | V99: 11-NOV-2021 | W99: 11-NOV-2021 | X99: 11-Nov-2026 | Y99: OLDLHR300078542 | Z99: 5 | AA99: FLCN | AB99: 108611/11/2021 | AC99: 10-NOV-2021 | AD99: 2% | AE99: 2244000 | AF99: 44880 | AJ99: KHI/HO/D/MO/PC COMP/C/102086/172/11/2024 | AK99: 44880 | AM99: =AF99-AK99 -> 0 | AN99: REN
A100: 99 | B100: ACTIVE | C100: 9976AP1223150008 | D100: T-PAK | E100: DANISH HUSSAIN | F100: Karachi | G100: 42101-8923401-3 | H100: 03458100118 | I100: 03458100118 | J100: 0 | K100: N4 306 METROVILE 3RD BLCOK 1 SCHEEM 33 MASKAN CHOWRANGI PARADISE BAKER KARACHI PK | L100: 1330000 | M100: 1900000 | N100: 64794/00028/11/2022 | O100: 45605 | P100: 102170 | Q100: 10002166 | R100: USD | S100: BKH-968 | T100: SUZUKI CULTUS VXL | U100: 2017 | V100: 11-NOV-2022 | W100: 11-NOV-2022 | X100: 11-Nov-2027 | Y100: OLUKHI300090783 | Z100: 5 | AA100: ITFM | AB100: 9338/11/2022/ITFM | AC100: 10-NOV-2022 | AD100: 1.75% | AE100: 1615000 | AF100: 28263 | AJ100: KHI/HO/D/MO/PC COMP/C/102086/175/11/2024 | AK100: 28263 | AM100: =AF100-AK100 -> 0 | AN100: REN
...

Sheet working
A1: POLICY NO. | B1: Assorted_code | D1: Premium | E1: 30Dec240042
A2: KHI/HO/D/MO/PC COMP/C/102086/2/11/2024 | B2: =VLOOKUP(A2,policy!B:C,2,0) -> 070000170565 | C2: 21360 | D2: =ROUND(C2,0) -> 21360 | E2: 30Dec240042 | F2: ="insert into ins_premium_det (premium_rcv_code,assorted_code, rec_amount,premium_rcv_detail_code,remaining_amt, payrec, mode_code,coinsurance_code,class_cd,it_remarks) values" -> insert into ins_premium_det (premium_rcv_code,assorted_code, rec_amount,premium_rcv_detail_code,remaining_amt, payrec, mode_code,coinsurance_code,class_cd,it_remarks) values | G2: ="('"&E2&"','"&B2&"','"&D2&"',(select max(to_number(i.premium_rcv_detail_code))+1 from ins_premium_det i),'"&D2&"','"&D2&"','02', '11000003','00','Request by Mr. Saqib Saleem 31-Dec-2024 Active');" -> ('30Dec240042','070000170565','21360',(select max(to_number(i.premium_rcv_detail_code))+1 from ins_premium_det i),'21360','21360','02', '11000003','00','Request by Mr. Saqib Saleem 31-Dec-2024 Active'); | H2: =F2&G2 -> insert into ins_premium_det (premium_rcv_code,assorted_code, rec_amount,premium_rcv_detail_code,remaining_amt, payrec, mode_code,coinsurance_code,class_cd,it_remarks) values('30Dec240042','070000170565','21360',(select max(to_number(i.premium_rcv_detail_code))+1 from ins_premium_det i),'21360','21360','02', '11000003','00','Request by Mr. Saqib Saleem 31-Dec-2024 Active');
A3: KHI/HO/D/MO/PC COMP/C/102086/3/11/2024 | B3: =VLOOKUP(A3,policy!B:C,2,0) -> 070000170566 | C3: 29280 | D3: =ROUND(C3,0) -> 29280 | E3: 30Dec240042 | F3: ="insert into ins_premium_det (premium_rcv_code,assorted_code, rec_amount,premium_rcv_detail_code,remaining_amt, payrec, mode_code,coinsurance_code,class_cd,it_remarks) values" -> insert into ins_premium_det (premium_rcv_code,assorted_code, rec_amount,premium_rcv_detail_code,remaining_amt, payrec, mode_code,coinsurance_code,class_cd,it_remarks) values | G3: ="('"&E3&"','"&B3&"','"&D3&"',(select max(to_number(i.premium_rcv_detail_code))+1 from ins_premium_det i),'"&D3&"','"&D3&"','02', '11000003','00','Request by Mr. Saqib Saleem 31-Dec-2024 Active');" -> ('30Dec240042','070000170566','29280',(select max(to_number(i.premium_rcv_detail_code))+1 from ins_premium_det i),'29280','29280','02', '11000003','00','Request by Mr. Saqib Saleem 31-Dec-2024 Active'); | H3: =F3&G3 -> insert into ins_premium_det (premium_rcv_code,assorted_code, rec_amount,premium_rcv_detail_code,remaining_amt, payrec, mode_code,coinsurance_code,class_cd,it_remarks) values('30Dec240042','070000170566','29280',(select max(to_number(i.premium_rcv_detail_code))+1 from ins_premium_det i),'29280','29280','02', '11000003','00','Request by Mr. Saqib Saleem 31-Dec-2024 Active');
A4: KHI/HO/D/MO/PC COMP/C/102086/5/11/2024 | B4: =VLOOKUP(A4,policy!B:C,2,0) -> 070000170568 | C4: 37842 | D4: =ROUND(C4,0) -> 37842 | E4: 30Dec240042 | F4: ="insert into ins_premium_det (premium_rcv_code,assorted_code, rec_amount,premium_rcv_detail_code,remaining_amt, payrec, mode_code,coinsurance_code,class_cd,it_remarks) values" -> insert into ins_premium_det (premium_rcv_code,assorted_code, rec_amount,premium_rcv_detail_code,remaining_amt, payrec, mode_code,coinsurance_code,class_cd,it_remarks) values | G4: ="('"&E4&"','"&B4&"','"&D4&"',(select max(to_number(i.premium_rcv_detail_code))+1 from ins_premium_det i),'"&D4&"','"&D4&"','02', '11000003','00','Request by Mr. Saqib Saleem 31-Dec-2024 Active');" -> ('30Dec240042','070000170568','37842',(select max(to_number(i.premium_rcv_detail_code))+1 from ins_premium_det i),'37842','37842','02', '11000003','00','Request by Mr. Saqib Saleem 31-Dec-2024 Active'); | H4: =F4&G4 -> insert into ins_premium_det (premium_rcv_code,assorted_code, rec_amount,premium_rcv_detail_code,remaining_amt, payrec, mode_code,coinsurance_code,class_cd,it_remarks) values('30Dec240042','070000170568','37842',(select max(to_number(i.premium_rcv_detail_code))+1 from ins_premium_det i),'37842','37842','02', '11000003','00','Request by Mr. Saqib Saleem 31-Dec-2024 Active');
A5: KHI/HO/D/MO/PC COMP/C/102086/6/11/2024 | B5: =VLOOKUP(A5,policy!B:C,2,0) -> 070000170569 | C5: 59723 | D5: =ROUND(C5,0) -> 59723 | E5: 30Dec240042 | F5: ="insert into ins_premium_det (premium_rcv_code,assorted_code, rec_amount,premium_rcv_detail_code,remaining_amt, payrec, mode_code,coinsurance_code,class_cd,it_remarks) values" -> insert into ins_premium_det (premium_rcv_code,assorted_code, rec_amount,premium_rcv_detail_code,remaining_amt, payrec, mode_code,coinsurance_code,class_cd,it_remarks) values | G5: ="('"&E5&"','"&B5&"','"&D5&"',(select max(to_number(i.premium_rcv_detail_code))+1 from ins_premium_det i),'"&D5&"','"&D5&"','02', '11000003','00','Request by Mr. Saqib Saleem 31-Dec-2024 Active');" -> ('30Dec240042','070000170569','59723',(select max(to_number(i.premium_rcv_detail_code))+1 from ins_premium_det i),'59723','59723','02', '11000003','00','Request by Mr. Saqib Saleem 31-Dec-2024 Active'); | H5: =F5&G5 -> insert into ins_premium_det (premium_rcv_code,assorted_code, rec_amount,premium_rcv_detail_code,remaining_amt, payrec, mode_code,coinsurance_code,class_cd,it_remarks) values('30Dec240042','070000170569','59723',(select max(to_number(i.premium_rcv_detail_code))+1 from ins_premium_det i),'59723','59723','02', '11000003','00','Request by Mr. Saqib Saleem 31-Dec-2024 Active');
A6: KHI/HO/D/MO/PC COMP/C/102086/7/11/2024 | B6: =VLOOKUP(A6,policy!B:C,2,0) -> 070000170570 | C6: 73780 | D6: =ROUND(C6,0) -> 73780 | E6: 30Dec240042 | F6: ="insert into ins_premium_det (premium_rcv_code,assorted_code, rec_amount,premium_rcv_detail_code,remaining_amt, payrec, mode_code,coinsurance_code,class_cd,it_remarks) values" -> insert into ins_premium_det (premium_rcv_code,assorted_code, rec_amount,premium_rcv_detail_code,remaining_amt, payrec, mode_code,coinsurance_code,class_cd,it_remarks) values | G6: ="('"&E6&"','"&B6&"','"&D6&"',(select max(to_number(i.premium_rcv_detail_code))+1 from ins_premium_det i),'"&D6&"','"&D6&"','02', '11000003','00','Request by Mr. Saqib Saleem 31-Dec-2024 Active');" -> ('30Dec240042','070000170570','73780',(select max(to_number(i.premium_rcv_detail_code))+1 from ins_premium_det i),'73780','73780','02', '11000003','00','Request by Mr. Saqib Saleem 31-Dec-2024 Active'); | H6: =F6&G6 -> insert into ins_premium_det (premium_rcv_code,assorted_code, rec_amount,premium_rcv_detail_code,remaining_amt, payrec, mode_code,coinsurance_code,class_cd,it_remarks) values('30Dec240042','070000170570','73780',(select max(to_number(i.premium_rcv_detail_code))+1 from ins_premium_det i),'73780','73780','02', '11000003','00','Request by Mr. Saqib Saleem 31-Dec-2024 Active');
A7: KHI/HO/D/MO/PC COMP/C/102086/8/11/2024 | B7: =VLOOKUP(A7,policy!B:C,2,0) -> 070000170571 | C7: 130326 | D7: =ROUND(C7,0) -> 130326 | E7: 30Dec240042 | F7: ="insert into ins_premium_det (premium_rcv_code,assorted_code, rec_amount,premium_rcv_detail_code,remaining_amt, payrec, mode_code,coinsurance_code,class_cd,it_remarks) values" -> insert into ins_premium_det (premium_rcv_code,assorted_code, rec_amount,premium_rcv_detail_code,remaining_amt, payrec, mode_code,coinsurance_code,class_cd,it_remarks) values | G7: ="('"&E7&"','"&B7&"','"&D7&"',(select max(to_number(i.premium_rcv_detail_code))+1 from ins_premium_det i),'"&D7&"','"&D7&"','02', '11000003','00','Request by Mr. Saqib Saleem 31-Dec-2024 Active');" -> ('30Dec240042','070000170571','130326',(select max(to_number(i.premium_rcv_detail_code))+1 from ins_premium_det i),'130326','130326','02', '11000003','00','Request by Mr. Saqib Saleem 31-Dec-2024 Active'); | H7: =F7&G7 -> insert into ins_premium_det (premium_rcv_code,assorted_code, rec_amount,premium_rcv_detail_code,remaining_amt, payrec, mode_code,coinsurance_code,class_cd,it_remarks) values('30Dec240042','070000170571','130326',(select max(to_number(i.premium_rcv_detail_code))+1 from ins_premium_det i),'130326','130326','02', '11000003','00','Request by Mr. Saqib Saleem 31-Dec-2024 Active');
A8: KHI/HO/D/MO/PC COMP/C/102086/10/11/2024 | B8: =VLOOKUP(A8,policy!B:C,2,0) -> 070000170573 | C8: 30494 | D8: =ROUND(C8,0) -> 30494 | E8: 30Dec240042 | F8: ="insert into ins_premium_det (premium_rcv_code,assorted_code, rec_amount,premium_rcv_detail_code,remaining_amt, payrec, mode_code,coinsurance_code,class_cd,it_remarks) values" -> insert into ins_premium_det (premium_rcv_code,assorted_code, rec_amount,premium_rcv_detail_code,remaining_amt, payrec, mode_code,coinsurance_code,class_cd,it_remarks) values | G8: ="('"&E8&"','"&B8&"','"&D8&"',(select max(to_number(i.premium_rcv_detail_code))+1 from ins_premium_det i),'"&D8&"','"&D8&"','02', '11000003','00','Request by Mr. Saqib Saleem 31-Dec-2024 Active');" -> ('30Dec240042','070000170573','30494',(select max(to_number(i.premium_rcv_detail_code))+1 from ins_premium_det i),'30494','30494','02', '11000003','00','Request by Mr. Saqib Saleem 31-Dec-2024 Active'); | H8: =F8&G8 -> insert into ins_premium_det (premium_rcv_code,assorted_code, rec_amount,premium_rcv_detail_code,remaining_amt, payrec, mode_code,coinsurance_code,class_cd,it_remarks) values('30Dec240042','070000170573','30494',(select max(to_number(i.premium_rcv_detail_code))+1 from ins_premium_det i),'30494','30494','02', '11000003','00','Request by Mr. Saqib Saleem 31-Dec-2024 Active');
A9: KHI/HO/D/MO/PC COMP/C/102086/11/11/2024 | B9: =VLOOKUP(A9,policy!B:C,2,0) -> 070000170574 | C9: 48994 | D9: =ROUND(C9,0) -> 48994 | E9: 30Dec240042 | F9: ="insert into ins_premium_det (premium_rcv_code,assorted_code, rec_amount,premium_rcv_detail_code,remaining_amt, payrec, mode_code,coinsurance_code,class_cd,it_remarks) values" -> insert into ins_premium_det (premium_rcv_code,assorted_code, rec_amount,premium_rcv_detail_code,remaining_amt, payrec, mode_code,coinsurance_code,class_cd,it_remarks) values | G9: ="('"&E9&"','"&B9&"','"&D9&"',(select max(to_number(i.premium_rcv_detail_code))+1 from ins_premium_det i),'"&D9&"','"&D9&"','02', '11000003','00','Request by Mr. Saqib Saleem 31-Dec-2024 Active');" -> ('30Dec240042','070000170574','48994',(select max(to_number(i.premium_rcv_detail_code))+1 from ins_premium_det i),'48994','48994','02', '11000003','00','Request by Mr. Saqib Saleem 31-Dec-2024 Active'); | H9: =F9&G9 -> insert into ins_premium_det (premium_rcv_code,assorted_code, rec_amount,premium_rcv_detail_code,remaining_amt, payrec, mode_code,coinsurance_code,class_cd,it_remarks) values('30Dec240042','070000170574','48994',(select max(to_number(i.premium_rcv_detail_code))+1 from ins_premium_det i),'48994','48994','02', '11000003','00','Request by Mr. Saqib Saleem 31-Dec-2024 Active');
A10: KHI/HO/D/MO/PC COMP/C/102086/12/11/2024 | B10: =VLOOKUP(A10,policy!B:C,2,0) -> 070000170575 | C10: 26480 | D10: =ROUND(C10,0) -> 26480 | E10: 30Dec240042 | F10: ="insert into ins_premium_det (premium_rcv_code,assorted_code, rec_amount,premium_rcv_detail_code,remaining_amt, payrec, mode_code,coinsurance_code,class_cd,it_remarks) values" -> insert into ins_premium_det (premium_rcv_code,assorted_code, rec_amount,premium_rcv_detail_code,remaining_amt, payrec, mode_code,coinsurance_code,class_cd,it_remarks) values | G10: ="('"&E10&"','"&B10&"','"&D10&"',(select max(to_number(i.premium_rcv_detail_code))+1 from ins_premium_det i),'"&D10&"','"&D10&"','02', '11000003','00','Request by Mr. Saqib Saleem 31-Dec-2024 Active');" -> ('30Dec240042','070000170575','26480',(select max(to_number(i.premium_rcv_detail_code))+1 from ins_premium_det i),'26480','26480','02', '11000003','00','Request by Mr. Saqib Saleem 31-Dec-2024 Active'); | H10: =F10&G10 -> insert into ins_premium_det (premium_rcv_code,assorted_code, rec_amount,premium_rcv_detail_code,remaining_amt, payrec, mode_code,coinsurance_code,class_cd,it_remarks) values('30Dec240042','070000170575','26480',(select max(to_number(i.premium_rcv_detail_code))+1 from ins_premium_det i),'26480','26480','02', '11000003','00','Request by Mr. Saqib Saleem 31-Dec-2024 Active');
A11: KHI/HO/D/MO/PC COMP/C/102086/13/11/2024 | B11: =VLOOKUP(A11,policy!B:C,2,0) -> 070000170576 | C11: 21360 | D11: =ROUND(C11,0) -> 21360 | E11: 30Dec240042 | F11: ="insert into ins_premium_det (premium_rcv_code,assorted_code, rec_amount,premium_rcv_detail_code,remaining_amt, payrec, mode_code,coinsurance_code,class_cd,it_remarks) values" -> insert into ins_premium_det (premium_rcv_code,assorted_code, rec_amount,premium_rcv_detail_code,remaining_amt, payrec, mode_code,coinsurance_code,class_cd,it_remarks) values | G11: ="('"&E11&"','"&B11&"','"&D11&"',(select max(to_number(i.premium_rcv_detail_code))+1 from ins_premium_det i),'"&D11&"','"&D11&"','02', '11000003','00','Request by Mr. Saqib Saleem 31-Dec-2024 Active');" -> ('30Dec240042','070000170576','21360',(select max(to_number(i.premium_rcv_detail_code))+1 from ins_premium_det i),'21360','21360','02', '11000003','00','Request by Mr. Saqib Saleem 31-Dec-2024 Active'); | H11: =F11&G11 -> insert into ins_premium_det (premium_rcv_code,assorted_code, rec_amount,premium_rcv_detail_code,remaining_amt, payrec, mode_code,coinsurance_code,class_cd,it_remarks) values('30Dec240042','070000170576','21360',(select max(to_number(i.premium_rcv_detail_code))+1 from ins_premium_det i),'21360','21360','02', '11000003','00','Request by Mr. Saqib Saleem 31-Dec-2024 Active');
A12: KHI/HO/D/MO/PC COMP/C/102086/14/11/2024 | B12: =VLOOKUP(A12,policy!B:C,2,0) -> 070000170577 | C12: 21328 | D12: =ROUND(C12,0) -> 21328 | E12: 30Dec240042 | F12: ="insert into ins_premium_det (premium_rcv_code,assorted_code, rec_amount,premium_rcv_detail_code,remaining_amt, payrec, mode_code,coinsurance_code,class_cd,it_remarks) values" -> insert into ins_premium_det (premium_rcv_code,assorted_code, rec_amount,premium_rcv_detail_code,remaining_amt, payrec, mode_code,coinsurance_code,class_cd,it_remarks) values | G12: ="('"&E12&"','"&B12&"','"&D12&"',(select max(to_number(i.premium_rcv_detail_code))+1 from ins_premium_det i),'"&D12&"','"&D12&"','02', '11000003','00','Request by Mr. Saqib Saleem 31-Dec-2024 Active');" -> ('30Dec240042','070000170577','21328',(select max(to_number(i.premium_rcv_detail_code))+1 from ins_premium_det i),'21328','21328','02', '11000003','00','Request by Mr. Saqib Saleem 31-Dec-2024 Active'); | H12: =F12&G12 -> insert into ins_premium_det (premium_rcv_code,assorted_code, rec_amount,premium_rcv_detail_code,remaining_amt, payrec, mode_code,coinsurance_code,class_cd,it_remarks) values('30Dec240042','070000170577','21328',(select max(to_number(i.premium_rcv_detail_code))+1 from ins_premium_det i),'21328','21328','02', '11000003','00','Request by Mr. Saqib Saleem 31-Dec-2024 Active');
A13: KHI/HO/D/MO/PC COMP/C/102086/15/11/2024 | B13: =VLOOKUP(A13,policy!B:C,2,0) -> 070000170578 | C13: 25950 | D13: =ROUND(C13,0) -> 25950 | E13: 30Dec240042 | F13: ="insert into ins_premium_det (premium_rcv_code,assorted_code, rec_amount,premium_rcv_detail_code,remaining_amt, payrec, mode_code,coinsurance_code,class_cd,it_remarks) values" -> insert into ins_premium_det (premium_rcv_code,assorted_code, rec_amount,premium_rcv_detail_code,remaining_amt, payrec, mode_code,coinsurance_code,class_cd,it_remarks) values | G13: ="('"&E13&"','"&B13&"','"&D13&"',(select max(to_number(i.premium_rcv_detail_code))+1 from ins_premium_det i),'"&D13&"','"&D13&"','02', '11000003','00','Request by Mr. Saqib Saleem 31-Dec-2024 Active');" -> ('30Dec240042','070000170578','25950',(select max(to_number(i.premium_rcv_detail_code))+1 from ins_premium_det i),'25950','25950','02', '11000003','00','Request by Mr. Saqib Saleem 31-Dec-2024 Active'); | H13: =F13&G13 -> insert into ins_premium_det (premium_rcv_code,assorted_code, rec_amount,premium_rcv_detail_code,remaining_amt, payrec, mode_code,coinsurance_code,class_cd,it_remarks) values('30Dec240042','070000170578','25950',(select max(to_number(i.premium_rcv_detail_code))+1 from ins_premium_det i),'25950','25950','02', '11000003','00','Request by Mr. Saqib Saleem 31-Dec-2024 Active');
... A624: KHI/HO/D/MO/PC COMP/C/103702/82/12/2024 | B624: =VLOOKUP(A624,policy!B:C,2,0) -> 070000171931 | C624: 53873 | D624: =ROUND(C624,0) -> 53873 | E624: 30Dec240042 | F624: ="insert into ins_premium_det (premium_rcv_code,assorted_code, rec_amount,premium_rcv_detail_code,remaining_amt, payrec, mode_code,coinsurance_code,class_cd,it_remarks) values" -> insert into ins_premium_det (premium_rcv_code,assorted_code, rec_amount,premium_rcv_detail_code,remaining_amt, payrec, mode_code,coinsurance_code,class_cd,it_remarks) values | G624: ="('"&E624&"','"&B624&"','"&D624&"',(select max(to_number(i.premium_rcv_detail_code))+1 from ins_premium_det i),'"&D624&"','"&D624&"','02', '11000003','00','Request by Mr. Saqib Saleem 31-Dec-2024 Active');" -> ('30Dec240042','070000171931','53873',(select max(to_number(i.premium_rcv_detail_code))+1 from ins_premium_det i),'53873','53873','02', '11000003','00','Request by Mr. Saqib Saleem 31-Dec-2024 Active'); | H624: =F624&G624 -> insert into ins_premium_det (premium_rcv_code,assorted_code, rec_amount,premium_rcv_detail_code,remaining_amt, payrec, mode_code,coinsurance_code,class_cd,it_remarks) values('30Dec240042','070000171931','53873',(select max(to_number(i.premium_rcv_detail_code))+1 from ins_premium_det i),'53873','53873','02', '11000003','00','Request by Mr. Saqib Saleem 31-Dec-2024 Active');
C625: =SUM(C2:C624) -> 27413325 | D625: =SUM(D2:D624) -> 27413325

Sheet Sheet2
H1: A
A2: KHI/HO/D/MO/PC COMP/C/102086/2/11/2024 | B2: -11-2024 | H2: 102086 | I2: 00002 | J2: ="ia.assorted_string like '%"&H2&"-"&I2&B2&"%' or" -> ia.assorted_string like '%102086-00002-11-2024%' or
A3: KHI/HO/D/MO/PC COMP/C/102086/3/11/2024 | B3: -11-2024 | H3: 102086 | I3: 00003 | J3: ="ia.assorted_string like '%"&H3&"-"&I3&B3&"%' or" -> ia.assorted_string like '%102086-00003-11-2024%' or
A4: KHI/HO/D/MO/PC COMP/C/102086/5/11/2024 | B4: -11-2024 | H4: 102086 | I4: 00005 | J4: ="ia.assorted_string like '%"&H4&"-"&I4&B4&"%' or" -> ia.assorted_string like '%102086-00005-11-2024%' or
A5: KHI/HO/D/MO/PC COMP/C/102086/6/11/2024 | B5: -11-2024 | H5: 102086 | I5: 00006 | J5: ="ia.assorted_string like '%"&H5&"-"&I5&B5&"%' or" -> ia.assorted_string like '%102086-00006-11-2024%' or
A6: KHI/HO/D/MO/PC COMP/C/102086/7/11/2024 | B6: -11-2024 | H6: 102086 | I6: 00007 | J6: ="ia.assorted_string like '%"&H6&"-"&I6&B6&"%' or" -> ia.assorted_string like '%102086-00007-11-2024%' or
A7: KHI/HO/D/MO/PC COMP/C/102086/8/11/2024 | B7: -11-2024 | H7: 102086 | I7: 00008 | J7: ="ia.assorted_string like '%"&H7&"-"&I7&B7&"%' or" -> ia.assorted_string like '%102086-00008-11-2024%' or
A8: KHI/HO/D/MO/PC COMP/C/102086/10/11/2024 | B8: -11-2024 | H8: 102086 | I8: 00010 | J8: ="ia.assorted_string like '%"&H8&"-"&I8&B8&"%' or" -> ia.assorted_string like '%102086-00010-11-2024%' or
A9: KHI/HO/D/MO/PC COMP/C/102086/11/11/2024 | B9: -11-2024 | H9: 102086 | I9: 00011 | J9: ="ia.assorted_string like '%"&H9&"-"&I9&B9&"%' or" -> ia.assorted_string like '%102086-00011-11-2024%' or
A10: KHI/HO/D/MO/PC COMP/C/102086/12/11/2024 | B10: -11-2024 | H10: 102086 | I10: 00012 | J10: ="ia.assorted_string like '%"&H10&"-"&I10&B10&"%' or" -> ia.assorted_string like '%102086-00012-11-2024%' or
A11: KHI/HO/D/MO/PC COMP/C/102086/13/11/2024 | B11: -11-2024 | H11: 102086 | I11: 00013 | J11: ="ia.assorted_string like '%"&H11&"-"&I11&B11&"%' or" -> ia.assorted_string like '%102086-00013-11-2024%' or
A12: KHI/HO/D/MO/PC COMP/C/102086/14/11/2024 | B12: -11-2024 | H12: 102086 | I12: 00014 | J12: ="ia.assorted_string like '%"&H12&"-"&I12&B12&"%' or" -> ia.assorted_string like '%102086-00014-11-2024%' or
A13: KHI/HO/D/MO/PC COMP/C/102086/15/11/2024 | B13: -11-2024 | H13: 102086 | I13: 00015 | J13: ="ia.assorted_string like '%"&H13&"-"&I13&B13&"%' or" -> ia.assorted_string like '%102086-00015-11-2024%' or
... A40: KHI/HO/D/MO/PC COMP/C/102086/55/11/2024 | B40: -11-2024 | H40: 102086 | I40: 00055 | J40: ="ia.assorted_string like '%"&H40&"-"&I40&B40&"%' or" -> ia.assorted_string like '%102086-00055-11-2024%' or
A41: KHI/HO/D/MO/PC COMP/P/103649/12/2024 | B41: -12-2024 | H41: 103649 | I41: 12
A42: KHI/HO/D/MO/PC COMP/C/102086/407/11/2024 | B42: -11-2024 | H42: 102086 | I42: 00407 | J42: ="ia.assorted_string like '%"&H42&"-"&I42&B42&"%' or" -> ia.assorted_string like '%102086-00407-11-2024%' or
A43: KHI/HO/D/MO/PC COMP/C/102086/60/11/2024 | B43: -11-2024 | H43: 102086 | I43: 00060 | J43: ="ia.assorted_string like '%"&H43&"-"&I43&B43&"%' or" -> ia.assorted_string like '%102086-00060-11-2024%' or
A44: KHI/HO/D/MO/PC COMP/C/102086/61/11/2024 | B44: -11-2024 | H44: 102086 | I44: 00061 | J44: ="ia.assorted_string like '%"&H44&"-"&I44&B44&"%' or" -> ia.assorted_string like '%102086-00061-11-2024%' or
A45: KHI/HO/D/MO/PC COMP/C/102086/62/11/2024 | B45: -11-2024 | H45: 102086 | I45: 00062 | J45: ="ia.assorted_string like '%"&H45&"-"&I45&B45&"%' or" -> ia.assorted_string like '%102086-00062-11-2024%' or
A46: KHI/HO/D/MO/PC COMP/C/102086/63/11/2024 | B46: -11-2024 | H46: 102086 | I46: 00063 | J46: ="ia.assorted_string like '%"&H46&"-"&I46&B46&"%' or" -> ia.assorted_string like '%102086-00063-11-2024%' or
A47: KHI/HO/D/MO/PC COMP/C/102086/67/11/2024 | B47: -11-2024 | H47: 102086 | I47: 00067 | J47: ="ia.assorted_string like '%"&H47&"-"&I47&B47&"%' or" -> ia.assorted_string like '%102086-00067-11-2024%' or
A48: KHI/HO/D/MO/PC COMP/C/102086/68/11/2024 | B48: -11-2024 | H48: 102086 | I48: 00068 | J48: ="ia.assorted_string like '%"&H48&"-"&I48&B48&"%' or" -> ia.assorted_string like '%102086-00068-11-2024%' or
A49: KHI/HO/D/MO/PC COMP/C/102086/69/11/2024 | B49: -11-2024 | H49: 102086 | I49: 00069 | J49: ="ia.assorted_string like '%"&H49&"-"&I49&B49&"%' or" -> ia.assorted_string like '%102086-00069-11-2024%' or
A50: KHI/HO/D/MO/PC COMP/C/102086/74/11/2024 | B50: -11-2024 | H50: 102086 | I50: 00074 | J50: ="ia.assorted_string like '%"&H50&"-"&I50&B50&"%' or" -> ia.assorted_string like '%102086-00074-11-2024%' or
A51: KHI/HO/D/MO/PC COMP/C/102086/75/11/2024 | B51: -11-2024 | H51: 102086 | I51: 00075 | J51: ="ia.assorted_string like '%"&H51&"-"&I51&B51&"%' or" -> ia.assorted_string like '%102086-00075-11-2024%' or
A52: KHI/HO/D/MO/PC COMP/C/102086/76/11/2024 | B52: -11-2024 | H52: 102086 | I52: 00076 | J52: ="ia.assorted_string like '%"&H52&"-"&I52&B52&"%' or" -> ia.assorted_string like '%102086-00076-11-2024%' or
A53: KHI/HO/D/MO/PC COMP/C/102086/77/11/2024 | B53: -11-2024 | H53: 102086 | I53: 00077 | J53: ="ia.assorted_string like '%"&H53&"-"&I53&B53&"%' or" -> ia.assorted_string like '%102086-00077-11-2024%' or
... A624: KHI/HO/D/MO/PC COMP/C/103702/82/12/2024 | B624: -12-2024 | H624: 103702 | I624: 00082 | J624: ="ia.assorted_string like '%"&H624&"-"&I624&B624&"%' or" -> ia.assorted_string like '%103702-00082-12-2024%' or

Sheet policy
B1: FUNC_ASSORTED_STRING(IA.ASSORTED_CODE) | C1: ASSORTED_CODE
A2: 1 | B2: KHI/HO/D/MO/PC COMP/C/99821/125/10/2024 | C2: 070000168101
A3: 2 | B3: KHI/HO/D/MO/PC COMP/C/99821/129/10/2024 | C3: 070000168105
A4: 3 | B4: KHI/HO/D/MO/PC COMP/C/99821/147/10/2024 | C4: 070000168123
A5: 4 | B5: KHI/HO/D/MO/PC COMP/C/99821/174/10/2024 | C5: 070000168150
A6: 5 | B6: KHI/HO/D/MO/PC COMP/C/99821/183/10/2024 | C6: 070000168159
A7: 6 | B7: KHI/HO/D/MO/PC COMP/C/99821/196/10/2024 | C7: 070000168172
A8: 7 | B8: KHI/HO/D/MO/PC COMP/C/99821/212/10/2024 | C8: 070000168188
A9: 8 | B9: KHI/HO/D/MO/PC COMP/C/99821/264/10/2024 | C9: 070000168240
A10: 9 | B10: KHI/HO/D/MO/PC COMP/C/99821/291/10/2024 | C10: 070000168267
A11: 10 | B11: KHI/HO/D/MO/PC COMP/C/99821/3/10/2024 | C11: 070000167979
A12: 11 | B12: KHI/HO/D/MO/PC COMP/C/99821/50/10/2024 | C12: 070000168026
A13: 12 | B13: KHI/HO/D/MO/PC COMP/C/99821/51/10/2024 | C13: 070000168027
... A623: 622 | B623: KHI/HO/D/MO/PC COMP/C/102086/52/11/2024 | C623: 070000170615

Sheet Hold cases
A1: Sr. | B1: Status | C1: Contract No. | D1: Insurance Agency | E1: Customer Name | F1: City | G1: CNIC No. | H1: Home Phone# | I1: Mobile Number | J1: Business Phone# | K1: Mail Address | L1: Finance Amount | M1: Car Price | N1: Ins. Policy | O1: Ins. Expiry Date | P1: Engine No. | Q1: Chassis No. | R1: Car Category | S1: Reg. No. | T1: Car Name | U1: Model | V1: Contract Booking Date | W1: Contract Value Date | X1: Contract Maturity Date | Y1: Purchase Order No. | Z1: Tenor#2 | AA1: Tracker Company | AB1: Tracker Reference Number | AC1: Tracker Installation Date | AD1: Rate | AE1: Sum Insured | AF1: Premium | AG1: OLD Contract Ref | AH1: Remarks-I | AI1: Remarks-II | AJ1: Policy # | AK1: Tms prem | AL1: End. # | AM1: Difference | AN1: Tagging
A2: 666 | B2: HOLD | C2: 9976AP1201710064 | D2: T-PAK | E2: MAROOF SARWAR | F2: Lahore | G2: 35201-3955165-3 | H2: 03334385389 | I2: 03334385389 | J2: 37392837 | K2: H# 221 /B ST# 06 RAILWAY OFFICERS C OLONY WALTON ROAD CANTT LAHORE PK | L2: 750083 | M2: 1391000 | N2: 2524/02023/00061/07/2020 | O2: 28-JUL-2021 | P2: PK10K105853 | Q2: NF1AVK31H10005848 | R2: NEW | T2: CULTUS VXL | U2: 2017 | V2: 44001 | W2: 21-SEP-2020 | X2: 21-Jan-2025 | Y2: PODLHR300023648 | Z2: 4 | AA2: FSPT | AB2: 12636/07/2017/SPD | AC2: 15-JUL-2017 | AD2: 3.1% | AE2: 834600 | AF2: 25873 | AJ2: KHI/HO/D/MO/PC COMP/C/93577/7/07/2024 | AK2: 30185 | AM2: =AF2-AK2 -> -4312 | AN2: REN
A3: 667 | B3: HOLD | C3: 9976AD1201680002 | D3: T-PAK | E3: MUHAMMAD RIAZ | F3: Faisalabad | G3: 33100-5716872-1 | I3: 03216671025 | K3: RIPHAH MAIN CAFETERIA C/O RIPHAH INTERNATIONAL UNIVERSITY ADJACENT FISH FARM SATIANA ROAD FAISALABAD | L3: 520541 | M3: 899000 | N3: 52456/00025/07/2020 | O3: 12-JUL-2021 | P3: 6A0262-J2 | Q3: AHFAMVA117PD004834 | R3: NEW | T3: FAW XPV | U3: 2017 | V3: 43998 | W3: 21-SEP-2020 | X3: 21-Jan-2025 | Y3: POAFSD300022217 | Z3: 4 | AA3: CTRK | AB3: TDIDIB0020822 | AC3: 11-JUL-2017 | AD3: 3.1% | AE3: 539400 | AF3: 16721 | AJ3: KHI/HO/D/MO/PC COMP/C/93577/8/07/2024 | AK3: 19508 | AM3: =AF3-AK3 -> -2787 | AN3: REN
A4: 668 | B4: HOLD | C4: 9976AD1211830097 | D4: T-PAK | E4: MUHAMMAD DANISH BUTT | F4: Lahore | G4: 35202-2363277-1 | H4: 03234410733 | I4: 03234410733 | J4: 03234410733 | K4: SHOP NO 3 130/C-3 INSIDE SHAH ALAM SHOE MARKET LAHORE | L4: 1508686 | M4: 3283000 | N4: 2021-10-205-V01501OP0002487 | O4: 45586 | P4: Q082246 | Q4: R-6059698 | R4: NEW | T4: TOYOTA COROLLA ALTIS A/T | U4: 2021 | V4: 02-JUL-2021 | W4: 03-NOV-2021 | X4: 03-Nov-2026 | Y4: OLALHR300070346 | Z4: 5 | AA4: ITECL | AB4: 5548/10/2021 | AC4: 23-OCT-2021 | AD4: 2% | AE4: 2626400 | AF4: 52528 | AJ4: KHI/HO/D/MO/PC COMP/C/99821/332/10/2024 | AK4: 52528 | AM4: =AF4-AK4 -> 0 | AN4: REN
A5: 669 | B5: HOLD | C5: 997AAD1203050085 | D5: T-PAK | E5: GHULAM MURTAZA | F5: Islamabad | G5: 61101-1792198-5 | H5: 3228585196 | J5: 0 | K5: H # 18 ST # 5 SECTOR G-13/3 ISLAMABAD PK | L5: 2446500 | M5: 3495000 | N5: 2524/02288/00001/01/2021 | O5: 45657 | P5: 4803418 | Q5: LR020046 | R5: NEW | T5: BRV-IVTEC-S | U5: 2021 | V5: 44135 | W5: 11-JAN-2021 | X5: 11-Jan-2026 | Y5: POAISD300059793 | Z5: 5 | AA5: CTRK | AB5: DIB0029295 | AC5: 44202 | AD5: 2% | AE5: 2796000 | AF5: 55920 | AJ5: KHI/HO/D/MO/PC COMP/C/103702/12/12/2024 | AK5: 55920 | AM5: =AF5-AK5 -> 0 | AN5: REN
A6: 670 | B6: HOLD | C6: 997APD1193650030 | D6: T-PAK | E6: FAHAD AHMED | F6: Hyderabad | G6: 41304-8243376-7 | H6: 03223038886 | I6: 03223038886 | J6: 0 | K6: SHOP # 51/52 GUL CENTRE CANTT. NEAR UBL BANK HYDERABAD | L6: 1040000 | M6: 1600000 | N6: 51531/00039/12/2019 | O6: 45656 | P6: L13Z17435808 | Q6: NFBGM1544FR175144 | R6: USD | S6: BEN-358 | T6: CITY I-VTEC M/T | U6: 2015 | V6: 43830 | W6: 03-JAN-2020 | X6: 03-Jan-2025 | Y6: POUHYD300052391 | Z6: 5 | AA6: ITECL | AB6: 2217/12/2019 | AC6: 31-DEC-2019 | AD6: 2.5% | AE6: 1200000 | AF6: 30000 | AJ6: KHI/HO/D/MO/PC COMP/C/103702/13/12/2024 | AK6: 30000 | AM6: =AF6-AK6 -> 0 | AN6: REN
A7: 671 | B7: HOLD | C7: 9976AP2213650073 | D7: T-PAK | E7: AMANULLAH BHANGWAR | F7: Nawab Shah | G7: 45402-0952954-3 | I7: 03048457467 | K7: PEOPLES MEDICAL COLLEGE HO HEALTH DEPTT PMC HOSPITAL NAWABSHAH DISTT SBA 0304-8457467 | L7: 1540000 | M7: 2200000 | N7: 57132/00320/12/2021 | O7: 45656 | P7: Z528182 | Q7: NZE170R-1054056 | R7: USD | S7: BMV-295 | T7: TOYOTA COROLLA GLI | U7: 2018 | V7: 44561 | W7: 03-JAN-2022 | X7: 03-Jan-2027 | Y7: OLUNWB300082774 | Z7: 5 | AA7: ITECL | AB7: 6033/12/2021 | AC7: 31-DEC-2021 | AD7: 1.5% | AE7: 1870000 | AF7: 28050 | AJ7: KHI/HO/D/MO/PC COMP/C/103702/14/12/2024 | AK7: 28050 | AM7: =AF7-AK7 -> 0 | AN7: REN
A8: 672 | B8: HOLD | C8: 9976AP1203660044 | D8: T-PAK | E8: MUHAMMAD SHEHROZ | F8: Islamabad | G8: 38403-7381818-9 | I8: 03075043307 | K8: MOHALLAH AKBAR GHOURI TOWN PHASE 1 ISLAMABAD | L8: 2674400 | M8: 3343000 | N8: 53326/00126/12/2020 | O8: 45656 | P8: 070297 | Q8: 6047766 | R8: NEW | T8: COROLLA ALTIS A/T | U8: 2020 | V8: 44196 | W8: 03-JAN-2021 | X8: 03-Jan-2026 | Y8: OLDISD300064685 | Z8: 5 | AA8: ITFM | AB8: 3932/12/2020/ITFM | AC8: 31-DEC-2020 | AD8: 2% | AE8: 2674400 | AF8: 53488 | AJ8: KHI/HO/D/MO/PC COMP/C/103702/15/12/2024 | AK8: 53488 | AM8: =AF8-AK8 -> 0 | AN8: REN
A9: 673 | B9: HOLD | C9: 9976AP1223650042 | D9: T-PAK | E9: RANA ARSLAN ZAFAR | F9: Faisalabad | G9: 54401-9696683-3 | H9: 03008317668 | I9: 03008317668, 03008317668 | J9: 03008317668 | K9: CHAK NO 68 RAJPOOT HOUSE SHEIKHUPUR A ROAD ADDA JOHAL FAISALABAD PK | L9: 1330000 | M9: 1900000 | N9: 65483/00055/12/2022 | O9: 45656 | P9: 118310 | Q9: 10018506 | R9: USD | S9: LEC-18-8380 | T9: SUZUKI CULTUS VXL | U9: 2018 | V9: 44926 | W9: 03-JAN-2023 | X9: 03-Jan-2028 | Y9: OLUFSD300091462 | Z9: 5 | AA9: ITFT | AB9: 9723/12/2022 | AC9: 31-DEC-2022 | AD9: 1.75% | AE9: 1710000 | AF9: 29925 | AJ9: KHI/HO/D/MO/PC COMP/C/103702/16/12/2024 | AK9: 29925 | AM9: =AF9-AK9 -> 0 | AN9: REN
A10: 674 | B10: HOLD | C10: 9976AP1223650032 | D10: T-PAK | E10: MUHAMMAD WAQAS AKRAM | F10: Faisalabad | G10: 35302-0726893-1 | H10: 03006681096 | I10: 03006681096, 03006681096 | J10: 03006681096 | K10: ST NO 3 HAMAYUN TOWN FSD NEAR MUMTA Z GRAMMAR HIGH SCHOOL FAISALABAD PK | L10: 1190000 | M10: 1700000 | N10: 65483/00058/12/2022 | O10: 45656 | P10: 173902 | Q10: 10073885 | R10: USD | S10: FDA-18-244 | T10: SUZUKI WAGONR VXL | U10: 2018 | V10: 44926 | W10: 03-JAN-2023 | X10: 03-Jan-2028 | Y10: OLUFSD300091480 | Z10: 5 | AA10: ITECL | AB10: 9727/12/2022 | AC10: 31-DEC-2022 | AD10: 1.75% | AE10: 1530000 | AF10: 26775 | AJ10: KHI/HO/D/MO/PC COMP/C/103702/19/12/2024 | AK10: 26775 | AM10: =AF10-AK10 -> 0 | AN10: REN
A11: 675 | B11: HOLD | C11: 9976AP1223650051 | D11: T-PAK | E11: SYED ALI MURTAZA ZAIDI | F11: Islamabad | G11: 61101-9788983-3 | I11: 00407497358373 | K11: 48 OLD CRABTREE LANE HP24EX HEMEL HEMPSTEAD UNITED KINGDOM | L11: 3066460 | M11: 4509500 | N11: 65483/00060/12/2022 | O11: 45656 | P11: 281012895 | Q11: 029762 | R11: RDA | T11: HONDA CITY ASPIRE A/T | U11: 2022 | V11: 44926 | W11: 03-JAN-2023 | X11: 03-Jan-2030 | Y11: OLDISD300091492 | Z11: 7 | AA11: FLCN | AB11: 109038/12/2022 | AC11: 31-DEC-2022 | AD11: 1.4% | AE11: 4058550 | AF11: 56820 | AJ11: KHI/HO/D/MO/PC COMP/C/103702/25/12/2024 | AK11: 56820 | AM11: =AF11-AK11 -> 0 | AN11: REN
A12: 676 | B12: HOLD | C12: 9976AP1220040161 | D12: T-PAK | E12: AMRITA VENOZ GILL | F12: Abotabad | G12: 13101-6645750-6 | I12: 03365504525 | J12: 0992403549 | K12: SPRING GILL MONTESSORI SCHOOL JHANGI SYEDIAN ABBOTTABAD | L12: 1885000 | M12: 2900000 | N12: 57132/00347/12/2021 | O12: 45656 | P12: 530154 | Q12: 4156502 | R12: USD | S12: AJT-097 | T12: TOYOTA GLI A/T | U12: 2018 | V12: 44565 | W12: 11-JAN-2022 | X12: 11-Jan-2027 | Y12: OLUABD300082848 | Z12: 5 | AA12: ITECL | AB12: 6040/12/2021 | AC12: 31-DEC-2021 | AD12: 1.5% | AE12: 2465000 | AF12: 36975 | AJ12: KHI/HO/D/MO/PC COMP/C/103702/29/12/2024 | AK12: 36975 | AM12: =AF12-AK12 -> 0 | AN12: REN
A13: 677 | B13: HOLD | C13: 9976AP1203660059 | D13: T-PAK | E13: JAMAL ALI MIRZA | F13: Karachi | G13: 42201-2147828-7 | H13: 0333247114 | I13: 03332471114 | J13: 0 | K13: 2602 PIB COLONY JAMAL GENERAL STORE KARACHI PK | L13: 1237500 | M13: 1650000 | N13: 2524/02243/00088/12/2020 | O13: 45656 | P13: 3B20-LB6651 | Q13: 0338389 | R13: RCN | S13: BKS-521 | T13: NISSAN DAYS HIGHWAY STAR | U13: 2016 | V13: 44196 | W13: 03-JAN-2021 | X13: 03-Jan-2026 | Y13: OLUKHI300064634 | Z13: 5 | AA13: ITFM | AB13: 3933/12/2020/ITFM | AC13: 31-DEC-2020 | AD13: 2% | AE13: 1320000 | AF13: 26400 | AJ13: KHI/HO/D/MO/PC COMP/C/103702/31/12/2024 | AK13: 26400 | AM13: =AF13-AK13 -> 0 | AN13: REN
A14: 678 | B14: HOLD | C14: 9976AP1213650129 | D14: T-PAK | E14: SYED AZAM ALI SHAH RIZVI | F14: Karachi | G14: 45502-8732960-9 | H14: 03213104006 | I14: 03213104006 | J14: 03213104006 | K14: HOUSE # B-15 ABDULLAH VILLAS NEAR B ILAL MASJID QASIMABAD HYDERABAD PK | L14: 896000 | M14: 1280000 | N14: 57132/00318/12/2021 | O14: 45656 | P14: 638224 | Q14: 545095 | R14: USD | S14: BJV-376 | T14: SUZUK CULTUS VXR CNG | U14: 2017 | V14: 44561 | W14: 03-JAN-2022 | X14: 03-Jan-2027 | Y14: OLUKHI300082789 | Z14: 5 | AA14: CTRK | AB14: DIB0032990 | AC14: 31-DEC-2021 | AD14: 1.5% | AE14: 1088000 | AF14: 16320 | AJ14: KHI/HO/D/MO/PC COMP/C/103702/32/12/2024 | AK14: 16320 | AM14: =AF14-AK14 -> 0 | AN14: REN
A15: 679 | B15: HOLD | C15: 9976AP1223650046 | D15: T-PAK | E15: SYED USAMA ALI SHAH | F15: Faisalabad | G15: 33102-6824894-1 | H15: 03202075588 | I15: 03202075588, 03202075588 | J15: 03202075588 | K15: P-170-ACANAL ROAD PHASE I EDEN GARD ENS FSD NEAR OPP PARK FAISALABAD PK | L15: 2454010 | M15: 5707000 | N15: 65483/00056/12/2022 | O15: 45656 | P15: 273327 | Q15: 306078 | R15: NEW | T15: HYUNDAI ELENTRA | U15: 2022 | V15: 44926 | W15: 03-JAN-2023 | X15: 03-Jan-2026 | Y15: OLDFSD300091475 | Z15: 3 | AA15: ITECL | AB15: 9726/12/2022 | AC15: 31-DEC-2022 | AD15: 1.75% | AE15: 5136300 | AF15: 89885 | AJ15: KHI/HO/D/MO/PC COMP/C/103702/34/12/2024 | AK15: 89885 | AM15: =AF15-AK15 -> 0 | AN15: REN
A16: 680 | B16: HOLD | C16: 9976AP1223650045 | D16: T-PAK | E16: MUHAMMAD SHAHID | F16: Faisalabad | G16: 31303-8682978-9 | I16: 03127788700 | K16: P NO 17 BLOCK QUAID E AZAM ALLAMA COLONY FAISALABAD | L16: 1540000 | M16: 2200000 | N16: 65483/00061/12/2022 | O16: 45656 | P16: 6R214379 | Q16: 1114370 | R16: USD | S16: AJT-713 | T16: SUZUKI ALTO VXR | U16: 2022 | V16: 44926 | W16: 03-JAN-2023 | X16: 03-Jan-2026 | Y16: OLUFSD300091497 | Z16: 3 | AA16: ITFT | AB16: 9730/12/2022 | AC16: 31-DEC-2022 | AD16: 1.75% | AE16: 1980000 | AF16: 34650 | AJ16: KHI/HO/D/MO/PC COMP/C/103702/42/12/2024 | AK16: 34650 | AM16: =AF16-AK16 -> 0 | AN16: REN
A17: 681 | B17: HOLD | C17: 9976AP1223650030 | D17: T-PAK | E17: REHMAT ALI | F17: Faisalabad | G17: 33100-9667888-5 | H17: 03226502244 | I17: 03226502244, 03226502244 | J17: 03226502244 | K17: P-29-A A BLOCK BARKAT PURA FAISALABAD PK | L17: 1368000 | M17: 2400000 | N17: 65483/00054/12/2022 | O17: 45656 | P17: 6R213917 | Q17: 113937 | R17: USD | S17: AJG-468 | T17: SUZUKI ALTO VXL AGS EURO-II | U17: 2022 | V17: 44926 | W17: 03-JAN-2023 | X17: 03-Jan-2028 | Y17: OLUFSD300091457 | Z17: 5 | AA17: ITECL | AB17: 9722/12/2022 | AC17: 31-DEC-2022 | AD17: 1.75% | AE17: 2160000 | AF17: 37800 | AJ17: KHI/HO/D/MO/PC COMP/C/103702/44/12/2024 | AK17: 37800 | AM17: =AF17-AK17 -> 0 | AN17: REN
A18: 682 | B18: HOLD | C18: 9976AP1223650029 | D18: T-PAK | E18: MUHAMMAD ADNAN AMIR | F18: Faisalabad | G18: 33100-8007590-1 | H18: 03006620687 | I18: 03006620687, 03006620687 | J18: 03006620687 | K18: P-83 LASANI GARDENS SARGODHA ROAD F SD NEAR QUBA MASJID FAISALABAD PK | L18: 1940400 | M18: 3234000 | N18: 65483/00053/12/2022 | O18: 45656 | P18: 204837 | Q18: 10104844 | R18: NEW | T18: SUZUKI CULTUS VXL AGS EURO-II | U18: 2022 | V18: 44926 | W18: 03-JAN-2023 | X18: 03-Jan-2028 | Y18: OLDFSD300091458 | Z18: 5 | AA18: ITECL | AB18: 9721/12/2022 | AC18: 31-DEC-2022 | AD18: 1.75% | AE18: 2910600 | AF18: 50936 | AJ18: KHI/HO/D/MO/PC COMP/C/103702/46/12/2024 | AK18: 50936 | AM18: =AF18-AK18 -> 0 | AN18: REN
A19: 683 | B19: HOLD | C19: 9976AP2223650039 | D19: T-PAK | E19: TARIQ MAWAZ | F19: Faisalabad | G19: 33100-0647226-5 | H19: 03007647050 | I19: 03007647050, 03007647050 | J19: 0412600882 | K19: H NO 30 ST NO 01 AL MASOOM TOWN FAISALABAD PK | L19: 2000000 | M19: 4000000 | N19: 65483/00059/12/2022 | O19: 45656 | P19: Q326481 | Q19: 7025687 | R19: USD | S19: AFJ-950 | T19: TOYOTA COROLLA ALTIS GRANDE CVT | U19: 2017 | V19: 44926 | W19: 03-JAN-2023 | X19: 03-Jan-2026 | Y19: OLUFSD300091478 | Z19: 3 | AA19: ITECL | AB19: 9728/12/2022 | AC19: 31-DEC-2022 | AD19: 1.75% | AE19: 3600000 | AF19: 63000 | AJ19: KHI/HO/D/MO/PC COMP/C/103702/47/12/2024 | AK19: 63000 | AM19: =AF19-AK19 -> 0 | AN19: REN
A20: 684 | B20: HOLD | C20: 9976AP1213650138 | D20: T-PAK | E20: MUHAMMAD ANEES | F20: Hyderabad | G20: 41303-6600627-7 | I20: 03213071774 | K20: HOUSE NO A/288 MOHALLA JAMIA MASJID ROAD TANDO WALI MOHAMMAD HYD | L20: 1890000 | M20: 2700000 | N20: 57132/00350/12/2021 | O20: 45656 | P20: 547057 | Q20: 4172790 | R20: USD | S20: BPX-345 | T20: TOYOTA COROLLA GLI A/T | U20: 2018 | V20: 44561 | W20: 03-JAN-2022 | X20: 03-Jan-2027 | Y20: OLUHYD300082748 | Z20: 5 | AA20: ITECL | AB20: 6043/12/2021 | AC20: 31-DEC-2021 | AD20: 1.5% | AE20: 2295000 | AF20: 34425 | AJ20: KHI/HO/D/MO/PC COMP/C/103702/48/12/2024 | AK20: 34425 | AM20: =AF20-AK20 -> 0 | AN20: REN
A21: 685 | B21: HOLD | C21: 9976AD2203490017 | D21: T-PAK | E21: MUHAMMAD KHALID | F21: Lahore | G21: 35201-8787862-3 | H21: 042-36553009 | I21: 0333-4245650 | J21: 042-36524900 | K21: H NO 6 STREET NO 18 MASKEEN PURA MUGHAL PURA LAHORE | L21: 3928260 | M21: 5611800 | N21: 57132/00338/12/2021 | O21: 45656 | P21: 4113366 | Q21: MN205136 | R21: NEW | T21: TUCSON AWD | U21: 2021 | V21: 44179 | W21: 11-JAN-2022 | X21: 11-Jan-2025 | Y21: POALHR300063752 | Z21: 3 | AA21: CTRK | AB21: DIB0032998 | AC21: 31-DEC-2021 | AD21: 1.5% | AE21: 4770030 | AF21: 71550 | AJ21: KHI/HO/D/MO/PC COMP/C/103702/49/12/2024 | AK21: 71550 | AM21: =AF21-AK21 -> 0 | AN21: REN
A22: 686 | B22: HOLD | C22: 9976AP2220040096 | D22: T-PAK | E22: MUHAMMAD AHSAN MIR | F22: Islamabad | G22: 61101-1118384-7 | H22: 0515179507 | J22: 0512624800 | K22: H # 134 ST # 22 ALI BLOCK BAHRIA TO WN PH-8 RAWALPINDI PK | L22: 2762500 | M22: 4250000 | N22: 57132/00368/12/2021 | O22: 45656 | P22: 16913445 | Q22: 065243 | R22: USD | S22: AST-005 | T22: HONDA CIVIC VTI | U22: 2020 | V22: 44565 | W22: 11-JAN-2022 | X22: 11-Jan-2027 | Y22: OLUISD300082881 | Z22: 5 | AA22: ITECL | AB22: 6056/12/2021 | AC22: 31-DEC-2021 | AD22: 1.5% | AE22: 3612500 | AF22: 54188 | AJ22: KHI/HO/D/MO/PC COMP/C/103702/50/12/2024 | AK22: 54188 | AM22: =AF22-AK22 -> 0 | AN22: REN
A23: 687 | B23: HOLD | C23: 9976AD1212530032 | D23: T-PAK | E23: SHAHZAD MUREED | F23: Lahore | G23: 36302-8603292-7 | H23: 03006320207 | I23: 03006320207 | J23: 03006320207 | K23: POST OFFICE KHAS KHAKI PANJANI SHUJ ABAD MULTAN | L23: 2407200 | M23: 4012000 | N23: 57132/00304/12/2021 | O23: 45656 | P23: 6930139 | Q23: 082737 | R23: NEW | S23: APL-4 | T23: HONDA CIVIC VTI ORIEL P/T | U23: 2021 | V23: 44449 | W23: 11-JAN-2022 | X23: 11-Jan-2027 | Y23: OLALHR300073244 | Z23: 5 | AA23: CTRK | AB23: DIB0032981 | AC23: 31-DEC-2021 | AD23: 2% | AE23: 3410200 | AF23: 68204 | AJ23: KHI/HO/D/MO/PC COMP/C/103702/51/12/2024 | AK23: 68204 | AM23: =AF23-AK23 -> 0 | AN23: REN
A24: 688 | B24: HOLD | C24: 9976AP1220040172 | D24: T-PAK | E24: DANISH | F24: Lahore | G24: 35202-4154775-9 | H24: 03074363005 | I24: 03074363005 | J24: 03074363005 | K24: HOUSE NO 53 STREET NO 53 MOHALLAH C HAH MERAN ROAD FAIZ BAGH LAHORE PK | L24: 2380000 | M24: 3400000 | N24: 57132/00365/12/2021 | O24: 45656 | P24: 12905954 | Q24: R008418 | R24: USD | S24: LEA-18-A-2812 | T24: HONDA CIVIC VTI ORIEL | U24: 2016 | V24: 44565 | W24: 11-JAN-2022 | X24: 11-Jan-2027 | Y24: OLULHR300082889 | Z24: 5 | AA24: CTRK | AB24: DIB0033023 | AC24: 31-DEC-2021 | AD24: 1.5% | AE24: 2890000 | AF24: 43350 | AJ24: KHI/HO/D/MO/PC COMP/C/103702/52/12/2024 | AK24: 43350 | AM24: =AF24-AK24 -> 0 | AN24: REN
A25: 689 | B25: HOLD | C25: 9976AP1213650113 | D25: T-PAK | E25: ABDUL SATTAR | F25: Hyderabad | G25: 41306-4264727-5 | H25: 03133009846 | I25: 03133009846 | J25: 03133009846 | K25: H NO B-34/1 HDA EDT 1 NORTH PHASE 1 QASIMABAD HYDERABAD PK | L25: 2100000 | M25: 3000000 | N25: 57132/00321/12/2021 | O25: 45656 | P25: Q040457 | Q25: 6017962 | R25: USD | S25: BKU-950 | T25: TOYOTA COROLLA ALTIS A/T | U25: 2017 | V25: 44561 | W25: 03-JAN-2022 | X25: 03-Jan-2027 | Y25: OLUHYD300082761 | Z25: 5 | AA25: ITECL | AB25: 6034/12/2021 | AC25: 31-DEC-2021 | AD25: 1.5% | AE25: 2550000 | AF25: 38250 | AJ25: KHI/HO/D/MO/PC COMP/C/103702/53/12/2024 | AK25: 38250 | AM25: =AF25-AK25 -> 0 | AN25: REN
A26: 690 | B26: HOLD | C26: 9976AP2213650079 | D26: T-PAK | E26: GHULAM FAROOQ | F26: Peshawar | G26: 16101-4611758-7 | H26: 03444472038 | J26: 0 | K26: FLAT # B-33 GATE # 4 AGRICULTURE UN IVERSITY PESHAWAR PK | L26: 2054000 | M26: 2933000 | N26: 57132/00344/12/2021 | O26: 45656 | P26: 2A42654 | Q26: NSP151R-9515828 | R26: NEW | T26: TOYOTA YARIS ATIV X CVT 1.5 | U26: 2021 | V26: 44561 | W26: 03-JAN-2022 | X26: 03-Jan-2027 | Y26: OLDPEW300082688 | Z26: 5 | AA26: CTRK | AB26: DIB0033001 | AC26: 31-DEC-2021 | AD26: 2% | AE26: 2493050 | AF26: 49861 | AJ26: KHI/HO/D/MO/PC COMP/C/103702/54/12/2024 | AK26: 49861 | AM26: =AF26-AK26 -> 0 | AN26: REN
A27: 691 | B27: HOLD | C27: 9976AP2220040091 | D27: T-PAK | E27: ADEEL GHAFFAR | F27: Faisalabad | G27: 33105-9136009-1 | H27: 03236193113 | I27: 03236193113, 03236193113 | J27: 03236193113 | K27: P-297 FACTORY AREA LYALLPUR GARDENS FSD FAISALABAD PK | L27: 1872000 | M27: 2880000 | N27: 57132/00375/12/2021 | O27: 45656 | P27: 2A16225 | Q27: R-7009660 | R27: USD | S27: AST-645 | T27: TOYOTA ALTIS ATIV | U27: 2021 | V27: 44565 | W27: 11-JAN-2022 | X27: 11-Jan-2027 | Y27: OLUFSD300082892 | Z27: 5 | AA27: CTRK | AB27: DIB0033024 | AC27: 31-DEC-2021 | AD27: 1.5% | AE27: 2448000 | AF27: 36720 | AJ27: KHI/HO/D/MO/PC COMP/C/103702/56/12/2024 | AK27: 36720 | AM27: =AF27-AK27 -> 0 | AN27: REN
A28: 692 | B28: HOLD | C28: 9976AP2213650068 | D28: T-PAK | E28: MUHAMMAD RAFAY | F28: Lahore | G28: 35202-7591244-7 | H28: 03464394250 | I28: 03464394250 | J28: 03464394250 | K28: 209 PAK PWD OFFICE NEAR STOCK EXCHA NGE BRANCH MALL ROAD LAHORE | L28: 1828750 | M28: 3325000 | N28: 57132/00332/12/2021 | O28: 45656 | P28: 12902993 | Q28: GR003739 | R28: USD | S28: LEH-16-7134 | T28: HONDA CIVIC VTI ORIEL P/T | U28: 2016 | V28: 44561 | W28: 03-JAN-2022 | X28: 03-Jan-2027 | Y28: OLULHR300082823 | Z28: 5 | AA28: CTRK | AB28: DIB0032995 | AC28: 31-DEC-2021 | AD28: 1.5% | AE28: 2826250 | AF28: 42394 | AJ28: KHI/HO/D/MO/PC COMP/C/103702/57/12/2024 | AK28: 42394 | AM28: =AF28-AK28 -> 0 | AN28: REN
A29: 693 | B29: HOLD | C29: 9976AP2220040097 | D29: T-PAK | E29: FAISAL AZIZ QURESHI | F29: Islamabad | G29: 61101-1574583-9 | I29: 03438848877 | K29: AKBAR AND AL REHMAN PLAZA KHANNA EAST SERVICE ROAD GOURI TOWN ISB | L29: 1812300 | M29: 2589000 | N29: 57132/00367/12/2021 | O29: 45656 | P29: M3CAD504644 | Q29: M1003416 | R29: NEW | T29: CHANGAN ALSVIN LUMEIRE | U29: 2021 | V29: 44565 | W29: 11-JAN-2022 | X29: 11-Jan-2027 | Y29: OLDISD300082867 | Z29: 5 | AA29: ITECL | AB29: 6054/12/2021 | AC29: 31-DEC-2021 | AD29: 2% | AE29: 2200650 | AF29: 44013 | AJ29: KHI/HO/D/MO/PC COMP/C/103702/58/12/2024 | AK29: 44013 | AM29: =AF29-AK29 -> 0 | AN29: REN
A30: 694 | B30: HOLD | C30: 9976AP1203660071 | D30: T-PAK | E30: MUGHEES UR REHMAN | F30: Islamabad | G30: 14301-3372040-9 | H30: 091-5705186 | J30: 091-5705186 | K30: H.NO-90,ASKARI V SHAHEEN COLONY PESHAWAR CANTT PESHAWAR | L30: 1987500 | M30: 2650000 | N30: 53326/00137/12/2020 | O30: 45656 | P30: 404119 | Q30: R124964 | R30: USD | S30: NZ-001 | T30: CIVIC VTI ORIEL P/T | U30: 2015 | V30: 44196 | W30: 03-JAN-2021 | X30: 03-Jan-2026 | Y30: OLUISD300064732 | Z30: 5 | AA30: CTRK | AB30: DIB0029280 | AC30: 31-DEC-2020 | AD30: 2% | AE30: 2120000 | AF30: 42400 | AJ30: KHI/HO/D/MO/PC COMP/C/103702/59/12/2024 | AK30: 42400 | AM30: =AF30-AK30 -> 0 | AN30: REN
A31: 695 | B31: HOLD | C31: 9976AP2213650080 | D31: T-PAK | E31: SHAHZEB NAWAZ KHAN | F31: Karachi | G31: 42101-7394020-5 | H31: 03218934107 | I31: 03218934107 | J31: 03218934107 | K31: FLAT # 1104 11TH FLOOR AERO REGENT PLAZA BLOCK F NORTH NAZIMABAD KARAC KARACHI PK | L31: 1575000 | M31: 2250000 | N31: 57132/00335/12/2021 | O31: 45656 | P31: 17455547 | Q31: 197895 | R31: USD | S31: BHQ-355 | T31: HONDA CITY I-VTECH M/T | U31: 2017 | V31: 44561 | W31: 03-JAN-2022 | X31: 03-Jan-2027 | Y31: OLUKHI300082792 | Z31: 5 | AA31: CTRK | AB31: DIB0033018 | AC31: 31-DEC-2021 | AD31: 1.5% | AE31: 1912500 | AF31: 28688 | AJ31: KHI/HO/D/MO/PC COMP/C/103702/61/12/2024 | AK31: 28688 | AM31: =AF31-AK31 -> 0 | AN31: REN
A32: 696 | B32: HOLD | C32: 9976AP1203660045 | D32: T-PAK | E32: MUHAMMAD AFZAL | F32: Islamabad | G32: 35302-4301442-9 | H32: 03336961578 | J32: 0 | K32: H # 03 ST # 74 GROUND FLOOR SECTOR # G-13/2 ISLAMABAD PK | L32: 1875000 | M32: 2500000 | N32: 53326/00125/12/2020 | O32: 45656 | P32: 1901368 | Q32: 2211412 | R32: RCN | T32: VITZ | U32: 2017 | V32: 44196 | W32: 03-JAN-2021 | X32: 03-Jan-2026 | Y32: OLUISD300064689 | Z32: 5 | AA32: CTRK | AB32: DIB0029263 | AC32: 31-DEC-2020 | AD32: 2% | AE32: 2000000 | AF32: 40000 | AJ32: KHI/HO/D/MO/PC COMP/C/103702/62/12/2024 | AK32: 40000 | AM32: =AF32-AK32 -> 0 | AN32: REN
A33: 697 | B33: HOLD | C33: 997APD1193650012 | D33: T-PAK | E33: ABDULLAH RIZWAN | F33: Lahore | G33: 35202-7166493-5 | H33: 0333-4759153, 35854923 | I33: 0333-4759153, 35854923 | J33: 03334759153 | K33: HNO # 53, BLOCK # G, MODEL TOWN LAHORE PAKISTAN | L33: 2018100 | M33: 2883000 | N33: DIB/T/BT/26364/LHR/1219 | O33: 45656 | P33: Z570010 | Q33: 4198241 | R33: NEW | S33: LE-20-4903 | T33: COROLLA GLI A/T | U33: 2019 | V33: 43830 | W33: 03-JAN-2020 | X33: 03-Jan-2026 | Y33: PODLHR300052309 | Z33: 6 | AA33: ITFM | AB33: 2205/12/2019/ITFM | AC33: 31-DEC-2019 | AD33: 2.5% | AE33: 2162250 | AF33: 54056 | AJ33: KHI/HO/D/MO/PC COMP/C/103702/65/12/2024 | AK33: 54056 | AM33: =AF33-AK33 -> 0 | AN33: REN
A34: 698 | B34: HOLD | C34: 9976AP2203660028 | D34: T-PAK | E34: TAHIRA JABEEN | F34: Karachi | G34: 42401-9040859-2 | I34: 03201253858 | K34: HOUSE NO E-93 CANTT BAZAR MALIR CANTT KARACHI | L34: 1666500 | M34: 2525000 | N34: 2524/02243/00087/12/2020 | O34: 45656 | P34: Z528271 | Q34: NZE170R-4154190 | R34: USD | S34: BMV-710 | T34: COROLLA XLI | U34: 2018 | V34: 44196 | W34: 03-JAN-2021 | X34: 03-Jan-2026 | Y34: OLUKHI300064599 | Z34: 5 | AA34: ITFM | AB34: 3930/12/2020/ITFM | AC34: 31-DEC-2020 | AD34: 2% | AE34: 2020000 | AF34: 40400 | AJ34: KHI/HO/D/MO/PC COMP/C/103702/67/12/2024 | AK34: 40400 | AM34: =AF34-AK34 -> 0 | AN34: REN
A35: 699 | B35: HOLD | C35: 9976AP1213650127 | D35: T-PAK | E35: MUHAMMAD AFZAL | F35: Faisalabad | G35: 33100-4500898-9 | H35: 03009658170 | I35: 03009658170, 03009658170 | J35: 03009658170 | K35: H NO 114-C MOHALLAH GULBERG C BLOC K FSD FAISALABAD PK | L35: 1340000 | M35: 1675000 | N35: 57132/00340/12/2021 | O35: 45656 | P35: PK10B189579 | Q35: A1J310PK10089576 | R35: USD | S35: LED-19-4956 | T35: SUZUKI WAGONR VXL | U35: 2019 | V35: 44561 | W35: 03-JAN-2022 | X35: 03-Jan-2027 | Y35: OLUFSD300082743 | Z35: 5 | AA35: CTRK | AB35: DIB0033003 | AC35: 31-DEC-2021 | AD35: 1.5% | AE35: 1423750 | AF35: 21356 | AJ35: KHI/HO/D/MO/PC COMP/C/103702/68/12/2024 | AK35: 21356 | AM35: =AF35-AK35 -> 0 | AN35: REN
A36: 700 | B36: HOLD | C36: 9976AP2220040090 | D36: T-PAK | E36: ADNAN ASHRAF | F36: Faisalabad | G36: 33100-1838235-1 | I36: 03217940709 | K36: POST OFFICE KHAS CHAK NO. 248 RB BISMILLAH PUR DALOWAL FSD 03217940709 PAKISTAN | L36: 1330000 | M36: 1900000 | N36: 57132/00353/12/2021 | O36: 45656 | P36: B212736 | Q36: PK10112751 | R36: USD | S36: AFJ-263 | T36: SUZUKI WAGNOR VXL | U36: 2021 | V36: 44565 | W36: 11-JAN-2022 | X36: 11-Jan-2027 | Y36: OLUFSD300082876 | Z36: 5 | AA36: CTRK | AB36: DIB-0033016 | AC36: 31-DEC-2021 | AD36: 1.5% | AE36: 1615000 | AF36: 24225 | AJ36: KHI/HO/D/MO/PC COMP/C/103702/70/12/2024 | AK36: 24225 | AM36: =AF36-AK36 -> 0 | AN36: REN
A37: 701 | B37: HOLD | C37: 9976AP2213650064 | D37: T-PAK | E37: GHULAM SHABIR | F37: Kotri Jamshoro | G37: 41204-3839518-3 | H37: 03003790239 | I37: 03003790239, 03155863719 | J37: 03003790239 | K37: H NO 55 BHIRYA JAMSHORO NEAR RESHAM BAZAR KOTRI JAMSHORO PK | L37: 1280000 | M37: 1600000 | N37: 57132/00326/12/2021 | O37: 45656 | P37: 128382 | Q37: 10028375 | R37: USD | S37: BNX-378 | T37: SUZUKI CULTUS VXR EURO II | U37: 2018 | V37: 44561 | W37: 03-JAN-2022 | X37: 03-Jan-2029 | Y37: OLUKJM300082770 | Z37: 7 | AA37: ITECL | AB37: 6037/12/2021 | AC37: 31-DEC-2021 | AD37: 1.5% | AE37: 1360000 | AF37: 20400 | AJ37: KHI/HO/D/MO/PC COMP/C/103702/71/12/2024 | AK37: 20400 | AM37: =AF37-AK37 -> 0 | AN37: REN
A38: 702 | B38: HOLD | C38: 9976AP1203660072 | D38: T-PAK | E38: FAZAL UR REHMAN | F38: Islamabad | G38: 38302-7688904-1 | H38: 03110021040 | J38: 0512617385 | K38: H # 2021 ST # F-8/2 BLOCK-F NATIONA L POLICE FOUNDATION O-9 BLOCK-F NEA ISLAMABAD PK | L38: 1500000 | M38: 2000000 | N38: 53326/00135/12/2020 | O38: 45656 | P38: 7425864 | Q38: 163342 | R38: USD | S38: DX-561 | T38: CITY IVTEC P/T | U38: 2015 | V38: 44196 | W38: 03-JAN-2021 | X38: 03-Jan-2027 | Y38: OLUISD300064751 | Z38: 6 | AA38: CTRK | AB38: DIB0029285 | AC38: 31-DEC-2020 | AD38: 1.75% | AE38: 1600000 | AF38: 28000 | AJ38: KHI/HO/D/MO/PC COMP/C/103702/73/12/2024 | AK38: 28000 | AM38: =AF38-AK38 -> 0 | AN38: REN
A39: 703 | B39: HOLD | C39: 9976AP1213650152 | D39: T-PAK | E39: KASHIF MAHMOOD | F39: Lahore | G39: 35202-3118581-1 | I39: 03004440226 | K39: FRIENDS STATIONERS OFFICE NO 1 FEROZ CENTER 28 KABIR STREET URDU BAZAR LAHORE | L39: 1275000 | M39: 1700000 | N39: 57132/00331/12/2021 | O39: 45656 | P39: PK10K118826 | Q39: NE1AVK31H10018800 | R39: USD | S39: LEF-18-806 | T39: SUZUKI CULTUS VXL EURO-II | U39: 2018 | V39: 44561 | W39: 03-JAN-2022 | X39: 03-Jan-2027 | Y39: OLULHR300082745 | Z39: 5 | AA39: CTRK | AB39: DIB0032994 | AC39: 31-DEC-2021 | AD39: 1.5% | AE39: 1445000 | AF39: 21675 | AJ39: KHI/HO/D/MO/PC COMP/C/103702/75/12/2024 | AK39: 21675 | AM39: =AF39-AK39 -> 0 | AN39: REN
A40: 704 | B40: HOLD | C40: 9976AP1213650139 | D40: T-PAK | E40: IRFAN AHMED SHAIKH | F40: Hyderabad | G40: 41306-5752630-9 | I40: 03003043553 | K40: BUNGALOW NO 324, BLOCK I CITIZEN COLONY JAMSHORO ROAD HYDERABAD | L40: 1269800 | M40: 1814000 | N40: 57132/00355/12/2021 | O40: 45656 | P40: 602273 | Q40: 1011735 | R40: NEW | T40: CHANGAN KARVAAN PLUS | U40: 2021 | V40: 44561 | W40: 03-JAN-2022 | X40: 03-Jan-2027 | Y40: OLDHYD300082527 | Z40: 5 | AA40: ITECL | AB40: 6048/12/2021 | AC40: 31-DEC-2021 | AD40: 2% | AE40: 1541900 | AF40: 30838 | AJ40: KHI/HO/D/MO/PC COMP/C/103702/77/12/2024 | AK40: 30838 | AM40: =AF40-AK40 -> 0 | AN40: REN
A41: 705 | B41: HOLD | C41: 9976AP1220040173 | D41: T-PAK | E41: SHARAFAT ALI | F41: Lahore | G41: 35202-2797937-9 | I41: 03214703399 | K41: LAKHOKA P.O KHASS TAHSIL LAHORE CANTT DISTRICT LAHORE CANTT | L41: 1245000 | M41: 2075000 | N41: 57132/00346/12/2021 | O41: 45656 | P41: L13Z17439554 | Q41: NFBGM1543GR179428 | R41: USD | S41: LEA-16-8434 | T41: HONDA CITY M/T | U41: 2016 | V41: 44565 | W41: 11-JAN-2022 | X41: 11-Jan-2027 | Y41: OLULHR300082846 | Z41: 5 | AA41: CTRK | AB41: DIB0033011 | AC41: 31-DEC-2021 | AD41: 1.5% | AE41: 1763750 | AF41: 26456 | AJ41: KHI/HO/D/MO/PC COMP/C/103702/78/12/2024 | AK41: 26456 | AM41: =AF41-AK41 -> 0 | AN41: REN
A42: 706 | B42: HOLD | C42: 9976AP2220040089 | D42: T-PAK | E42: FAREEHA SAMAN | F42: Faisalabad | G42: 33100-9604378-6 | H42: 03051734194 | I42: 03051734194, 03051734194 | J42: 0418719132 | K42: NP-84, ST#06 JOHAR COLONY NEW GREEN TOWN MILLAT ROAD FSD FAISALABAD PK | L42: 1237500 | M42: 1650000 | N42: 57132/00351/12/2021 | O42: 45656 | P42: 10B179706 | Q42: PK10079700 | R42: USD | S42: LE-19-7833 | T42: SUZUKI WAGNOR VXL | U42: 2018 | V42: 44565 | W42: 11-JAN-2022 | X42: 11-Jan-2027 | Y42: OLUFSD300082858 | Z42: 5 | AA42: CTRK | AB42: DIB0033013 | AC42: 31-DEC-2021 | AD42: 1.5% | AE42: 1402500 | AF42: 21038 | AJ42: KHI/HO/D/MO/PC COMP/C/103702/79/12/2024 | AK42: 21038 | AM42: =AF42-AK42 -> 0 | AN42: REN
A43: 707 | B43: HOLD | C43: 9976AP2213650061 | D43: T-PAK | E43: GHULAM MUSTAFA KHAN | F43: Karachi | G43: 42101-3872353-5 | H43: 03333564446 | I43: 03333564446 | J43: 0 | K43: R- 13 2ND FLOOR BLOCK 8 YASEENABAD FB AREA THE COMFORT HOME KARACHI PK | L43: 1225000 | M43: 1750000 | N43: 57132/00315/12/2021 | O43: 45656 | P43: 13032552 | Q43: 10032546 | R43: USD | S43: BGS-641 | T43: SUZUKI SWIFT DLX ABS WITH EBD A/T | U43: 2016 | V43: 44561 | W43: 03-JAN-2022 | X43: 03-Jan-2027 | Y43: OLUKHI300082750 | Z43: 5 | AA43: ITECL | AB43: 6029/12/2021 | AC43: 31-DEC-2021 | AD43: 1.5% | AE43: 1487500 | AF43: 22313 | AJ43: KHI/HO/D/MO/PC COMP/C/103702/80/12/2024 | AK43: 22313 | AM43: =AF43-AK43 -> 0 | AN43: REN
A44: 708 | B44: HOLD | C44: 9976AP2220040092 | D44: T-PAK | E44: HAMMAD RAZA | F44: Faisalabad | G44: 33100-2337268-5 | H44: 03214984000 | I44: 03214984000, 03214984000 | J44: 03214984000 | K44: H # 212 , BLOCK-C , NEAR FAIZ MEDIC AL HALL , GULBERG COLONY FAISALABAD PK | L44: 1220000 | M44: 1525000 | N44: 57132/00361/12/2021 | O44: 45656 | P44: 155643 | Q44: 10055629 | R44: USD | S44: AJB-808 | T44: SUZUKI WAGONR VXL | U44: 2018 | V44: 44565 | W44: 11-JAN-2022 | X44: 11-Jan-2027 | Y44: OLUFSD300082884 | Z44: 5 | AA44: CTRK | AB44: DIB0033021 | AC44: 31-DEC-2021 | AD44: 1.5% | AE44: 1296250 | AF44: 19444 | AJ44: KHI/HO/D/MO/PC COMP/C/103702/81/12/2024 | AK44: 19444 | AM44: =AF44-AK44 -> 0 | AN44: REN
A45: 709 | B45: HOLD | C45: 9976AP1213650148 | D45: T-PAK | E45: FARZANA SARWAR | F45: Karachi | G45: 42201-0866692-8 | H45: 03122425074 | I45: 03323177843 | J45: 34020055 03022182410 | K45: FLAT D-203 ERUM HIGHTS AND SHOPPING MALL BLOCK 13 GULISTAN-E-JOHAR KARACHI | L45: 1190000 | M45: 1700000 | N45: 57132/00354/12/2021 | O45: 45656 | P45: 13033449 | Q45: 10033445 | R45: USD | S45: BHB-472 | T45: SUZIKI SWIFT DLX ABS WITH EBD A/T | U45: 2016 | V45: 44561 | W45: 03-JAN-2022 | X45: 03-Jan-2027 | Y45: OLUKHI300082778 | Z45: 5 | AA45: CTRK | AB45: DIB00330014 | AC45: 31-DEC-2021 | AD45: 1.5% | AE45: 1445000 | AF45: 21675 | AJ45: KHI/HO/D/MO/PC COMP/C/103702/83/12/2024 | AK45: 21675 | AM45: =AF45-AK45 -> 0 | AN45: REN
A46: 710 | B46: HOLD | C46: 9976AP1213650104 | D46: T-PAK | E46: SYED MUHAMMAD SAMI | F46: Karachi | G46: 42101-5499664-7 | H46: 03312336449 | I46: 03312336449 | J46: 03312336449 | K46: HOUSE # F-53 RIZVIA SOCIETY NAZIMAB AD KARACHI PK | L46: 1160000 | M46: 1450000 | N46: 57132/00306/12/2021 | O46: 45656 | P46: 136739 | Q46: 10036707 | R46: USD | S46: BKC-027 | T46: SUZUKI WAGONR VXL | U46: 2017 | V46: 44561 | W46: 03-JAN-2022 | X46: 03-Jan-2029 | Y46: OLUKHI300082646 | Z46: 7 | AA46: ITECL | AB46: 6015/12/2021 | AC46: 30-DEC-2021 | AD46: 1.5% | AE46: 1232500 | AF46: 18488 | AJ46: KHI/HO/D/MO/PC COMP/C/103702/84/12/2024 | AK46: 18488 | AM46: =AF46-AK46 -> 0 | AN46: REN
A47: 711 | B47: HOLD | C47: 9976AP1213650128 | D47: T-PAK | E47: MUHAMMAD FAIZAN | F47: Karachi | G47: 42101-0255137-3 | I47: 03363407357 | K47: HNO:4C1 FLAT NO:217 NAZIMABAD 4 KARACHI | L47: 1105000 | M47: 1700000 | N47: 57132/00323/12/2021 | O47: 45656 | P47: 6R101963 | Q47: 306H1001948 | R47: USD | S47: BSE-591 | T47: SUZUKI ALTO VXL AGS EURO II | U47: 2019 | V47: 44561 | W47: 03-JAN-2022 | X47: 03-Jan-2029 | Y47: OLUKHI30082781 | Z47: 7 | AA47: CTRK | AB47: DIB0033008 | AC47: 31-DEC-2021 | AD47: 1.5% | AE47: 1445000 | AF47: 21675 | AJ47: KHI/HO/D/MO/PC COMP/C/103702/87/12/2024 | AK47: 21675 | AM47: =AF47-AK47 -> 0 | AN47: REN
A48: 712 | B48: HOLD | C48: 9976AP2210040005 | D48: T-PAK | E48: TARIQ HASSAN | F48: Islamabad | G48: 15202-7101128-3 | H48: 3349877107 | J48: 518736877 | K48: H # 205-A ST # 74 SECTOR # F-11/1 ISLAMABAD PK | L48: 1337200 | M48: 3343000 | N48: 53326/00123/12/2020 | O48: 45656 | P48: Q069949 | Q48: 6047462 | R48: NEW | T48: COROLLA ALTIS A/T | U48: 2020 | V48: 44200 | W48: 03-JAN-2021 | X48: 03-Jan-2026 | Y48: OLDISD300064504 | Z48: 5 | AA48: ITFM | AB48: 3925/12/2020/ITFM | AC48: 44196 | AD48: 2% | AE48: 2674400 | AF48: 53488 | AJ48: KHI/HO/D/MO/PC COMP/C/103702/89/12/2024 | AK48: 53488 | AM48: =AF48-AK48 -> 0 | AN48: REN
