Workbook

Sheet Fresh
A1: Fresh / Renewal | B1: Proposal No. | C1: Billing Month | D1: Takaful Company | E1: PMD / Cert | F1: Takaful Start Date | G1: Takaful End Date | H1: Customer Name | I1: CNIC | J1: Vehicle Make | K1: Reg. No | L1: Engine No | M1: Chassis No | N1: Proposal No. | O1: Region | P1: Unit ID | Q1: BR # | R1: Financing Date | S1: Maturity Date | T1: Asset Value | U1: Dep. % | V1: Dep. Amount | W1: Sum Cover Amount | X1: Takaful Rate | Y1: Premium Amount | Z1: For Takaful Company Rectifications | AA1: For COD Status | AB1: PO No. | AC1: PO Dates | AD1: Proposal Status | AE1: Default Case (Overdue Days) | AF1: Policy # | AH1: Tms Prem | AI1: Difference
A2: Fresh | B2: 74064/1 | C2: 45627 | D2: SALAAM TAKAFUL LTD | E2: KHI/HO/D/MO/PC COMP/C/103201/1/12/2024 | F2: 45628 | G2: 45992 | H2: MUHAMMAD ASLAM | I2: 3530132608755 | J2: ALTO VX (NON-METALLIC) | K2: ATP-677 | L2: 6R328756 | M2: H1228748 | N2: 74064/1 | O2: Central | P2: 0329 | Q2: 614907 | R2: 45629 | S2: 46727 | T2: 2331000 | W2: =T2 -> 2331000 | X2: 2 | Y2: =W2*X2% -> 46620 | AA2: paid | AB2: 1141072451 | AC2: 45687 | AD2: DISBURSED | AE2: 0 | AF2: KHI/HO/D/MO/PC COMP/C/103201/1/12/2024 | AG2: KHI/HO/D/MO/PC COMP/E/52031/00001/02/2025 | AH2: 54140 | AI2: =Y2-AH2 -> -7520
A3: Fresh | B3: 76331/1 | C3: 45627 | D3: SALAAM TAKAFUL LTD | E3: KHI/HO/D/MO/PC COMP/C/103201/10/12/2024 | F3: 45628 | G3: 45992 | H3: MUHAMMAD ASIF MANZOOR | I3: 3650211536759 | J3: KIA STONIC | K3: - | L3: S375319 | M3: P703783 | N3: 76331/1 | O3: Central | P3: 0329 | Q3: 536317 | R3: 45638 | S3: 46727 | T3: 5564000 | W3: =T3 -> 5564000 | X3: 1.5 | Y3: =W3*X3% -> 83460 | AA3: paid | AB3: 1141072451 | AC3: 45687 | AD3: DISBURSED | AE3: 3 | AF3: KHI/HO/D/MO/PC COMP/C/103201/10/12/2024 | AH3: 83460 | AI3: =Y3-AH3 -> 0
A4: Fresh | B4: 76650/1 | C4: 45627 | D4: SALAAM TAKAFUL LTD | E4: KHI/HO/D/MO/PC COMP/C/103201/11/12/2024 | F4: 45628 | G4: 45992 | H4: ABU BAKAR ANEES | I4: 3310078878211 | J4: ALTO VXR (NON-METALLIC) | K4: - | L4: 6R329759 | M4: NF1AET306H1229781 | N4: 76650/1 | O4: Central | P4: 0423 | Q4: 663604 | R4: 45643 | S4: 47488 | T4: 2707000 | W4: =T4 -> 2707000 | X4: 2 | Y4: =W4*X4% -> 54140 | AA4: paid | AB4: 1141072451 | AC4: 45687 | AD4: DISBURSED | AE4: 0 | AF4: KHI/HO/D/MO/PC COMP/C/103201/11/12/2024 | AH4: 54140 | AI4: =Y4-AH4 -> 0
A5: Fresh | B5: 75496/1 | C5: 45627 | D5: SALAAM TAKAFUL LTD | E5: KHI/HO/D/MO/PC COMP/C/103201/12/12/2024 | F5: 45628 | G5: 45992 | H5: ADIL HUSSAIN | I5: 3630243369229 | J5: ALTO VXR (NON-METALLIC) | K5: - | L5: 328555 | M5: 1228589 | N5: 75496/1 | O5: Central | P5: 0431 | Q5: 659466 | R5: 45644 | S5: 47488 | T5: 2707000 | W5: =T5 -> 2707000 | X5: 2 | Y5: =W5*X5% -> 54140 | AA5: paid | AB5: 1141072451 | AC5: 45687 | AD5: DISBURSED | AE5: 0 | AF5: KHI/HO/D/MO/PC COMP/C/103201/12/12/2024 | AH5: 54140 | AI5: =Y5-AH5 -> 0
A6: Fresh | B6: 76603/1 | C6: 45627 | D6: SALAAM TAKAFUL LTD | E6: KHI/HO/D/MO/PC COMP/C/103201/13/12/2024 | F6: 45628 | G6: 45992 | H6: MALIK SHAFQAT ALI | I6: 3410104401293 | J6: WAGON R VXL | K6: AMG-097 | L6: 241136 | M6: 10141139 | N6: 76603/1 | O6: Central | P6: 0401 | Q6: 663341 | R6: 45639 | S6: 47457 | T6: 2600000 | W6: =T6 -> 2600000 | X6: 2 | Y6: =W6*X6% -> 52000 | AA6: paid | AB6: 1141072451 | AC6: 45687 | AD6: DISBURSED | AE6: 0 | AF6: KHI/HO/D/MO/PC COMP/C/103201/13/12/2024 | AH6: 52000 | AI6: =Y6-AH6 -> 0
A7: Fresh | B7: 77007/1 | C7: 45627 | D7: SALAAM TAKAFUL LTD | E7: KHI/HO/D/MO/PC COMP/C/103201/14/12/2024 | F7: 45628 | G7: 45992 | H7: MUHAMMAD WASEEM | I7: 3130324145195 | J7: ALTO VXR (NON-METALLIC) | K7: - | L7: 330668 | M7: 1230495 | N7: 77007/1 | O7: Central | P7: 0461 | Q7: 665129 | R7: 45642 | S7: 47488 | T7: 2707000 | W7: =T7 -> 2707000 | X7: 2 | Y7: =W7*X7% -> 54140 | AA7: paid | AB7: 1141072451 | AC7: 45687 | AD7: DISBURSED | AE7: 0 | AF7: KHI/HO/D/MO/PC COMP/C/103201/14/12/2024 | AH7: 54140 | AI7: =Y7-AH7 -> 0
A8: Fresh | B8: 76587/1 | C8: 45627 | D8: SALAAM TAKAFUL LTD | E8: KHI/HO/D/MO/PC COMP/C/103201/15/12/2024 | F8: 45628 | G8: 45992 | H8: SHAHRUKH TAHIR | I8: 3740518482643 | J8: EVERY VAN | K8: - | L8: 1001533 | M8: 00101534 | N8: 76587/1 | O8: North | P8: 0804 | Q8: 645044 | R8: 45646 | S8: 47488 | T8: 2799000 | W8: =T8 -> 2799000 | X8: 2 | Y8: =W8*X8% -> 55980 | AA8: paid | AB8: 1141072451 | AC8: 45687 | AD8: DISBURSED | AE8: 0 | AF8: KHI/HO/D/MO/PC COMP/C/103201/15/12/2024 | AH8: 55980 | AI8: =Y8-AH8 -> 0
A9: Fresh | B9: 76730/1 | C9: 45627 | D9: SALAAM TAKAFUL LTD | E9: KHI/HO/D/MO/PC COMP/C/103201/16/12/2024 | F9: 45628 | G9: 45992 | H9: MUHAMMAD UMAR | I9: 3520101465649 | J9: TOYOTA COROLLA ALTIS (AUTOMATIC) | K9: LEA-18A-8414 | L9: Q042220 | M9: 6019693 | N9: 76730/1 | O9: Central | P9: 0329 | Q9: 664004 | R9: 45645 | S9: 46757 | T9: 4000000 | W9: =T9 -> 4000000 | X9: 1.5 | Y9: =W9*X9% -> 60000 | AA9: paid | AB9: 1141072451 | AC9: 45687 | AD9: DISBURSED | AE9: 0 | AF9: KHI/HO/D/MO/PC COMP/C/103201/16/12/2024 | AH9: 60000 | AI9: =Y9-AH9 -> 0
A10: Fresh | B10: 76017/1 | C10: 45627 | D10: SALAAM TAKAFUL LTD | E10: KHI/HO/D/MO/PC COMP/C/103201/17/12/2024 | F10: 45628 | G10: 45992 | H10: MUHAMMAD RIAZ | I10: 3520115727377 | J10: CITY (AUTOMATIC) | K10: - | L10: 1029308 | M10: RR046238 | N10: 76017/1 | O10: Central | P10: 0329 | Q10: 661175 | R10: 45645 | S10: 46757 | T10: 4714000 | W10: =T10 -> 4714000 | X10: 1.5 | Y10: =W10*X10% -> 70710 | AA10: paid | AB10: 1141072451 | AC10: 45687 | AD10: DISBURSED | AE10: 0 | AF10: KHI/HO/D/MO/PC COMP/C/103201/17/12/2024 | AH10: 70710 | AI10: =Y10-AH10 -> 0
A11: Fresh | B11: 75974/1 | C11: 45627 | D11: SALAAM TAKAFUL LTD | E11: KHI/HO/D/MO/PC COMP/C/103201/18/12/2024 | F11: 45628 | G11: 45992 | H11: IRFAN ALI | I11: 3130399894557 | J11: ALTO VXR (NON-METALLIC) | K11: BQQ-549 | L11: 6R101579 | M11: 6H1001581 | N11: 75974/1 | O11: Central | P11: 0461 | Q11: 660696 | R11: 45644 | S11: 47488 | T11: 2100000 | W11: =T11 -> 2100000 | X11: 2 | Y11: =W11*X11% -> 42000 | AA11: paid | AB11: 1141072451 | AC11: 45687 | AD11: DISBURSED | AE11: 0 | AF11: KHI/HO/D/MO/PC COMP/C/103201/18/12/2024 | AH11: 42000 | AI11: =Y11-AH11 -> 0
A12: Fresh | B12: 75435/1 | C12: 45627 | D12: SALAAM TAKAFUL LTD | E12: KHI/HO/D/MO/PC COMP/C/103201/19/12/2024 | F12: 45628 | G12: 45992 | H12: MUHAMMAD ZESHAN | I12: 3630443739109 | J12: ALTO VXL AGS | K12: - | L12: 330929 | M12: 1230948 | N12: 75435/1 | O12: Central | P12: 0431 | Q12: 458892 | R12: 45649 | S12: 46757 | T12: 3045000 | W12: =T12 -> 3045000 | X12: 2 | Y12: =W12*X12% -> 60900 | AA12: paid | AB12: 1141072451 | AC12: 45687 | AD12: DISBURSED | AE12: 0 | AF12: KHI/HO/D/MO/PC COMP/C/103201/19/12/2024 | AH12: 60900 | AI12: =Y12-AH12 -> 0
A13: Fresh | B13: 76623/1 | C13: 45627 | D13: SALAAM TAKAFUL LTD | E13: KHI/HO/D/MO/PC COMP/C/103201/2/12/2024 | F13: 45628 | G13: 45992 | H13: ZARTASH BAIG | I13: 3310438483945 | J13: CITY (MANUAL) | K13: - | L13: L12B51028124 | M13: NFBGN8626RR044837 | N13: 76623/1 | O13: Central | P13: 0423 | Q13: 663549 | R13: 45632 | S13: 46727 | T13: 4719000 | W13: =T13 -> 4719000 | X13: 1.5 | Y13: =W13*X13% -> 70785 | AA13: paid | AB13: 1141072451 | AC13: 45687 | AD13: DISBURSED | AE13: 0 | AF13: KHI/HO/D/MO/PC COMP/C/103201/2/12/2024 | AH13: 70785 | AI13: =Y13-AH13 -> 0
A14: Fresh | B14: 77272/1 | C14: 45627 | D14: SALAAM TAKAFUL LTD | E14: KHI/HO/D/MO/PC COMP/C/103201/20/12/2024 | F14: 45628 | G14: 45992 | H14: TAHIR MUNIR | I14: 3520015623585 | J14: SWIFT GLX CVT | K14: AQD-385 | L14: 1014611 | M14: 114605 | N14: 77272/1 | O14: Central | P14: 0329 | Q14: 515375 | R14: 45645 | S14: 46392 | T14: 4500000 | W14: =T14 -> 4500000 | X14: 1.5 | Y14: =W14*X14% -> 67500 | AA14: paid | AB14: 1141072451 | AC14: 45687 | AD14: DISBURSED | AE14: 0 | AF14: KHI/HO/D/MO/PC COMP/C/103201/20/12/2024 | AH14: 67500 | AI14: =Y14-AH14 -> 0
A15: Fresh | B15: 76464/1 | C15: 45627 | D15: SALAAM TAKAFUL LTD | E15: KHI/HO/D/MO/PC COMP/C/103201/21/12/2024 | F15: 45628 | G15: 45992 | H15: MUHAMMAD ANAS | I15: 3410162869717 | J15: ALTO VXR (METALLIC) | K15: - | L15: 331808 | M15: 1231810 | N15: 76464/1 | O15: Central | P15: 0401 | Q15: 662662 | R15: 45644 | S15: 47488 | T15: 2707000 | W15: =T15 -> 2707000 | X15: 2 | Y15: =W15*X15% -> 54140 | AA15: paid | AB15: 1141072451 | AC15: 45687 | AD15: DISBURSED | AE15: 0 | AF15: KHI/HO/D/MO/PC COMP/C/103201/21/12/2024 | AH15: 54140 | AI15: =Y15-AH15 -> 0
A16: Fresh | B16: 77266/1 | C16: 45627 | D16: SALAAM TAKAFUL LTD | E16: KHI/HO/D/MO/PC COMP/C/103201/22/12/2024 | F16: 45628 | G16: 45992 | H16: MUHAMMAD SAJEEL ZAHOOR | I16: 3410132102521 | J16: ALTO VXL AGS | K16: - | L16: 328826 | M16: 1228774 | N16: 77266/1 | O16: Central | P16: 0423 | Q16: 622308 | R16: 45646 | S16: 47488 | T16: 3045000 | W16: =T16 -> 3045000 | X16: 2 | Y16: =W16*X16% -> 60900 | AA16: paid | AB16: 1141072451 | AC16: 45687 | AD16: DISBURSED | AE16: 0 | AF16: KHI/HO/D/MO/PC COMP/C/103201/22/12/2024 | AH16: 60900 | AI16: =Y16-AH16 -> 0
A17: Fresh | B17: 75925/1 | C17: 45627 | D17: SALAAM TAKAFUL LTD | E17: KHI/HO/D/MO/PC COMP/C/103201/23/12/2024 | F17: 45628 | G17: 45992 | H17: MUHAMMAD RAHEEL | I17: 4240126960557 | J17: CHANGAN KARVAAN | K17: CZ-7606 | L17: 90503312 | M17: 1011260 | N17: 75925/1 | O17: South | P17: 0144 | Q17: 661038 | R17: 45649 | S17: 47488 | T17: 2280000 | W17: =T17 -> 2280000 | X17: 2 | Y17: =W17*X17% -> 45600 | AA17: paid | AB17: 1141072451 | AC17: 45687 | AD17: DISBURSED | AE17: 0 | AF17: KHI/HO/D/MO/PC COMP/C/103201/23/12/2024 | AH17: 45600 | AI17: =Y17-AH17 -> 0
A18: Fresh | B18: 76653/1 | C18: 45627 | D18: SALAAM TAKAFUL LTD | E18: KHI/HO/D/MO/PC COMP/C/103201/24/12/2024 | F18: 45628 | G18: 45992 | H18: MUHAMMAD UMER NAEEM | I18: 3840301125149 | J18: BRV | K18: AJA-286 | L18: L15Z13509681 | M18: NFBDG1838JR009638 | N18: 76653/1 | O18: Central | P18: 0423 | Q18: 663603 | R18: 45646 | S18: 46757 | T18: 4000000 | W18: =T18 -> 4000000 | X18: 1.5 | Y18: =W18*X18% -> 60000 | AA18: paid | AB18: 1141072451 | AC18: 45687 | AD18: DISBURSED | AE18: 0 | AF18: KHI/HO/D/MO/PC COMP/C/103201/24/12/2024 | AH18: 60000 | AI18: =Y18-AH18 -> 0
A19: Fresh | B19: 76934/1 | C19: 45627 | D19: SALAAM TAKAFUL LTD | E19: KHI/HO/D/MO/PC COMP/C/103201/25/12/2024 | F19: 45644 | G19: 46008 | H19: MUHAMMAD SHOAIB | I19: 3520278654373 | J19: ALTO VXR (METALLIC) | K19: - | L19: 331314 | M19: 1231222 | N19: 76934/1 | O19: Central | P19: 0329 | Q19: 663008 | R19: 45646 | S19: 47488 | T19: 2707000 | W19: =T19 -> 2707000 | X19: 2 | Y19: =W19*X19% -> 54140 | AA19: paid | AB19: 1141072451 | AC19: 45687 | AD19: DISBURSED | AE19: 0 | AF19: KHI/HO/D/MO/PC COMP/C/103201/25/12/2024 | AH19: 54140 | AI19: =Y19-AH19 -> 0
A20: Fresh | B20: 76578/1 | C20: 45627 | D20: SALAAM TAKAFUL LTD | E20: KHI/HO/D/MO/PC COMP/C/103201/26/12/2024 | F20: 45644 | G20: 46008 | H20: KAMRAN NAHEED | I20: 1420286106303 | J20: ALTO VXR (METALLIC) | K20: ASK-798 | L20: 148996 | M20: 1049029 | N20: 76578/1 | O20: North | P20: 0804 | Q20: 565530 | R20: 45652 | S20: 47488 | T20: 2400000 | W20: =T20 -> 2400000 | X20: 2 | Y20: =W20*X20% -> 48000 | AA20: paid | AB20: 1141072451 | AC20: 45687 | AD20: DISBURSED | AE20: 0 | AF20: KHI/HO/D/MO/PC COMP/C/103201/26/12/2024 | AH20: 48000 | AI20: =Y20-AH20 -> 0
A21: Fresh | B21: 76461/1 | C21: 45627 | D21: SALAAM TAKAFUL LTD | E21: KHI/HO/D/MO/PC COMP/C/103201/27/12/2024 | F21: 45644 | G21: 46008 | H21: FAHAD ZULFIQAR | I21: 3520258048773 | J21: ALTO VXR (METALLIC) | K21: - | L21: 330848 | M21: 1230674 | N21: 76461/1 | O21: Central | P21: 0329 | Q21: 663018 | R21: 45649 | S21: 47488 | T21: 2707000 | W21: =T21 -> 2707000 | X21: 2 | Y21: =W21*X21% -> 54140 | AA21: paid | AB21: 1141072451 | AC21: 45687 | AD21: DISBURSED | AE21: 0 | AF21: KHI/HO/D/MO/PC COMP/C/103201/27/12/2024 | AH21: 54140 | AI21: =Y21-AH21 -> 0
A22: Fresh | B22: 76952/1 | C22: 45627 | D22: SALAAM TAKAFUL LTD | E22: KHI/HO/D/MO/PC COMP/C/103201/28/12/2024 | F22: 45644 | G22: 46008 | H22: AFSHAN IMRAN | I22: 4210116074962 | J22: CIVIC (AUTOMATIC) | K22: BPN-261 | L22: 12947345 | M22: R050773 | N22: 76952/1 | O22: South | P22: 0144 | Q22: 665061 | R22: 45646 | S22: 46757 | T22: 5025000 | W22: =T22 -> 5025000 | X22: 1.5 | Y22: =W22*X22% -> 75375 | AA22: paid | AB22: 1141072451 | AC22: 45687 | AD22: DISBURSED | AE22: 0 | AF22: KHI/HO/D/MO/PC COMP/C/103201/28/12/2024 | AH22: 75375 | AI22: =Y22-AH22 -> 0
A23: Fresh | B23: 76628/1 | C23: 45627 | D23: SALAAM TAKAFUL LTD | E23: KHI/HO/D/MO/PC COMP/C/103201/29/12/2024 | F23: 45645 | G23: 46009 | H23: QASIM MEHMOOD | I23: 3460322173787 | J23: ALTO VXL | K23: LEA-19A-7184 | L23: 6R108402 | M23: NF1AET306H1008409 | N23: 76628/1 | O23: Central | P23: 0443 | Q23: 664161 | R23: 45649 | S23: 47488 | T23: 2400000 | W23: =T23 -> 2400000 | X23: 2 | Y23: =W23*X23% -> 48000 | AA23: paid | AB23: 1141072451 | AC23: 45687 | AD23: DISBURSED | AE23: 0 | AF23: KHI/HO/D/MO/PC COMP/C/103201/29/12/2024 | AH23: 48000 | AI23: =Y23-AH23 -> 0
A24: Fresh | B24: 74234/1 | C24: 45627 | D24: SALAAM TAKAFUL LTD | E24: KHI/HO/D/MO/PC COMP/C/103201/3/12/2024 | F24: 45628 | G24: 45992 | H24: AJAZ FAREED | I24: 3210282566343 | J24: ALTO VXL | K24: - | L24: 328165 | M24: 1228010 | N24: 74234/1 | O24: Central | P24: 0567 | Q24: 654657 | R24: 45636 | S24: 47457 | T24: 3045000 | W24: =T24 -> 3045000 | X24: 2 | Y24: =W24*X24% -> 60900 | AA24: paid | AB24: 1141072451 | AC24: 45687 | AD24: DISBURSED | AE24: 0 | AF24: KHI/HO/D/MO/PC COMP/C/103201/3/12/2024 | AH24: 60900 | AI24: =Y24-AH24 -> 0
A25: Fresh | B25: 75505/1 | C25: 45627 | D25: SALAAM TAKAFUL LTD | E25: KHI/HO/D/MO/PC COMP/C/103201/30/12/2024 | F25: 45649 | G25: 46013 | H25: SYED SAAD UL HAQUE | I25: 4240195592221 | J25: CULTUS VXL (METALIC) | K25: BJL-995 | L25: PK10K100978 | M25: H10000982 | N25: 75505/1 | O25: South | P25: 0144 | Q25: 659473 | R25: 45650 | S25: 47123 | T25: 2150000 | W25: =T25 -> 2150000 | X25: 2 | Y25: =W25*X25% -> 43000 | AA25: paid | AB25: 1141072451 | AC25: 45687 | AD25: DISBURSED | AE25: 0 | AF25: KHI/HO/D/MO/PC COMP/C/103201/30/12/2024 | AH25: 43000 | AI25: =Y25-AH25 -> 0
A26: Fresh | B26: 74895/1 | C26: 45627 | D26: SALAAM TAKAFUL LTD | E26: KHI/HO/D/MO/PC COMP/C/103201/31/12/2024 | F26: 45649 | G26: 46013 | H26: SYED NAVEED HUSSAIN SHAH | I26: 3740552142033 | J26: ALTO VXL AGS | K26: - | L26: 332304 | M26: 1232332 | N26: 74895/1 | O26: North | P26: 0804 | Q26: 636707 | R26: 45659 | S26: 47123 | T26: 3045000 | W26: =T26 -> 3045000 | X26: 2 | Y26: =W26*X26% -> 60900 | AA26: paid | AB26: 1141072451 | AC26: 45687 | AD26: DISBURSED | AE26: 0 | AF26: KHI/HO/D/MO/PC COMP/C/103201/31/12/2024 | AH26: 60900 | AI26: =Y26-AH26 -> 0
A27: Fresh | B27: 77497/1 | C27: 45627 | D27: SALAAM TAKAFUL LTD | E27: KHI/HO/D/MO/PC COMP/C/103201/32/12/2024 | F27: 45650 | G27: 46014 | H27: FAISAL MUGHEES ALMAS | I27: 3630284301599 | J27: TOYOTA CROSS | K27: ATN-636 | L27: 7049 | M27: 905936 | N27: 77497/1 | O27: Central | P27: 0431 | Q27: 590393 | R27: 45656 | S27: 46392 | T27: 9000000 | W27: =T27 -> 9000000 | X27: 1.5 | Y27: =W27*X27% -> 135000 | AA27: paid | AB27: 1141072451 | AC27: 45687 | AD27: DISBURSED | AE27: 0 | AF27: KHI/HO/D/MO/PC COMP/C/103201/32/12/2024 | AH27: 135000 | AI27: =Y27-AH27 -> 0
A28: Fresh | B28: 77315/1 | C28: 45627 | D28: SALAAM TAKAFUL LTD | E28: KHI/HO/D/MO/PC COMP/C/103201/33/12/2024 | F28: 45650 | G28: 46014 | H28: MUHAMMAD NOSHERWAN ADIL RANA | I28: 3520223756863 | J28: COROLLA GLI A/T | K28: LEH-18-2954 | L28: 523836 | M28: 149745 | N28: 77315/1 | O28: Central | P28: 0329 | Q28: 666495 | R28: 45650 | S28: 46757 | T28: 4000000 | W28: =T28 -> 4000000 | X28: 1.5 | Y28: =W28*X28% -> 60000 | AA28: paid | AB28: 1141072451 | AC28: 45687 | AD28: DISBURSED | AE28: 0 | AF28: KHI/HO/D/MO/PC COMP/C/103201/33/12/2024 | AH28: 60000 | AI28: =Y28-AH28 -> 0
A29: Fresh | B29: 77018/1 | C29: 45627 | D29: SALAAM TAKAFUL LTD | E29: KHI/HO/D/MO/PC COMP/C/103201/34/12/2024 | F29: 45650 | G29: 46014 | H29: MUHAMMAD UMER | I29: 3520226156293 | J29: TOYOTA COROLLA ALTIS (AUTOMATIC) | K29: LEA-17A-2088 | L29: Q040210 | M29: 6017692 | N29: 77018/1 | O29: Central | P29: 0329 | Q29: 665137 | R29: 45653 | S29: 46757 | T29: 3200000 | W29: =T29 -> 3200000 | X29: 2 | Y29: =W29*X29% -> 64000 | AA29: paid | AB29: 1141072451 | AC29: 45687 | AD29: DISBURSED | AE29: 0 | AF29: KHI/HO/D/MO/PC COMP/C/103201/34/12/2024 | AH29: 64000 | AI29: =Y29-AH29 -> 0
A30: Fresh | B30: 77056/1 | C30: 45627 | D30: SALAAM TAKAFUL LTD | E30: KHI/HO/D/MO/PC COMP/C/103201/35/12/2024 | F30: 45650 | G30: 46014 | H30: ATIF SHAFIQUE SHAMI | I30: 3520173234079 | J30: ALTO VXL AGS | K30: - | L30: 6R331938 | M30: 1232014 | N30: 77056/1 | O30: Central | P30: 0306 | Q30: 230347 | R30: 45656 | S30: 47488 | T30: 3045000 | W30: =T30 -> 3045000 | X30: 2 | Y30: =W30*X30% -> 60900 | AA30: paid | AB30: 1141072451 | AC30: 45687 | AD30: DISBURSED | AE30: 0 | AF30: KHI/HO/D/MO/PC COMP/C/103201/35/12/2024 | AH30: 60900 | AI30: =Y30-AH30 -> 0
A31: Fresh | B31: 76234/1 | C31: 45627 | D31: SALAAM TAKAFUL LTD | E31: KHI/HO/D/MO/PC COMP/C/103201/4/12/2024 | F31: 45628 | G31: 45992 | H31: NAVEED HASSAN | I31: 3520261488379 | J31: YARIS | K31: APC-885 | L31: 2A42070 | M31: 9515574 | N31: 76234/1 | O31: Central | P31: 0329 | Q31: 661875 | R31: 45632 | S31: 46727 | T31: 4400000 | W31: =T31 -> 4400000 | X31: 1.5 | Y31: =W31*X31% -> 66000 | AA31: paid | AB31: 1141072451 | AC31: 45687 | AD31: DISBURSED | AE31: 3 | AF31: KHI/HO/D/MO/PC COMP/C/103201/4/12/2024 | AH31: 66000 | AI31: =Y31-AH31 -> 0
A32: Fresh | B32: 76747/1 | C32: 45627 | D32: SALAAM TAKAFUL LTD | E32: KHI/HO/D/MO/PC COMP/C/103201/5/12/2024 | F32: 45628 | G32: 45992 | H32: AZMAT ULLAH BAJWA | I32: 3520228131165 | J32: KIA SPORTAGE | K32: AJD-510 | L32: 329798 | M32: 309745 | N32: 76747/1 | O32: Central | P32: 0329 | Q32: 139479 | R32: 45632 | S32: 46727 | T32: 6600000 | W32: =T32 -> 6600000 | X32: 1.5 | Y32: =W32*X32% -> 99000 | AA32: paid | AB32: 1141072451 | AC32: 45687 | AD32: DISBURSED | AE32: 3 | AF32: KHI/HO/D/MO/PC COMP/C/103201/5/12/2024 | AH32: 99000 | AI32: =Y32-AH32 -> 0
A33: Fresh | B33: 75876/1 | C33: 45627 | D33: SALAAM TAKAFUL LTD | E33: KHI/HO/D/MO/PC COMP/C/103201/6/12/2024 | F33: 45631 | G33: 45995 | H33: MUHAMMAD AKBER | I33: 4240161836551 | J33: ALTO VXL AGS | K33: BVA-268 | L33: R185593 | M33: H1085501 | N33: 75876/1 | O33: South | P33: 0144 | Q33: 660828 | R33: 45636 | S33: 47457 | T33: 2200000 | W33: =T33 -> 2200000 | X33: 2 | Y33: =W33*X33% -> 44000 | AA33: paid | AB33: 1141072451 | AC33: 45687 | AD33: DISBURSED | AE33: 0 | AF33: KHI/HO/D/MO/PC COMP/C/103201/6/12/2024 | AH33: 44000 | AI33: =Y33-AH33 -> 0
A34: Fresh | B34: 76613/1 | C34: 45627 | D34: SALAAM TAKAFUL LTD | E34: KHI/HO/D/MO/PC COMP/C/103201/7/12/2024 | F34: 45628 | G34: 45992 | H34: SYED OMAR AHMED | I34: 4210139215135 | J34: CIVIC (AUTOMATIC) | K34: BMX-837 | L34: 12937022 | M34: R040448 | N34: 76613/1 | O34: South | P34: 0144 | Q34: 663443 | R34: 45636 | S34: 46727 | T34: 4750000 | W34: =T34 -> 4750000 | X34: 1.5 | Y34: =W34*X34% -> 71250 | AA34: paid | AB34: 1141072451 | AC34: 45687 | AD34: DISBURSED | AE34: 0 | AF34: KHI/HO/D/MO/PC COMP/C/103201/7/12/2024 | AH34: 71250 | AI34: =Y34-AH34 -> 0
A35: Fresh | B35: 76634/1 | C35: 45627 | D35: SALAAM TAKAFUL LTD | E35: KHI/HO/D/MO/PC COMP/C/103201/8/12/2024 | F35: 45628 | G35: 45992 | H35: KANEEZ FATIMA | I35: 4200030002210 | J35: KIA PICANTO | K35: BRG-587 | L35: 168846 | M35: 700615 | N35: 76634/1 | O35: South | P35: 0144 | Q35: 663574 | R35: 45642 | S35: 47488 | T35: 2600000 | W35: =T35 -> 2600000 | X35: 2 | Y35: =W35*X35% -> 52000 | AA35: paid | AB35: 1141072451 | AC35: 45687 | AD35: DISBURSED | AE35: 0 | AF35: KHI/HO/D/MO/PC COMP/C/103201/8/12/2024 | AH35: 52000 | AI35: =Y35-AH35 -> 0
A36: Fresh | B36: 77242/1 | C36: 45627 | D36: SALAAM TAKAFUL LTD | E36: KHI/HO/D/MO/PC COMP/C/103201/9/12/2024 | F36: 45628 | G36: 45992 | H36: MUHAMMAD KASHIF | I36: 3520273884939 | J36: TOYOTA COROLLA GLI | K36: BMC-060 | L36: 515834 | M36: 4141994 | N36: 77242/1 | O36: Central | P36: 0329 | Q36: 662881 | R36: 45643 | S36: 47123 | T36: 3550000 | W36: =T36 -> 3550000 | X36: 1.5 | Y36: =W36*X36% -> 53250 | AA36: paid | AB36: 1141072451 | AC36: 45687 | AD36: DISBURSED | AE36: 0 | AF36: KHI/HO/D/MO/PC COMP/C/103201/9/12/2024 | AH36: 53250 | AI36: =Y36-AH36 -> 0
A37: Fresh | B37: 76541/1 | C37: 45627 | D37: SALAAM TAKAFUL LTD | E37: KHI/HO/D/MO/CV/C/103846/1/12/2024 | F37: 45638 | G37: 46002 | H37: ALI . | I37: 3520244919747 | J37: RAVI | K37: - | L37: 394454 | M37: 499094 | N37: 76541/1 | O37: Central | P37: 0329 | Q37: 647832 | R37: 45643 | S37: 47488 | T37: 1856000 | W37: =T37 -> 1856000 | X37: 2 | Y37: =W37*X37% -> 37120 | AA37: paid | AB37: 1141072451 | AC37: 45687 | AD37: DISBURSED | AE37: 0 | AF37: KHI/HO/D/MO/CV/C/103846/1/12/2024 | AH37: 37120 | AI37: =Y37-AH37 -> 0
A38: Fresh | B38: 76943/1 | C38: 45627 | D38: SALAAM TAKAFUL LTD | E38: KHI/HO/D/MO/CV/C/103846/2/12/2024 | F38: 45644 | G38: 46008 | H38: GUL NAWAZ KHAN | I38: 2110502379687 | J38: RAVI | K38: - | L38: 394540 | M38: 499218 | N38: 76943/1 | O38: North | P38: 0823 | Q38: 665003 | R38: 45652 | S38: 46757 | T38: 1856000 | W38: =T38 -> 1856000 | X38: 2 | Y38: =W38*X38% -> 37120 | AA38: paid | AB38: 1141072451 | AC38: 45687 | AD38: DISBURSED | AE38: 0 | AF38: KHI/HO/D/MO/CV/C/103846/2/12/2024 | AH38: 37120 | AI38: =Y38-AH38 -> 0
A39: Fresh | B39: 76818/1 | C39: 45597 | D39: SALAAM TAKAFUL LTD | E39: KHI/HO/D/MO/PC COMP/C/101342/44/11/2024 | F39: 45625 | G39: 45989 | H39: MUHAMMAD MUSTAFA ZAIDI | I39: 3610102621529 | J39: YARIS | K39: AWU-417 | L39: 42433 | M39: 7026645 | N39: 76818/1 | O39: Central | P39: 0431 | Q39: 552825 | R39: 45636 | S39: 47092 | T39: 3700000 | W39: =T39 -> 3700000 | X39: 1.5 | Y39: =W39*X39% -> 55500 | AA39: paid | AB39: 1141072451 | AC39: 45687 | AD39: DISBURSED | AE39: 0 | AF39: KHI/HO/D/MO/PC COMP/C/101342/44/11/2024 | AH39: 55500 | AI39: =Y39-AH39 -> 0
Y41: =SUBTOTAL(9,Y2:Y39) -> 2272610 | AH41: =SUBTOTAL(9,AH2:AH39) -> 2280130

Sheet Renewal
A1: Fresh / Renewal | B1: Proposal No. | C1: Billing Month | D1: Takaful Company | E1: PMD / Cert | F1: Takaful Start Date | G1: Takaful End Date | H1: Customer Name | I1: CNIC | J1: Vehicle Make | K1: Reg. No | L1: Engine No | M1: Chassis No | N1: Proposal No. | O1: Region | P1: Unit ID | Q1: BR # | R1: Financing Date | S1: Maturity Date | T1: Asset Value | U1: Dep. % | V1: Dep. Amount | W1: Sum Cover Amount | X1: Takaful Rate | Y1: Premium Amount | Z1: For Takaful Company Rectifications | AA1: For COD Status | AB1: PO No. | AC1: PO Dates | AD1: Proposal Status | AE1: Default Case (Overdue Days) | AF1: Policy # | AG1: Tms Prem | AH1: Difference
A2: Renewal | B2: 68516/1 | C2: 45627 | D2: SALAAM TAKAFUL LTD | E2: KHI/HO/D/MO/PC COMP/C/103764/8/12/2024 | F2: 45645 | G2: 46009 | H2: MUHAMMAD KASHIF | I2: 3520197275909 | J2: SUZUKI MEHRAN VX | K2: LED-15-3088 | L2: 608606 | M2: 1147137 | N2: 68516/1 | O2: Central | P2: 0329 | Q2: 629773 | R2: 45287 | S2: 46392 | T2: 900000 | U2: 10 | V2: =T2*U2% -> 90000 | W2: =T2-V2 -> 810000 | X2: 2 | Y2: =W2*X2% -> 16200 | AA2: paid | AB2: 1141072474 | AC2: 45688 | AD2: DISBURSED | AE2: 0 | AF2: KHI/HO/D/MO/PC COMP/C/103764/8/12/2024 | AG2: 16200 | AH2: =Y2-AG2 -> 0
A3: Renewal | B3: 44871/2 | C3: 45627 | D3: SALAAM TAKAFUL LTD | E3: KHI/HO/D/MO/CV/C/104416/1/12/2024 | F3: 45629 | G3: 45993 | H3: AMJAD PERVAIZ | I3: 4220178497155 | J3: SUZUKI RAVI VX EURO II | K3: KZ-4320 | L3: 364707 | M3: 469365 | N3: 44871/2 | O3: South | P3: 0144 | Q3: 506978 | R3: 44175 | S3: 45996 | T3: 1034000 | U3: 25 | V3: =T3*U3% -> 258500 | W3: =T3-V3 -> 775500 | X3: 2.5 | Y3: =W3*X3% -> 19387.5 | AA3: paid | AB3: 1141072474 | AC3: 45688 | AD3: DISBURSED | AE3: 0 | AF3: KHI/HO/D/MO/CV/C/104416/1/12/2024 | AG3: 19388 | AH3: =Y3-AG3 -> -0.5
A4: Renewal | B4: 45079/1 | C4: 45627 | D4: SALAAM TAKAFUL LTD | E4: KHI/HO/D/MO/CV/C/104416/2/12/2024 | F4: 45637 | G4: 46001 | H4: DANISH ATTA | I4: 3740538789797 | J4: SUZUKI RAVI VX EURO II | K4: TAA-981 | L4: 364993 | M4: 469697 | N4: 45079/1 | O4: North | P4: 0804 | Q4: 501013 | R4: 44182 | S4: 46027 | T4: 1034000 | U4: 25 | V4: =T4*U4% -> 258500 | W4: =T4-V4 -> 775500 | X4: 2.5 | Y4: =W4*X4% -> 19387.5 | AA4: paid | AB4: 1141072474 | AC4: 45688 | AD4: DISBURSED | AE4: 0 | AF4: KHI/HO/D/MO/CV/C/104416/2/12/2024 | AG4: 19388 | AH4: =Y4-AG4 -> -0.5
A5: Renewal | B5: 51853/1 | C5: 45627 | D5: SALAAM TAKAFUL LTD | E5: KHI/HO/D/MO/PC COMP/C/103764/94/12/2024 | F5: 45641 | G5: 46005 | H5: USMAN SHAFQAT | I5: 3520183617665 | J5: PRINCE PEARL | K5: AGG-058 | L5: M05605717W | M5: M21K03228 | N5: 51853/1 | O5: Central | P5: 0329 | Q5: 553524 | R5: 44547 | S5: 46392 | T5: 1111000 | U5: 20 | V5: =T5*U5% -> 222200 | W5: =T5-V5 -> 888800 | X5: 1.75 | Y5: =W5*X5% -> 15554 | AA5: paid | AB5: 1141072474 | AC5: 45688 | AD5: DISBURSED | AE5: 0 | AF5: KHI/HO/D/MO/PC COMP/C/103764/94/12/2024 | AG5: 15554 | AH5: =Y5-AG5 -> 0
A6: Renewal | B6: 53000/1 | C6: 45627 | D6: SALAAM TAKAFUL LTD | E6: KHI/HO/D/MO/CV/C/104415/1/12/2024 | F6: 45634 | G6: 45998 | H6: SADAM HUSSAIN | I6: 3520132884715 | J6: SUZUKI RAVI VX EURO II | K6: CAH-2994 | L6: 377888 | M6: 482551 | N6: 53000/1 | O6: Central | P6: 0329 | Q6: 554395 | R6: 44544 | S6: 46361 | T6: 1117000 | U6: 20 | V6: =T6*U6% -> 223400 | W6: =T6-V6 -> 893600 | X6: 1.75 | Y6: =W6*X6% -> 15638 | AA6: paid | AB6: 1141072474 | AC6: 45688 | AD6: DISBURSED | AE6: 62 | AF6: KHI/HO/D/MO/CV/C/104415/1/12/2024 | AG6: 15638 | AH6: =Y6-AG6 -> 0
A7: Renewal | B7: 53115/1 | C7: 45627 | D7: SALAAM TAKAFUL LTD | E7: KHI/HO/D/MO/CV/C/104415/2/12/2024 | F7: 45641 | G7: 46005 | H7: MUHAMMAD SHAHZAD | I7: 3520117693435 | J7: SUZUKI RAVI VX EURO II | K7: CAH-2835 | L7: 378041 | M7: 482692 | N7: 53115/1 | O7: Central | P7: 0329 | Q7: 558104 | R7: 44552 | S7: 46392 | T7: 1117000 | U7: 20 | V7: =T7*U7% -> 223400 | W7: =T7-V7 -> 893600 | X7: 1.75 | Y7: =W7*X7% -> 15638 | AA7: paid | AB7: 1141072474 | AC7: 45688 | AD7: DISBURSED | AE7: 0 | AF7: KHI/HO/D/MO/CV/C/104415/2/12/2024 | AG7: 15638 | AH7: =Y7-AG7 -> 0
A8: Renewal | B8: 53151/1 | C8: 45627 | D8: SALAAM TAKAFUL LTD | E8: KHI/HO/D/MO/CV/C/104415/3/12/2024 | F8: 45643 | G8: 46007 | H8: MUHAMMAD MUBASHIR NAZAR AWAN | I8: 3740517536053 | J8: SUZUKI RAVI VX EURO II | K8: TC-13 | L8: 378815 | M8: 483469 | N8: 53151/1 | O8: North | P8: 0804 | Q8: 336775 | R8: 44551 | S8: 46392 | T8: 1117000 | U8: 20 | V8: =T8*U8% -> 223400 | W8: =T8-V8 -> 893600 | X8: 1.75 | Y8: =W8*X8% -> 15638 | AA8: paid | AB8: 1141072474 | AC8: 45688 | AD8: DISBURSED | AE8: 0 | AF8: KHI/HO/D/MO/CV/C/104415/3/12/2024 | AG8: 15638 | AH8: =Y8-AG8 -> 0
A9: Renewal | B9: 53246/1 | C9: 45627 | D9: SALAAM TAKAFUL LTD | E9: KHI/HO/D/MO/CV/C/104415/4/12/2024 | F9: 45646 | G9: 46010 | H9: NAVEED LATIF | I9: 3520115409715 | J9: SUZUKI RAVI VX EURO II | K9: CAH-2727 | L9: 378664 | M9: 483328 | N9: 53246/1 | O9: Central | P9: 0329 | Q9: 554600 | R9: 44553 | S9: 46392 | T9: 1117000 | U9: 20 | V9: =T9*U9% -> 223400 | W9: =T9-V9 -> 893600 | X9: 1.75 | Y9: =W9*X9% -> 15638 | AA9: paid | AB9: 1141072474 | AC9: 45688 | AD9: DISBURSED | AE9: 32 | AF9: KHI/HO/D/MO/CV/C/104415/4/12/2024 | AG9: 15638 | AH9: =Y9-AG9 -> 0
A10: Renewal | B10: 53365/1 | C10: 45627 | D10: SALAAM TAKAFUL LTD | E10: KHI/HO/D/MO/CV/C/104415/5/12/2024 | F10: 45649 | G10: 46013 | H10: KHAWAR ABBAS | I10: 3540112384833 | J10: SUZUKI RAVI VX EURO II | K10: CAH-6141 | L10: 378553 | M10: 483215 | N10: 53365/1 | O10: Central | P10: 0329 | Q10: 562324 | R10: 44559 | S10: 46392 | T10: 1117000 | U10: 20 | V10: =T10*U10% -> 223400 | W10: =T10-V10 -> 893600 | X10: 1.75 | Y10: =W10*X10% -> 15638 | AA10: paid | AB10: 1141072474 | AC10: 45688 | AD10: DISBURSED | AE10: 0 | AF10: KHI/HO/D/MO/CV/C/104415/5/12/2024 | AG10: 15638 | AH10: =Y10-AG10 -> 0
A11: Renewal | B11: 53088/1 | C11: 45627 | D11: SALAAM TAKAFUL LTD | E11: KHI/HO/D/MO/PC COMP/C/103764/87/12/2024 | F11: 45639 | G11: 46003 | H11: MUHAMMAD AKBAR | I11: 3310049530247 | J11: SUZUKI BOLAN VX | K11: AGH-723 | L11: 1017427 | M11: 1133917 | N11: 53088/1 | O11: Central | P11: 0423 | Q11: 553216 | R11: 44546 | S11: 46392 | T11: 1149000 | U11: 20 | V11: =T11*U11% -> 229800 | W11: =T11-V11 -> 919200 | X11: 1.75 | Y11: =W11*X11% -> 16086 | AA11: paid | AB11: 1141072474 | AC11: 45688 | AD11: DISBURSED | AE11: 0 | AF11: KHI/HO/D/MO/PC COMP/C/103764/87/12/2024 | AG11: 16086 | AH11: =Y11-AG11 -> 0
A12: Renewal | B12: 53598/1 | C12: 45627 | D12: SALAAM TAKAFUL LTD | E12: KHI/HO/D/MO/PC COMP/C/103764/132/12/2024 | F12: 45657 | G12: 46021 | H12: QAMAR ABBAS | I12: 3310498186457 | J12: SUZUKI BOLAN STD VX EURO | K12: AWY-904 | L12: 1017988 | M12: PK01134520 | N12: 53598/1 | O12: Central | P12: 0556 | Q12: 526529 | R12: 44561 | S12: 46392 | T12: 1149000 | U12: 20 | V12: =T12*U12% -> 229800 | W12: =T12-V12 -> 919200 | X12: 1.75 | Y12: =W12*X12% -> 16086 | AA12: paid | AB12: 1141072474 | AC12: 45688 | AD12: DISBURSED | AE12: 0 | AF12: KHI/HO/D/MO/PC COMP/C/103764/132/12/2024 | AG12: 16086 | AH12: =Y12-AG12 -> 0
A13: Renewal | B13: 61961/1 | C13: 45627 | D13: SALAAM TAKAFUL LTD | E13: KHI/HO/D/MO/PC COMP/C/103764/78/12/2024 | F13: 45656 | G13: 46020 | H13: MUHAMMAD ASIF | I13: 3520121313341 | J13: FAW FAW V2 M/T | K13: LEA-17-5464 | L13: HG300158 | M13: 5A10798 | N13: 61961/1 | O13: Central | P13: 0329 | Q13: 596062 | R13: 44926 | S13: 46027 | T13: 1200000 | U13: 15 | V13: =T13*U13% -> 180000 | W13: =T13-V13 -> 1020000 | X13: 2 | Y13: =W13*X13% -> 20400 | AA13: paid | AB13: 1141072474 | AC13: 45688 | AD13: DISBURSED | AE13: 0 | AF13: KHI/HO/D/MO/PC COMP/C/103764/78/12/2024 | AG13: 20400 | AH13: =Y13-AG13 -> 0
A14: Renewal | B14: 61867/1 | C14: 45627 | D14: SALAAM TAKAFUL LTD | E14: KHI/HO/D/MO/PC COMP/C/103764/59/12/2024 | F14: 45653 | G14: 46017 | H14: ASIM LATIF | I14: 3520115643635 | J14: SUZUKI BOLAN | K14: LEC-19-8158 | L14: PKT988475 | M14: PK01104951 | N14: 61867/1 | O14: Central | P14: 0329 | Q14: 535024 | R14: 44925 | S14: 46757 | T14: 1225000 | U14: 15 | V14: =T14*U14% -> 183750 | W14: =T14-V14 -> 1041250 | X14: 2 | Y14: =W14*X14% -> 20825 | AA14: paid | AB14: 1141072474 | AC14: 45688 | AD14: DISBURSED | AE14: 0 | AF14: KHI/HO/D/MO/PC COMP/C/103764/59/12/2024 | AG14: 20825 | AH14: =Y14-AG14 -> 0
A15: Renewal | B15: 61894/1 | C15: 45627 | D15: SALAAM TAKAFUL LTD | E15: KHI/HO/D/MO/PC COMP/C/103764/63/12/2024 | F15: 45654 | G15: 46018 | H15: ABID ALI | I15: 3520112667057 | J15: HONDA VAMOS HOBIO | K15: LE-17-6024 | L15: E07Z9106234 | M15: HM41500327 | N15: 61894/1 | O15: Central | P15: 0329 | Q15: 593337 | R15: 44925 | S15: 46392 | T15: 1300000 | U15: 15 | V15: =T15*U15% -> 195000 | W15: =T15-V15 -> 1105000 | X15: 2 | Y15: =W15*X15% -> 22100 | AA15: paid | AB15: 1141072474 | AC15: 45688 | AD15: DISBURSED | AE15: 0 | AF15: KHI/HO/D/MO/PC COMP/C/103764/63/12/2024 | AG15: 22100 | AH15: =Y15-AG15 -> 0
A16: Renewal | B16: 39728/1 | C16: 45627 | D16: SALAAM TAKAFUL LTD | E16: KHI/HO/D/MO/PC COMP/C/103764/157/12/2024 | F16: 45644 | G16: 46008 | H16: MUHAMMAD AZAM BHATTI | I16: 3410125794579 | J16: SUZUKI ALTO VXR | K16: LEA-19-2489- | L16: 125931 | M16: 1025947 | N16: 39728/1 | O16: Central | P16: 0401 | Q16: 461008 | R16: 43819 | S16: 46392 | T16: 1308000 | U16: 30 | V16: =T16*U16% -> 392400 | W16: =T16-V16 -> 915600 | X16: 3.75 | Y16: =W16*X16% -> 34335 | AA16: paid | AB16: 1141072474 | AC16: 45688 | AD16: DISBURSED | AE16: 0 | AF16: KHI/HO/D/MO/PC COMP/C/103764/157/12/2024 | AG16: 34335 | AH16: =Y16-AG16 -> 0
A17: Renewal | B17: 39845/1 | C17: 45627 | D17: SALAAM TAKAFUL LTD | E17: KHI/HO/D/MO/PC COMP/C/103764/156/12/2024 | F17: 45656 | G17: 46020 | H17: BUSHRA SHAAFI | I17: 3520221690708 | J17: SUZUKI ALTO VXR | K17: LE-20-2932 | L17: 124423 | M17: 1024400 | N17: 39845/1 | O17: Central | P17: 0329 | Q17: 474598 | R17: 43830 | S17: 46392 | T17: 1308000 | U17: 30 | V17: =T17*U17% -> 392400 | W17: =T17-V17 -> 915600 | X17: 3.75 | Y17: =W17*X17% -> 34335 | AA17: paid | AB17: 1141072474 | AC17: 45688 | AD17: DISBURSED | AE17: 0 | AF17: KHI/HO/D/MO/PC COMP/C/103764/156/12/2024 | AG17: 34335 | AH17: =Y17-AG17 -> 0
A18: Renewal | B18: 50031/1 | C18: 45627 | D18: SALAAM TAKAFUL LTD | E18: KHI/HO/D/MO/PC COMP/C/103764/99/12/2024 | F18: 45642 | G18: 46006 | H18: NASIR HUSSAIN | I18: 3520217476541 | J18: SUZUKI ALTO VXR E-2 | K18: AHB-571 | L18: 6R191978 | M18: NF1AET306H1091990 | N18: 50031/1 | O18: Central | P18: 0338 | Q18: 542413 | R18: 44552 | S18: 46392 | T18: 1335000 | U18: 20 | V18: =T18*U18% -> 267000 | W18: =T18-V18 -> 1068000 | X18: 2.5 | Y18: =W18*X18% -> 26700 | AA18: paid | AB18: 1141072474 | AC18: 45688 | AD18: DISBURSED | AE18: 0 | AF18: KHI/HO/D/MO/PC COMP/C/103764/99/12/2024 | AG18: 26700 | AH18: =Y18-AG18 -> 0
A19: Renewal | B19: 49988/1 | C19: 45627 | D19: SALAAM TAKAFUL LTD | E19: KHI/HO/D/MO/PC COMP/C/103764/109/12/2024 | F19: 45648 | G19: 46012 | H19: SARFARAZ AHMAD | I19: 3520228966025 | J19: SUZUKI ALTO VXR E-2 | K19: AGH-687 | L19: 6R200748 | M19: H1100763 | N19: 49988/1 | O19: Central | P19: 0329 | Q19: 540393 | R19: 44558 | S19: 46392 | T19: 1335000 | U19: 20 | V19: =T19*U19% -> 267000 | W19: =T19-V19 -> 1068000 | X19: 2.5 | Y19: =W19*X19% -> 26700 | AA19: paid | AB19: 1141072474 | AC19: 45688 | AD19: DISBURSED | AE19: 0 | AF19: KHI/HO/D/MO/PC COMP/C/103764/109/12/2024 | AG19: 26700 | AH19: =Y19-AG19 -> 0
A20: Renewal | B20: 50371/1 | C20: 45627 | D20: SALAAM TAKAFUL LTD | E20: KHI/HO/D/MO/PC COMP/C/103764/118/12/2024 | F20: 45655 | G20: 46019 | H20: GHULAM BAQIR | I20: 3840409410083 | J20: SUZUKI ALTO VXR | K20: AXC-535 | L20: 203259 | M20: 1103237 | N20: 50371/1 | O20: North | P20: 0804 | Q20: 336709 | R20: 44560 | S20: 46392 | T20: 1335000 | U20: 20 | V20: =T20*U20% -> 267000 | W20: =T20-V20 -> 1068000 | X20: 2.5 | Y20: =W20*X20% -> 26700 | AA20: paid | AB20: 1141072474 | AC20: 45688 | AD20: DISBURSED | AE20: 0 | AF20: KHI/HO/D/MO/PC COMP/C/103764/118/12/2024 | AG20: 26700 | AH20: =Y20-AG20 -> 0
A21: Renewal | B21: 50492/1 | C21: 45627 | D21: SALAAM TAKAFUL LTD | E21: KHI/HO/D/MO/PC COMP/C/103764/120/12/2024 | F21: 45655 | G21: 46019 | H21: NABI AHMED | I21: 6110118691361 | J21: SUZUKI ALTO VXR E-2 | K21: AWH-920 | L21: 203268 | M21: 1103168 | N21: 50492/1 | O21: North | P21: 0804 | Q21: 545709 | R21: 44561 | S21: 46392 | T21: 1335000 | U21: 20 | V21: =T21*U21% -> 267000 | W21: =T21-V21 -> 1068000 | X21: 2.5 | Y21: =W21*X21% -> 26700 | AA21: paid | AB21: 1141072474 | AC21: 45688 | AD21: DISBURSED | AE21: 0 | AF21: KHI/HO/D/MO/PC COMP/C/103764/120/12/2024 | AG21: 26700 | AH21: =Y21-AG21 -> 0
A22: Renewal | B22: 61581/1 | C22: 45627 | D22: SALAAM TAKAFUL LTD | E22: KHI/HO/D/MO/CV/C/104418/1/12/2024 | F22: 45641 | G22: 46005 | H22: ZEESHAN IDREES | I22: 3520283906469 | J22: SUZUKI RAVI VX EURO II | K22: CAM-3443 | L22: 387664 | M22: 492323 | N22: 61581/1 | O22: Central | P22: 0329 | Q22: 592814 | R22: 44914 | S22: 46027 | T22: 1424000 | U22: 15 | V22: =T22*U22% -> 213600 | W22: =T22-V22 -> 1210400 | X22: 2 | Y22: =W22*X22% -> 24208 | AA22: paid | AB22: 1141072474 | AC22: 45688 | AD22: DISBURSED | AE22: 0 | AF22: KHI/HO/D/MO/CV/C/104418/1/12/2024 | AG22: 24208 | AH22: =Y22-AG22 -> 0
A23: Renewal | B23: 61895/1 | C23: 45627 | D23: SALAAM TAKAFUL LTD | E23: KHI/HO/D/MO/CV/C/104418/2/12/2024 | F23: 45656 | G23: 46020 | H23: AHSAN REHMAN | I23: 1330256081477 | J23: SUZUKI RAVI VX EURO II | K23: TAB-766 | L23: 388133 | M23: 492793 | N23: 61895/1 | O23: North | P23: 0679 | Q23: 595193 | R23: 44925 | S23: 46757 | T23: 1424000 | U23: 15 | V23: =T23*U23% -> 213600 | W23: =T23-V23 -> 1210400 | X23: 2 | Y23: =W23*X23% -> 24208 | AA23: paid | AB23: 1141072474 | AC23: 45688 | AD23: DISBURSED | AE23: 0 | AF23: KHI/HO/D/MO/CV/C/104418/2/12/2024 | AG23: 24208 | AH23: =Y23-AG23 -> 0
A24: Renewal | B24: 45083/1 | C24: 45627 | D24: SALAAM TAKAFUL LTD | E24: KHI/HO/D/MO/PC COMP/C/103764/135/12/2024 | F24: 45636 | G24: 46000 | H24: MUHAMMAD ADNAN | I24: 6110176044205 | J24: SUZUKI ALTO VXR | K24: ASE-951 | L24: 146437 | M24: 1046411 | N24: 45083/1 | O24: North | P24: 0804 | Q24: 511544 | R24: 44176 | S24: 46361 | T24: 1433000 | U24: 25 | V24: =T24*U24% -> 358250 | W24: =T24-V24 -> 1074750 | X24: 2.5 | Y24: =W24*X24% -> 26868.75 | AA24: paid | AB24: 1141072474 | AC24: 45688 | AD24: DISBURSED | AE24: 0 | AF24: KHI/HO/D/MO/PC COMP/C/103764/135/12/2024 | AG24: 26869 | AH24: =Y24-AG24 -> -0.25
A25: Renewal | B25: 45113/1 | C25: 45627 | D25: SALAAM TAKAFUL LTD | E25: KHI/HO/D/MO/PC COMP/C/103764/146/12/2024 | F25: 45644 | G25: 46008 | H25: ALI NAWAZ | I25: 1730182223775 | J25: SUZUKI ALTO VXR | K25: ASH-432 | L25: 148245 | M25: 1048234 | N25: 45113/1 | O25: North | P25: 0822 | Q25: 510696 | R25: 44189 | S25: 46027 | T25: 1433000 | U25: 25 | V25: =T25*U25% -> 358250 | W25: =T25-V25 -> 1074750 | X25: 2.5 | Y25: =W25*X25% -> 26868.75 | AA25: paid | AB25: 1141072474 | AC25: 45688 | AD25: DISBURSED | AE25: 0 | AF25: KHI/HO/D/MO/PC COMP/C/103764/146/12/2024 | AG25: 26869 | AH25: =Y25-AG25 -> -0.25
A26: Renewal | B26: 45480/1 | C26: 45627 | D26: SALAAM TAKAFUL LTD | E26: KHI/HO/D/MO/PC COMP/C/103764/142/12/2024 | F26: 45657 | G26: 46021 | H26: ASAD ALI | I26: 3740525875351 | J26: SUZUKI ALTO VXR | K26: AMZ-064 | L26: 149313 | M26: 1049171 | N26: 45480/1 | O26: North | P26: 0804 | Q26: 442469 | R26: 44200 | S26: 46027 | T26: 1433000 | U26: 25 | V26: =T26*U26% -> 358250 | W26: =T26-V26 -> 1074750 | X26: 2.5 | Y26: =W26*X26% -> 26868.75 | AA26: paid | AB26: 1141072474 | AC26: 45688 | AD26: DISBURSED | AE26: 0 | AF26: KHI/HO/D/MO/PC COMP/C/103764/142/12/2024 | AG26: 26869 | AH26: =Y26-AG26 -> -0.25
A27: Renewal | B27: 58087/1 | C27: 45627 | D27: SALAAM TAKAFUL LTD | E27: KHI/HO/D/MO/PC COMP/C/103764/61/12/2024 | F27: 45653 | G27: 46017 | H27: MUHAMMAD ALI | I27: 3740599989567 | J27: SUZUKI ALTO VX | K27: BBC-732 | L27: 266053 | M27: 1166047 | N27: 58087/1 | O27: North | P27: 0804 | Q27: 578595 | R27: 44930 | S27: 46757 | T27: 1475000 | U27: 15 | V27: =T27*U27% -> 221250 | W27: =T27-V27 -> 1253750 | X27: 2 | Y27: =W27*X27% -> 25075 | AA27: paid | AB27: 1141072474 | AC27: 45688 | AD27: DISBURSED | AE27: 0 | AF27: KHI/HO/D/MO/PC COMP/C/103764/61/12/2024 | AG27: 25075 | AH27: =Y27-AG27 -> 0
A28: Renewal | B28: 53202/1 | C28: 45627 | D28: SALAAM TAKAFUL LTD | E28: KHI/HO/D/MO/PC COMP/C/103764/102/12/2024 | F28: 45646 | G28: 46010 | H28: RIZWAN YOUNAS | I28: 3520221879425 | J28: SUZUKI ALTO VXR E-2 | K28: AHF-137 | L28: 195246 | M28: 1095236 | N28: 53202/1 | O28: Central | P28: 0329 | Q28: 549667 | R28: 44558 | S28: 47123 | T28: 1508000 | U28: 20 | V28: =T28*U28% -> 301600 | W28: =T28-V28 -> 1206400 | X28: 1.75 | Y28: =W28*X28% -> 21112 | AA28: paid | AB28: 1141072474 | AC28: 45688 | AD28: DISBURSED | AE28: 0 | AF28: KHI/HO/D/MO/PC COMP/C/103764/102/12/2024 | AG28: 21112 | AH28: =Y28-AG28 -> 0
A29: Renewal | B29: 53403/1 | C29: 45627 | D29: SALAAM TAKAFUL LTD | E29: KHI/HO/D/MO/PC COMP/C/103764/114/12/2024 | F29: 45650 | G29: 46014 | H29: FAHAD YAQOOB BAJWA | I29: 3310216661929 | J29: SUZUKI ALTO | K29: AGD-695 | L29: 6R201944 | M29: NF1AET306H1101939 | N29: 53403/1 | O29: Central | P29: 0422 | Q29: 560255 | R29: 44560 | S29: 46392 | T29: 1508000 | U29: 20 | V29: =T29*U29% -> 301600 | W29: =T29-V29 -> 1206400 | X29: 1.75 | Y29: =W29*X29% -> 21112 | AA29: paid | AB29: 1141072474 | AC29: 45688 | AD29: DISBURSED | AE29: 0 | AF29: KHI/HO/D/MO/PC COMP/C/103764/114/12/2024 | AG29: 21112 | AH29: =Y29-AG29 -> 0
A30: Renewal | B30: 53482/1 | C30: 45627 | D30: SALAAM TAKAFUL LTD | E30: KHI/HO/D/MO/PC COMP/C/103764/123/12/2024 | F30: 45655 | G30: 46019 | H30: KHALID JAVED | I30: 3620120378495 | J30: SUZUKI ALTO VXR E-2 | K30: AGY-249 | L30: 195031 | M30: 1095013 | N30: 53482/1 | O30: Central | P30: 0471 | Q30: 558262 | R30: 44561 | S30: 46757 | T30: 1508000 | U30: 20 | V30: =T30*U30% -> 301600 | W30: =T30-V30 -> 1206400 | X30: 1.75 | Y30: =W30*X30% -> 21112 | AA30: paid | AB30: 1141072474 | AC30: 45688 | AD30: DISBURSED | AE30: 0 | AF30: KHI/HO/D/MO/PC COMP/C/103764/123/12/2024 | AG30: 21112 | AH30: =Y30-AG30 -> 0
A31: Renewal | B31: 53249/1 | C31: 45627 | D31: SALAAM TAKAFUL LTD | E31: KHI/HO/D/MO/PC COMP/C/103764/82/12/2024 | F31: 45635 | G31: 45999 | H31: FRANCIS BASHIR | I31: 3520228243895 | J31: CHANGAN KARVAAN PLUS | K31: AGE-389 | L31: 505976 | M31: 1010093 | N31: 53249/1 | O31: Central | P31: 0329 | Q31: 556753 | R31: 44553 | S31: 47123 | T31: 1539000 | U31: 20 | V31: =T31*U31% -> 307800 | W31: =T31-V31 -> 1231200 | X31: 1.75 | Y31: =W31*X31% -> 21546 | AA31: paid | AB31: 1141072474 | AC31: 45688 | AD31: DISBURSED | AE31: 0 | AF31: KHI/HO/D/MO/PC COMP/C/103764/82/12/2024 | AG31: 21546 | AH31: =Y31-AG31 -> 0
A32: Renewal | B32: 55736/1 | C32: 45627 | D32: SALAAM TAKAFUL LTD | E32: KHI/HO/D/MO/PC COMP/C/103764/41/12/2024 | F32: 45640 | G32: 46004 | H32: MIRZA MUHEET BAIG | I32: 4240108092267 | J32: SUZUKI ALTO VXR E-2 | K32: BXG-594 | L32: 254295 | M32: 1154290 | N32: 55736/1 | O32: South | P32: 0135 | Q32: 568402 | R32: 44915 | S32: 47123 | T32: 1546000 | U32: 15 | V32: =T32*U32% -> 231900 | W32: =T32-V32 -> 1314100 | X32: 2.5 | Y32: =W32*X32% -> 32852.5 | AA32: paid | AB32: 1141072474 | AC32: 45688 | AD32: DISBURSED | AE32: 0 | AF32: KHI/HO/D/MO/PC COMP/C/103764/41/12/2024 | AG32: 32853 | AH32: =Y32-AG32 -> -0.5
A33: Renewal | B33: 51249/1 | C33: 45627 | D33: SALAAM TAKAFUL LTD | E33: KHI/HO/D/MO/PC COMP/C/103764/119/12/2024 | F33: 45632 | G33: 45996 | H33: HAMID BIN RAIS | I33: 3310006886795 | J33: SUZUKI WAGON-R VXL E2 | K33: AGA-233 | L33: PK10B224670 | M33: A1J310PK10124683 | N33: 51249/1 | O33: Central | P33: 0423 | Q33: 543089 | R33: 44537 | S33: 47092 | T33: 1610000 | U33: 20 | V33: =T33*U33% -> 322000 | W33: =T33-V33 -> 1288000 | X33: 2.5 | Y33: =W33*X33% -> 32200 | AA33: paid | AB33: 1141072474 | AC33: 45688 | AD33: DISBURSED | AE33: 0 | AF33: KHI/HO/D/MO/PC COMP/C/103764/119/12/2024 | AG33: 32200 | AH33: =Y33-AG33 -> 0
A34: Renewal | B34: 50230/1 | C34: 45627 | D34: SALAAM TAKAFUL LTD | E34: KHI/HO/D/MO/PC COMP/C/103764/83/12/2024 | F34: 45635 | G34: 45999 | H34: MUHAMMAD ASIF RAZA | I34: 3520244469081 | J34: SUZUKI WAGON-R VXL E2 | K34: AGJ-413 | L34: 225285 | M34: 10125239 | N34: 50230/1 | O34: Central | P34: 0329 | Q34: 537464 | R34: 44544 | S34: 46361 | T34: 1610000 | U34: 20 | V34: =T34*U34% -> 322000 | W34: =T34-V34 -> 1288000 | X34: 2.5 | Y34: =W34*X34% -> 32200 | AA34: paid | AB34: 1141072474 | AC34: 45688 | AD34: DISBURSED | AE34: 0 | AF34: KHI/HO/D/MO/PC COMP/C/103764/83/12/2024 | AG34: 32200 | AH34: =Y34-AG34 -> 0
A35: Renewal | B35: 50251/1 | C35: 45627 | D35: SALAAM TAKAFUL LTD | E35: KHI/HO/D/MO/PC COMP/C/103764/104/12/2024 | F35: 45647 | G35: 46011 | H35: MUHAMMAD ABID SADIQ | I35: 3520270937527 | J35: SUZUKI WAGON R VXL | K35: AGD-524 | L35: PK10B225369 | M35: PK10125366 | N35: 50251/1 | O35: Central | P35: 0329 | Q35: 545261 | R35: 44568 | S35: 46392 | T35: 1610000 | U35: 20 | V35: =T35*U35% -> 322000 | W35: =T35-V35 -> 1288000 | X35: 2.5 | Y35: =W35*X35% -> 32200 | AA35: paid | AB35: 1141072474 | AC35: 45688 | AD35: DISBURSED | AE35: 0 | AF35: KHI/HO/D/MO/PC COMP/C/103764/104/12/2024 | AG35: 32200 | AH35: =Y35-AG35 -> 0
A36: Renewal | B36: 50703/1 | C36: 45627 | D36: SALAAM TAKAFUL LTD | E36: KHI/HO/D/MO/PC COMP/C/103764/129/12/2024 | F36: 45656 | G36: 46020 | H36: MUHAMMAD IFTIKHAR | I36: 3460161160157 | J36: SUZUKI WAGON-R VXL E2 | K36: AGQ-343 | L36: 226772 | M36: 10126782 | N36: 50703/1 | O36: Central | P36: 0329 | Q36: 542431 | R36: 44568 | S36: 46392 | T36: 1610000 | U36: 20 | V36: =T36*U36% -> 322000 | W36: =T36-V36 -> 1288000 | X36: 2.5 | Y36: =W36*X36% -> 32200 | AA36: paid | AB36: 1141072474 | AC36: 45688 | AD36: DISBURSED | AE36: 32 | AF36: KHI/HO/D/MO/PC COMP/C/103764/129/12/2024 | AG36: 32200 | AH36: =Y36-AG36 -> 0
A37: Renewal | B37: 45377/1 | C37: 45627 | D37: SALAAM TAKAFUL LTD | E37: KHI/HO/D/MO/PC COMP/C/103764/152/12/2024 | F37: 45649 | G37: 46013 | H37: MUKARRAM ZAIB | I37: 3520236597253 | J37: SUZUKI ALTO VXL AGS E-2 | K37: ABM-836 | L37: 147918 | M37: 1047908 | N37: 45377/1 | O37: Central | P37: 0329 | Q37: 515224 | R37: 44194 | S37: 46757 | T37: 1633000 | U37: 25 | V37: =T37*U37% -> 408250 | W37: =T37-V37 -> 1224750 | X37: 2.5 | Y37: =W37*X37% -> 30618.75 | AA37: paid | AB37: 1141072474 | AC37: 45688 | AD37: DISBURSED | AE37: 0 | AF37: KHI/HO/D/MO/PC COMP/C/103764/152/12/2024 | AG37: 30619 | AH37: =Y37-AG37 -> -0.25
A38: Renewal | B38: 45380/1 | C38: 45627 | D38: SALAAM TAKAFUL LTD | E38: KHI/HO/D/MO/PC COMP/C/103764/154/12/2024 | F38: 45650 | G38: 46014 | H38: AURANGZEB ABID | I38: 3520291006991 | J38: SUZUKI ALTO VXL AGS E-2 | K38: ABH-996 | L38: 147334 | M38: 1047245 | N38: 45380/1 | O38: Central | P38: 0329 | Q38: 513981 | R38: 44194 | S38: 46027 | T38: 1633000 | U38: 25 | V38: =T38*U38% -> 408250 | W38: =T38-V38 -> 1224750 | X38: 2.5 | Y38: =W38*X38% -> 30618.75 | AA38: paid | AB38: 1141072474 | AC38: 45688 | AD38: DISBURSED | AE38: 0 | AF38: KHI/HO/D/MO/PC COMP/C/103764/154/12/2024 | AG38: 30619 | AH38: =Y38-AG38 -> -0.25
A39: Renewal | B39: 45586/1 | C39: 45627 | D39: SALAAM TAKAFUL LTD | E39: KHI/HO/D/MO/PC COMP/C/103764/149/12/2024 | F39: 45657 | G39: 46021 | H39: MUHAMMAD WASIF | I39: 3520187823901 | J39: SUZUKI WAGON-R VXL E2 | K39: ABL-141 | L39: 206046 | M39: 10106049 | N39: 45586/1 | O39: Central | P39: 0329 | Q39: 515316 | R39: 44201 | S39: 46027 | T39: 1640000 | U39: 25 | V39: =T39*U39% -> 410000 | W39: =T39-V39 -> 1230000 | X39: 2.5 | Y39: =W39*X39% -> 30750 | AA39: paid | AB39: 1141072474 | AC39: 45688 | AD39: DISBURSED | AE39: 0 | AF39: KHI/HO/D/MO/PC COMP/C/103764/149/12/2024 | AG39: 30750 | AH39: =Y39-AG39 -> 0
A40: Renewal | B40: 53049/1 | C40: 45627 | D40: SALAAM TAKAFUL LTD | E40: KHI/HO/D/MO/PC COMP/C/103764/86/12/2024 | F40: 45636 | G40: 46000 | H40: MUHAMMAD SHAKEEL | I40: 3320330591451 | J40: SUZUKI WAGON-R VXL E2 | K40: LE-19-6108 | L40: 177771 | M40: 10077739 | N40: 53049/1 | O40: Central | P40: 0329 | Q40: 558096 | R40: 44544 | S40: 46361 | T40: 1650000 | U40: 20 | V40: =T40*U40% -> 330000 | W40: =T40-V40 -> 1320000 | X40: 1.75 | Y40: =W40*X40% -> 23100 | AA40: paid | AB40: 1141072474 | AC40: 45688 | AD40: DISBURSED | AE40: 0 | AF40: KHI/HO/D/MO/PC COMP/C/103764/86/12/2024 | AG40: 23100 | AH40: =Y40-AG40 -> 0
A41: Renewal | B41: 61962/1 | C41: 45627 | D41: SALAAM TAKAFUL LTD | E41: KHI/HO/D/MO/PC COMP/C/103764/73/12/2024 | F41: 45656 | G41: 46020 | H41: MUHAMMAD BILAL | I41: 3510307559247 | J41: SUZUKI WAGON-R VXL E2 | K41: ABB-711 | L41: B208239 | M41: K10108239 | N41: 61962/1 | O41: Central | P41: 0329 | Q41: 594818 | R41: 44926 | S41: 46757 | T41: 1700000 | U41: 15 | V41: =T41*U41% -> 255000 | W41: =T41-V41 -> 1445000 | X41: 2 | Y41: =W41*X41% -> 28900 | AA41: paid | AB41: 1141072474 | AC41: 45688 | AD41: DISBURSED | AE41: 0 | AF41: KHI/HO/D/MO/PC COMP/C/103764/73/12/2024 | AG41: 28900 | AH41: =Y41-AG41 -> 0
A42: Renewal | B42: 45594/1 | C42: 45627 | D42: SALAAM TAKAFUL LTD | E42: KHI/HO/D/MO/PC COMP/C/103764/153/12/2024 | F42: 45650 | G42: 46014 | H42: ARSHAD HUSSAIN | I42: 3210273484029 | J42: SUZUKI WAGON-R VXL E2 | K42: ABQ-466 | L42: 208526 | M42: 10108525 | N42: 45594/1 | O42: Central | P42: 0567 | Q42: 515947 | R42: 44201 | S42: 46027 | T42: 1730000 | U42: 25 | V42: =T42*U42% -> 432500 | W42: =T42-V42 -> 1297500 | X42: 2.5 | Y42: =W42*X42% -> 32437.5 | AA42: paid | AB42: 1141072474 | AC42: 45688 | AD42: DISBURSED | AE42: 0 | AF42: KHI/HO/D/MO/PC COMP/C/103764/153/12/2024 | AG42: 32438 | AH42: =Y42-AG42 -> -0.5
A43: Renewal | B43: 53459/1 | C43: 45627 | D43: SALAAM TAKAFUL LTD | E43: KHI/HO/D/MO/PC COMP/C/103764/81/12/2024 | F43: 45653 | G43: 46017 | H43: HEZKIEL HAFEEZ DANIEL | I43: 3520170853695 | J43: SUZUKI CULTUS | K43: LED-17-297 | L43: PK10K100897 | M43: H0000898 | N43: 53459/1 | O43: Central | P43: 0329 | Q43: 558794 | R43: 44561 | S43: 46392 | T43: 1730000 | U43: 20 | V43: =T43*U43% -> 346000 | W43: =T43-V43 -> 1384000 | X43: 1.75 | Y43: =W43*X43% -> 24220 | AA43: paid | AB43: 1141072474 | AC43: 45688 | AD43: DISBURSED | AE43: 0 | AF43: KHI/HO/D/MO/PC COMP/C/103764/81/12/2024 | AG43: 24220 | AH43: =Y43-AG43 -> 0
A44: Renewal | B44: 58005/1 | C44: 45627 | D44: SALAAM TAKAFUL LTD | E44: KHI/HO/D/MO/PC COMP/C/103764/43/12/2024 | F44: 45631 | G44: 45995 | H44: ABU BAKAR | I44: 3520256120783 | J44: SUZUKI ALTO | K44: AMM-371 | L44: 6R261550 | M44: 1161471 | N44: 58005/1 | O44: Central | P44: 0339 | Q44: 578855 | R44: 44902 | S44: 46727 | T44: 1733000 | U44: 15 | V44: =T44*U44% -> 259950 | W44: =T44-V44 -> 1473050 | X44: 2 | Y44: =W44*X44% -> 29461 | AA44: paid | AB44: 1141072474 | AC44: 45688 | AD44: DISBURSED | AE44: 0 | AF44: KHI/HO/D/MO/PC COMP/C/103764/43/12/2024 | AG44: 29461 | AH44: =Y44-AG44 -> 0
A45: Renewal | B45: 57982/1 | C45: 45627 | D45: SALAAM TAKAFUL LTD | E45: KHI/HO/D/MO/PC COMP/C/103764/79/12/2024 | F45: 45632 | G45: 45996 | H45: CHAUDHARY CHAN MEHMOOD | I45: 6110118733997 | J45: SUZUKI ALTO VXR | K45: BAY-966 | L45: 261281 | M45: 1161282 | N45: 57982/1 | O45: North | P45: 0804 | Q45: 576650 | R45: 44903 | S45: 45996 | T45: 1733000 | U45: 15 | V45: =T45*U45% -> 259950 | W45: =T45-V45 -> 1473050 | X45: 2 | Y45: =W45*X45% -> 29461 | AA45: paid | AB45: 1141072474 | AC45: 45688 | AD45: DISBURSED | AE45: 0 | AF45: KHI/HO/D/MO/PC COMP/C/103764/79/12/2024 | AG45: 29461 | AH45: =Y45-AG45 -> 0
A46: Renewal | B46: 58178/1 | C46: 45627 | D46: SALAAM TAKAFUL LTD | E46: KHI/HO/D/MO/PC COMP/C/103764/39/12/2024 | F46: 45640 | G46: 46004 | H46: GHULAM ABBAS | I46: 3520294600133 | J46: SUZUKI ALTO VXR E-2 | K46: AMR-474 | L46: 263165 | M46: 1163142 | N46: 58178/1 | O46: Central | P46: 0329 | Q46: 578352 | R46: 44918 | S46: 46027 | T46: 1733000 | U46: 15 | V46: =T46*U46% -> 259950 | W46: =T46-V46 -> 1473050 | X46: 2 | Y46: =W46*X46% -> 29461 | AA46: paid | AB46: 1141072474 | AC46: 45688 | AD46: DISBURSED | AE46: 0 | AF46: KHI/HO/D/MO/PC COMP/C/103764/39/12/2024 | AG46: 29461 | AH46: =Y46-AG46 -> 0
A47: Renewal | B47: 58345/2 | C47: 45627 | D47: SALAAM TAKAFUL LTD | E47: KHI/HO/D/MO/PC COMP/C/103764/64/12/2024 | F47: 45654 | G47: 46018 | H47: MUHAMMAD ZUBAIR | I47: 3520115827131 | J47: SUZUKI ALTO | K47: AMZ-445 | L47: 6R263222 | M47: 1163224 | N47: 58345/2 | O47: Central | P47: 0329 | Q47: 576354 | R47: 44925 | S47: 46757 | T47: 1733000 | U47: 15 | V47: =T47*U47% -> 259950 | W47: =T47-V47 -> 1473050 | X47: 2 | Y47: =W47*X47% -> 29461 | AA47: paid | AB47: 1141072474 | AC47: 45688 | AD47: DISBURSED | AE47: 0 | AF47: KHI/HO/D/MO/PC COMP/C/103764/64/12/2024 | AG47: 29461 | AH47: =Y47-AG47 -> 0
A48: Renewal | B48: 53447/1 | C48: 45627 | D48: SALAAM TAKAFUL LTD | E48: KHI/HO/D/MO/PC COMP/C/103764/116/12/2024 | F48: 45654 | G48: 46018 | H48: KHIZAR HAYAT | I48: 3520251049981 | J48: CHANGAN KARVAAN PLUS | K48: AFD-619 | L48: 501179 | M48: 1005912 | N48: 53447/1 | O48: Central | P48: 0329 | Q48: 392166 | R48: 44561 | S48: 46392 | T48: 1800000 | U48: 20 | V48: =T48*U48% -> 360000 | W48: =T48-V48 -> 1440000 | X48: 1.75 | Y48: =W48*X48% -> 25200 | AA48: paid | AB48: 1141072474 | AC48: 45688 | AD48: DISBURSED | AE48: 0 | AF48: KHI/HO/D/MO/PC COMP/C/103764/116/12/2024 | AG48: 25200 | AH48: =Y48-AG48 -> 0
A49: Renewal | B49: 61836/1 | C49: 45627 | D49: SALAAM TAKAFUL LTD | E49: KHI/HO/D/MO/PC COMP/C/103764/62/12/2024 | F49: 45654 | G49: 46018 | H49: SYED TAYYAR ALI | I49: 3520233460071 | J49: SUZUKI WAGON R VXL | K49: LE-19-5649 | L49: 175051 | M49: 10075059 | N49: 61836/1 | O49: Central | P49: 0329 | Q49: 591719 | R49: 44924 | S49: 46757 | T49: 1800000 | U49: 15 | V49: =T49*U49% -> 270000 | W49: =T49-V49 -> 1530000 | X49: 2 | Y49: =W49*X49% -> 30600 | AA49: paid | AB49: 1141072474 | AC49: 45688 | AD49: DISBURSED | AE49: 0 | AF49: KHI/HO/D/MO/PC COMP/C/103764/62/12/2024 | AG49: 30600 | AH49: =Y49-AG49 -> 0
A50: Renewal | B50: 61933/1 | C50: 45627 | D50: SALAAM TAKAFUL LTD | E50: KHI/HO/D/MO/PC COMP/C/103764/72/12/2024 | F50: 45656 | G50: 46020 | H50: MUHAMMAD ALI | I50: 3310047771995 | J50: SUZUKI CULTUS VXL EURO II | K50: LEC-19-6164 | L50: PK10K140688 | M50: NF1AVK31H10040689 | N50: 61933/1 | O50: Central | P50: 0423 | Q50: 594016 | R50: 44926 | S50: 46757 | T50: 1800000 | U50: 15 | V50: =T50*U50% -> 270000 | W50: =T50-V50 -> 1530000 | X50: 2 | Y50: =W50*X50% -> 30600 | AA50: paid | AB50: 1141072474 | AC50: 45688 | AD50: DISBURSED | AE50: 0 | AF50: KHI/HO/D/MO/PC COMP/C/103764/72/12/2024 | AG50: 30600 | AH50: =Y50-AG50 -> 0
A51: Renewal | B51: 53118/1 | C51: 45627 | D51: SALAAM TAKAFUL LTD | E51: KHI/HO/D/MO/PC COMP/C/103764/91/12/2024 | F51: 45640 | G51: 46004 | H51: SAFYAN AMJAD | I51: 3460183294289 | J51: SUZUKI WAGON-R VXL E2 | K51: AGY-273 | L51: 225800 | M51: 10125794 | N51: 53118/1 | O51: Central | P51: 0551 | Q51: 511844 | R51: 44550 | S51: 46392 | T51: 1852000 | U51: 20 | V51: =T51*U51% -> 370400 | W51: =T51-V51 -> 1481600 | X51: 1.75 | Y51: =W51*X51% -> 25928 | AA51: paid | AB51: 1141072474 | AC51: 45688 | AD51: DISBURSED | AE51: 0 | AF51: KHI/HO/D/MO/PC COMP/C/103764/91/12/2024 | AG51: 25928 | AH51: =Y51-AG51 -> 0
A52: Renewal | B52: 53170/1 | C52: 45627 | D52: SALAAM TAKAFUL LTD | E52: KHI/HO/D/MO/PC COMP/C/103764/97/12/2024 | F52: 45642 | G52: 46006 | H52: GHULAM MOHIUDIN AKRAM | I52: 3520205547117 | J52: SUZUKI WAGON-R VXL E2 | K52: AHJ-122 | L52: 225841 | M52: 10125818 | N52: 53170/1 | O52: Central | P52: 0329 | Q52: 445576 | R52: 44552 | S52: 46392 | T52: 1852000 | U52: 20 | V52: =T52*U52% -> 370400 | W52: =T52-V52 -> 1481600 | X52: 1.75 | Y52: =W52*X52% -> 25928 | AA52: paid | AB52: 1141072474 | AC52: 45688 | AD52: DISBURSED | AE52: 0 | AF52: KHI/HO/D/MO/PC COMP/C/103764/97/12/2024 | AG52: 25928 | AH52: =Y52-AG52 -> 0
A53: Renewal | B53: 53144/1 | C53: 45627 | D53: SALAAM TAKAFUL LTD | E53: KHI/HO/D/MO/PC COMP/C/103764/98/12/2024 | F53: 45642 | G53: 46006 | H53: MIRZA NAEEM BAIG | I53: 3520179385163 | J53: SUZUKI WAGON-R VXL E2 | K53: AGR-872 | L53: 224447 | M53: 10124450 | N53: 53144/1 | O53: Central | P53: 0329 | Q53: 355623 | R53: 44550 | S53: 46392 | T53: 1852000 | U53: 20 | V53: =T53*U53% -> 370400 | W53: =T53-V53 -> 1481600 | X53: 1.75 | Y53: =W53*X53% -> 25928 | AA53: paid | AB53: 1141072474 | AC53: 45688 | AD53: DISBURSED | AE53: 0 | AF53: KHI/HO/D/MO/PC COMP/C/103764/98/12/2024 | AG53: 25928 | AH53: =Y53-AG53 -> 0
A54: Renewal | B54: 53188/1 | C54: 45627 | D54: SALAAM TAKAFUL LTD | E54: KHI/HO/D/MO/PC COMP/C/103764/100/12/2024 | F54: 45643 | G54: 46007 | H54: SADAQAT ALI | I54: 3520188791119 | J54: SUZUKI WAGON-R VXL E2 | K54: AGK-979 | L54: 224559 | M54: 10124578 | N54: 53188/1 | O54: Central | P54: 0329 | Q54: 557759 | R54: 44552 | S54: 46392 | T54: 1852000 | U54: 20 | V54: =T54*U54% -> 370400 | W54: =T54-V54 -> 1481600 | X54: 1.75 | Y54: =W54*X54% -> 25928 | AA54: paid | AB54: 1141072474 | AC54: 45688 | AD54: DISBURSED | AE54: 0 | AF54: KHI/HO/D/MO/PC COMP/C/103764/100/12/2024 | AG54: 25928 | AH54: =Y54-AG54 -> 0
A55: Renewal | B55: 53267/1 | C55: 45627 | D55: SALAAM TAKAFUL LTD | E55: KHI/HO/D/MO/PC COMP/C/103764/101/12/2024 | F55: 45643 | G55: 46007 | H55: JAVED YOUSAF | I55: 3520225699747 | J55: SUZUKI WAGON-R VXL E2 | K55: AGT-104 | L55: 225796 | M55: 10125784 | N55: 53267/1 | O55: Central | P55: 0312 | Q55: 536066 | R55: 44554 | S55: 46392 | T55: 1852000 | U55: 20 | V55: =T55*U55% -> 370400 | W55: =T55-V55 -> 1481600 | X55: 1.75 | Y55: =W55*X55% -> 25928 | AA55: paid | AB55: 1141072474 | AC55: 45688 | AD55: DISBURSED | AE55: 0 | AF55: KHI/HO/D/MO/PC COMP/C/103764/101/12/2024 | AG55: 25928 | AH55: =Y55-AG55 -> 0
A56: Renewal | B56: 53349/1 | C56: 45627 | D56: SALAAM TAKAFUL LTD | E56: KHI/HO/D/MO/PC COMP/C/103764/103/12/2024 | F56: 45646 | G56: 46010 | H56: NISHAN ALI | I56: 3450209759541 | J56: SUZUKI WAGON-R VXL E2 | K56: AHC-871 | L56: 225739 | M56: 10125734 | N56: 53349/1 | O56: Central | P56: 0329 | Q56: 555239 | R56: 44559 | S56: 46392 | T56: 1852000 | U56: 20 | V56: =T56*U56% -> 370400 | W56: =T56-V56 -> 1481600 | X56: 1.75 | Y56: =W56*X56% -> 25928 | AA56: paid | AB56: 1141072474 | AC56: 45688 | AD56: DISBURSED | AE56: 0 | AF56: KHI/HO/D/MO/PC COMP/C/103764/103/12/2024 | AG56: 25928 | AH56: =Y56-AG56 -> 0
A57: Renewal | B57: 53615/1 | C57: 45627 | D57: SALAAM TAKAFUL LTD | E57: KHI/HO/D/MO/PC COMP/C/103764/126/12/2024 | F57: 45656 | G57: 46020 | H57: MALIK SHOAIB SHAHBAZ | I57: 3540118280215 | J57: SUZUKI WAGON-R VXL E2 | K57: AHE-528 | L57: PK10B225913 | M57: PK10125900 | N57: 53615/1 | O57: Central | P57: 0431 | Q57: 558062 | R57: 44561 | S57: 46392 | T57: 1852000 | U57: 20 | V57: =T57*U57% -> 370400 | W57: =T57-V57 -> 1481600 | X57: 1.75 | Y57: =W57*X57% -> 25928 | AA57: paid | AB57: 1141072474 | AC57: 45688 | AD57: DISBURSED | AE57: 0 | AF57: KHI/HO/D/MO/PC COMP/C/103764/126/12/2024 | AG57: 25928 | AH57: =Y57-AG57 -> 0
A58: Renewal | B58: 45583/1 | C58: 45627 | D58: SALAAM TAKAFUL LTD | E58: KHI/HO/D/MO/PC COMP/C/103764/148/12/2024 | F58: 45657 | G58: 46021 | H58: HAFIZ MUHAMMAD WAQAR AKRAM | I58: 3520267915709 | J58: SUZUKI WAGON-R VXL E2 | K58: ABQ-327 | L58: 208899 | M58: 10108858 | N58: 45583/1 | O58: Central | P58: 0329 | Q58: 517645 | R58: 44201 | S58: 46027 | T58: 1890000 | U58: 25 | V58: =T58*U58% -> 472500 | W58: =T58-V58 -> 1417500 | X58: 2.5 | Y58: =W58*X58% -> 35437.5 | AA58: paid | AB58: 1141072474 | AC58: 45688 | AD58: DISBURSED | AE58: 0 | AF58: KHI/HO/D/MO/PC COMP/C/103764/148/12/2024 | AG58: 35438 | AH58: =Y58-AG58 -> -0.5
A59: Renewal | B59: 68618/1 | C59: 45627 | D59: SALAAM TAKAFUL LTD | E59: KHI/HO/D/MO/PC COMP/C/103764/24/12/2024 | F59: 45655 | G59: 46019 | H59: FEROZ KHAN | I59: 5420299154065 | J59: SUZUKI ALTO VXR E-2 | K59: BQU-580 | L59: 6R111247 | M59: H1011005 | N59: 68618/1 | O59: South | P59: 0144 | Q59: 632665 | R59: 45290 | S59: 47123 | T59: 1900000 | U59: 10 | V59: =T59*U59% -> 190000 | W59: =T59-V59 -> 1710000 | X59: 2 | Y59: =W59*X59% -> 34200 | AA59: paid | AB59: 1141072474 | AC59: 45688 | AD59: DISBURSED | AE59: 0 | AF59: KHI/HO/D/MO/PC COMP/C/103764/24/12/2024 | AG59: 34200 | AH59: =Y59-AG59 -> 0
A60: Renewal | B60: 57390/1 | C60: 45627 | D60: SALAAM TAKAFUL LTD | E60: KHI/HO/D/MO/PC COMP/C/103764/34/12/2024 | F60: 45628 | G60: 45992 | H60: GULZAR ALI | I60: 4240149334545 | J60: SUZUKI ALTO | K60: BXZ-355 | L60: R 261796 | M60: 1161803 | N60: 57390/1 | O60: South | P60: 0135 | Q60: 575804 | R60: 44902 | S60: 45996 | T60: 1951000 | U60: 15 | V60: =T60*U60% -> 292650 | W60: =T60-V60 -> 1658350 | X60: 2.5 | Y60: =W60*X60% -> 41458.75 | AA60: paid | AB60: 1141072474 | AC60: 45688 | AD60: DISBURSED | AE60: 0 | AF60: KHI/HO/D/MO/PC COMP/C/103764/34/12/2024 | AG60: 41459 | AH60: =Y60-AG60 -> -0.25
A61: Renewal | B61: 57427/1 | C61: 45627 | D61: SALAAM TAKAFUL LTD | E61: KHI/HO/D/MO/PC COMP/C/103764/44/12/2024 | F61: 45642 | G61: 46006 | H61: NASIR MEHMOOD | I61: 3520230360675 | J61: SUZUKI ALTO VXR E-2 | K61: AMR-485 | L61: 263228 | M61: 1163233 | N61: 57427/1 | O61: Central | P61: 0306 | Q61: 549949 | R61: 44914 | S61: 46757 | T61: 1951000 | U61: 15 | V61: =T61*U61% -> 292650 | W61: =T61-V61 -> 1658350 | X61: 2.5 | Y61: =W61*X61% -> 41458.75 | AA61: paid | AB61: 1141072474 | AC61: 45688 | AD61: DISBURSED | AE61: 0 | AF61: KHI/HO/D/MO/PC COMP/C/103764/44/12/2024 | AG61: 41459 | AH61: =Y61-AG61 -> -0.25
A62: Renewal | B62: 57484/1 | C62: 45627 | D62: SALAAM TAKAFUL LTD | E62: KHI/HO/D/MO/PC COMP/C/103764/47/12/2024 | F62: 45645 | G62: 46009 | H62: MUHAMMAD TANVEER | I62: 4230110409881 | J62: SUZUKI ALTO VXL AGS E-2 | K62: BYG-307 | L62: 264910 | M62: 1163725 | N62: 57484/1 | O62: South | P62: 0150 | Q62: 367479 | R62: 44916 | S62: 46757 | T62: 1951000 | U62: 15 | V62: =T62*U62% -> 292650 | W62: =T62-V62 -> 1658350 | X62: 2.5 | Y62: =W62*X62% -> 41458.75 | AA62: paid | AB62: 1141072474 | AC62: 45688 | AD62: DISBURSED | AE62: 0 | AF62: KHI/HO/D/MO/PC COMP/C/103764/47/12/2024 | AG62: 41459 | AH62: =Y62-AG62 -> -0.25
A63: Renewal | B63: 58055/1 | C63: 45627 | D63: SALAAM TAKAFUL LTD | E63: KHI/HO/D/MO/PC COMP/C/103764/48/12/2024 | F63: 45646 | G63: 46010 | H63: ALI ZULFIQAR | I63: 3520139499911 | J63: SUZUKI ALTO VXL AGS | K63: ANQ-576 | L63: 263317 | M63: 1163311 | N63: 58055/1 | O63: Central | P63: 0329 | Q63: 393555 | R63: 44916 | S63: 46392 | T63: 1951000 | U63: 15 | V63: =T63*U63% -> 292650 | W63: =T63-V63 -> 1658350 | X63: 2 | Y63: =W63*X63% -> 33167 | AA63: paid | AB63: 1141072474 | AC63: 45688 | AD63: DISBURSED | AE63: 0 | AF63: KHI/HO/D/MO/PC COMP/C/103764/48/12/2024 | AG63: 33167 | AH63: =Y63-AG63 -> 0
A64: Renewal | B64: 56131/1 | C64: 45627 | D64: SALAAM TAKAFUL LTD | E64: KHI/HO/D/MO/PC COMP/C/103764/65/12/2024 | F64: 45654 | G64: 46018 | H64: MASAB HUSSAIN SHAH | I64: 3630303643515 | J64: SUZUKI ALTO VXL | K64: AMT-554 | L64: 261838 | M64: 1161816 | N64: 56131/1 | O64: Central | P64: 0431 | Q64: 565039 | R64: 44925 | S64: 46757 | T64: 1951000 | U64: 15 | V64: =T64*U64% -> 292650 | W64: =T64-V64 -> 1658350 | X64: 2.5 | Y64: =W64*X64% -> 41458.75 | AA64: paid | AB64: 1141072474 | AC64: 45688 | AD64: DISBURSED | AE64: 0 | AF64: KHI/HO/D/MO/PC COMP/C/103764/65/12/2024 | AG64: 41459 | AH64: =Y64-AG64 -> -0.25
A65: Renewal | B65: 45352/1 | C65: 45627 | D65: SALAAM TAKAFUL LTD | E65: KHI/HO/D/MO/PC COMP/C/103764/151/12/2024 | F65: 45649 | G65: 46013 | H65: SHAHZAD - | I65: 3520230507453 | J65: SUZUKI CULTUS VXL EURO II | K65: ABK-758 | L65: 165030 | M65: 10065406 | N65: 45352/1 | O65: Central | P65: 0329 | Q65: 514773 | R65: 44193 | S65: 46027 | T65: 1970000 | U65: 25 | V65: =T65*U65% -> 492500 | W65: =T65-V65 -> 1477500 | X65: 2.5 | Y65: =W65*X65% -> 36937.5 | AA65: paid | AB65: 1141072474 | AC65: 45688 | AD65: DISBURSED | AE65: 0 | AF65: KHI/HO/D/MO/PC COMP/C/103764/151/12/2024 | AG65: 36938 | AH65: =Y65-AG65 -> -0.5
A66: Renewal | B66: 61446/1 | C66: 45627 | D66: SALAAM TAKAFUL LTD | E66: KHI/HO/D/MO/PC COMP/C/103764/77/12/2024 | F66: 45632 | G66: 45996 | H66: DILSHAD ALI | I66: 3310206570697 | J66: SUZUKI ALTO VXR E-2 | K66: ALU-139 | L66: 6R221168 | M66: NF1AET306H1121181 | N66: 61446/1 | O66: Central | P66: 0421 | Q66: 308674 | R66: 44911 | S66: 46757 | T66: 1976000 | U66: 15 | V66: =T66*U66% -> 296400 | W66: =T66-V66 -> 1679600 | X66: 2.5 | Y66: =W66*X66% -> 41990 | AA66: paid | AB66: 1141072474 | AC66: 45688 | AD66: DISBURSED | AE66: 0 | AF66: KHI/HO/D/MO/PC COMP/C/103764/77/12/2024 | AG66: 41990 | AH66: =Y66-AG66 -> 0
A67: Renewal | B67: 61951/1 | C67: 45627 | D67: SALAAM TAKAFUL LTD | E67: KHI/HO/D/MO/PC COMP/C/103764/75/12/2024 | F67: 45656 | G67: 46020 | H67: NOOR UL HUDA | I67: 3120247532750 | J67: SUZUKI ALTO VXR E-2 | K67: AND-917 | L67: 267191 | M67: 1167202 | N67: 61951/1 | O67: Central | P67: 0471 | Q67: 595833 | R67: 44926 | S67: 46757 | T67: 1976000 | U67: 15 | V67: =T67*U67% -> 296400 | W67: =T67-V67 -> 1679600 | X67: 2 | Y67: =W67*X67% -> 33592 | AA67: paid | AB67: 1141072474 | AC67: 45688 | AD67: DISBURSED | AE67: 0 | AF67: KHI/HO/D/MO/PC COMP/C/103764/75/12/2024 | AG67: 33592 | AH67: =Y67-AG67 -> 0
A68: Renewal | B68: 68884/1 | C68: 45627 | D68: SALAAM TAKAFUL LTD | E68: KHI/HO/D/MO/PC COMP/C/103764/33/12/2024 | F68: 45637 | G68: 46001 | H68: MUHAMMAD BILAL | I68: 3520294636851 | J68: SUZUKI ALTO | K68: ADB-390 | L68: 6R148460 | M68: H1048471 | N68: 68884/1 | O68: Central | P68: 0329 | Q68: 633638 | R68: 45272 | S68: 45996 | T68: 2000000 | U68: 10 | V68: =T68*U68% -> 200000 | W68: =T68-V68 -> 1800000 | X68: 2 | Y68: =W68*X68% -> 36000 | AA68: paid | AB68: 1141072474 | AC68: 45688 | AD68: DISBURSED | AE68: 0 | AF68: KHI/HO/D/MO/PC COMP/C/103764/33/12/2024 | AG68: 36000 | AH68: =Y68-AG68 -> 0
A69: Renewal | B69: 53336/1 | C69: 45627 | D69: SALAAM TAKAFUL LTD | E69: KHI/HO/D/MO/PC COMP/C/103764/106/12/2024 | F69: 45648 | G69: 46012 | H69: NASEEM ABBAS BHATTI | I69: 3640133636213 | J69: SUZUKI CULTUS VXL EURO II | K69: ABD-733 | L69: 164970 | M69: 10064942 | N69: 53336/1 | O69: Central | P69: 0555 | Q69: 556548 | R69: 44559 | S69: 46392 | T69: 2000000 | U69: 20 | V69: =T69*U69% -> 400000 | W69: =T69-V69 -> 1600000 | X69: 1.75 | Y69: =W69*X69% -> 28000 | AA69: paid | AB69: 1141072474 | AC69: 45688 | AD69: DISBURSED | AE69: 0 | AF69: KHI/HO/D/MO/PC COMP/C/103764/106/12/2024 | AG69: 28000 | AH69: =Y69-AG69 -> 0
A70: Renewal | B70: 45500/1 | C70: 45627 | D70: SALAAM TAKAFUL LTD | E70: KHI/HO/D/MO/PC COMP/C/103764/137/12/2024 | F70: 45655 | G70: 46019 | H70: ZAHID ALI | I70: 3520241598629 | J70: HONDA CITY I-VTEC (M/T) | K70: LEA-16-7327 | L70: L13Z17435512 | M70: NFBGM1544FR174818 | N70: 45500/1 | O70: Central | P70: 0329 | Q70: 516205 | R70: 44201 | S70: 46027 | T70: 2000000 | U70: 25 | V70: =T70*U70% -> 500000 | W70: =T70-V70 -> 1500000 | X70: 2.5 | Y70: =W70*X70% -> 37500 | AA70: paid | AB70: 1141072474 | AC70: 45688 | AD70: DISBURSED | AE70: 0 | AF70: KHI/HO/D/MO/PC COMP/C/103764/137/12/2024 | AG70: 37500 | AH70: =Y70-AG70 -> 0
A71: Renewal | B71: 69239/1 | C71: 45627 | D71: SALAAM TAKAFUL LTD | E71: KHI/HO/D/MO/PC COMP/C/103764/25/12/2024 | F71: 45655 | G71: 46019 | H71: EFFAT PASHA | I71: 3630248212953 | J71: SUZUKI ALTO VXR E-2 | K71: LEH-19-3742 | L71: 6R106428 | M71: 1006434 | N71: 69239/1 | O71: Central | P71: 0431 | Q71: 593571 | R71: 45290 | S71: 46757 | T71: 2000000 | U71: 10 | V71: =T71*U71% -> 200000 | W71: =T71-V71 -> 1800000 | X71: 2 | Y71: =W71*X71% -> 36000 | AA71: paid | AB71: 1141072474 | AC71: 45688 | AD71: DISBURSED | AE71: 0 | AF71: KHI/HO/D/MO/PC COMP/C/103764/25/12/2024 | AG71: 36000 | AH71: =Y71-AG71 -> 0
A72: Renewal | B72: 52600/1 | C72: 45627 | D72: SALAAM TAKAFUL LTD | E72: KHI/HO/D/MO/PC COMP/C/103764/127/12/2024 | F72: 45656 | G72: 46020 | H72: NASEER AHMED | I72: 3630269390905 | J72: SUZUKI WAGON R VXL AGS | K72: AGN-247 | L72: B226622 | M72: 10126617 | N72: 52600/1 | O72: Central | P72: 0432 | Q72: 423307 | R72: 44568 | S72: 46392 | T72: 2024000 | U72: 20 | V72: =T72*U72% -> 404800 | W72: =T72-V72 -> 1619200 | X72: 1.75 | Y72: =W72*X72% -> 28336 | AA72: paid | AB72: 1141072474 | AC72: 45688 | AD72: DISBURSED | AE72: 0 | AF72: KHI/HO/D/MO/PC COMP/C/103764/127/12/2024 | AG72: 28336 | AH72: =Y72-AG72 -> 0
A73: Renewal | B73: 68407/1 | C73: 45627 | D73: SALAAM TAKAFUL LTD | E73: KHI/HO/D/MO/PC COMP/C/103764/30/12/2024 | F73: 45637 | G73: 46001 | H73: NAVEED NISAR | I73: 3520123756065 | J73: SUZUKI ALTO VXR | K73: APW-427 | L73: R118700 | M73: H1018668 | N73: 68407/1 | O73: Central | P73: 0329 | Q73: 632039 | R73: 45274 | S73: 47092 | T73: 2100000 | U73: 10 | V73: =T73*U73% -> 210000 | W73: =T73-V73 -> 1890000 | X73: 2 | Y73: =W73*X73% -> 37800 | AA73: paid | AB73: 1141072474 | AC73: 45688 | AD73: DISBURSED | AE73: 0 | AF73: KHI/HO/D/MO/PC COMP/C/103764/30/12/2024 | AG73: 37800 | AH73: =Y73-AG73 -> 0
A74: Renewal | B74: 53149/1 | C74: 45627 | D74: SALAAM TAKAFUL LTD | E74: KHI/HO/D/MO/PC COMP/C/103764/96/12/2024 | F74: 45641 | G74: 46005 | H74: MUHAMMAD AFZAL | I74: 6110165617719 | J74: SUZUKI CULTUS VXL | K74: AWG-448 | L74: 189802 | M74: 10090188 | N74: 53149/1 | O74: North | P74: 0804 | Q74: 556898 | R74: 44551 | S74: 46392 | T74: 2105000 | U74: 20 | V74: =T74*U74% -> 421000 | W74: =T74-V74 -> 1684000 | X74: 1.75 | Y74: =W74*X74% -> 29470 | AA74: paid | AB74: 1141072474 | AC74: 45688 | AD74: DISBURSED | AE74: 0 | AF74: KHI/HO/D/MO/PC COMP/C/103764/96/12/2024 | AG74: 29470 | AH74: =Y74-AG74 -> 0
A75: Renewal | B75: 53743/1 | C75: 45627 | D75: SALAAM TAKAFUL LTD | E75: KHI/HO/D/MO/PC COMP/C/103764/133/12/2024 | F75: 45657 | G75: 46021 | H75: AHSAN AMAN ULLAH | I75: 3450144355481 | J75: SUZUKI CULTUS VXL EURO II | K75: AHE-825 | L75: 190869 | M75: 1009083 | N75: 53743/1 | O75: Central | P75: 0329 | Q75: 557734 | R75: 44565 | S75: 47123 | T75: 2105000 | U75: 20 | V75: =T75*U75% -> 421000 | W75: =T75-V75 -> 1684000 | X75: 1.75 | Y75: =W75*X75% -> 29470 | AA75: paid | AB75: 1141072474 | AC75: 45688 | AD75: DISBURSED | AE75: 0 | AF75: KHI/HO/D/MO/PC COMP/C/103764/133/12/2024 | AG75: 29470 | AH75: =Y75-AG75 -> 0
A76: Renewal | B76: 61692/1 | C76: 45627 | D76: SALAAM TAKAFUL LTD | E76: KHI/HO/D/MO/PC COMP/C/103764/50/12/2024 | F76: 45647 | G76: 46011 | H76: ALI HAMZA | I76: 6110190650993 | J76: SUZUKI WAGON R VXL AGS | K76: BBA-983 | L76: 259682 | M76: 1159713 | N76: 61692/1 | O76: North | P76: 0804 | Q76: 590907 | R76: 44921 | S76: 46757 | T76: 2120000 | U76: 15 | V76: =T76*U76% -> 318000 | W76: =T76-V76 -> 1802000 | X76: 2 | Y76: =W76*X76% -> 36040 | AA76: paid | AB76: 1141072474 | AC76: 45688 | AD76: DISBURSED | AE76: 0 | AF76: KHI/HO/D/MO/PC COMP/C/103764/50/12/2024 | AG76: 36040 | AH76: =Y76-AG76 -> 0
A77: Renewal | B77: 61918/1 | C77: 45627 | D77: SALAAM TAKAFUL LTD | E77: KHI/HO/D/MO/PC COMP/C/103764/74/12/2024 | F77: 45656 | G77: 46020 | H77: LARAIB CHAUDHRY | I77: 3430259810422 | J77: SUZUKI ALTO VXL AGS | K77: BBF-106 | L77: 255968 | M77: 1155839 | N77: 61918/1 | O77: North | P77: 0804 | Q77: 596148 | R77: 44925 | S77: 46757 | T77: 2223000 | U77: 15 | V77: =T77*U77% -> 333450 | W77: =T77-V77 -> 1889550 | X77: 2 | Y77: =W77*X77% -> 37791 | AA77: paid | AB77: 1141072474 | AC77: 45688 | AD77: DISBURSED | AE77: 0 | AF77: KHI/HO/D/MO/PC COMP/C/103764/74/12/2024 | AG77: 37791 | AH77: =Y77-AG77 -> 0
A78: Renewal | B78: 61943/1 | C78: 45627 | D78: SALAAM TAKAFUL LTD | E78: KHI/HO/D/MO/PC COMP/C/103764/76/12/2024 | F78: 45656 | G78: 46020 | H78: TARIQ MEHMOOD | I78: 1430128591205 | J78: SUZUKI ALTO VXL AGS E-2 | K78: AFR | L78: 268352 | M78: 1168324 | N78: 61943/1 | O78: North | P78: 0804 | Q78: 595766 | R78: 44926 | S78: 46757 | T78: 2223000 | U78: 15 | V78: =T78*U78% -> 333450 | W78: =T78-V78 -> 1889550 | X78: 2 | Y78: =W78*X78% -> 37791 | AA78: paid | AB78: 1141072474 | AC78: 45688 | AD78: DISBURSED | AE78: 0 | AF78: KHI/HO/D/MO/PC COMP/C/103764/76/12/2024 | AG78: 37791 | AH78: =Y78-AG78 -> 0
A79: Renewal | B79: 53648/1 | C79: 45627 | D79: SALAAM TAKAFUL LTD | E79: KHI/HO/D/MO/PC COMP/C/103764/131/12/2024 | F79: 45657 | G79: 46021 | H79: SHAN ELAHI | I79: 3520150572289 | J79: SUZUKI CULTUS VXL EURO II | K79: AHF-940 | L79: 190764 | M79: 10090682 | N79: 53648/1 | O79: Central | P79: 0329 | Q79: 561132 | R79: 44565 | S79: 47123 | T79: 2272000 | U79: 20 | V79: =T79*U79% -> 454400 | W79: =T79-V79 -> 1817600 | X79: 1.75 | Y79: =W79*X79% -> 31808 | AA79: paid | AB79: 1141072474 | AC79: 45688 | AD79: DISBURSED | AE79: 0 | AF79: KHI/HO/D/MO/PC COMP/C/103764/131/12/2024 | AG79: 31808 | AH79: =Y79-AG79 -> 0
A80: Renewal | B80: 51327/1 | C80: 45627 | D80: SALAAM TAKAFUL LTD | E80: KHI/HO/D/MO/PC COMP/C/103764/95/12/2024 | F80: 45641 | G80: 46005 | H80: WAQAS HUSSAIN | I80: 3520241593963 | J80: TOYOTA YARIS GLI MT | K80: AGN-338 | L80: 2A42401 | M80: 7026621 | N80: 51327/1 | O80: Central | P80: 0329 | Q80: 542678 | R80: 44547 | S80: 47123 | T80: 2443000 | U80: 20 | V80: =T80*U80% -> 488600 | W80: =T80-V80 -> 1954400 | X80: 2.5 | Y80: =W80*X80% -> 48860 | AA80: paid | AB80: 1141072474 | AC80: 45688 | AD80: DISBURSED | AE80: 0 | AF80: KHI/HO/D/MO/PC COMP/C/103764/95/12/2024 | AG80: 48860 | AH80: =Y80-AG80 -> 0
A81: Renewal | B81: 61751/1 | C81: 45627 | D81: SALAAM TAKAFUL LTD | E81: KHI/HO/D/MO/PC COMP/C/103764/52/12/2024 | F81: 45648 | G81: 46012 | H81: ARSHAD LATIF SIDDIQUE | I81: 3210210269291 | J81: KIA PICANTO 1.0L A/T | K81: ASH-157 | L81: 81507 | M81: 704135 | N81: 61751/1 | O81: Central | P81: 0339 | Q81: 479727 | R81: 44922 | S81: 46757 | T81: 2450000 | U81: 15 | V81: =T81*U81% -> 367500 | W81: =T81-V81 -> 2082500 | X81: 2 | Y81: =W81*X81% -> 41650 | AA81: paid | AB81: 1141072474 | AC81: 45688 | AD81: DISBURSED | AE81: 0 | AF81: KHI/HO/D/MO/PC COMP/C/103764/52/12/2024 | AG81: 41650 | AH81: =Y81-AG81 -> 0
A82: Renewal | B82: 68893/1 | C82: 45627 | D82: SALAAM TAKAFUL LTD | E82: KHI/HO/D/MO/PC COMP/C/103764/32/12/2024 | F82: 45637 | G82: 46001 | H82: MUHAMMAD ASHRAF BHUTTA | I82: 3520207653881 | J82: CHANGAN KARVAAN PLUS | K82: ANF-953 | L82: 503257 | M82: 1015662 | N82: 68893/1 | O82: Central | P82: 0329 | Q82: 437307 | R82: 45272 | S82: 46361 | T82: 2500000 | U82: 10 | V82: =T82*U82% -> 250000 | W82: =T82-V82 -> 2250000 | X82: 2 | Y82: =W82*X82% -> 45000 | AA82: paid | AB82: 1141072474 | AC82: 45688 | AD82: DISBURSED | AE82: 0 | AF82: KHI/HO/D/MO/PC COMP/C/103764/32/12/2024 | AG82: 45000 | AH82: =Y82-AG82 -> 0
A83: Renewal | B83: 53573/1 | C83: 45627 | D83: SALAAM TAKAFUL LTD | E83: KHI/HO/D/MO/PC COMP/C/103764/125/12/2024 | F83: 45655 | G83: 46019 | H83: MUHAMMAD ATIF | I83: 3520191644019 | J83: HONDA CITY I-VTEC (M/T) | K83: LEC-18A-311 | L83: L13Z17518392 | M83: JR233657 | N83: 53573/1 | O83: Central | P83: 0329 | Q83: 558607 | R83: 44561 | S83: 46392 | T83: 2500000 | U83: 20 | V83: =T83*U83% -> 500000 | W83: =T83-V83 -> 2000000 | X83: 1.75 | Y83: =W83*X83% -> 35000 | AA83: paid | AB83: 1141072474 | AC83: 45688 | AD83: DISBURSED | AE83: 0 | AF83: KHI/HO/D/MO/PC COMP/C/103764/125/12/2024 | AG83: 35000 | AH83: =Y83-AG83 -> 0
A84: Renewal | B84: 45571/1 | C84: 45627 | D84: SALAAM TAKAFUL LTD | E84: KHI/HO/D/MO/PC COMP/C/103764/143/12/2024 | F84: 45657 | G84: 46021 | H84: SYED M MUBEEN SHAHZAD BUKHARI | I84: 6110118877541 | J84: HONDA CIVIC VTI ORIEL PT | K84: LEE-15-4650 | L84: 14042954 | M84: 126720 | N84: 45571/1 | O84: Central | P84: 0329 | Q84: 393594 | R84: 44201 | S84: 46027 | T84: 2500000 | U84: 25 | V84: =T84*U84% -> 625000 | W84: =T84-V84 -> 1875000 | X84: 2.5 | Y84: =W84*X84% -> 46875 | AA84: paid | AB84: 1141072474 | AC84: 45688 | AD84: DISBURSED | AE84: 0 | AF84: KHI/HO/D/MO/PC COMP/C/103764/143/12/2024 | AG84: 46875 | AH84: =Y84-AG84 -> 0
A85: Renewal | B85: 61801/1 | C85: 45627 | D85: SALAAM TAKAFUL LTD | E85: KHI/HO/D/MO/PC COMP/C/103764/46/12/2024 | F85: 45642 | G85: 46006 | H85: RIZWAN ALEEM | I85: 3630281189507 | J85: SUZUKI WAGON-R VXL E2 | K85: ANF-376 | L85: 239783 | M85: 10139763 | N85: 61801/1 | O85: Central | P85: 0431 | Q85: 578497 | R85: 44923 | S85: 46757 | T85: 2564000 | U85: 15 | V85: =T85*U85% -> 384600 | W85: =T85-V85 -> 2179400 | X85: 2 | Y85: =W85*X85% -> 43588 | AA85: paid | AB85: 1141072474 | AC85: 45688 | AD85: DISBURSED | AE85: 0 | AF85: KHI/HO/D/MO/PC COMP/C/103764/46/12/2024 | AG85: 43588 | AH85: =Y85-AG85 -> 0
A86: Renewal | B86: 61807/2 | C86: 45627 | D86: SALAAM TAKAFUL LTD | E86: KHI/HO/D/MO/PC COMP/C/103764/57/12/2024 | F86: 45652 | G86: 46016 | H86: MUHAMMAD QASIM UMAR KHAN | I86: 3310355708065 | J86: SUZUKI WAGON-R VXL E2 | K86: BBD-931 | L86: 243107 | M86: 10143100 | N86: 61807/2 | O86: Central | P86: 0423 | Q86: 595186 | R86: 44924 | S86: 46757 | T86: 2564000 | U86: 15 | V86: =T86*U86% -> 384600 | W86: =T86-V86 -> 2179400 | X86: 2 | Y86: =W86*X86% -> 43588 | AA86: paid | AB86: 1141072474 | AC86: 45688 | AD86: DISBURSED | AE86: 0 | AF86: KHI/HO/D/MO/PC COMP/C/103764/57/12/2024 | AG86: 43588 | AH86: =Y86-AG86 -> 0
A87: Renewal | B87: 53302/1 | C87: 45627 | D87: SALAAM TAKAFUL LTD | E87: KHI/HO/D/MO/PC COMP/C/103764/108/12/2024 | F87: 45648 | G87: 46012 | H87: MANNAN ATIQ SHEIKH | I87: 3520125707887 | J87: CHANGAN ALSVIN LUMEIRE | K87: AGF-204 | L87: 518061 | M87: 1003892 | N87: 53302/1 | O87: Central | P87: 0329 | Q87: 554811 | R87: 44558 | S87: 46027 | T87: 2589000 | U87: 20 | V87: =T87*U87% -> 517800 | W87: =T87-V87 -> 2071200 | X87: 1.75 | Y87: =W87*X87% -> 36246 | AA87: paid | AB87: 1141072474 | AC87: 45688 | AD87: DISBURSED | AE87: 0 | AF87: KHI/HO/D/MO/PC COMP/C/103764/108/12/2024 | AG87: 36246 | AH87: =Y87-AG87 -> 0
A88: Renewal | B88: 68526/1 | C88: 45627 | D88: SALAAM TAKAFUL LTD | E88: KHI/HO/D/MO/PC COMP/C/103764/10/12/2024 | F88: 45647 | G88: 46011 | H88: MUHAMMAD SHOAIB | I88: 3520297470853 | J88: KIA PICANTO 1.0L A/T | K88: ABR-656 | L88: P072517 | M88: KP703837 | N88: 68526/1 | O88: Central | P88: 0329 | Q88: 632382 | R88: 45282 | S88: 47123 | T88: 2600000 | U88: 10 | V88: =T88*U88% -> 260000 | W88: =T88-V88 -> 2340000 | X88: 2 | Y88: =W88*X88% -> 46800 | AA88: paid | AB88: 1141072474 | AC88: 45688 | AD88: DISBURSED | AE88: 0 | AF88: KHI/HO/D/MO/PC COMP/C/103764/10/12/2024 | AG88: 46800 | AH88: =Y88-AG88 -> 0
A89: Renewal | B89: 68602/1 | C89: 45627 | D89: SALAAM TAKAFUL LTD | E89: KHI/HO/D/MO/PC COMP/C/103764/9/12/2024 | F89: 45646 | G89: 46010 | H89: HABIB UR REHMAN | I89: 3740155826327 | J89: SUZUKI ALTO VXR | K89: BDB-172 | L89: R289570 | M89: H1189586 | N89: 68602/1 | O89: North | P89: 0804 | Q89: 337641 | R89: 45286 | S89: 47123 | T89: 2612000 | U89: 10 | V89: =T89*U89% -> 261200 | W89: =T89-V89 -> 2350800 | X89: 2 | Y89: =W89*X89% -> 47016 | AA89: paid | AB89: 1141072474 | AC89: 45688 | AD89: DISBURSED | AE89: 0 | AF89: KHI/HO/D/MO/PC COMP/C/103764/9/12/2024 | AG89: 47016 | AH89: =Y89-AG89 -> 0
A90: Renewal | B90: 68996/2 | C90: 45627 | D90: SALAAM TAKAFUL LTD | E90: KHI/HO/D/MO/PC COMP/C/103764/12/12/2024 | F90: 45649 | G90: 46013 | H90: FAISAL . | I90: 4230157367699 | J90: SUZUKI ALTO | K90: BZH-314 | L90: 291969 | M90: 1192048 | N90: 68996/2 | O90: South | P90: 0144 | Q90: 634093 | R90: 45289 | S90: 47123 | T90: 2612000 | U90: 10 | V90: =T90*U90% -> 261200 | W90: =T90-V90 -> 2350800 | X90: 2 | Y90: =W90*X90% -> 47016 | AA90: paid | AB90: 1141072474 | AC90: 45688 | AD90: DISBURSED | AE90: 0 | AF90: KHI/HO/D/MO/PC COMP/C/103764/12/12/2024 | AG90: 47016 | AH90: =Y90-AG90 -> 0
A91: Renewal | B91: 69148/1 | C91: 45627 | D91: SALAAM TAKAFUL LTD | E91: KHI/HO/D/MO/PC COMP/C/103764/16/12/2024 | F91: 45653 | G91: 46017 | H91: SHAKEEL SHOUKAT | I91: 3310225100977 | J91: SUZUKI ALTO VXR E-2 | K91: ARM-161 | L91: 6R291379 | M91: NF1AET306H1191470 | N91: 69148/1 | O91: Central | P91: 0423 | Q91: 634882 | R91: 45289 | S91: 47123 | T91: 2612000 | U91: 10 | V91: =T91*U91% -> 261200 | W91: =T91-V91 -> 2350800 | X91: 2 | Y91: =W91*X91% -> 47016 | AA91: paid | AB91: 1141072474 | AC91: 45688 | AD91: DISBURSED | AE91: 0 | AF91: KHI/HO/D/MO/PC COMP/C/103764/16/12/2024 | AG91: 47016 | AH91: =Y91-AG91 -> 0
A92: Renewal | B92: 43916/1 | C92: 45627 | D92: SALAAM TAKAFUL LTD | E92: KHI/HO/D/MO/PC COMP/C/103764/136/12/2024 | F92: 45654 | G92: 46018 | H92: HUMA NOREEN | I92: 3520227543320 | J92: HONDA CITY I-VTEC (M/T) | K92: ABF-446 | L92: L13Z17542837 | M92: LR266459 | N92: 43916/1 | O92: Central | P92: 0329 | Q92: 505165 | R92: 44196 | S92: 46757 | T92: 2645000 | U92: 25 | V92: =T92*U92% -> 661250 | W92: =T92-V92 -> 1983750 | X92: 2 | Y92: =W92*X92% -> 39675 | AA92: paid | AB92: 1141072474 | AC92: 45688 | AD92: DISBURSED | AE92: 32 | AF92: KHI/HO/D/MO/PC COMP/C/103764/136/12/2024 | AG92: 39675 | AH92: =Y92-AG92 -> 0
A93: Renewal | B93: 50925/1 | C93: 45627 | D93: SALAAM TAKAFUL LTD | E93: KHI/HO/D/MO/PC COMP/C/103764/89/12/2024 | F93: 45639 | G93: 46003 | H93: SAMEER SHAMIM | I93: 4220146184373 | J93: TOYOTA YARIS ATIV MT 1.3 | K93: BVE-844 | L93: 41151 | M93: 7025801 | N93: 50925/1 | O93: South | P93: 0144 | Q93: 546110 | R93: 44550 | S93: 47123 | T93: 2675000 | U93: 20 | V93: =T93*U93% -> 535000 | W93: =T93-V93 -> 2140000 | X93: 1.5 | Y93: =W93*X93% -> 32100 | AA93: paid | AB93: 1141072474 | AC93: 45688 | AD93: DISBURSED | AE93: 0 | AF93: KHI/HO/D/MO/PC COMP/C/103764/89/12/2024 | AG93: 32100 | AH93: =Y93-AG93 -> 0
A94: Renewal | B94: 69161/1 | C94: 45627 | D94: SALAAM TAKAFUL LTD | E94: KHI/HO/D/MO/PC COMP/C/103764/31/12/2024 | F94: 45637 | G94: 46001 | H94: USMAN SOHAIL | I94: 3740549966571 | J94: SUZUKI ALTO VXL | K94: AST-346 | L94: 149424 | M94: 1049426 | N94: 69161/1 | O94: North | P94: 0804 | Q94: 626254 | R94: 45278 | S94: 47123 | T94: 2700000 | U94: 10 | V94: =T94*U94% -> 270000 | W94: =T94-V94 -> 2430000 | X94: 2 | Y94: =W94*X94% -> 48600 | AA94: paid | AB94: 1141072474 | AC94: 45688 | AD94: DISBURSED | AE94: 0 | AF94: KHI/HO/D/MO/PC COMP/C/103764/31/12/2024 | AG94: 48600 | AH94: =Y94-AG94 -> 0
A95: Renewal | B95: 50504/1 | C95: 45627 | D95: SALAAM TAKAFUL LTD | E95: KHI/HO/D/MO/PC COMP/C/103764/111/12/2024 | F95: 45629 | G95: 45993 | H95: AMIR ALI | I95: 3310001648469 | J95: TOYOTA YARIS ATIV X CVT 1 | K95: AGA-459 | L95: 2A41682 | M95: 7026172 | N95: 50504/1 | O95: Central | P95: 0329 | Q95: 544044 | R95: 44538 | S95: 46361 | T95: 2703000 | U95: 20 | V95: =T95*U95% -> 540600 | W95: =T95-V95 -> 2162400 | X95: 2.5 | Y95: =W95*X95% -> 54060 | AA95: paid | AB95: 1141072474 | AC95: 45688 | AD95: DISBURSED | AE95: 0 | AF95: KHI/HO/D/MO/PC COMP/C/103764/111/12/2024 | AG95: 54060 | AH95: =Y95-AG95 -> 0
A96: Renewal | B96: 53324/1 | C96: 45627 | D96: SALAAM TAKAFUL LTD | E96: KHI/HO/D/MO/PC COMP/C/103764/105/12/2024 | F96: 45647 | G96: 46011 | H96: ZOHAIB BASHIR | I96: 3310220451883 | J96: TOYOTA YARIS 1.3 H CVT | K96: AGK-421 | L96: 2A29222 | M96: NSP150R-7017923 | N96: 53324/1 | O96: Central | P96: 0423 | Q96: 552297 | R96: 44558 | S96: 46392 | T96: 2703000 | U96: 20 | V96: =T96*U96% -> 540600 | W96: =T96-V96 -> 2162400 | X96: 1.75 | Y96: =W96*X96% -> 37842 | AA96: paid | AB96: 1141072474 | AC96: 45688 | AD96: DISBURSED | AE96: 0 | AF96: KHI/HO/D/MO/PC COMP/C/103764/105/12/2024 | AG96: 37842 | AH96: =Y96-AG96 -> 0
A97: Renewal | B97: 51144/1 | C97: 45627 | D97: SALAAM TAKAFUL LTD | E97: KHI/HO/D/MO/PC COMP/C/103764/107/12/2024 | F97: 45648 | G97: 46012 | H97: ASGHAR ALI | I97: 3520121044567 | J97: TOYOTA YARIS ATIV X CVT 1 | K97: AGK-985 | L97: 2A42744 | M97: 7026745 | N97: 51144/1 | O97: Central | P97: 0322 | Q97: 544227 | R97: 44554 | S97: 46392 | T97: 2703000 | U97: 20 | V97: =T97*U97% -> 540600 | W97: =T97-V97 -> 2162400 | X97: 2.5 | Y97: =W97*X97% -> 54060 | AA97: paid | AB97: 1141072474 | AC97: 45688 | AD97: DISBURSED | AE97: 32 | AF97: KHI/HO/D/MO/PC COMP/C/103764/107/12/2024 | AG97: 54060 | AH97: =Y97-AG97 -> 0
A98: Renewal | B98: 43783/1 | C98: 45627 | D98: SALAAM TAKAFUL LTD | E98: KHI/HO/D/MO/PC COMP/C/103764/150/12/2024 | F98: 45647 | G98: 46011 | H98: MUHAMMAD ZEESHAN | I98: 3630283006483 | J98: TOYOTA YARIS ATIV X CVT | K98: ASE-613 | L98: 2A14400 | M98: 7008516 | N98: 43783/1 | O98: Central | P98: 0431 | Q98: 505069 | R98: 44203 | S98: 46757 | T98: 2758000 | U98: 25 | V98: =T98*U98% -> 689500 | W98: =T98-V98 -> 2068500 | X98: 2.5 | Y98: =W98*X98% -> 51712.5 | AA98: paid | AB98: 1141072474 | AC98: 45688 | AD98: DISBURSED | AE98: 0 | AF98: KHI/HO/D/MO/PC COMP/C/103764/150/12/2024 | AG98: 51713 | AH98: =Y98-AG98 -> -0.5
A99: Renewal | B99: 57644/1 | C99: 45627 | D99: SALAAM TAKAFUL LTD | E99: KHI/HO/D/MO/PC COMP/C/103764/51/12/2024 | F99: 45631 | G99: 45995 | H99: SALEEM AKHTAR | I99: 3230468458261 | J99: SUZUKI CULTUS AGS | K99: AMS-574 | L99: 203495 | M99: 10103495 | N99: 57644/1 | O99: Central | P99: 0431 | Q99: 556199 | R99: 44902 | S99: 45996 | T99: 2762000 | U99: 15 | V99: =T99*U99% -> 414300 | W99: =T99-V99 -> 2347700 | X99: 2.5 | Y99: =W99*X99% -> 58692.5 | AA99: paid | AB99: 1141072474 | AC99: 45688 | AD99: DISBURSED | AE99: 0 | AF99: KHI/HO/D/MO/PC COMP/C/103764/51/12/2024 | AG99: 58693 | AH99: =Y99-AG99 -> -0.5
A100: Renewal | B100: 69183/1 | C100: 45627 | D100: SALAAM TAKAFUL LTD | E100: KHI/HO/D/MO/PC COMP/C/103764/6/12/2024 | F100: 45641 | G100: 46005 | H100: SHAHENA JABEEN | I100: 3510278841330 | J100: SUZUKI SWIFT DLX EURO II | K100: LEH-19-4196 | L100: 13047397 | M100: 10047386 | N100: 69183/1 | O100: Central | P100: 0329 | Q100: 632268 | R100: 45278 | S100: 46757 | T100: 2800000 | U100: 10 | V100: =T100*U100% -> 280000 | W100: =T100-V100 -> 2520000 | X100: 2 | Y100: =W100*X100% -> 50400 | AA100: paid | AB100: 1141072474 | AC100: 45688 | AD100: DISBURSED | AE100: 0 | AF100: KHI/HO/D/MO/PC COMP/C/103764/6/12/2024 | AG100: 50400 | AH100: =Y100-AG100 -> 0
...

Sheet WORKING
A1: POLICY NO. | B1: Assorted_code | D1: Premium | E1: 04Feb250013
A2: KHI/HO/D/MO/PC COMP/C/103764/8/12/2024 | B2: =VLOOKUP(A2,policy!B:C,2,0) -> 070000172341 | C2: 16200 | D2: =ROUND(C2,0) -> 16200 | E2: 04Feb250013 | F2: ="insert into ins_premium_det (premium_rcv_code,assorted_code, rec_amount,premium_rcv_detail_code,remaining_amt, payrec, mode_code,coinsurance_code,class_cd,it_remarks) values" -> insert into ins_premium_det (premium_rcv_code,assorted_code, rec_amount,premium_rcv_detail_code,remaining_amt, payrec, mode_code,coinsurance_code,class_cd,it_remarks) values | G2: ="('"&E2&"','"&B2&"','"&D2&"',(select max(to_number(i.premium_rcv_detail_code))+1 from ins_premium_det i),'"&D2&"','"&D2&"','02', '11000003','00','Request by Mr. Saqib Saleem 04-Feb-2024');" -> ('04Feb250013','070000172341','16200',(select max(to_number(i.premium_rcv_detail_code))+1 from ins_premium_det i),'16200','16200','02', '11000003','00','Request by Mr. Saqib Saleem 04-Feb-2024'); | H2: =F2&G2 -> insert into ins_premium_det (premium_rcv_code,assorted_code, rec_amount,premium_rcv_detail_code,remaining_amt, payrec, mode_code,coinsurance_code,class_cd,it_remarks) values('04Feb250013','070000172341','16200',(select max(to_number(i.premium_rcv_detail_code))+1 from ins_premium_det i),'16200','16200','02', '11000003','00','Request by Mr. Saqib Saleem 04-Feb-2024');
A3: KHI/HO/D/MO/CV/C/104416/1/12/2024 | B3: =VLOOKUP(A3,policy!B:C,2,0) -> 070000172747 | C3: 19388 | D3: =ROUND(C3,0) -> 19388 | E3: 04Feb250013 | F3: ="insert into ins_premium_det (premium_rcv_code,assorted_code, rec_amount,premium_rcv_detail_code,remaining_amt, payrec, mode_code,coinsurance_code,class_cd,it_remarks) values" -> insert into ins_premium_det (premium_rcv_code,assorted_code, rec_amount,premium_rcv_detail_code,remaining_amt, payrec, mode_code,coinsurance_code,class_cd,it_remarks) values | G3: ="('"&E3&"','"&B3&"','"&D3&"',(select max(to_number(i.premium_rcv_detail_code))+1 from ins_premium_det i),'"&D3&"','"&D3&"','02', '11000003','00','Request by Mr. Saqib Saleem 04-Feb-2024');" -> ('04Feb250013','070000172747','19388',(select max(to_number(i.premium_rcv_detail_code))+1 from ins_premium_det i),'19388','19388','02', '11000003','00','Request by Mr. Saqib Saleem 04-Feb-2024'); | H3: =F3&G3 -> insert into ins_premium_det (premium_rcv_code,assorted_code, rec_amount,premium_rcv_detail_code,remaining_amt, payrec, mode_code,coinsurance_code,class_cd,it_remarks) values('04Feb250013','070000172747','19388',(select max(to_number(i.premium_rcv_detail_code))+1 from ins_premium_det i),'19388','19388','02', '11000003','00','Request by Mr. Saqib Saleem 04-Feb-2024');
A4: KHI/HO/D/MO/CV/C/104416/2/12/2024 | B4: =VLOOKUP(A4,policy!B:C,2,0) -> 070000172748 | C4: 19388 | D4: =ROUND(C4,0) -> 19388 | E4: 04Feb250013 | F4: ="insert into ins_premium_det (premium_rcv_code,assorted_code, rec_amount,premium_rcv_detail_code,remaining_amt, payrec, mode_code,coinsurance_code,class_cd,it_remarks) values" -> insert into ins_premium_det (premium_rcv_code,assorted_code, rec_amount,premium_rcv_detail_code,remaining_amt, payrec, mode_code,coinsurance_code,class_cd,it_remarks) values | G4: ="('"&E4&"','"&B4&"','"&D4&"',(select max(to_number(i.premium_rcv_detail_code))+1 from ins_premium_det i),'"&D4&"','"&D4&"','02', '11000003','00','Request by Mr. Saqib Saleem 04-Feb-2024');" -> ('04Feb250013','070000172748','19388',(select max(to_number(i.premium_rcv_detail_code))+1 from ins_premium_det i),'19388','19388','02', '11000003','00','Request by Mr. Saqib Saleem 04-Feb-2024'); | H4: =F4&G4 -> insert into ins_premium_det (premium_rcv_code,assorted_code, rec_amount,premium_rcv_detail_code,remaining_amt, payrec, mode_code,coinsurance_code,class_cd,it_remarks) values('04Feb250013','070000172748','19388',(select max(to_number(i.premium_rcv_detail_code))+1 from ins_premium_det i),'19388','19388','02', '11000003','00','Request by Mr. Saqib Saleem 04-Feb-2024');
A5: KHI/HO/D/MO/PC COMP/C/103764/94/12/2024 | B5: =VLOOKUP(A5,policy!B:C,2,0) -> 070000172427 | C5: 15554 | D5: =ROUND(C5,0) -> 15554 | E5: 04Feb250013 | F5: ="insert into ins_premium_det (premium_rcv_code,assorted_code, rec_amount,premium_rcv_detail_code,remaining_amt, payrec, mode_code,coinsurance_code,class_cd,it_remarks) values" -> insert into ins_premium_det (premium_rcv_code,assorted_code, rec_amount,premium_rcv_detail_code,remaining_amt, payrec, mode_code,coinsurance_code,class_cd,it_remarks) values | G5: ="('"&E5&"','"&B5&"','"&D5&"',(select max(to_number(i.premium_rcv_detail_code))+1 from ins_premium_det i),'"&D5&"','"&D5&"','02', '11000003','00','Request by Mr. Saqib Saleem 04-Feb-2024');" -> ('04Feb250013','070000172427','15554',(select max(to_number(i.premium_rcv_detail_code))+1 from ins_premium_det i),'15554','15554','02', '11000003','00','Request by Mr. Saqib Saleem 04-Feb-2024'); | H5: =F5&G5 -> insert into ins_premium_det (premium_rcv_code,assorted_code, rec_amount,premium_rcv_detail_code,remaining_amt, payrec, mode_code,coinsurance_code,class_cd,it_remarks) values('04Feb250013','070000172427','15554',(select max(to_number(i.premium_rcv_detail_code))+1 from ins_premium_det i),'15554','15554','02', '11000003','00','Request by Mr. Saqib Saleem 04-Feb-2024');
A6: KHI/HO/D/MO/CV/C/104415/1/12/2024 | B6: =VLOOKUP(A6,policy!B:C,2,0) -> 070000172749 | C6: 15638 | D6: =ROUND(C6,0) -> 15638 | E6: 04Feb250013 | F6: ="insert into ins_premium_det (premium_rcv_code,assorted_code, rec_amount,premium_rcv_detail_code,remaining_amt, payrec, mode_code,coinsurance_code,class_cd,it_remarks) values" -> insert into ins_premium_det (premium_rcv_code,assorted_code, rec_amount,premium_rcv_detail_code,remaining_amt, payrec, mode_code,coinsurance_code,class_cd,it_remarks) values | G6: ="('"&E6&"','"&B6&"','"&D6&"',(select max(to_number(i.premium_rcv_detail_code))+1 from ins_premium_det i),'"&D6&"','"&D6&"','02', '11000003','00','Request by Mr. Saqib Saleem 04-Feb-2024');" -> ('04Feb250013','070000172749','15638',(select max(to_number(i.premium_rcv_detail_code))+1 from ins_premium_det i),'15638','15638','02', '11000003','00','Request by Mr. Saqib Saleem 04-Feb-2024'); | H6: =F6&G6 -> insert into ins_premium_det (premium_rcv_code,assorted_code, rec_amount,premium_rcv_detail_code,remaining_amt, payrec, mode_code,coinsurance_code,class_cd,it_remarks) values('04Feb250013','070000172749','15638',(select max(to_number(i.premium_rcv_detail_code))+1 from ins_premium_det i),'15638','15638','02', '11000003','00','Request by Mr. Saqib Saleem 04-Feb-2024');
A7: KHI/HO/D/MO/CV/C/104415/2/12/2024 | B7: =VLOOKUP(A7,policy!B:C,2,0) -> 070000172750 | C7: 15638 | D7: =ROUND(C7,0) -> 15638 | E7: 04Feb250013 | F7: ="insert into ins_premium_det (premium_rcv_code,assorted_code, rec_amount,premium_rcv_detail_code,remaining_amt, payrec, mode_code,coinsurance_code,class_cd,it_remarks) values" -> insert into ins_premium_det (premium_rcv_code,assorted_code, rec_amount,premium_rcv_detail_code,remaining_amt, payrec, mode_code,coinsurance_code,class_cd,it_remarks) values | G7: ="('"&E7&"','"&B7&"','"&D7&"',(select max(to_number(i.premium_rcv_detail_code))+1 from ins_premium_det i),'"&D7&"','"&D7&"','02', '11000003','00','Request by Mr. Saqib Saleem 04-Feb-2024');" -> ('04Feb250013','070000172750','15638',(select max(to_number(i.premium_rcv_detail_code))+1 from ins_premium_det i),'15638','15638','02', '11000003','00','Request by Mr. Saqib Saleem 04-Feb-2024'); | H7: =F7&G7 -> insert into ins_premium_det (premium_rcv_code,assorted_code, rec_amount,premium_rcv_detail_code,remaining_amt, payrec, mode_code,coinsurance_code,class_cd,it_remarks) values('04Feb250013','070000172750','15638',(select max(to_number(i.premium_rcv_detail_code))+1 from ins_premium_det i),'15638','15638','02', '11000003','00','Request by Mr. Saqib Saleem 04-Feb-2024');
A8: KHI/HO/D/MO/CV/C/104415/3/12/2024 | B8: =VLOOKUP(A8,policy!B:C,2,0) -> 070000172751 | C8: 15638 | D8: =ROUND(C8,0) -> 15638 | E8: 04Feb250013 | F8: ="insert into ins_premium_det (premium_rcv_code,assorted_code, rec_amount,premium_rcv_detail_code,remaining_amt, payrec, mode_code,coinsurance_code,class_cd,it_remarks) values" -> insert into ins_premium_det (premium_rcv_code,assorted_code, rec_amount,premium_rcv_detail_code,remaining_amt, payrec, mode_code,coinsurance_code,class_cd,it_remarks) values | G8: ="('"&E8&"','"&B8&"','"&D8&"',(select max(to_number(i.premium_rcv_detail_code))+1 from ins_premium_det i),'"&D8&"','"&D8&"','02', '11000003','00','Request by Mr. Saqib Saleem 04-Feb-2024');" -> ('04Feb250013','070000172751','15638',(select max(to_number(i.premium_rcv_detail_code))+1 from ins_premium_det i),'15638','15638','02', '11000003','00','Request by Mr. Saqib Saleem 04-Feb-2024'); | H8: =F8&G8 -> insert into ins_premium_det (premium_rcv_code,assorted_code, rec_amount,premium_rcv_detail_code,remaining_amt, payrec, mode_code,coinsurance_code,class_cd,it_remarks) values('04Feb250013','070000172751','15638',(select max(to_number(i.premium_rcv_detail_code))+1 from ins_premium_det i),'15638','15638','02', '11000003','00','Request by Mr. Saqib Saleem 04-Feb-2024');
A9: KHI/HO/D/MO/CV/C/104415/4/12/2024 | B9: =VLOOKUP(A9,policy!B:C,2,0) -> 070000172752 | C9: 15638 | D9: =ROUND(C9,0) -> 15638 | E9: 04Feb250013 | F9: ="insert into ins_premium_det (premium_rcv_code,assorted_code, rec_amount,premium_rcv_detail_code,remaining_amt, payrec, mode_code,coinsurance_code,class_cd,it_remarks) values" -> insert into ins_premium_det (premium_rcv_code,assorted_code, rec_amount,premium_rcv_detail_code,remaining_amt, payrec, mode_code,coinsurance_code,class_cd,it_remarks) values | G9: ="('"&E9&"','"&B9&"','"&D9&"',(select max(to_number(i.premium_rcv_detail_code))+1 from ins_premium_det i),'"&D9&"','"&D9&"','02', '11000003','00','Request by Mr. Saqib Saleem 04-Feb-2024');" -> ('04Feb250013','070000172752','15638',(select max(to_number(i.premium_rcv_detail_code))+1 from ins_premium_det i),'15638','15638','02', '11000003','00','Request by Mr. Saqib Saleem 04-Feb-2024'); | H9: =F9&G9 -> insert into ins_premium_det (premium_rcv_code,assorted_code, rec_amount,premium_rcv_detail_code,remaining_amt, payrec, mode_code,coinsurance_code,class_cd,it_remarks) values('04Feb250013','070000172752','15638',(select max(to_number(i.premium_rcv_detail_code))+1 from ins_premium_det i),'15638','15638','02', '11000003','00','Request by Mr. Saqib Saleem 04-Feb-2024');
A10: KHI/HO/D/MO/CV/C/104415/5/12/2024 | B10: =VLOOKUP(A10,policy!B:C,2,0) -> 070000172753 | C10: 15638 | D10: =ROUND(C10,0) -> 15638 | E10: 04Feb250013 | F10: ="insert into ins_premium_det (premium_rcv_code,assorted_code, rec_amount,premium_rcv_detail_code,remaining_amt, payrec, mode_code,coinsurance_code,class_cd,it_remarks) values" -> insert into ins_premium_det (premium_rcv_code,assorted_code, rec_amount,premium_rcv_detail_code,remaining_amt, payrec, mode_code,coinsurance_code,class_cd,it_remarks) values | G10: ="('"&E10&"','"&B10&"','"&D10&"',(select max(to_number(i.premium_rcv_detail_code))+1 from ins_premium_det i),'"&D10&"','"&D10&"','02', '11000003','00','Request by Mr. Saqib Saleem 04-Feb-2024');" -> ('04Feb250013','070000172753','15638',(select max(to_number(i.premium_rcv_detail_code))+1 from ins_premium_det i),'15638','15638','02', '11000003','00','Request by Mr. Saqib Saleem 04-Feb-2024'); | H10: =F10&G10 -> insert into ins_premium_det (premium_rcv_code,assorted_code, rec_amount,premium_rcv_detail_code,remaining_amt, payrec, mode_code,coinsurance_code,class_cd,it_remarks) values('04Feb250013','070000172753','15638',(select max(to_number(i.premium_rcv_detail_code))+1 from ins_premium_det i),'15638','15638','02', '11000003','00','Request by Mr. Saqib Saleem 04-Feb-2024');
A11: KHI/HO/D/MO/PC COMP/C/103764/87/12/2024 | B11: =VLOOKUP(A11,policy!B:C,2,0) -> 070000172420 | C11: 16086 | D11: =ROUND(C11,0) -> 16086 | E11: 04Feb250013 | F11: ="insert into ins_premium_det (premium_rcv_code,assorted_code, rec_amount,premium_rcv_detail_code,remaining_amt, payrec, mode_code,coinsurance_code,class_cd,it_remarks) values" -> insert into ins_premium_det (premium_rcv_code,assorted_code, rec_amount,premium_rcv_detail_code,remaining_amt, payrec, mode_code,coinsurance_code,class_cd,it_remarks) values | G11: ="('"&E11&"','"&B11&"','"&D11&"',(select max(to_number(i.premium_rcv_detail_code))+1 from ins_premium_det i),'"&D11&"','"&D11&"','02', '11000003','00','Request by Mr. Saqib Saleem 04-Feb-2024');" -> ('04Feb250013','070000172420','16086',(select max(to_number(i.premium_rcv_detail_code))+1 from ins_premium_det i),'16086','16086','02', '11000003','00','Request by Mr. Saqib Saleem 04-Feb-2024'); | H11: =F11&G11 -> insert into ins_premium_det (premium_rcv_code,assorted_code, rec_amount,premium_rcv_detail_code,remaining_amt, payrec, mode_code,coinsurance_code,class_cd,it_remarks) values('04Feb250013','070000172420','16086',(select max(to_number(i.premium_rcv_detail_code))+1 from ins_premium_det i),'16086','16086','02', '11000003','00','Request by Mr. Saqib Saleem 04-Feb-2024');
A12: KHI/HO/D/MO/PC COMP/C/103764/132/12/2024 | B12: =VLOOKUP(A12,policy!B:C,2,0) -> 070000172465 | C12: 16086 | D12: =ROUND(C12,0) -> 16086 | E12: 04Feb250013 | F12: ="insert into ins_premium_det (premium_rcv_code,assorted_code, rec_amount,premium_rcv_detail_code,remaining_amt, payrec, mode_code,coinsurance_code,class_cd,it_remarks) values" -> insert into ins_premium_det (premium_rcv_code,assorted_code, rec_amount,premium_rcv_detail_code,remaining_amt, payrec, mode_code,coinsurance_code,class_cd,it_remarks) values | G12: ="('"&E12&"','"&B12&"','"&D12&"',(select max(to_number(i.premium_rcv_detail_code))+1 from ins_premium_det i),'"&D12&"','"&D12&"','02', '11000003','00','Request by Mr. Saqib Saleem 04-Feb-2024');" -> ('04Feb250013','070000172465','16086',(select max(to_number(i.premium_rcv_detail_code))+1 from ins_premium_det i),'16086','16086','02', '11000003','00','Request by Mr. Saqib Saleem 04-Feb-2024'); | H12: =F12&G12 -> insert into ins_premium_det (premium_rcv_code,assorted_code, rec_amount,premium_rcv_detail_code,remaining_amt, payrec, mode_code,coinsurance_code,class_cd,it_remarks) values('04Feb250013','070000172465','16086',(select max(to_number(i.premium_rcv_detail_code))+1 from ins_premium_det i),'16086','16086','02', '11000003','00','Request by Mr. Saqib Saleem 04-Feb-2024');
A13: KHI/HO/D/MO/PC COMP/C/103764/78/12/2024 | B13: =VLOOKUP(A13,policy!B:C,2,0) -> 070000172411 | C13: 20400 | D13: =ROUND(C13,0) -> 20400 | E13: 04Feb250013 | F13: ="insert into ins_premium_det (premium_rcv_code,assorted_code, rec_amount,premium_rcv_detail_code,remaining_amt, payrec, mode_code,coinsurance_code,class_cd,it_remarks) values" -> insert into ins_premium_det (premium_rcv_code,assorted_code, rec_amount,premium_rcv_detail_code,remaining_amt, payrec, mode_code,coinsurance_code,class_cd,it_remarks) values | G13: ="('"&E13&"','"&B13&"','"&D13&"',(select max(to_number(i.premium_rcv_detail_code))+1 from ins_premium_det i),'"&D13&"','"&D13&"','02', '11000003','00','Request by Mr. Saqib Saleem 04-Feb-2024');" -> ('04Feb250013','070000172411','20400',(select max(to_number(i.premium_rcv_detail_code))+1 from ins_premium_det i),'20400','20400','02', '11000003','00','Request by Mr. Saqib Saleem 04-Feb-2024'); | H13: =F13&G13 -> insert into ins_premium_det (premium_rcv_code,assorted_code, rec_amount,premium_rcv_detail_code,remaining_amt, payrec, mode_code,coinsurance_code,class_cd,it_remarks) values('04Feb250013','070000172411','20400',(select max(to_number(i.premium_rcv_detail_code))+1 from ins_premium_det i),'20400','20400','02', '11000003','00','Request by Mr. Saqib Saleem 04-Feb-2024');
... A162: KHI/HO/D/MO/PC COMP/C/86646/95/04/2024 | B162: =VLOOKUP(A162,policy!B:C,2,0) -> 070000156947 | C162: 41412 | D162: =ROUND(C162,0) -> 41412 | E162: 04Feb250013 | F162: ="insert into ins_premium_det (premium_rcv_code,assorted_code, rec_amount,premium_rcv_detail_code,remaining_amt, payrec, mode_code,coinsurance_code,class_cd,it_remarks) values" -> insert into ins_premium_det (premium_rcv_code,assorted_code, rec_amount,premium_rcv_detail_code,remaining_amt, payrec, mode_code,coinsurance_code,class_cd,it_remarks) values | G162: ="('"&E162&"','"&B162&"','"&D162&"',(select max(to_number(i.premium_rcv_detail_code))+1 from ins_premium_det i),'"&D162&"','"&D162&"','02', '11000003','00','Request by Mr. Saqib Saleem 04-Feb-2024');" -> ('04Feb250013','070000156947','41412',(select max(to_number(i.premium_rcv_detail_code))+1 from ins_premium_det i),'41412','41412','02', '11000003','00','Request by Mr. Saqib Saleem 04-Feb-2024'); | H162: =F162&G162 -> insert into ins_premium_det (premium_rcv_code,assorted_code, rec_amount,premium_rcv_detail_code,remaining_amt, payrec, mode_code,coinsurance_code,class_cd,it_remarks) values('04Feb250013','070000156947','41412',(select max(to_number(i.premium_rcv_detail_code))+1 from ins_premium_det i),'41412','41412','02', '11000003','00','Request by Mr. Saqib Saleem 04-Feb-2024');
D164: =SUM(D2:D162) -> 6207994

Sheet Sheet1
A1: KHI/HO/D/MO/PC COMP/C/103764/8/12/2024 | B1: -12-2024 | H1: 103764 | I1: 00008 | J1: ="ia.assorted_string like '%"&H1&"-"&I1&B1&"%' or" -> ia.assorted_string like '%103764-00008-12-2024%' or
A2: KHI/HO/D/MO/CV/C/104416/1/12/2024 | B2: -12-2024 | H2: 104416 | I2: 00001 | J2: ="ia.assorted_string like '%"&H2&"-"&I2&B2&"%' or" -> ia.assorted_string like '%104416-00001-12-2024%' or
A3: KHI/HO/D/MO/CV/C/104416/2/12/2024 | B3: -12-2024 | H3: 104416 | I3: 00002 | J3: ="ia.assorted_string like '%"&H3&"-"&I3&B3&"%' or" -> ia.assorted_string like '%104416-00002-12-2024%' or
A4: KHI/HO/D/MO/PC COMP/C/103764/94/12/2024 | B4: -12-2024 | H4: 103764 | I4: 00094 | J4: ="ia.assorted_string like '%"&H4&"-"&I4&B4&"%' or" -> ia.assorted_string like '%103764-00094-12-2024%' or
A5: KHI/HO/D/MO/CV/C/104415/1/12/2024 | B5: -12-2024 | H5: 104415 | I5: 00001 | J5: ="ia.assorted_string like '%"&H5&"-"&I5&B5&"%' or" -> ia.assorted_string like '%104415-00001-12-2024%' or
A6: KHI/HO/D/MO/CV/C/104415/2/12/2024 | B6: -12-2024 | H6: 104415 | I6: 00002 | J6: ="ia.assorted_string like '%"&H6&"-"&I6&B6&"%' or" -> ia.assorted_string like '%104415-00002-12-2024%' or
A7: KHI/HO/D/MO/CV/C/104415/3/12/2024 | B7: -12-2024 | H7: 104415 | I7: 00003 | J7: ="ia.assorted_string like '%"&H7&"-"&I7&B7&"%' or" -> ia.assorted_string like '%104415-00003-12-2024%' or
A8: KHI/HO/D/MO/CV/C/104415/4/12/2024 | B8: -12-2024 | H8: 104415 | I8: 00004 | J8: ="ia.assorted_string like '%"&H8&"-"&I8&B8&"%' or" -> ia.assorted_string like '%104415-00004-12-2024%' or
A9: KHI/HO/D/MO/CV/C/104415/5/12/2024 | B9: -12-2024 | H9: 104415 | I9: 00005 | J9: ="ia.assorted_string like '%"&H9&"-"&I9&B9&"%' or" -> ia.assorted_string like '%104415-00005-12-2024%' or
A10: KHI/HO/D/MO/PC COMP/C/103764/87/12/2024 | B10: -12-2024 | H10: 103764 | I10: 00087 | J10: ="ia.assorted_string like '%"&H10&"-"&I10&B10&"%' or" -> ia.assorted_string like '%103764-00087-12-2024%' or
A11: KHI/HO/D/MO/PC COMP/C/103764/132/12/2024 | B11: -12-2024 | H11: 103764 | I11: 00132 | J11: ="ia.assorted_string like '%"&H11&"-"&I11&B11&"%' or" -> ia.assorted_string like '%103764-00132-12-2024%' or
A12: KHI/HO/D/MO/PC COMP/C/103764/78/12/2024 | B12: -12-2024 | H12: 103764 | I12: 00078 | J12: ="ia.assorted_string like '%"&H12&"-"&I12&B12&"%' or" -> ia.assorted_string like '%103764-00078-12-2024%' or
... A161: KHI/HO/D/MO/PC COMP/C/86646/95/04/2024 | B161: -04-2024 | H161: 86646 | I161: 00095 | J161: ="ia.assorted_string like '%"&H161&"-"&I161&B161&"%' or" -> ia.assorted_string like '%86646-00095-04-2024%' or

Sheet policy
B1: FUNC_ASSORTED_STRING(IA.ASSORTED_CODE) | C1: ASSORTED_CODE
A2: 1 | B2: KHI/HO/D/MO/PC COMP/C/86646/95/04/2024 | C2: 070000156947
A3: 2 | B3: KHI/HO/D/MO/PC COMP/C/95230/30/08/2024 | C3: 070000163881
A4: 3 | B4: KHI/HO/D/MO/PC COMP/C/100245/28/10/2024 | C4: 070000169126
A5: 4 | B5: KHI/HO/D/MO/CV/C/93454/3/07/2024 | C5: 070000162441
A6: 5 | B6: KHI/HO/D/MO/CV/C/104418/1/12/2024 | C6: 070000172745
A7: 6 | B7: KHI/HO/D/MO/CV/C/104418/2/12/2024 | C7: 070000172746
A8: 7 | B8: KHI/HO/D/MO/CV/C/104415/1/12/2024 | C8: 070000172749
A9: 8 | B9: KHI/HO/D/MO/CV/C/104415/2/12/2024 | C9: 070000172750
A10: 9 | B10: KHI/HO/D/MO/CV/C/104415/3/12/2024 | C10: 070000172751
A11: 10 | B11: KHI/HO/D/MO/CV/C/104415/4/12/2024 | C11: 070000172752
A12: 11 | B12: KHI/HO/D/MO/CV/C/104415/5/12/2024 | C12: 070000172753
A13: 12 | B13: KHI/HO/D/MO/PC COMP/C/103764/80/12/2024 | C13: 070000172413
... A162: 161 | B162: KHI/HO/D/MO/PC COMP/C/103764/158/12/2024 | C162: 070000172491
