Workbook

Sheet Invoice
C9: FOR THE MONTH OF July-24
C11: INVOICE # 0017
C13: Policy | E13: As Per Schedule | G13: Risk Covered | I13: MOTORCYCLE COMPREHENSIVE
C15: Participant Name | E15: PAK SUZUKI MOTOR COMPANY LIMITED.
C17: Address | E17: DSU-13 PAKISTAN STEEL INDUSTRIAL ESTATE, BIN QASIM, KARACHI -75000.
C20: Expiry Date : | E20: To be advised | H20: Make: | J20: Suzuki Motorcycle
C21: Effective Date: | E21: To be advised | H21: No of Bikes | J21: =Detail!A1 -> 960
C22: Date Of Issue: | E22: To be advised
C25: Computation
C27: Gross Contribution | K27: =Detail!I1 -> 9478946
C28: SST 16% | K28: =Detail!N1 -> 985808.8
C29: F.I.F 1% | K29: =Detail!O1 -> 61613.05
C30: Stamp Duty | K30: =Detail!P1 -> 311000
C31: Net Contribution | K31: =Detail!H1 -> 11475480
C34: =CONCATENATE(C36,F36,C37) -> Payment Of PKR. Rs. 11,475,480/- be cheque in favour of M/s. Salaam Takaful Limited.
C36: Payment Of PKR. Rs. | F36: =TEXT(K31,"##,###,###") -> 11,475,480
C37: /- be cheque in favour of M/s. Salaam Takaful Limited.

Sheet Summary
A3: Showroom | B3: No. Of Policies | C3: Net Premium
A4: Suzuki Defence Motors | B4: 23 | C4: 329350
A5: A R Suzuki | B5: 47 | C5: 604765
A6: FSD Suzuki | B6: 70 | C6: 669175
A7: GT Suzuki | B7: 56 | C7: 530975
A8: Khalil Motor | B8: 53 | C8: 712810
A9: South | B9: 48 | C9: 666960
A10: Suzuki Mandviwalla Motors | B10: 43 | C10: 545650
A11: TR Suzuki | B11: 66 | C11: 873635
A12: UP Suzuki | B12: 53 | C12: 686980
A13: UR Suzuki | B13: 185 | C13: 2684290
A14: KR Suzuki | B14: 13 | C14: 125950
A15: GR Suzuki | B15: 11 | C15: 115175
... A34: Grand Total | B34: 960 | C34: 11475480

Sheet Detail
A1: =COUNTIFS(P3:P1048576,">=0") -> 960 | H1: =SUBTOTAL(9,H3:H962) -> 11475480 | I1: =SUBTOTAL(9,I3:I962) -> 9478946 | N1: =SUBTOTAL(9,N3:N624) -> 985808.8 | O1: =SUBTOTAL(9,O3:O624) -> 61613.05 | P1: =SUBTOTAL(9,P3:P624) -> 311000
A2: Policy # | B2: Endorsement | C2: Dealer | D2: Period From | E2: Period To | F2: Insured Name | G2: Vehicle Info | H2: Net | I2: Gross | J2: Engine | K2: Issue date | L2: Policy Name | M2: SumCovered | N2: SST 16% | O2: F.I.F 1% | P2: Stamp Duty
A3: KHI/HO/D/MO/MC COMP/P/92057/07/2024 | C3: South | D3: 45474 | E3: 45839 | F3: ASIF ALI SHAIKH | G3: SUZUKI-GR150 EURO II | H3: 19145 | I3: 16073 | J3: 113231 | K3: 45474 | L3: MOTORCYCLE COMPREHENSIVE | M3: 547000 | N3: =I3*16/100 -> 2571.68 | O3: =I3*1/100 -> 160.73 | P3: 500
A4: KHI/HO/D/MO/MC COMP/P/92058/07/2024 | C4: South | D4: 45840 | E4: 46205 | F4: ASIF ALI SHAIKH | G4: SUZUKI-GR150 EURO II | H4: 19145 | I4: 16073 | J4: 113231 | K4: 45474 | L4: MOTORCYCLE COMPREHENSIVE | M4: 547000 | N4: =I4*16/100 -> 2571.68 | O4: =I4*1/100 -> 160.73 | P4: 500
A5: KHI/HO/D/MO/MC COMP/P/92068/07/2024 | C5: South | D5: 45474 | E5: 45839 | F5: NAVEED AHMED JAFFERI | G5: SUZUKI-GD-110S | H5: 12320 | I5: 10190 | J5: 145090 | K5: 45474 | L5: MOTORCYCLE COMPREHENSIVE | M5: 352000 | N5: =I5*16/100 -> 1630.4 | O5: =I5*1/100 -> 101.9 | P5: 500
A6: KHI/HO/D/MO/MC COMP/P/92069/07/2024 | C6: South | D6: 45840 | E6: 46205 | F6: NAVEED AHMED JAFFERI | G6: SUZUKI-GD-110S | H6: 12320 | I6: 10190 | J6: 145090 | K6: 45474 | L6: MOTORCYCLE COMPREHENSIVE | M6: 352000 | N6: =I6*16/100 -> 1630.4 | O6: =I6*1/100 -> 101.9 | P6: 500
A7: KHI/HO/D/MO/MC COMP/P/92074/07/2024 | C7: South | D7: 45474 | E7: 45839 | F7: AZHAR ILYAS | G7: SUZUKI-GS 150 | H7: 13370 | I7: 11095 | J7: 30091943 | K7: 45474 | L7: MOTORCYCLE COMPREHENSIVE | M7: 382000 | N7: =I7*16/100 -> 1775.2 | O7: =I7*1/100 -> 110.95 | P7: 500
A8: KHI/HO/D/MO/MC COMP/P/92075/07/2024 | C8: South | D8: 45840 | E8: 46205 | F8: AZHAR ILYAS | G8: SUZUKI-GS 150 | H8: 13370 | I8: 11095 | J8: 30091943 | K8: 45474 | L8: MOTORCYCLE COMPREHENSIVE | M8: 382000 | N8: =I8*16/100 -> 1775.2 | O8: =I8*1/100 -> 110.95 | P8: 500
A9: KHI/HO/D/MO/MC COMP/P/92077/07/2024 | C9: UR Suzuki | D9: 45474 | E9: 45839 | F9: MUHAMMAD ZISHAN HYDER | G9: SUZUKI-GD-110S | H9: 12320 | I9: 10190 | J9: 145671 | K9: 45474 | L9: MOTORCYCLE COMPREHENSIVE | M9: 352000 | N9: =I9*16/100 -> 1630.4 | O9: =I9*1/100 -> 101.9 | P9: 500
A10: KHI/HO/D/MO/MC COMP/P/92078/07/2024 | C10: UR Suzuki | D10: 45840 | E10: 46205 | F10: MUHAMMAD ZISHAN HYDER | G10: SUZUKI-GD-110S | H10: 12320 | I10: 10190 | J10: 145671 | K10: 45474 | L10: MOTORCYCLE COMPREHENSIVE | M10: 352000 | N10: =I10*16/100 -> 1630.4 | O10: =I10*1/100 -> 101.9 | P10: 500
A11: KHI/HO/D/MO/MC COMP/P/92080/07/2024 | C11: South | D11: 45474 | E11: 45839 | F11: SYED FAIZAN | G11: SUZUKI-GR150 EURO II | H11: 19145 | I11: 16073 | J11: 113260 | K11: 45474 | L11: MOTORCYCLE COMPREHENSIVE | M11: 547000 | N11: =I11*16/100 -> 2571.68 | O11: =I11*1/100 -> 160.73 | P11: 500
A12: KHI/HO/D/MO/MC COMP/P/92081/07/2024 | C12: South | D12: 45840 | E12: 46205 | F12: SYED FAIZAN | G12: SUZUKI-GR150 EURO II | H12: 19145 | I12: 16073 | J12: 113260 | K12: 45474 | L12: MOTORCYCLE COMPREHENSIVE | M12: 547000 | N12: =I12*16/100 -> 2571.68 | O12: =I12*1/100 -> 160.73 | P12: 500
A13: KHI/HO/D/MO/MC COMP/P/92083/07/2024 | C13: UR Suzuki | D13: 45474 | E13: 45839 | F13: MUHAMMAD DANIYAL | G13: SUZUKI-GR150 EURO II | H13: 19145 | I13: 16073 | J13: 113178 | K13: 45474 | L13: MOTORCYCLE COMPREHENSIVE | M13: 547000 | N13: =I13*16/100 -> 2571.68 | O13: =I13*1/100 -> 160.73 | P13: 500
A14: KHI/HO/D/MO/MC COMP/P/92086/07/2024 | C14: UR Suzuki | D14: 45474 | E14: 45839 | F14: NAFEES UR REHMAN | G14: SUZUKI-GD-110S | H14: 12320 | I14: 10190 | J14: 145024 | K14: 45474 | L14: MOTORCYCLE COMPREHENSIVE | M14: 352000 | N14: =I14*16/100 -> 1630.4 | O14: =I14*1/100 -> 101.9 | P14: 500
... A961: KHI/HO/D/MO/MC COMP/P/94435/08/2024 | C961: Suzuki South | D961: 45869 | E961: 46233 | F961: Shahid Khan CNIC # 14301-7640296-9 CELL # 0320-2070165 | G961: SUZUKI-GD-110S | H961: 12320 | I961: 10190 | J961: E487-146092 | K961: 45505 | L961: MOTORCYCLE COMPREHENSIVE | M961: 352000 | N961: =I961*16/100 -> 1630.4 | O961: =I961*1/100 -> 101.9 | P961: 500
A962: KHI/HO/D/MO/MC COMP/P/93424/07/2024 | C962: Suzuki R.Y.Khan | D962: 45493 | E962: 45868 | F962: Fiaz Ahmed | G962: SUZUKI-GD-110S | H962: 8800 | I962: 7155 | J962: 144791 | K962: 45493 | L962: MOTORCYCLE COMPREHENSIVE | M962: 352000 | N962: =I962*16/100 -> 1144.8 | O962: =I962*1/100 -> 71.55 | P962: 500

Sheet PREMIUM
A1: Policy # | B1: PREM
A2: KHI/HO/D/MO/MC COMP/P/92057/07/2024 | B2: 19145
A3: KHI/HO/D/MO/MC COMP/P/92058/07/2024 | B3: 19145
A4: KHI/HO/D/MO/MC COMP/P/92068/07/2024 | B4: 12320
A5: KHI/HO/D/MO/MC COMP/P/92069/07/2024 | B5: 12320
A6: KHI/HO/D/MO/MC COMP/P/92074/07/2024 | B6: 13370
A7: KHI/HO/D/MO/MC COMP/P/92075/07/2024 | B7: 13370
A8: KHI/HO/D/MO/MC COMP/P/92077/07/2024 | B8: 12320
A9: KHI/HO/D/MO/MC COMP/P/92078/07/2024 | B9: 12320
A10: KHI/HO/D/MO/MC COMP/P/92080/07/2024 | B10: 19145
A11: KHI/HO/D/MO/MC COMP/P/92081/07/2024 | B11: 19145
A12: KHI/HO/D/MO/MC COMP/P/92083/07/2024 | B12: 19145
A13: KHI/HO/D/MO/MC COMP/P/92086/07/2024 | B13: 12320
... A961: KHI/HO/D/MO/MC COMP/P/93424/07/2024 | B961: 8800
B962: =SUM(B2:B961) -> 11475480

Sheet working
A1: POLICY NO. | B1: Assorted_code | D1: Premium | E1: 24Sep240082
A2: KHI/HO/D/MO/MC COMP/P/92057/07/2024 | B2: =VLOOKUP(A2,[1]Sheet1!$B:$C,2,0) -> 040000177421 | C2: 19145 | D2: =ROUND(C2,0) -> 19145 | E2: 24Sep240082 | F2: ="insert into ins_premium_det (premium_rcv_code,assorted_code, rec_amount,premium_rcv_detail_code,remaining_amt, payrec, mode_code,coinsurance_code,class_cd,it_remarks) values" -> insert into ins_premium_det (premium_rcv_code,assorted_code, rec_amount,premium_rcv_detail_code,remaining_amt, payrec, mode_code,coinsurance_code,class_cd,it_remarks) values | G2: ="('"&E2&"','"&B2&"','"&D2&"',(select max(to_number(i.premium_rcv_detail_code))+1 from ins_premium_det i),'"&D2&"','"&D2&"','02', '11000003','00','Request by Mr. Omair Ali 25-Sep-2024 allocation no 24Sep240082 ');" -> ('24Sep240082','040000177421','19145',(select max(to_number(i.premium_rcv_detail_code))+1 from ins_premium_det i),'19145','19145','02', '11000003','00','Request by Mr. Omair Ali 25-Sep-2024 allocation no 24Sep240082 '); | H2: =F2&G2 -> insert into ins_premium_det (premium_rcv_code,assorted_code, rec_amount,premium_rcv_detail_code,remaining_amt, payrec, mode_code,coinsurance_code,class_cd,it_remarks) values('24Sep240082','040000177421','19145',(select max(to_number(i.premium_rcv_detail_code))+1 from ins_premium_det i),'19145','19145','02', '11000003','00','Request by Mr. Omair Ali 25-Sep-2024 allocation no 24Sep240082 ');
A3: KHI/HO/D/MO/MC COMP/P/92058/07/2024 | B3: =VLOOKUP(A3,[1]Sheet1!$B:$C,2,0) -> 040000177422 | C3: 19145 | D3: =ROUND(C3,0) -> 19145 | E3: 24Sep240082 | F3: ="insert into ins_premium_det (premium_rcv_code,assorted_code, rec_amount,premium_rcv_detail_code,remaining_amt, payrec, mode_code,coinsurance_code,class_cd,it_remarks) values" -> insert into ins_premium_det (premium_rcv_code,assorted_code, rec_amount,premium_rcv_detail_code,remaining_amt, payrec, mode_code,coinsurance_code,class_cd,it_remarks) values | G3: ="('"&E3&"','"&B3&"','"&D3&"',(select max(to_number(i.premium_rcv_detail_code))+1 from ins_premium_det i),'"&D3&"','"&D3&"','02', '11000003','00','Request by Mr. Omair Ali 25-Sep-2024 allocation no 24Sep240082 ');" -> ('24Sep240082','040000177422','19145',(select max(to_number(i.premium_rcv_detail_code))+1 from ins_premium_det i),'19145','19145','02', '11000003','00','Request by Mr. Omair Ali 25-Sep-2024 allocation no 24Sep240082 '); | H3: =F3&G3 -> insert into ins_premium_det (premium_rcv_code,assorted_code, rec_amount,premium_rcv_detail_code,remaining_amt, payrec, mode_code,coinsurance_code,class_cd,it_remarks) values('24Sep240082','040000177422','19145',(select max(to_number(i.premium_rcv_detail_code))+1 from ins_premium_det i),'19145','19145','02', '11000003','00','Request by Mr. Omair Ali 25-Sep-2024 allocation no 24Sep240082 ');
A4: KHI/HO/D/MO/MC COMP/P/92068/07/2024 | B4: =VLOOKUP(A4,[1]Sheet1!$B:$C,2,0) -> 040000177443 | C4: 12320 | D4: =ROUND(C4,0) -> 12320 | E4: 24Sep240082 | F4: ="insert into ins_premium_det (premium_rcv_code,assorted_code, rec_amount,premium_rcv_detail_code,remaining_amt, payrec, mode_code,coinsurance_code,class_cd,it_remarks) values" -> insert into ins_premium_det (premium_rcv_code,assorted_code, rec_amount,premium_rcv_detail_code,remaining_amt, payrec, mode_code,coinsurance_code,class_cd,it_remarks) values | G4: ="('"&E4&"','"&B4&"','"&D4&"',(select max(to_number(i.premium_rcv_detail_code))+1 from ins_premium_det i),'"&D4&"','"&D4&"','02', '11000003','00','Request by Mr. Omair Ali 25-Sep-2024 allocation no 24Sep240082 ');" -> ('24Sep240082','040000177443','12320',(select max(to_number(i.premium_rcv_detail_code))+1 from ins_premium_det i),'12320','12320','02', '11000003','00','Request by Mr. Omair Ali 25-Sep-2024 allocation no 24Sep240082 '); | H4: =F4&G4 -> insert into ins_premium_det (premium_rcv_code,assorted_code, rec_amount,premium_rcv_detail_code,remaining_amt, payrec, mode_code,coinsurance_code,class_cd,it_remarks) values('24Sep240082','040000177443','12320',(select max(to_number(i.premium_rcv_detail_code))+1 from ins_premium_det i),'12320','12320','02', '11000003','00','Request by Mr. Omair Ali 25-Sep-2024 allocation no 24Sep240082 ');
A5: KHI/HO/D/MO/MC COMP/P/92069/07/2024 | B5: =VLOOKUP(A5,[1]Sheet1!$B:$C,2,0) -> 040000177444 | C5: 12320 | D5: =ROUND(C5,0) -> 12320 | E5: 24Sep240082 | F5: ="insert into ins_premium_det (premium_rcv_code,assorted_code, rec_amount,premium_rcv_detail_code,remaining_amt, payrec, mode_code,coinsurance_code,class_cd,it_remarks) values" -> insert into ins_premium_det (premium_rcv_code,assorted_code, rec_amount,premium_rcv_detail_code,remaining_amt, payrec, mode_code,coinsurance_code,class_cd,it_remarks) values | G5: ="('"&E5&"','"&B5&"','"&D5&"',(select max(to_number(i.premium_rcv_detail_code))+1 from ins_premium_det i),'"&D5&"','"&D5&"','02', '11000003','00','Request by Mr. Omair Ali 25-Sep-2024 allocation no 24Sep240082 ');" -> ('24Sep240082','040000177444','12320',(select max(to_number(i.premium_rcv_detail_code))+1 from ins_premium_det i),'12320','12320','02', '11000003','00','Request by Mr. Omair Ali 25-Sep-2024 allocation no 24Sep240082 '); | H5: =F5&G5 -> insert into ins_premium_det (premium_rcv_code,assorted_code, rec_amount,premium_rcv_detail_code,remaining_amt, payrec, mode_code,coinsurance_code,class_cd,it_remarks) values('24Sep240082','040000177444','12320',(select max(to_number(i.premium_rcv_detail_code))+1 from ins_premium_det i),'12320','12320','02', '11000003','00','Request by Mr. Omair Ali 25-Sep-2024 allocation no 24Sep240082 ');
A6: KHI/HO/D/MO/MC COMP/P/92074/07/2024 | B6: =VLOOKUP(A6,[1]Sheet1!$B:$C,2,0) -> 040000177452 | C6: 13370 | D6: =ROUND(C6,0) -> 13370 | E6: 24Sep240082 | F6: ="insert into ins_premium_det (premium_rcv_code,assorted_code, rec_amount,premium_rcv_detail_code,remaining_amt, payrec, mode_code,coinsurance_code,class_cd,it_remarks) values" -> insert into ins_premium_det (premium_rcv_code,assorted_code, rec_amount,premium_rcv_detail_code,remaining_amt, payrec, mode_code,coinsurance_code,class_cd,it_remarks) values | G6: ="('"&E6&"','"&B6&"','"&D6&"',(select max(to_number(i.premium_rcv_detail_code))+1 from ins_premium_det i),'"&D6&"','"&D6&"','02', '11000003','00','Request by Mr. Omair Ali 25-Sep-2024 allocation no 24Sep240082 ');" -> ('24Sep240082','040000177452','13370',(select max(to_number(i.premium_rcv_detail_code))+1 from ins_premium_det i),'13370','13370','02', '11000003','00','Request by Mr. Omair Ali 25-Sep-2024 allocation no 24Sep240082 '); | H6: =F6&G6 -> insert into ins_premium_det (premium_rcv_code,assorted_code, rec_amount,premium_rcv_detail_code,remaining_amt, payrec, mode_code,coinsurance_code,class_cd,it_remarks) values('24Sep240082','040000177452','13370',(select max(to_number(i.premium_rcv_detail_code))+1 from ins_premium_det i),'13370','13370','02', '11000003','00','Request by Mr. Omair Ali 25-Sep-2024 allocation no 24Sep240082 ');
A7: KHI/HO/D/MO/MC COMP/P/92075/07/2024 | B7: =VLOOKUP(A7,[1]Sheet1!$B:$C,2,0) -> 040000177453 | C7: 13370 | D7: =ROUND(C7,0) -> 13370 | E7: 24Sep240082 | F7: ="insert into ins_premium_det (premium_rcv_code,assorted_code, rec_amount,premium_rcv_detail_code,remaining_amt, payrec, mode_code,coinsurance_code,class_cd,it_remarks) values" -> insert into ins_premium_det (premium_rcv_code,assorted_code, rec_amount,premium_rcv_detail_code,remaining_amt, payrec, mode_code,coinsurance_code,class_cd,it_remarks) values | G7: ="('"&E7&"','"&B7&"','"&D7&"',(select max(to_number(i.premium_rcv_detail_code))+1 from ins_premium_det i),'"&D7&"','"&D7&"','02', '11000003','00','Request by Mr. Omair Ali 25-Sep-2024 allocation no 24Sep240082 ');" -> ('24Sep240082','040000177453','13370',(select max(to_number(i.premium_rcv_detail_code))+1 from ins_premium_det i),'13370','13370','02', '11000003','00','Request by Mr. Omair Ali 25-Sep-2024 allocation no 24Sep240082 '); | H7: =F7&G7 -> insert into ins_premium_det (premium_rcv_code,assorted_code, rec_amount,premium_rcv_detail_code,remaining_amt, payrec, mode_code,coinsurance_code,class_cd,it_remarks) values('24Sep240082','040000177453','13370',(select max(to_number(i.premium_rcv_detail_code))+1 from ins_premium_det i),'13370','13370','02', '11000003','00','Request by Mr. Omair Ali 25-Sep-2024 allocation no 24Sep240082 ');
A8: KHI/HO/D/MO/MC COMP/P/92077/07/2024 | B8: =VLOOKUP(A8,[1]Sheet1!$B:$C,2,0) -> 040000177460 | C8: 12320 | D8: =ROUND(C8,0) -> 12320 | E8: 24Sep240082 | F8: ="insert into ins_premium_det (premium_rcv_code,assorted_code, rec_amount,premium_rcv_detail_code,remaining_amt, payrec, mode_code,coinsurance_code,class_cd,it_remarks) values" -> insert into ins_premium_det (premium_rcv_code,assorted_code, rec_amount,premium_rcv_detail_code,remaining_amt, payrec, mode_code,coinsurance_code,class_cd,it_remarks) values | G8: ="('"&E8&"','"&B8&"','"&D8&"',(select max(to_number(i.premium_rcv_detail_code))+1 from ins_premium_det i),'"&D8&"','"&D8&"','02', '11000003','00','Request by Mr. Omair Ali 25-Sep-2024 allocation no 24Sep240082 ');" -> ('24Sep240082','040000177460','12320',(select max(to_number(i.premium_rcv_detail_code))+1 from ins_premium_det i),'12320','12320','02', '11000003','00','Request by Mr. Omair Ali 25-Sep-2024 allocation no 24Sep240082 '); | H8: =F8&G8 -> insert into ins_premium_det (premium_rcv_code,assorted_code, rec_amount,premium_rcv_detail_code,remaining_amt, payrec, mode_code,coinsurance_code,class_cd,it_remarks) values('24Sep240082','040000177460','12320',(select max(to_number(i.premium_rcv_detail_code))+1 from ins_premium_det i),'12320','12320','02', '11000003','00','Request by Mr. Omair Ali 25-Sep-2024 allocation no 24Sep240082 ');
A9: KHI/HO/D/MO/MC COMP/P/92078/07/2024 | B9: =VLOOKUP(A9,[1]Sheet1!$B:$C,2,0) -> 040000177461 | C9: 12320 | D9: =ROUND(C9,0) -> 12320 | E9: 24Sep240082 | F9: ="insert into ins_premium_det (premium_rcv_code,assorted_code, rec_amount,premium_rcv_detail_code,remaining_amt, payrec, mode_code,coinsurance_code,class_cd,it_remarks) values" -> insert into ins_premium_det (premium_rcv_code,assorted_code, rec_amount,premium_rcv_detail_code,remaining_amt, payrec, mode_code,coinsurance_code,class_cd,it_remarks) values | G9: ="('"&E9&"','"&B9&"','"&D9&"',(select max(to_number(i.premium_rcv_detail_code))+1 from ins_premium_det i),'"&D9&"','"&D9&"','02', '11000003','00','Request by Mr. Omair Ali 25-Sep-2024 allocation no 24Sep240082 ');" -> ('24Sep240082','040000177461','12320',(select max(to_number(i.premium_rcv_detail_code))+1 from ins_premium_det i),'12320','12320','02', '11000003','00','Request by Mr. Omair Ali 25-Sep-2024 allocation no 24Sep240082 '); | H9: =F9&G9 -> insert into ins_premium_det (premium_rcv_code,assorted_code, rec_amount,premium_rcv_detail_code,remaining_amt, payrec, mode_code,coinsurance_code,class_cd,it_remarks) values('24Sep240082','040000177461','12320',(select max(to_number(i.premium_rcv_detail_code))+1 from ins_premium_det i),'12320','12320','02', '11000003','00','Request by Mr. Omair Ali 25-Sep-2024 allocation no 24Sep240082 ');
A10: KHI/HO/D/MO/MC COMP/P/92080/07/2024 | B10: =VLOOKUP(A10,[1]Sheet1!$B:$C,2,0) -> 040000177465 | C10: 19145 | D10: =ROUND(C10,0) -> 19145 | E10: 24Sep240082 | F10: ="insert into ins_premium_det (premium_rcv_code,assorted_code, rec_amount,premium_rcv_detail_code,remaining_amt, payrec, mode_code,coinsurance_code,class_cd,it_remarks) values" -> insert into ins_premium_det (premium_rcv_code,assorted_code, rec_amount,premium_rcv_detail_code,remaining_amt, payrec, mode_code,coinsurance_code,class_cd,it_remarks) values | G10: ="('"&E10&"','"&B10&"','"&D10&"',(select max(to_number(i.premium_rcv_detail_code))+1 from ins_premium_det i),'"&D10&"','"&D10&"','02', '11000003','00','Request by Mr. Omair Ali 25-Sep-2024 allocation no 24Sep240082 ');" -> ('24Sep240082','040000177465','19145',(select max(to_number(i.premium_rcv_detail_code))+1 from ins_premium_det i),'19145','19145','02', '11000003','00','Request by Mr. Omair Ali 25-Sep-2024 allocation no 24Sep240082 '); | H10: =F10&G10 -> insert into ins_premium_det (premium_rcv_code,assorted_code, rec_amount,premium_rcv_detail_code,remaining_amt, payrec, mode_code,coinsurance_code,class_cd,it_remarks) values('24Sep240082','040000177465','19145',(select max(to_number(i.premium_rcv_detail_code))+1 from ins_premium_det i),'19145','19145','02', '11000003','00','Request by Mr. Omair Ali 25-Sep-2024 allocation no 24Sep240082 ');
A11: KHI/HO/D/MO/MC COMP/P/92081/07/2024 | B11: =VLOOKUP(A11,[1]Sheet1!$B:$C,2,0) -> 040000177466 | C11: 19145 | D11: =ROUND(C11,0) -> 19145 | E11: 24Sep240082 | F11: ="insert into ins_premium_det (premium_rcv_code,assorted_code, rec_amount,premium_rcv_detail_code,remaining_amt, payrec, mode_code,coinsurance_code,class_cd,it_remarks) values" -> insert into ins_premium_det (premium_rcv_code,assorted_code, rec_amount,premium_rcv_detail_code,remaining_amt, payrec, mode_code,coinsurance_code,class_cd,it_remarks) values | G11: ="('"&E11&"','"&B11&"','"&D11&"',(select max(to_number(i.premium_rcv_detail_code))+1 from ins_premium_det i),'"&D11&"','"&D11&"','02', '11000003','00','Request by Mr. Omair Ali 25-Sep-2024 allocation no 24Sep240082 ');" -> ('24Sep240082','040000177466','19145',(select max(to_number(i.premium_rcv_detail_code))+1 from ins_premium_det i),'19145','19145','02', '11000003','00','Request by Mr. Omair Ali 25-Sep-2024 allocation no 24Sep240082 '); | H11: =F11&G11 -> insert into ins_premium_det (premium_rcv_code,assorted_code, rec_amount,premium_rcv_detail_code,remaining_amt, payrec, mode_code,coinsurance_code,class_cd,it_remarks) values('24Sep240082','040000177466','19145',(select max(to_number(i.premium_rcv_detail_code))+1 from ins_premium_det i),'19145','19145','02', '11000003','00','Request by Mr. Omair Ali 25-Sep-2024 allocation no 24Sep240082 ');
A12: KHI/HO/D/MO/MC COMP/P/92083/07/2024 | B12: =VLOOKUP(A12,[1]Sheet1!$B:$C,2,0) -> 040000177470 | C12: 19145 | D12: =ROUND(C12,0) -> 19145 | E12: 24Sep240082 | F12: ="insert into ins_premium_det (premium_rcv_code,assorted_code, rec_amount,premium_rcv_detail_code,remaining_amt, payrec, mode_code,coinsurance_code,class_cd,it_remarks) values" -> insert into ins_premium_det (premium_rcv_code,assorted_code, rec_amount,premium_rcv_detail_code,remaining_amt, payrec, mode_code,coinsurance_code,class_cd,it_remarks) values | G12: ="('"&E12&"','"&B12&"','"&D12&"',(select max(to_number(i.premium_rcv_detail_code))+1 from ins_premium_det i),'"&D12&"','"&D12&"','02', '11000003','00','Request by Mr. Omair Ali 25-Sep-2024 allocation no 24Sep240082 ');" -> ('24Sep240082','040000177470','19145',(select max(to_number(i.premium_rcv_detail_code))+1 from ins_premium_det i),'19145','19145','02', '11000003','00','Request by Mr. Omair Ali 25-Sep-2024 allocation no 24Sep240082 '); | H12: =F12&G12 -> insert into ins_premium_det (premium_rcv_code,assorted_code, rec_amount,premium_rcv_detail_code,remaining_amt, payrec, mode_code,coinsurance_code,class_cd,it_remarks) values('24Sep240082','040000177470','19145',(select max(to_number(i.premium_rcv_detail_code))+1 from ins_premium_det i),'19145','19145','02', '11000003','00','Request by Mr. Omair Ali 25-Sep-2024 allocation no 24Sep240082 ');
A13: KHI/HO/D/MO/MC COMP/P/92086/07/2024 | B13: =VLOOKUP(A13,[1]Sheet1!$B:$C,2,0) -> 040000177474 | C13: 12320 | D13: =ROUND(C13,0) -> 12320 | E13: 24Sep240082 | F13: ="insert into ins_premium_det (premium_rcv_code,assorted_code, rec_amount,premium_rcv_detail_code,remaining_amt, payrec, mode_code,coinsurance_code,class_cd,it_remarks) values" -> insert into ins_premium_det (premium_rcv_code,assorted_code, rec_amount,premium_rcv_detail_code,remaining_amt, payrec, mode_code,coinsurance_code,class_cd,it_remarks) values | G13: ="('"&E13&"','"&B13&"','"&D13&"',(select max(to_number(i.premium_rcv_detail_code))+1 from ins_premium_det i),'"&D13&"','"&D13&"','02', '11000003','00','Request by Mr. Omair Ali 25-Sep-2024 allocation no 24Sep240082 ');" -> ('24Sep240082','040000177474','12320',(select max(to_number(i.premium_rcv_detail_code))+1 from ins_premium_det i),'12320','12320','02', '11000003','00','Request by Mr. Omair Ali 25-Sep-2024 allocation no 24Sep240082 '); | H13: =F13&G13 -> insert into ins_premium_det (premium_rcv_code,assorted_code, rec_amount,premium_rcv_detail_code,remaining_amt, payrec, mode_code,coinsurance_code,class_cd,it_remarks) values('24Sep240082','040000177474','12320',(select max(to_number(i.premium_rcv_detail_code))+1 from ins_premium_det i),'12320','12320','02', '11000003','00','Request by Mr. Omair Ali 25-Sep-2024 allocation no 24Sep240082 ');
... A959: KHI/HO/D/MO/MC COMP/P/93424/07/2024 | B959: =VLOOKUP(A959,[1]Sheet1!$B:$C,2,0) -> 040000179263 | C959: 8800 | D959: =ROUND(C959,0) -> 8800 | E959: 24Sep240082 | F959: ="insert into ins_premium_det (premium_rcv_code,assorted_code, rec_amount,premium_rcv_detail_code,remaining_amt, payrec, mode_code,coinsurance_code,class_cd,it_remarks) values" -> insert into ins_premium_det (premium_rcv_code,assorted_code, rec_amount,premium_rcv_detail_code,remaining_amt, payrec, mode_code,coinsurance_code,class_cd,it_remarks) values | G959: ="('"&E959&"','"&B959&"','"&D959&"',(select max(to_number(i.premium_rcv_detail_code))+1 from ins_premium_det i),'"&D959&"','"&D959&"','02', '11000003','00','Request by Mr. Omair Ali 25-Sep-2024 allocation no 24Sep240082 ');" -> ('24Sep240082','040000179263','8800',(select max(to_number(i.premium_rcv_detail_code))+1 from ins_premium_det i),'8800','8800','02', '11000003','00','Request by Mr. Omair Ali 25-Sep-2024 allocation no 24Sep240082 '); | H959: =F959&G959 -> insert into ins_premium_det (premium_rcv_code,assorted_code, rec_amount,premium_rcv_detail_code,remaining_amt, payrec, mode_code,coinsurance_code,class_cd,it_remarks) values('24Sep240082','040000179263','8800',(select max(to_number(i.premium_rcv_detail_code))+1 from ins_premium_det i),'8800','8800','02', '11000003','00','Request by Mr. Omair Ali 25-Sep-2024 allocation no 24Sep240082 ');
C960: =SUM(C2:C959) -> 11475480

Sheet Sheet2
A1: KHI/HO/D/MO/MC COMP/P/92057/07/2024 | B1: -07-2024 | D1: 92057 | E1: ="ia.assorted_string like '%"&D1&B1&"%' or" -> ia.assorted_string like '%92057-07-2024%' or
A2: KHI/HO/D/MO/MC COMP/P/92058/07/2024 | B2: -07-2024 | D2: 92058 | E2: ="ia.assorted_string like '%"&D2&B2&"%' or" -> ia.assorted_string like '%92058-07-2024%' or
A3: KHI/HO/D/MO/MC COMP/P/92068/07/2024 | B3: -07-2024 | D3: 92068 | E3: ="ia.assorted_string like '%"&D3&B3&"%' or" -> ia.assorted_string like '%92068-07-2024%' or
A4: KHI/HO/D/MO/MC COMP/P/92069/07/2024 | B4: -07-2024 | D4: 92069 | E4: ="ia.assorted_string like '%"&D4&B4&"%' or" -> ia.assorted_string like '%92069-07-2024%' or
A5: KHI/HO/D/MO/MC COMP/P/92074/07/2024 | B5: -07-2024 | D5: 92074 | E5: ="ia.assorted_string like '%"&D5&B5&"%' or" -> ia.assorted_string like '%92074-07-2024%' or
A6: KHI/HO/D/MO/MC COMP/P/92075/07/2024 | B6: -07-2024 | D6: 92075 | E6: ="ia.assorted_string like '%"&D6&B6&"%' or" -> ia.assorted_string like '%92075-07-2024%' or
A7: KHI/HO/D/MO/MC COMP/P/92077/07/2024 | B7: -07-2024 | D7: 92077 | E7: ="ia.assorted_string like '%"&D7&B7&"%' or" -> ia.assorted_string like '%92077-07-2024%' or
A8: KHI/HO/D/MO/MC COMP/P/92078/07/2024 | B8: -07-2024 | D8: 92078 | E8: ="ia.assorted_string like '%"&D8&B8&"%' or" -> ia.assorted_string like '%92078-07-2024%' or
A9: KHI/HO/D/MO/MC COMP/P/92080/07/2024 | B9: -07-2024 | D9: 92080 | E9: ="ia.assorted_string like '%"&D9&B9&"%' or" -> ia.assorted_string like '%92080-07-2024%' or
A10: KHI/HO/D/MO/MC COMP/P/92081/07/2024 | B10: -07-2024 | D10: 92081 | E10: ="ia.assorted_string like '%"&D10&B10&"%' or" -> ia.assorted_string like '%92081-07-2024%' or
A11: KHI/HO/D/MO/MC COMP/P/92083/07/2024 | B11: -07-2024 | D11: 92083 | E11: ="ia.assorted_string like '%"&D11&B11&"%' or" -> ia.assorted_string like '%92083-07-2024%' or
A12: KHI/HO/D/MO/MC COMP/P/92086/07/2024 | B12: -07-2024 | D12: 92086 | E12: ="ia.assorted_string like '%"&D12&B12&"%' or" -> ia.assorted_string like '%92086-07-2024%' or
... A960: KHI/HO/D/MO/MC COMP/P/93424/07/2024 | B960: -07-2024 | D960: 93424 | E960: ="ia.assorted_string like '%"&D960&B960&"%' or" -> ia.assorted_string like '%93424-07-2024%' or
