Workbook

Sheet Comm Adj Cases
A1: Sr.No | B1: POLICY_STRING | C1: COMISSION | D1: Agency Code
A2: 1 | B2: LHR/LHR/D/MO/PC COMP/P/82878/01/2024 | C2: 4600 | D2: 9000521
A3: 2 | B3: LHR/LHR/D/MO/PC COMP/P/82883/01/2024 | C3: 6137 | D3: 9000728
A4: 3 | B4: LHR/LHR/D/MO/PC COMP/P/82884/01/2024 | C4: 4707 | D4: 9000780
A5: 4 | B5: LHR/LHR/D/MO/PC COMP/P/82900/01/2024 | C5: 8038 | D5: 9000794
A6: 5 | B6: LHR/LHR/D/MO/PC COMP/P/82901/01/2024 | C6: 500 | D6: 9000806
A7: 6 | B7: LHR/LHR/D/MO/PC TPP/P/92010/06/2024 | C7: 21900 | D7: 9000794
A8: 7 | B8: LHR/LHR/D/MO/PC COMP/P/97180/09/2024 | C8: 14500 | D8: 9000918
A9: 8 | B9: LHR/LHR/D/MO/PC COMP/P/97646/09/2024 | C9: 47725 | D9: 9000918
A10: 9 | B10: LHR/LHR/D/MO/PC COMP/P/97649/09/2024 | C10: 26324 | D10: 9000878
A11: 10 | B11: LHR/LHR/D/MO/PC COMP/P/97913/09/2024 | C11: 11390 | D11: 9000482
A12: 11 | B12: LHR/LHR/D/MO/PC TPP/P/98624/09/2024 | C12: 7894 | D12: 9000448
A13: 12 | B13: LHR/LHR/D/MO/PC COMP/P/99034/10/2024 | C13: 25773 | D13: 9000933
... A95: 94 | B95: LHR/LHR/D/MO/PC COMP/P/106031/01/2025 | C95: 42567 | D95: 9000918
C96: =SUM(C2:C95) -> 1645044
B97: POLICY_STRING | C97: PREMIUM
B98: LHR/LHR/D/MO/PC COMP/P/82878/01/2024 | C98: 4600
B99: LHR/LHR/D/MO/PC COMP/P/82883/01/2024 | C99: 6137
B100: LHR/LHR/D/MO/PC COMP/P/82884/01/2024 | C100: 4707
B101: LHR/LHR/D/MO/PC COMP/P/82900/01/2024 | C101: 8038
B102: LHR/LHR/D/MO/PC COMP/P/82901/01/2024 | C102: 500
B103: LHR/LHR/D/MO/PC TPP/P/92010/06/2024 | C103: 21900
B104: LHR/LHR/D/MO/PC COMP/P/97180/09/2024 | C104: 14500
B105: LHR/LHR/D/MO/PC COMP/P/97646/09/2024 | C105: 47725
B106: LHR/LHR/D/MO/PC COMP/P/97649/09/2024 | C106: 26324
B107: LHR/LHR/D/MO/PC COMP/P/97913/09/2024 | C107: 11390
B108: LHR/LHR/D/MO/PC TPP/P/98624/09/2024 | C108: 7894
B109: LHR/LHR/D/MO/PC COMP/P/99034/10/2024 | C109: 25773
... B191: LHR/LHR/D/MO/PC COMP/P/106031/01/2025 | C191: 42567
C192: =SUM(C98:C191) -> 1645044

Sheet working-premium
A1: POLICY NO. | B1: Assorted_code | D1: Premium | E1: 21Jan250071
A2: LHR/LHR/D/MO/PC COMP/P/82878/01/2024 | B2: =VLOOKUP(A2,policy!B:C,2,0) -> 040000164680 | C2: 4600 | D2: =ROUND(C2,0) -> 4600 | E2: 21Jan250071 | F2: ="insert into ins_premium_det (premium_rcv_code,assorted_code, rec_amount,premium_rcv_detail_code,remaining_amt, payrec, mode_code,coinsurance_code,class_cd,it_remarks) values" -> insert into ins_premium_det (premium_rcv_code,assorted_code, rec_amount,premium_rcv_detail_code,remaining_amt, payrec, mode_code,coinsurance_code,class_cd,it_remarks) values | G2: ="('"&E2&"','"&B2&"','"&D2&"',(select max(to_number(i.premium_rcv_detail_code))+1 from ins_premium_det i),'"&D2&"','"&D2&"','02', '11000003','00','Request by Mr. Omair Ali 22-Jan-2025 Premium');" -> ('21Jan250071','040000164680','4600',(select max(to_number(i.premium_rcv_detail_code))+1 from ins_premium_det i),'4600','4600','02', '11000003','00','Request by Mr. Omair Ali 22-Jan-2025 Premium'); | H2: =F2&G2 -> insert into ins_premium_det (premium_rcv_code,assorted_code, rec_amount,premium_rcv_detail_code,remaining_amt, payrec, mode_code,coinsurance_code,class_cd,it_remarks) values('21Jan250071','040000164680','4600',(select max(to_number(i.premium_rcv_detail_code))+1 from ins_premium_det i),'4600','4600','02', '11000003','00','Request by Mr. Omair Ali 22-Jan-2025 Premium');
A3: LHR/LHR/D/MO/PC COMP/P/82883/01/2024 | B3: =VLOOKUP(A3,policy!B:C,2,0) -> 040000164686 | C3: 6137 | D3: =ROUND(C3,0) -> 6137 | E3: 21Jan250071 | F3: ="insert into ins_premium_det (premium_rcv_code,assorted_code, rec_amount,premium_rcv_detail_code,remaining_amt, payrec, mode_code,coinsurance_code,class_cd,it_remarks) values" -> insert into ins_premium_det (premium_rcv_code,assorted_code, rec_amount,premium_rcv_detail_code,remaining_amt, payrec, mode_code,coinsurance_code,class_cd,it_remarks) values | G3: ="('"&E3&"','"&B3&"','"&D3&"',(select max(to_number(i.premium_rcv_detail_code))+1 from ins_premium_det i),'"&D3&"','"&D3&"','02', '11000003','00','Request by Mr. Omair Ali 22-Jan-2025 Premium');" -> ('21Jan250071','040000164686','6137',(select max(to_number(i.premium_rcv_detail_code))+1 from ins_premium_det i),'6137','6137','02', '11000003','00','Request by Mr. Omair Ali 22-Jan-2025 Premium'); | H3: =F3&G3 -> insert into ins_premium_det (premium_rcv_code,assorted_code, rec_amount,premium_rcv_detail_code,remaining_amt, payrec, mode_code,coinsurance_code,class_cd,it_remarks) values('21Jan250071','040000164686','6137',(select max(to_number(i.premium_rcv_detail_code))+1 from ins_premium_det i),'6137','6137','02', '11000003','00','Request by Mr. Omair Ali 22-Jan-2025 Premium');
A4: LHR/LHR/D/MO/PC COMP/P/82884/01/2024 | B4: =VLOOKUP(A4,policy!B:C,2,0) -> 040000164687 | C4: 4707 | D4: =ROUND(C4,0) -> 4707 | E4: 21Jan250071 | F4: ="insert into ins_premium_det (premium_rcv_code,assorted_code, rec_amount,premium_rcv_detail_code,remaining_amt, payrec, mode_code,coinsurance_code,class_cd,it_remarks) values" -> insert into ins_premium_det (premium_rcv_code,assorted_code, rec_amount,premium_rcv_detail_code,remaining_amt, payrec, mode_code,coinsurance_code,class_cd,it_remarks) values | G4: ="('"&E4&"','"&B4&"','"&D4&"',(select max(to_number(i.premium_rcv_detail_code))+1 from ins_premium_det i),'"&D4&"','"&D4&"','02', '11000003','00','Request by Mr. Omair Ali 22-Jan-2025 Premium');" -> ('21Jan250071','040000164687','4707',(select max(to_number(i.premium_rcv_detail_code))+1 from ins_premium_det i),'4707','4707','02', '11000003','00','Request by Mr. Omair Ali 22-Jan-2025 Premium'); | H4: =F4&G4 -> insert into ins_premium_det (premium_rcv_code,assorted_code, rec_amount,premium_rcv_detail_code,remaining_amt, payrec, mode_code,coinsurance_code,class_cd,it_remarks) values('21Jan250071','040000164687','4707',(select max(to_number(i.premium_rcv_detail_code))+1 from ins_premium_det i),'4707','4707','02', '11000003','00','Request by Mr. Omair Ali 22-Jan-2025 Premium');
A5: LHR/LHR/D/MO/PC COMP/P/82900/01/2024 | B5: =VLOOKUP(A5,policy!B:C,2,0) -> 040000164703 | C5: 8038 | D5: =ROUND(C5,0) -> 8038 | E5: 21Jan250071 | F5: ="insert into ins_premium_det (premium_rcv_code,assorted_code, rec_amount,premium_rcv_detail_code,remaining_amt, payrec, mode_code,coinsurance_code,class_cd,it_remarks) values" -> insert into ins_premium_det (premium_rcv_code,assorted_code, rec_amount,premium_rcv_detail_code,remaining_amt, payrec, mode_code,coinsurance_code,class_cd,it_remarks) values | G5: ="('"&E5&"','"&B5&"','"&D5&"',(select max(to_number(i.premium_rcv_detail_code))+1 from ins_premium_det i),'"&D5&"','"&D5&"','02', '11000003','00','Request by Mr. Omair Ali 22-Jan-2025 Premium');" -> ('21Jan250071','040000164703','8038',(select max(to_number(i.premium_rcv_detail_code))+1 from ins_premium_det i),'8038','8038','02', '11000003','00','Request by Mr. Omair Ali 22-Jan-2025 Premium'); | H5: =F5&G5 -> insert into ins_premium_det (premium_rcv_code,assorted_code, rec_amount,premium_rcv_detail_code,remaining_amt, payrec, mode_code,coinsurance_code,class_cd,it_remarks) values('21Jan250071','040000164703','8038',(select max(to_number(i.premium_rcv_detail_code))+1 from ins_premium_det i),'8038','8038','02', '11000003','00','Request by Mr. Omair Ali 22-Jan-2025 Premium');
A6: LHR/LHR/D/MO/PC COMP/P/82901/01/2024 | B6: =VLOOKUP(A6,policy!B:C,2,0) -> 040000164704 | C6: 500 | D6: =ROUND(C6,0) -> 500 | E6: 21Jan250071 | F6: ="insert into ins_premium_det (premium_rcv_code,assorted_code, rec_amount,premium_rcv_detail_code,remaining_amt, payrec, mode_code,coinsurance_code,class_cd,it_remarks) values" -> insert into ins_premium_det (premium_rcv_code,assorted_code, rec_amount,premium_rcv_detail_code,remaining_amt, payrec, mode_code,coinsurance_code,class_cd,it_remarks) values | G6: ="('"&E6&"','"&B6&"','"&D6&"',(select max(to_number(i.premium_rcv_detail_code))+1 from ins_premium_det i),'"&D6&"','"&D6&"','02', '11000003','00','Request by Mr. Omair Ali 22-Jan-2025 Premium');" -> ('21Jan250071','040000164704','500',(select max(to_number(i.premium_rcv_detail_code))+1 from ins_premium_det i),'500','500','02', '11000003','00','Request by Mr. Omair Ali 22-Jan-2025 Premium'); | H6: =F6&G6 -> insert into ins_premium_det (premium_rcv_code,assorted_code, rec_amount,premium_rcv_detail_code,remaining_amt, payrec, mode_code,coinsurance_code,class_cd,it_remarks) values('21Jan250071','040000164704','500',(select max(to_number(i.premium_rcv_detail_code))+1 from ins_premium_det i),'500','500','02', '11000003','00','Request by Mr. Omair Ali 22-Jan-2025 Premium');
A7: LHR/LHR/D/MO/PC TPP/P/92010/06/2024 | B7: =VLOOKUP(A7,policy!B:C,2,0) -> 040000177370 | C7: 21900 | D7: =ROUND(C7,0) -> 21900 | E7: 21Jan250071 | F7: ="insert into ins_premium_det (premium_rcv_code,assorted_code, rec_amount,premium_rcv_detail_code,remaining_amt, payrec, mode_code,coinsurance_code,class_cd,it_remarks) values" -> insert into ins_premium_det (premium_rcv_code,assorted_code, rec_amount,premium_rcv_detail_code,remaining_amt, payrec, mode_code,coinsurance_code,class_cd,it_remarks) values | G7: ="('"&E7&"','"&B7&"','"&D7&"',(select max(to_number(i.premium_rcv_detail_code))+1 from ins_premium_det i),'"&D7&"','"&D7&"','02', '11000003','00','Request by Mr. Omair Ali 22-Jan-2025 Premium');" -> ('21Jan250071','040000177370','21900',(select max(to_number(i.premium_rcv_detail_code))+1 from ins_premium_det i),'21900','21900','02', '11000003','00','Request by Mr. Omair Ali 22-Jan-2025 Premium'); | H7: =F7&G7 -> insert into ins_premium_det (premium_rcv_code,assorted_code, rec_amount,premium_rcv_detail_code,remaining_amt, payrec, mode_code,coinsurance_code,class_cd,it_remarks) values('21Jan250071','040000177370','21900',(select max(to_number(i.premium_rcv_detail_code))+1 from ins_premium_det i),'21900','21900','02', '11000003','00','Request by Mr. Omair Ali 22-Jan-2025 Premium');
A8: LHR/LHR/D/MO/PC COMP/P/97180/09/2024 | B8: =VLOOKUP(A8,policy!B:C,2,0) -> 040000183859 | C8: 14500 | D8: =ROUND(C8,0) -> 14500 | E8: 21Jan250071 | F8: ="insert into ins_premium_det (premium_rcv_code,assorted_code, rec_amount,premium_rcv_detail_code,remaining_amt, payrec, mode_code,coinsurance_code,class_cd,it_remarks) values" -> insert into ins_premium_det (premium_rcv_code,assorted_code, rec_amount,premium_rcv_detail_code,remaining_amt, payrec, mode_code,coinsurance_code,class_cd,it_remarks) values | G8: ="('"&E8&"','"&B8&"','"&D8&"',(select max(to_number(i.premium_rcv_detail_code))+1 from ins_premium_det i),'"&D8&"','"&D8&"','02', '11000003','00','Request by Mr. Omair Ali 22-Jan-2025 Premium');" -> ('21Jan250071','040000183859','14500',(select max(to_number(i.premium_rcv_detail_code))+1 from ins_premium_det i),'14500','14500','02', '11000003','00','Request by Mr. Omair Ali 22-Jan-2025 Premium'); | H8: =F8&G8 -> insert into ins_premium_det (premium_rcv_code,assorted_code, rec_amount,premium_rcv_detail_code,remaining_amt, payrec, mode_code,coinsurance_code,class_cd,it_remarks) values('21Jan250071','040000183859','14500',(select max(to_number(i.premium_rcv_detail_code))+1 from ins_premium_det i),'14500','14500','02', '11000003','00','Request by Mr. Omair Ali 22-Jan-2025 Premium');
A9: LHR/LHR/D/MO/PC COMP/P/97646/09/2024 | B9: =VLOOKUP(A9,policy!B:C,2,0) -> 040000184391 | C9: 47725 | D9: =ROUND(C9,0) -> 47725 | E9: 21Jan250071 | F9: ="insert into ins_premium_det (premium_rcv_code,assorted_code, rec_amount,premium_rcv_detail_code,remaining_amt, payrec, mode_code,coinsurance_code,class_cd,it_remarks) values" -> insert into ins_premium_det (premium_rcv_code,assorted_code, rec_amount,premium_rcv_detail_code,remaining_amt, payrec, mode_code,coinsurance_code,class_cd,it_remarks) values | G9: ="('"&E9&"','"&B9&"','"&D9&"',(select max(to_number(i.premium_rcv_detail_code))+1 from ins_premium_det i),'"&D9&"','"&D9&"','02', '11000003','00','Request by Mr. Omair Ali 22-Jan-2025 Premium');" -> ('21Jan250071','040000184391','47725',(select max(to_number(i.premium_rcv_detail_code))+1 from ins_premium_det i),'47725','47725','02', '11000003','00','Request by Mr. Omair Ali 22-Jan-2025 Premium'); | H9: =F9&G9 -> insert into ins_premium_det (premium_rcv_code,assorted_code, rec_amount,premium_rcv_detail_code,remaining_amt, payrec, mode_code,coinsurance_code,class_cd,it_remarks) values('21Jan250071','040000184391','47725',(select max(to_number(i.premium_rcv_detail_code))+1 from ins_premium_det i),'47725','47725','02', '11000003','00','Request by Mr. Omair Ali 22-Jan-2025 Premium');
A10: LHR/LHR/D/MO/PC COMP/P/97649/09/2024 | B10: =VLOOKUP(A10,policy!B:C,2,0) -> 040000184395 | C10: 26324 | D10: =ROUND(C10,0) -> 26324 | E10: 21Jan250071 | F10: ="insert into ins_premium_det (premium_rcv_code,assorted_code, rec_amount,premium_rcv_detail_code,remaining_amt, payrec, mode_code,coinsurance_code,class_cd,it_remarks) values" -> insert into ins_premium_det (premium_rcv_code,assorted_code, rec_amount,premium_rcv_detail_code,remaining_amt, payrec, mode_code,coinsurance_code,class_cd,it_remarks) values | G10: ="('"&E10&"','"&B10&"','"&D10&"',(select max(to_number(i.premium_rcv_detail_code))+1 from ins_premium_det i),'"&D10&"','"&D10&"','02', '11000003','00','Request by Mr. Omair Ali 22-Jan-2025 Premium');" -> ('21Jan250071','040000184395','26324',(select max(to_number(i.premium_rcv_detail_code))+1 from ins_premium_det i),'26324','26324','02', '11000003','00','Request by Mr. Omair Ali 22-Jan-2025 Premium'); | H10: =F10&G10 -> insert into ins_premium_det (premium_rcv_code,assorted_code, rec_amount,premium_rcv_detail_code,remaining_amt, payrec, mode_code,coinsurance_code,class_cd,it_remarks) values('21Jan250071','040000184395','26324',(select max(to_number(i.premium_rcv_detail_code))+1 from ins_premium_det i),'26324','26324','02', '11000003','00','Request by Mr. Omair Ali 22-Jan-2025 Premium');
A11: LHR/LHR/D/MO/PC COMP/P/97913/09/2024 | B11: =VLOOKUP(A11,policy!B:C,2,0) -> 040000184682 | C11: 11390 | D11: =ROUND(C11,0) -> 11390 | E11: 21Jan250071 | F11: ="insert into ins_premium_det (premium_rcv_code,assorted_code, rec_amount,premium_rcv_detail_code,remaining_amt, payrec, mode_code,coinsurance_code,class_cd,it_remarks) values" -> insert into ins_premium_det (premium_rcv_code,assorted_code, rec_amount,premium_rcv_detail_code,remaining_amt, payrec, mode_code,coinsurance_code,class_cd,it_remarks) values | G11: ="('"&E11&"','"&B11&"','"&D11&"',(select max(to_number(i.premium_rcv_detail_code))+1 from ins_premium_det i),'"&D11&"','"&D11&"','02', '11000003','00','Request by Mr. Omair Ali 22-Jan-2025 Premium');" -> ('21Jan250071','040000184682','11390',(select max(to_number(i.premium_rcv_detail_code))+1 from ins_premium_det i),'11390','11390','02', '11000003','00','Request by Mr. Omair Ali 22-Jan-2025 Premium'); | H11: =F11&G11 -> insert into ins_premium_det (premium_rcv_code,assorted_code, rec_amount,premium_rcv_detail_code,remaining_amt, payrec, mode_code,coinsurance_code,class_cd,it_remarks) values('21Jan250071','040000184682','11390',(select max(to_number(i.premium_rcv_detail_code))+1 from ins_premium_det i),'11390','11390','02', '11000003','00','Request by Mr. Omair Ali 22-Jan-2025 Premium');
A12: LHR/LHR/D/MO/PC TPP/P/98624/09/2024 | B12: =VLOOKUP(A12,policy!B:C,2,0) -> 040000185478 | C12: 7894 | D12: =ROUND(C12,0) -> 7894 | E12: 21Jan250071 | F12: ="insert into ins_premium_det (premium_rcv_code,assorted_code, rec_amount,premium_rcv_detail_code,remaining_amt, payrec, mode_code,coinsurance_code,class_cd,it_remarks) values" -> insert into ins_premium_det (premium_rcv_code,assorted_code, rec_amount,premium_rcv_detail_code,remaining_amt, payrec, mode_code,coinsurance_code,class_cd,it_remarks) values | G12: ="('"&E12&"','"&B12&"','"&D12&"',(select max(to_number(i.premium_rcv_detail_code))+1 from ins_premium_det i),'"&D12&"','"&D12&"','02', '11000003','00','Request by Mr. Omair Ali 22-Jan-2025 Premium');" -> ('21Jan250071','040000185478','7894',(select max(to_number(i.premium_rcv_detail_code))+1 from ins_premium_det i),'7894','7894','02', '11000003','00','Request by Mr. Omair Ali 22-Jan-2025 Premium'); | H12: =F12&G12 -> insert into ins_premium_det (premium_rcv_code,assorted_code, rec_amount,premium_rcv_detail_code,remaining_amt, payrec, mode_code,coinsurance_code,class_cd,it_remarks) values('21Jan250071','040000185478','7894',(select max(to_number(i.premium_rcv_detail_code))+1 from ins_premium_det i),'7894','7894','02', '11000003','00','Request by Mr. Omair Ali 22-Jan-2025 Premium');
A13: LHR/LHR/D/MO/PC COMP/P/99034/10/2024 | B13: =VLOOKUP(A13,policy!B:C,2,0) -> 040000185937 | C13: 25773 | D13: =ROUND(C13,0) -> 25773 | E13: 21Jan250071 | F13: ="insert into ins_premium_det (premium_rcv_code,assorted_code, rec_amount,premium_rcv_detail_code,remaining_amt, payrec, mode_code,coinsurance_code,class_cd,it_remarks) values" -> insert into ins_premium_det (premium_rcv_code,assorted_code, rec_amount,premium_rcv_detail_code,remaining_amt, payrec, mode_code,coinsurance_code,class_cd,it_remarks) values | G13: ="('"&E13&"','"&B13&"','"&D13&"',(select max(to_number(i.premium_rcv_detail_code))+1 from ins_premium_det i),'"&D13&"','"&D13&"','02', '11000003','00','Request by Mr. Omair Ali 22-Jan-2025 Premium');" -> ('21Jan250071','040000185937','25773',(select max(to_number(i.premium_rcv_detail_code))+1 from ins_premium_det i),'25773','25773','02', '11000003','00','Request by Mr. Omair Ali 22-Jan-2025 Premium'); | H13: =F13&G13 -> insert into ins_premium_det (premium_rcv_code,assorted_code, rec_amount,premium_rcv_detail_code,remaining_amt, payrec, mode_code,coinsurance_code,class_cd,it_remarks) values('21Jan250071','040000185937','25773',(select max(to_number(i.premium_rcv_detail_code))+1 from ins_premium_det i),'25773','25773','02', '11000003','00','Request by Mr. Omair Ali 22-Jan-2025 Premium');
... A95: LHR/LHR/D/MO/PC COMP/P/106031/01/2025 | B95: =VLOOKUP(A95,policy!B:C,2,0) -> 040000194269 | C95: 42567 | D95: =ROUND(C95,0) -> 42567 | E95: 21Jan250071 | F95: ="insert into ins_premium_det (premium_rcv_code,assorted_code, rec_amount,premium_rcv_detail_code,remaining_amt, payrec, mode_code,coinsurance_code,class_cd,it_remarks) values" -> insert into ins_premium_det (premium_rcv_code,assorted_code, rec_amount,premium_rcv_detail_code,remaining_amt, payrec, mode_code,coinsurance_code,class_cd,it_remarks) values | G95: ="('"&E95&"','"&B95&"','"&D95&"',(select max(to_number(i.premium_rcv_detail_code))+1 from ins_premium_det i),'"&D95&"','"&D95&"','02', '11000003','00','Request by Mr. Omair Ali 22-Jan-2025 Premium');" -> ('21Jan250071','040000194269','42567',(select max(to_number(i.premium_rcv_detail_code))+1 from ins_premium_det i),'42567','42567','02', '11000003','00','Request by Mr. Omair Ali 22-Jan-2025 Premium'); | H95: =F95&G95 -> insert into ins_premium_det (premium_rcv_code,assorted_code, rec_amount,premium_rcv_detail_code,remaining_amt, payrec, mode_code,coinsurance_code,class_cd,it_remarks) values('21Jan250071','040000194269','42567',(select max(to_number(i.premium_rcv_detail_code))+1 from ins_premium_det i),'42567','42567','02', '11000003','00','Request by Mr. Omair Ali 22-Jan-2025 Premium');
C96: =SUM(C2:C95) -> 1645044 | D96: =SUM(D2:D95) -> 1645044

Sheet tab
A1: LHR/LHR/D/MO/PC COMP/P/82878/01/2024 | B1: -01-2024 | D1: 82878 | E1: ="ia.assorted_string like '%"&D1&B1&"%' or" -> ia.assorted_string like '%82878-01-2024%' or
A2: LHR/LHR/D/MO/PC COMP/P/82883/01/2024 | B2: -01-2024 | D2: 82883 | E2: ="ia.assorted_string like '%"&D2&B2&"%' or" -> ia.assorted_string like '%82883-01-2024%' or
A3: LHR/LHR/D/MO/PC COMP/P/82884/01/2024 | B3: -01-2024 | D3: 82884 | E3: ="ia.assorted_string like '%"&D3&B3&"%' or" -> ia.assorted_string like '%82884-01-2024%' or
A4: LHR/LHR/D/MO/PC COMP/P/82900/01/2024 | B4: -01-2024 | D4: 82900 | E4: ="ia.assorted_string like '%"&D4&B4&"%' or" -> ia.assorted_string like '%82900-01-2024%' or
A5: LHR/LHR/D/MO/PC COMP/P/82901/01/2024 | B5: -01-2024 | D5: 82901 | E5: ="ia.assorted_string like '%"&D5&B5&"%' or" -> ia.assorted_string like '%82901-01-2024%' or
A6: LHR/LHR/D/MO/PC TPP/P/92010/06/2024 | B6: -06-2024 | D6: 92010 | E6: ="ia.assorted_string like '%"&D6&B6&"%' or" -> ia.assorted_string like '%92010-06-2024%' or
A7: LHR/LHR/D/MO/PC COMP/P/97180/09/2024 | B7: -09-2024 | D7: 97180 | E7: ="ia.assorted_string like '%"&D7&B7&"%' or" -> ia.assorted_string like '%97180-09-2024%' or
A8: LHR/LHR/D/MO/PC COMP/P/97646/09/2024 | B8: -09-2024 | D8: 97646 | E8: ="ia.assorted_string like '%"&D8&B8&"%' or" -> ia.assorted_string like '%97646-09-2024%' or
A9: LHR/LHR/D/MO/PC COMP/P/97649/09/2024 | B9: -09-2024 | D9: 97649 | E9: ="ia.assorted_string like '%"&D9&B9&"%' or" -> ia.assorted_string like '%97649-09-2024%' or
A10: LHR/LHR/D/MO/PC COMP/P/97913/09/2024 | B10: -09-2024 | D10: 97913 | E10: ="ia.assorted_string like '%"&D10&B10&"%' or" -> ia.assorted_string like '%97913-09-2024%' or
A11: LHR/LHR/D/MO/PC TPP/P/98624/09/2024 | B11: -09-2024 | D11: 98624 | E11: ="ia.assorted_string like '%"&D11&B11&"%' or" -> ia.assorted_string like '%98624-09-2024%' or
A12: LHR/LHR/D/MO/PC COMP/P/99034/10/2024 | B12: -10-2024 | D12: 99034 | E12: ="ia.assorted_string like '%"&D12&B12&"%' or" -> ia.assorted_string like '%99034-10-2024%' or
... A94: LHR/LHR/D/MO/PC COMP/P/106031/01/2025 | B94: -01-2025 | D94: 106031 | E94: ="ia.assorted_string like '%"&D94&B94&"%' or" -> ia.assorted_string like '%106031-01-2025%' or

Sheet policy
B1: FUNC_ASSORTED_STRING(IA.ASSORTED_CODE) | C1: ASSORTED_CODE
A2: 1 | B2: LHR/LHR/D/MO/PC COMP/P/82884/01/2024 | C2: 040000164687
A3: 2 | B3: LHR/LHR/D/MO/PC COMP/P/82901/01/2024 | C3: 040000164704
A4: 3 | B4: LHR/LHR/D/MO/PC COMP/P/82878/01/2024 | C4: 040000164680
A5: 4 | B5: LHR/LHR/D/MO/PC COMP/P/82883/01/2024 | C5: 040000164686
A6: 5 | B6: LHR/LHR/D/MO/PC COMP/P/82900/01/2024 | C6: 040000164703
A7: 6 | B7: LHR/LHR/D/MO/PC COMP/P/100397/10/2024 | C7: 040000187542
A8: 7 | B8: LHR/LHR/D/MO/PC COMP/P/100399/10/2024 | C8: 040000187545
A9: 8 | B9: LHR/LHR/D/MO/PC COMP/P/99403/10/2024 | C9: 040000186398
A10: 9 | B10: LHR/LHR/D/MO/PC COMP/P/100400/10/2024 | C10: 040000187546
A11: 10 | B11: LHR/LHR/D/MO/PC COMP/P/99601/10/2024 | C11: 040000186628
A12: 11 | B12: LHR/LHR/D/MO/PC COMP/P/99372/10/2024 | C12: 040000186346
A13: 12 | B13: LHR/LHR/D/MO/PC COMP/P/97913/09/2024 | C13: 040000184682
... A95: 94 | B95: LHR/LHR/D/MO/PC COMP/P/103015/11/2024 | C95: 040000190545

Sheet working-commission
A1: POLICY NO. | B1: Assorted_code | C1: Commission | D1: 21Jan250071
A2: LHR/LHR/D/MO/PC COMP/P/82878/01/2024 | B2: =VLOOKUP(A2,policy1!B:C,2,0) -> 040000164680 | C2: 4600 | D2: 21Jan250071 | E2: =VLOOKUP(A2,policy1!B:D,3,0) -> 09000221 | F2: ="insert into ins_premium_det (premium_rcv_code,assorted_code, rec_amount,premium_rcv_detail_code,remaining_amt, payrec, mode_code,paid_to_code,class_cd) values" -> insert into ins_premium_det (premium_rcv_code,assorted_code, rec_amount,premium_rcv_detail_code,remaining_amt, payrec, mode_code,paid_to_code,class_cd) values | G2: ="('"&D1&"','"&B2&"','"&C2&"',(select max(to_number(i.premium_rcv_detail_code))+1 from ins_premium_det i),'"&C2&"','"&C2&"','03', '"&E2&"','00');" -> ('21Jan250071','040000164680','4600',(select max(to_number(i.premium_rcv_detail_code))+1 from ins_premium_det i),'4600','4600','03', '09000221','00'); | H2: =F2&G2 -> insert into ins_premium_det (premium_rcv_code,assorted_code, rec_amount,premium_rcv_detail_code,remaining_amt, payrec, mode_code,paid_to_code,class_cd) values('21Jan250071','040000164680','4600',(select max(to_number(i.premium_rcv_detail_code))+1 from ins_premium_det i),'4600','4600','03', '09000221','00');
A3: LHR/LHR/D/MO/PC COMP/P/82883/01/2024 | B3: =VLOOKUP(A3,policy1!B:C,2,0) -> 040000164686 | C3: 6137 | D3: 21Jan250071 | E3: =VLOOKUP(A3,policy1!B:D,3,0) -> 09000221 | F3: ="insert into ins_premium_det (premium_rcv_code,assorted_code, rec_amount,premium_rcv_detail_code,remaining_amt, payrec, mode_code,paid_to_code,class_cd) values" -> insert into ins_premium_det (premium_rcv_code,assorted_code, rec_amount,premium_rcv_detail_code,remaining_amt, payrec, mode_code,paid_to_code,class_cd) values | G3: ="('"&D2&"','"&B3&"','"&C3&"',(select max(to_number(i.premium_rcv_detail_code))+1 from ins_premium_det i),'"&C3&"','"&C3&"','03', '"&E3&"','00');" -> ('21Jan250071','040000164686','6137',(select max(to_number(i.premium_rcv_detail_code))+1 from ins_premium_det i),'6137','6137','03', '09000221','00'); | H3: =F3&G3 -> insert into ins_premium_det (premium_rcv_code,assorted_code, rec_amount,premium_rcv_detail_code,remaining_amt, payrec, mode_code,paid_to_code,class_cd) values('21Jan250071','040000164686','6137',(select max(to_number(i.premium_rcv_detail_code))+1 from ins_premium_det i),'6137','6137','03', '09000221','00');
A4: LHR/LHR/D/MO/PC COMP/P/82884/01/2024 | B4: =VLOOKUP(A4,policy1!B:C,2,0) -> 040000164687 | C4: 4707 | D4: 21Jan250071 | E4: =VLOOKUP(A4,policy1!B:D,3,0) -> 09000221 | F4: ="insert into ins_premium_det (premium_rcv_code,assorted_code, rec_amount,premium_rcv_detail_code,remaining_amt, payrec, mode_code,paid_to_code,class_cd) values" -> insert into ins_premium_det (premium_rcv_code,assorted_code, rec_amount,premium_rcv_detail_code,remaining_amt, payrec, mode_code,paid_to_code,class_cd) values | G4: ="('"&D3&"','"&B4&"','"&C4&"',(select max(to_number(i.premium_rcv_detail_code))+1 from ins_premium_det i),'"&C4&"','"&C4&"','03', '"&E4&"','00');" -> ('21Jan250071','040000164687','4707',(select max(to_number(i.premium_rcv_detail_code))+1 from ins_premium_det i),'4707','4707','03', '09000221','00'); | H4: =F4&G4 -> insert into ins_premium_det (premium_rcv_code,assorted_code, rec_amount,premium_rcv_detail_code,remaining_amt, payrec, mode_code,paid_to_code,class_cd) values('21Jan250071','040000164687','4707',(select max(to_number(i.premium_rcv_detail_code))+1 from ins_premium_det i),'4707','4707','03', '09000221','00');
A5: LHR/LHR/D/MO/PC COMP/P/82900/01/2024 | B5: =VLOOKUP(A5,policy1!B:C,2,0) -> 040000164703 | C5: 8038 | D5: 21Jan250071 | E5: =VLOOKUP(A5,policy1!B:D,3,0) -> 09000221 | F5: ="insert into ins_premium_det (premium_rcv_code,assorted_code, rec_amount,premium_rcv_detail_code,remaining_amt, payrec, mode_code,paid_to_code,class_cd) values" -> insert into ins_premium_det (premium_rcv_code,assorted_code, rec_amount,premium_rcv_detail_code,remaining_amt, payrec, mode_code,paid_to_code,class_cd) values | G5: ="('"&D4&"','"&B5&"','"&C5&"',(select max(to_number(i.premium_rcv_detail_code))+1 from ins_premium_det i),'"&C5&"','"&C5&"','03', '"&E5&"','00');" -> ('21Jan250071','040000164703','8038',(select max(to_number(i.premium_rcv_detail_code))+1 from ins_premium_det i),'8038','8038','03', '09000221','00'); | H5: =F5&G5 -> insert into ins_premium_det (premium_rcv_code,assorted_code, rec_amount,premium_rcv_detail_code,remaining_amt, payrec, mode_code,paid_to_code,class_cd) values('21Jan250071','040000164703','8038',(select max(to_number(i.premium_rcv_detail_code))+1 from ins_premium_det i),'8038','8038','03', '09000221','00');
A6: LHR/LHR/D/MO/PC COMP/P/82901/01/2024 | B6: =VLOOKUP(A6,policy1!B:C,2,0) -> 040000164704 | C6: 500 | D6: 21Jan250071 | E6: =VLOOKUP(A6,policy1!B:D,3,0) -> 09000221 | F6: ="insert into ins_premium_det (premium_rcv_code,assorted_code, rec_amount,premium_rcv_detail_code,remaining_amt, payrec, mode_code,paid_to_code,class_cd) values" -> insert into ins_premium_det (premium_rcv_code,assorted_code, rec_amount,premium_rcv_detail_code,remaining_amt, payrec, mode_code,paid_to_code,class_cd) values | G6: ="('"&D5&"','"&B6&"','"&C6&"',(select max(to_number(i.premium_rcv_detail_code))+1 from ins_premium_det i),'"&C6&"','"&C6&"','03', '"&E6&"','00');" -> ('21Jan250071','040000164704','500',(select max(to_number(i.premium_rcv_detail_code))+1 from ins_premium_det i),'500','500','03', '09000221','00'); | H6: =F6&G6 -> insert into ins_premium_det (premium_rcv_code,assorted_code, rec_amount,premium_rcv_detail_code,remaining_amt, payrec, mode_code,paid_to_code,class_cd) values('21Jan250071','040000164704','500',(select max(to_number(i.premium_rcv_detail_code))+1 from ins_premium_det i),'500','500','03', '09000221','00');
A7: LHR/LHR/D/MO/PC TPP/P/92010/06/2024 | B7: =VLOOKUP(A7,policy1!B:C,2,0) -> 040000177370 | C7: 21900 | D7: 21Jan250071 | E7: =VLOOKUP(A7,policy1!B:D,3,0) -> 09000794 | F7: ="insert into ins_premium_det (premium_rcv_code,assorted_code, rec_amount,premium_rcv_detail_code,remaining_amt, payrec, mode_code,paid_to_code,class_cd) values" -> insert into ins_premium_det (premium_rcv_code,assorted_code, rec_amount,premium_rcv_detail_code,remaining_amt, payrec, mode_code,paid_to_code,class_cd) values | G7: ="('"&D6&"','"&B7&"','"&C7&"',(select max(to_number(i.premium_rcv_detail_code))+1 from ins_premium_det i),'"&C7&"','"&C7&"','03', '"&E7&"','00');" -> ('21Jan250071','040000177370','21900',(select max(to_number(i.premium_rcv_detail_code))+1 from ins_premium_det i),'21900','21900','03', '09000794','00'); | H7: =F7&G7 -> insert into ins_premium_det (premium_rcv_code,assorted_code, rec_amount,premium_rcv_detail_code,remaining_amt, payrec, mode_code,paid_to_code,class_cd) values('21Jan250071','040000177370','21900',(select max(to_number(i.premium_rcv_detail_code))+1 from ins_premium_det i),'21900','21900','03', '09000794','00');
A8: LHR/LHR/D/MO/PC COMP/P/97180/09/2024 | B8: =VLOOKUP(A8,policy1!B:C,2,0) -> 040000183859 | C8: 14500 | D8: 21Jan250071 | E8: =VLOOKUP(A8,policy1!B:D,3,0) -> 09000918 | F8: ="insert into ins_premium_det (premium_rcv_code,assorted_code, rec_amount,premium_rcv_detail_code,remaining_amt, payrec, mode_code,paid_to_code,class_cd) values" -> insert into ins_premium_det (premium_rcv_code,assorted_code, rec_amount,premium_rcv_detail_code,remaining_amt, payrec, mode_code,paid_to_code,class_cd) values | G8: ="('"&D7&"','"&B8&"','"&C8&"',(select max(to_number(i.premium_rcv_detail_code))+1 from ins_premium_det i),'"&C8&"','"&C8&"','03', '"&E8&"','00');" -> ('21Jan250071','040000183859','14500',(select max(to_number(i.premium_rcv_detail_code))+1 from ins_premium_det i),'14500','14500','03', '09000918','00'); | H8: =F8&G8 -> insert into ins_premium_det (premium_rcv_code,assorted_code, rec_amount,premium_rcv_detail_code,remaining_amt, payrec, mode_code,paid_to_code,class_cd) values('21Jan250071','040000183859','14500',(select max(to_number(i.premium_rcv_detail_code))+1 from ins_premium_det i),'14500','14500','03', '09000918','00');
A9: LHR/LHR/D/MO/PC COMP/P/97646/09/2024 | B9: =VLOOKUP(A9,policy1!B:C,2,0) -> 040000184391 | C9: 47725 | D9: 21Jan250071 | E9: =VLOOKUP(A9,policy1!B:D,3,0) -> 09000918 | F9: ="insert into ins_premium_det (premium_rcv_code,assorted_code, rec_amount,premium_rcv_detail_code,remaining_amt, payrec, mode_code,paid_to_code,class_cd) values" -> insert into ins_premium_det (premium_rcv_code,assorted_code, rec_amount,premium_rcv_detail_code,remaining_amt, payrec, mode_code,paid_to_code,class_cd) values | G9: ="('"&D8&"','"&B9&"','"&C9&"',(select max(to_number(i.premium_rcv_detail_code))+1 from ins_premium_det i),'"&C9&"','"&C9&"','03', '"&E9&"','00');" -> ('21Jan250071','040000184391','47725',(select max(to_number(i.premium_rcv_detail_code))+1 from ins_premium_det i),'47725','47725','03', '09000918','00'); | H9: =F9&G9 -> insert into ins_premium_det (premium_rcv_code,assorted_code, rec_amount,premium_rcv_detail_code,remaining_amt, payrec, mode_code,paid_to_code,class_cd) values('21Jan250071','040000184391','47725',(select max(to_number(i.premium_rcv_detail_code))+1 from ins_premium_det i),'47725','47725','03', '09000918','00');
A10: LHR/LHR/D/MO/PC COMP/P/97649/09/2024 | B10: =VLOOKUP(A10,policy1!B:C,2,0) -> 040000184395 | C10: 26324 | D10: 21Jan250071 | E10: =VLOOKUP(A10,policy1!B:D,3,0) -> 09000878 | F10: ="insert into ins_premium_det (premium_rcv_code,assorted_code, rec_amount,premium_rcv_detail_code,remaining_amt, payrec, mode_code,paid_to_code,class_cd) values" -> insert into ins_premium_det (premium_rcv_code,assorted_code, rec_amount,premium_rcv_detail_code,remaining_amt, payrec, mode_code,paid_to_code,class_cd) values | G10: ="('"&D9&"','"&B10&"','"&C10&"',(select max(to_number(i.premium_rcv_detail_code))+1 from ins_premium_det i),'"&C10&"','"&C10&"','03', '"&E10&"','00');" -> ('21Jan250071','040000184395','26324',(select max(to_number(i.premium_rcv_detail_code))+1 from ins_premium_det i),'26324','26324','03', '09000878','00'); | H10: =F10&G10 -> insert into ins_premium_det (premium_rcv_code,assorted_code, rec_amount,premium_rcv_detail_code,remaining_amt, payrec, mode_code,paid_to_code,class_cd) values('21Jan250071','040000184395','26324',(select max(to_number(i.premium_rcv_detail_code))+1 from ins_premium_det i),'26324','26324','03', '09000878','00');
A11: LHR/LHR/D/MO/PC COMP/P/97913/09/2024 | B11: =VLOOKUP(A11,policy1!B:C,2,0) -> 040000184682 | C11: 11390 | D11: 21Jan250071 | E11: =VLOOKUP(A11,policy1!B:D,3,0) -> 09000482 | F11: ="insert into ins_premium_det (premium_rcv_code,assorted_code, rec_amount,premium_rcv_detail_code,remaining_amt, payrec, mode_code,paid_to_code,class_cd) values" -> insert into ins_premium_det (premium_rcv_code,assorted_code, rec_amount,premium_rcv_detail_code,remaining_amt, payrec, mode_code,paid_to_code,class_cd) values | G11: ="('"&D10&"','"&B11&"','"&C11&"',(select max(to_number(i.premium_rcv_detail_code))+1 from ins_premium_det i),'"&C11&"','"&C11&"','03', '"&E11&"','00');" -> ('21Jan250071','040000184682','11390',(select max(to_number(i.premium_rcv_detail_code))+1 from ins_premium_det i),'11390','11390','03', '09000482','00'); | H11: =F11&G11 -> insert into ins_premium_det (premium_rcv_code,assorted_code, rec_amount,premium_rcv_detail_code,remaining_amt, payrec, mode_code,paid_to_code,class_cd) values('21Jan250071','040000184682','11390',(select max(to_number(i.premium_rcv_detail_code))+1 from ins_premium_det i),'11390','11390','03', '09000482','00');
A12: LHR/LHR/D/MO/PC TPP/P/98624/09/2024 | B12: =VLOOKUP(A12,policy1!B:C,2,0) -> 040000185478 | C12: 7894 | D12: 21Jan250071 | E12: =VLOOKUP(A12,policy1!B:D,3,0) -> 09000448 | F12: ="insert into ins_premium_det (premium_rcv_code,assorted_code, rec_amount,premium_rcv_detail_code,remaining_amt, payrec, mode_code,paid_to_code,class_cd) values" -> insert into ins_premium_det (premium_rcv_code,assorted_code, rec_amount,premium_rcv_detail_code,remaining_amt, payrec, mode_code,paid_to_code,class_cd) values | G12: ="('"&D11&"','"&B12&"','"&C12&"',(select max(to_number(i.premium_rcv_detail_code))+1 from ins_premium_det i),'"&C12&"','"&C12&"','03', '"&E12&"','00');" -> ('21Jan250071','040000185478','7894',(select max(to_number(i.premium_rcv_detail_code))+1 from ins_premium_det i),'7894','7894','03', '09000448','00'); | H12: =F12&G12 -> insert into ins_premium_det (premium_rcv_code,assorted_code, rec_amount,premium_rcv_detail_code,remaining_amt, payrec, mode_code,paid_to_code,class_cd) values('21Jan250071','040000185478','7894',(select max(to_number(i.premium_rcv_detail_code))+1 from ins_premium_det i),'7894','7894','03', '09000448','00');
A13: LHR/LHR/D/MO/PC COMP/P/99034/10/2024 | B13: =VLOOKUP(A13,policy1!B:C,2,0) -> 040000185937 | C13: 25773 | D13: 21Jan250071 | E13: =VLOOKUP(A13,policy1!B:D,3,0) -> 09000933 | F13: ="insert into ins_premium_det (premium_rcv_code,assorted_code, rec_amount,premium_rcv_detail_code,remaining_amt, payrec, mode_code,paid_to_code,class_cd) values" -> insert into ins_premium_det (premium_rcv_code,assorted_code, rec_amount,premium_rcv_detail_code,remaining_amt, payrec, mode_code,paid_to_code,class_cd) values | G13: ="('"&D12&"','"&B13&"','"&C13&"',(select max(to_number(i.premium_rcv_detail_code))+1 from ins_premium_det i),'"&C13&"','"&C13&"','03', '"&E13&"','00');" -> ('21Jan250071','040000185937','25773',(select max(to_number(i.premium_rcv_detail_code))+1 from ins_premium_det i),'25773','25773','03', '09000933','00'); | H13: =F13&G13 -> insert into ins_premium_det (premium_rcv_code,assorted_code, rec_amount,premium_rcv_detail_code,remaining_amt, payrec, mode_code,paid_to_code,class_cd) values('21Jan250071','040000185937','25773',(select max(to_number(i.premium_rcv_detail_code))+1 from ins_premium_det i),'25773','25773','03', '09000933','00');
... A95: LHR/LHR/D/MO/PC COMP/P/106031/01/2025 | B95: =VLOOKUP(A95,policy1!B:C,2,0) -> 040000194269 | C95: 42567 | D95: 21Jan250071 | E95: =VLOOKUP(A95,policy1!B:D,3,0) -> 09000918 | F95: ="insert into ins_premium_det (premium_rcv_code,assorted_code, rec_amount,premium_rcv_detail_code,remaining_amt, payrec, mode_code,paid_to_code,class_cd) values" -> insert into ins_premium_det (premium_rcv_code,assorted_code, rec_amount,premium_rcv_detail_code,remaining_amt, payrec, mode_code,paid_to_code,class_cd) values | G95: ="('"&D94&"','"&B95&"','"&C95&"',(select max(to_number(i.premium_rcv_detail_code))+1 from ins_premium_det i),'"&C95&"','"&C95&"','03', '"&E95&"','00');" -> ('21Jan250071','040000194269','42567',(select max(to_number(i.premium_rcv_detail_code))+1 from ins_premium_det i),'42567','42567','03', '09000918','00'); | H95: =F95&G95 -> insert into ins_premium_det (premium_rcv_code,assorted_code, rec_amount,premium_rcv_detail_code,remaining_amt, payrec, mode_code,paid_to_code,class_cd) values('21Jan250071','040000194269','42567',(select max(to_number(i.premium_rcv_detail_code))+1 from ins_premium_det i),'42567','42567','03', '09000918','00');

Sheet Sheet5
A1: LHR/LHR/D/MO/PC COMP/P/82878/01/2024 | B1: -01-2024 | D1: 82878 | E1: ="ia.assorted_string like '%"&D1&B1&"%' or" -> ia.assorted_string like '%82878-01-2024%' or
A2: LHR/LHR/D/MO/PC COMP/P/82883/01/2024 | B2: -01-2024 | D2: 82883 | E2: ="ia.assorted_string like '%"&D2&B2&"%' or" -> ia.assorted_string like '%82883-01-2024%' or
A3: LHR/LHR/D/MO/PC COMP/P/82884/01/2024 | B3: -01-2024 | D3: 82884 | E3: ="ia.assorted_string like '%"&D3&B3&"%' or" -> ia.assorted_string like '%82884-01-2024%' or
A4: LHR/LHR/D/MO/PC COMP/P/82900/01/2024 | B4: -01-2024 | D4: 82900 | E4: ="ia.assorted_string like '%"&D4&B4&"%' or" -> ia.assorted_string like '%82900-01-2024%' or
A5: LHR/LHR/D/MO/PC COMP/P/82901/01/2024 | B5: -01-2024 | D5: 82901 | E5: ="ia.assorted_string like '%"&D5&B5&"%' or" -> ia.assorted_string like '%82901-01-2024%' or
A6: LHR/LHR/D/MO/PC TPP/P/92010/06/2024 | B6: -06-2024 | D6: 92010 | E6: ="ia.assorted_string like '%"&D6&B6&"%' or" -> ia.assorted_string like '%92010-06-2024%' or
A7: LHR/LHR/D/MO/PC COMP/P/97180/09/2024 | B7: -09-2024 | D7: 97180 | E7: ="ia.assorted_string like '%"&D7&B7&"%' or" -> ia.assorted_string like '%97180-09-2024%' or
A8: LHR/LHR/D/MO/PC COMP/P/97646/09/2024 | B8: -09-2024 | D8: 97646 | E8: ="ia.assorted_string like '%"&D8&B8&"%' or" -> ia.assorted_string like '%97646-09-2024%' or
A9: LHR/LHR/D/MO/PC COMP/P/97649/09/2024 | B9: -09-2024 | D9: 97649 | E9: ="ia.assorted_string like '%"&D9&B9&"%' or" -> ia.assorted_string like '%97649-09-2024%' or
A10: LHR/LHR/D/MO/PC COMP/P/97913/09/2024 | B10: -09-2024 | D10: 97913 | E10: ="ia.assorted_string like '%"&D10&B10&"%' or" -> ia.assorted_string like '%97913-09-2024%' or
A11: LHR/LHR/D/MO/PC TPP/P/98624/09/2024 | B11: -09-2024 | D11: 98624 | E11: ="ia.assorted_string like '%"&D11&B11&"%' or" -> ia.assorted_string like '%98624-09-2024%' or
A12: LHR/LHR/D/MO/PC COMP/P/99034/10/2024 | B12: -10-2024 | D12: 99034 | E12: ="ia.assorted_string like '%"&D12&B12&"%' or" -> ia.assorted_string like '%99034-10-2024%' or
... A94: LHR/LHR/D/MO/PC COMP/P/106031/01/2025 | B94: -01-2025 | D94: 106031 | E94: ="ia.assorted_string like '%"&D94&B94&"%' or" -> ia.assorted_string like '%106031-01-2025%' or

Sheet policy1
B1: FUNC_ASSORTED_STRING(IA.ASSORTED_CODE) | C1: ASSORTED_CODE | D1: AGENCY_CODE
A2: 1 | B2: LHR/LHR/D/MO/PC COMP/P/82884/01/2024 | C2: 040000164687 | D2: 09000221
A3: 2 | B3: LHR/LHR/D/MO/PC COMP/P/82901/01/2024 | C3: 040000164704 | D3: 09000221
A4: 3 | B4: LHR/LHR/D/MO/PC COMP/P/82878/01/2024 | C4: 040000164680 | D4: 09000221
A5: 4 | B5: LHR/LHR/D/MO/PC COMP/P/82883/01/2024 | C5: 040000164686 | D5: 09000221
A6: 5 | B6: LHR/LHR/D/MO/PC COMP/P/82900/01/2024 | C6: 040000164703 | D6: 09000221
A7: 6 | B7: LHR/LHR/D/MO/PC COMP/P/100397/10/2024 | C7: 040000187542 | D7: 09000818
A8: 7 | B8: LHR/LHR/D/MO/PC COMP/P/100399/10/2024 | C8: 040000187545 | D8: 09000896
A9: 8 | B9: LHR/LHR/D/MO/PC COMP/P/99403/10/2024 | C9: 040000186398 | D9: 09000918
A10: 9 | B10: LHR/LHR/D/MO/PC COMP/P/100400/10/2024 | C10: 040000187546 | D10: 09000896
A11: 10 | B11: LHR/LHR/D/MO/PC COMP/P/99601/10/2024 | C11: 040000186628 | D11: 09000936
A12: 11 | B12: LHR/LHR/D/MO/PC COMP/P/99372/10/2024 | C12: 040000186346 | D12: 09000517
A13: 12 | B13: LHR/LHR/D/MO/PC COMP/P/97913/09/2024 | C13: 040000184682 | D13: 09000482
... A95: 94 | B95: LHR/LHR/D/MO/PC COMP/P/103015/11/2024 | C95: 040000190545 | D95: 09000818
