Workbook

Sheet Invoice
C9: FOR THE MONTH OF Aug-24
C11: INVOICE # 0018
C13: Policy | E13: As Per Schedule | G13: Risk Covered | I13: MOTORCYCLE COMPREHENSIVE
C15: Participant Name | E15: PAK SUZUKI MOTOR COMPANY LIMITED.
C17: Address | E17: DSU-13 PAKISTAN STEEL INDUSTRIAL ESTATE, BIN QASIM, KARACHI -75000.
C20: Expiry Date : | E20: To be advised | H20: Make: | J20: Suzuki Motorcycle
C21: Effective Date: | E21: To be advised | H21: No of Bikes | J21: =Detail!A1 -> 1016
C22: Date Of Issue: | E22: To be advised
C25: Computation
C27: Gross Contribution | K27: =Detail!I1 -> 11666621
C28: SST 15% | K28: =Detail!R1 -> 1026218.5
C29: F.I.F 1% | K29: =Detail!S1 -> 68414.567
C30: Stamp Duty | K30: =Detail!T1 -> 297000
C31: Net Contribution | K31: =Detail!H1 -> 14053879
C34: =CONCATENATE(C36,F36,C37) -> Payment Of PKR. Rs. 14,053,879/- be cheque in favour of M/s. Salaam Takaful Limited.
C36: Payment Of PKR. Rs. | F36: =TEXT(K31,"##,###,###") -> 14,053,879
C37: /- be cheque in favour of M/s. Salaam Takaful Limited.

Sheet Summary
A3: Showroom | B3: No. Of Policies | C3: Net Premium
A4: Suzuki Defence Motors | B4: 35 | C4: 587352.5
A5: A R Suzuki | B5: 54 | C5: 862030
A6: FSD Suzuki | B6: 70 | C6: 670750
A7: GT Suzuki | B7: 33 | C7: 354225
A8: Khalil Motor | B8: 73 | C8: 1192062
A9: South | B9: 48 | C9: 797770.5
A10: Suzuki Mandviwalla Motors | B10: 36 | C10: 612259
A11: TR Suzuki | B11: 89 | C11: 1458051.5
A12: UP Suzuki | B12: 65 | C12: 1146064
A13: UR Suzuki | B13: 154 | C13: 2699250.8
A14: KR Suzuki | B14: 13 | C14: 132100
A15: GR Suzuki | B15: 14 | C15: 144800
... A32: Grand Total | B32: 1016 | C32: 14053879

Sheet Detail
A1: =COUNTIFS(T3:T1048576,">=0") -> 1016 | H1: =SUBTOTAL(9,H3:H1018) -> 14053879 | I1: =SUBTOTAL(9,I3:I1018) -> 11666621 | R1: =SUBTOTAL(9,R3:R596) -> 1026218.5 | S1: =SUBTOTAL(9,S3:S596) -> 68414.567 | T1: =SUBTOTAL(9,T3:T596) -> 297000
A2: Policy # | B2: Endorsement | C2: Dealer | D2: Period From | E2: Period To | F2: Insured Name | G2: Vehicle Info | H2: Net | I2: Gross | J2: Net Rate | K2: Net | L2: Gross | M2: Difference | N2: Engine | O2: Issue date | P2: Policy Name | Q2: SumCovered | R2: SST 15% | S2: F.I.F 1% | T2: Stamp Duty
A3: KHI/HO/D/MO/MC COMP/P/94363/08/2024 | C3: UR Suzuki | D3: 45505 | E3: 45870 | F3: FARHAN KHAN | G3: SUZUKI-GR150 EURO II | H3: =K3 -> 23247.5 | I3: =L3 -> 19540.948 | J3: 0.0425 | K3: =Q3*J3 -> 23247.5 | L3: =K3/116%-T3 -> 19540.948 | M3: =K3-H3 -> 0 | N3: 113462 | O3: 45505 | P3: MOTORCYCLE COMPREHENSIVE | Q3: 547000 | R3: =I3*15/100 -> 2931.1422 | S3: =I3*1/100 -> 195.40948 | T3: 500
A4: KHI/HO/D/MO/MC COMP/P/94364/08/2024 | C4: UR Suzuki | D4: 45871 | E4: 46236 | F4: FARHAN KHAN | G4: SUZUKI-GR150 EURO II | H4: =K4 -> 23247.5 | I4: =L4 -> 19540.948 | J4: 0.0425 | K4: =Q4*J4 -> 23247.5 | L4: =K4/116%-T4 -> 19540.948 | M4: =K4-H4 -> 0 | N4: 113462 | O4: 45505 | P4: MOTORCYCLE COMPREHENSIVE | Q4: 547000 | R4: =I4*15/100 -> 2931.1422 | S4: =I4*1/100 -> 195.40948 | T4: 500
A5: KHI/HO/D/MO/MC COMP/P/94373/08/2024 | C5: UR Suzuki | D5: 45505 | E5: 45870 | F5: ZUNAIR RAZA | G5: SUZUKI-GR150 EURO II | H5: =K5 -> 23247.5 | I5: =L5 -> 19540.948 | J5: 0.0425 | K5: =Q5*J5 -> 23247.5 | L5: =K5/116%-T5 -> 19540.948 | M5: =K5-H5 -> 0 | N5: 113392 | O5: 45505 | P5: MOTORCYCLE COMPREHENSIVE | Q5: 547000 | R5: =I5*15/100 -> 2931.1422 | S5: =I5*1/100 -> 195.40948 | T5: 500
A6: KHI/HO/D/MO/MC COMP/P/94374/08/2024 | C6: UR Suzuki | D6: 45871 | E6: 46236 | F6: ZUNAIR RAZA | G6: SUZUKI-GR150 EURO II | H6: =K6 -> 23247.5 | I6: =L6 -> 19540.948 | J6: 0.0425 | K6: =Q6*J6 -> 23247.5 | L6: =K6/116%-T6 -> 19540.948 | M6: =K6-H6 -> 0 | N6: 113392 | O6: 45505 | P6: MOTORCYCLE COMPREHENSIVE | Q6: 547000 | R6: =I6*15/100 -> 2931.1422 | S6: =I6*1/100 -> 195.40948 | T6: 500
A7: KHI/HO/D/MO/MC COMP/P/94375/08/2024 | C7: TR Suzuki | D7: 45505 | E7: 45870 | F7: IMRAN HUSSAIN | G7: SUZUKI-GR150 EURO II | H7: =K7 -> 23247.5 | I7: =L7 -> 19540.948 | J7: 0.0425 | K7: =Q7*J7 -> 23247.5 | L7: =K7/116%-T7 -> 19540.948 | M7: =K7-H7 -> 0 | N7: 113385 | O7: 45505 | P7: MOTORCYCLE COMPREHENSIVE | Q7: 547000 | R7: =I7*15/100 -> 2931.1422 | S7: =I7*1/100 -> 195.40948 | T7: 500
A8: KHI/HO/D/MO/MC COMP/P/94379/08/2024 | C8: UR Suzuki | D8: 45505 | E8: 45870 | F8: MUHAMMAD TAHIR AMAN | G8: SUZUKI-GSX 125 | H8: =K8 -> 21207.5 | I8: =L8 -> 17782.328 | J8: 0.0425 | K8: =Q8*J8 -> 21207.5 | L8: =K8/116%-T8 -> 17782.328 | M8: =K8-H8 -> 0 | N8: 23100411 | O8: 45505 | P8: MOTORCYCLE COMPREHENSIVE | Q8: 499000 | R8: =I8*15/100 -> 2667.3491 | S8: =I8*1/100 -> 177.82328 | T8: 500
A9: KHI/HO/D/MO/MC COMP/P/94380/08/2024 | C9: UR Suzuki | D9: 45871 | E9: 46236 | F9: MUHAMMAD TAHIR AMAN | G9: SUZUKI-GSX 125 | H9: =K9 -> 21207.5 | I9: =L9 -> 17782.328 | J9: 0.0425 | K9: =Q9*J9 -> 21207.5 | L9: =K9/116%-T9 -> 17782.328 | M9: =K9-H9 -> 0 | N9: 23100411 | O9: 45505 | P9: MOTORCYCLE COMPREHENSIVE | Q9: 499000 | R9: =I9*15/100 -> 2667.3491 | S9: =I9*1/100 -> 177.82328 | T9: 500
A10: KHI/HO/D/MO/MC COMP/P/94382/08/2024 | C10: TR Suzuki | D10: 45505 | E10: 45870 | F10: MUHAMMAD FAIZAN QASIM | G10: SUZUKI-GS 150 | H10: =K10 -> 16235 | I10: =L10 -> 13495.69 | J10: 0.0425 | K10: =Q10*J10 -> 16235 | L10: =K10/116%-T10 -> 13495.69 | M10: =K10-H10 -> 0 | N10: 30092358 | O10: 45505 | P10: MOTORCYCLE COMPREHENSIVE | Q10: 382000 | R10: =I10*15/100 -> 2024.3534 | S10: =I10*1/100 -> 134.9569 | T10: 500
A11: KHI/HO/D/MO/MC COMP/P/94383/08/2024 | C11: TR Suzuki | D11: 45871 | E11: 46236 | F11: MUHAMMAD FAIZAN QASIM | G11: SUZUKI-GS 150 | H11: =K11 -> 16235 | I11: =L11 -> 13495.69 | J11: 0.0425 | K11: =Q11*J11 -> 16235 | L11: =K11/116%-T11 -> 13495.69 | M11: =K11-H11 -> 0 | N11: 30092358 | O11: 45505 | P11: MOTORCYCLE COMPREHENSIVE | Q11: 382000 | R11: =I11*15/100 -> 2024.3534 | S11: =I11*1/100 -> 134.9569 | T11: 500
A12: KHI/HO/D/MO/MC COMP/P/94385/08/2024 | C12: UR Suzuki | D12: 45505 | E12: 45870 | F12: SYED FARHAN BADAR | G12: SUZUKI-GS 150 | H12: =K12 -> 16235 | I12: =L12 -> 13495.69 | J12: 0.0425 | K12: =Q12*J12 -> 16235 | L12: =K12/116%-T12 -> 13495.69 | M12: =K12-H12 -> 0 | N12: 30092320 | O12: 45505 | P12: MOTORCYCLE COMPREHENSIVE | Q12: 382000 | R12: =I12*15/100 -> 2024.3534 | S12: =I12*1/100 -> 134.9569 | T12: 500
A13: KHI/HO/D/MO/MC COMP/P/94386/08/2024 | C13: UR Suzuki | D13: 45871 | E13: 46236 | F13: SYED FARHAN BADAR | G13: SUZUKI-GS 150 | H13: =K13 -> 16235 | I13: =L13 -> 13495.69 | J13: 0.0425 | K13: =Q13*J13 -> 16235 | L13: =K13/116%-T13 -> 13495.69 | M13: =K13-H13 -> 0 | N13: 30092320 | O13: 45505 | P13: MOTORCYCLE COMPREHENSIVE | Q13: 382000 | R13: =I13*15/100 -> 2024.3534 | S13: =I13*1/100 -> 134.9569 | T13: 500
A14: KHI/HO/D/MO/MC COMP/P/94388/08/2024 | C14: TR Suzuki | D14: 45505 | E14: 45870 | F14: FAWAD AHMED | G14: SUZUKI-GS-150 | H14: =K14 -> 16235 | I14: =L14 -> 13495.69 | J14: 0.0425 | K14: =Q14*J14 -> 16235 | L14: =K14/116%-T14 -> 13495.69 | M14: =K14-H14 -> 0 | N14: 30092355 | O14: 45505 | P14: MOTORCYCLE COMPREHENSIVE | Q14: 382000 | R14: =I14*15/100 -> 2024.3534 | S14: =I14*1/100 -> 134.9569 | T14: 500
... A31: KHI/HO/D/MO/MC COMP/P/94438/08/2024 | C31: UR Suzuki | D31: 45871 | E31: 46236 | F31: ATIF UZ ZAMAN KHAN | G31: SUZUKI-GS 150 | H31: =K31 -> 16235 | I31: =L31 -> 13495.69 | J31: 0.0425 | K31: =Q31*J31 -> 16235 | L31: =K31/116%-T31 -> 13495.69 | M31: =K31-H31 -> 0 | N31: 30092328 | O31: 45505 | P31: MOTORCYCLE COMPREHENSIVE | Q31: 382000 | R31: =I31*15/100 -> 2024.3534 | S31: =I31*1/100 -> 134.9569 | T31: 500
A32: KHI/HO/D/MO/MC COMP/P/94439/08/2024 | C32: Suzuki R.Y.Khan | D32: 45505 | E32: 45870 | F32: MUHAMMAD MANSOOR SADIQ | G32: SUZUKI-GSX 125 | H32: =K32 -> 12475 | I32: =L32 -> 10254.31 | J32: 0.025 | K32: =Q32*J32 -> 12475 | L32: =K32/116%-T32 -> 10254.31 | N32: 23100231 | O32: 45505 | P32: MOTORCYCLE COMPREHENSIVE | Q32: 499000 | R32: =I32*15/100 -> 1538.1466 | S32: =I32*1/100 -> 102.5431 | T32: 500
A33: KHI/HO/D/MO/MC COMP/P/94461/08/2024 | C33: TR Suzuki | D33: 45506 | E33: 45871 | F33: IMTIAZ KHAN ABBASI | G33: SUZUKI-GS-150 | H33: =K33 -> 16235 | I33: =L33 -> 13495.69 | J33: 0.0425 | K33: =Q33*J33 -> 16235 | L33: =K33/116%-T33 -> 13495.69 | M33: =K33-H33 -> 0 | N33: 30092357 | O33: 45506 | P33: MOTORCYCLE COMPREHENSIVE | Q33: 382000 | R33: =I33*15/100 -> 2024.3534 | S33: =I33*1/100 -> 134.9569 | T33: 500
A34: KHI/HO/D/MO/MC COMP/P/94462/08/2024 | C34: TR Suzuki | D34: 45872 | E34: 46237 | F34: IMTIAZ KHAN ABBASI | G34: SUZUKI-GS-150 | H34: =K34 -> 16235 | I34: =L34 -> 13495.69 | J34: 0.0425 | K34: =Q34*J34 -> 16235 | L34: =K34/116%-T34 -> 13495.69 | M34: =K34-H34 -> 0 | N34: 30092357 | O34: 45506 | P34: MOTORCYCLE COMPREHENSIVE | Q34: 382000 | R34: =I34*15/100 -> 2024.3534 | S34: =I34*1/100 -> 134.9569 | T34: 500
A35: KHI/HO/D/MO/MC COMP/P/94463/08/2024 | C35: UR Suzuki | D35: 45506 | E35: 45871 | F35: SALMAN ALI KHAN | G35: SUZUKI-GD-110S | H35: =K35 -> 14960 | I35: =L35 -> 12396.552 | J35: 0.0425 | K35: =Q35*J35 -> 14960 | L35: =K35/116%-T35 -> 12396.552 | M35: =K35-H35 -> 0 | N35: 146289 | O35: 45506 | P35: MOTORCYCLE COMPREHENSIVE | Q35: 352000 | R35: =I35*15/100 -> 1859.4828 | S35: =I35*1/100 -> 123.96552 | T35: 500
A36: KHI/HO/D/MO/MC COMP/P/94464/08/2024 | C36: Suzuki Canal Motors Faisalabad Branch | D36: 45506 | E36: 45871 | F36: M. AHMAD NADEEM | G36: SUZUKI-GD-110S | H36: =K36 -> 8800 | I36: =L36 -> 7086.2069 | J36: 0.025 | K36: =Q36*J36 -> 8800 | L36: =K36/116%-T36 -> 7086.2069 | N36: 145860 | O36: 45506 | P36: MOTORCYCLE COMPREHENSIVE | Q36: 352000 | R36: =I36*15/100 -> 1062.931 | S36: =I36*1/100 -> 70.862069 | T36: 500
A37: KHI/HO/D/MO/MC COMP/P/94465/08/2024 | C37: UR Suzuki | D37: 45506 | E37: 45871 | F37: KANWER REHAN ALI KHAN | G37: SUZUKI-GSX 125 | H37: =K37 -> 20378.75 | I37: =L37 -> 17067.888 | J37: 0.0425 | K37: =Q37*J37 -> 20378.75 | L37: =K37/116%-T37 -> 17067.888 | M37: =K37-H37 -> 0 | N37: 23102531 | O37: 45506 | P37: MOTORCYCLE COMPREHENSIVE | Q37: 479500 | R37: =I37*15/100 -> 2560.1832 | S37: =I37*1/100 -> 170.67888 | T37: 500
A38: KHI/HO/D/MO/MC COMP/P/94467/08/2024 | C38: UR Suzuki | D38: 45506 | E38: 45871 | F38: NOMAN AHMED | G38: SUZUKI-GD-110S | H38: =K38 -> 14960 | I38: =L38 -> 12396.552 | J38: 0.0425 | K38: =Q38*J38 -> 14960 | L38: =K38/116%-T38 -> 12396.552 | M38: =K38-H38 -> 0 | N38: 145906 | O38: 45506 | P38: MOTORCYCLE COMPREHENSIVE | Q38: 352000 | R38: =I38*15/100 -> 1859.4828 | S38: =I38*1/100 -> 123.96552 | T38: 500
A39: KHI/HO/D/MO/MC COMP/P/94468/08/2024 | C39: UR Suzuki | D39: 45872 | E39: 46237 | F39: NOMAN AHMED | G39: SUZUKI-GD-110S | H39: =K39 -> 14960 | I39: =L39 -> 12396.552 | J39: 0.0425 | K39: =Q39*J39 -> 14960 | L39: =K39/116%-T39 -> 12396.552 | M39: =K39-H39 -> 0 | N39: 145906 | O39: 45506 | P39: MOTORCYCLE COMPREHENSIVE | Q39: 352000 | R39: =I39*15/100 -> 1859.4828 | S39: =I39*1/100 -> 123.96552 | T39: 500
A40: KHI/HO/D/MO/MC COMP/P/94469/08/2024 | C40: UR Suzuki | D40: 45506 | E40: 45871 | F40: MUHAMMAD UMER AKRAM | G40: SUZUKI-GS 150 | H40: =K40 -> 16235 | I40: =L40 -> 13495.69 | J40: 0.0425 | K40: =Q40*J40 -> 16235 | L40: =K40/116%-T40 -> 13495.69 | M40: =K40-H40 -> 0 | N40: 30092349 | O40: 45506 | P40: MOTORCYCLE COMPREHENSIVE | Q40: 382000 | R40: =I40*15/100 -> 2024.3534 | S40: =I40*1/100 -> 134.9569 | T40: 500
A41: KHI/HO/D/MO/MC COMP/P/94470/08/2024 | C41: UR Suzuki | D41: 45872 | E41: 46237 | F41: MUHAMMAD UMER AKRAM | G41: SUZUKI-GS 150 | H41: =K41 -> 16235 | I41: =L41 -> 13495.69 | J41: 0.0425 | K41: =Q41*J41 -> 16235 | L41: =K41/116%-T41 -> 13495.69 | M41: =K41-H41 -> 0 | N41: 30092349 | O41: 45506 | P41: MOTORCYCLE COMPREHENSIVE | Q41: 382000 | R41: =I41*15/100 -> 2024.3534 | S41: =I41*1/100 -> 134.9569 | T41: 500
A42: KHI/HO/D/MO/MC COMP/P/94472/08/2024 | C42: GR Suzuki | D42: 45506 | E42: 45871 | F42: MUHAMMAD NADEEM | G42: SUZUKI-GS 150 | H42: =K42 -> 9550 | I42: =L42 -> 7732.7586 | J42: 0.025 | K42: =Q42*J42 -> 9550 | L42: =K42/116%-T42 -> 7732.7586 | N42: 30092058 | O42: 45506 | P42: MOTORCYCLE COMPREHENSIVE | Q42: 382000 | R42: =I42*15/100 -> 1159.9138 | S42: =I42*1/100 -> 77.327586 | T42: 500
A43: KHI/HO/D/MO/MC COMP/P/94473/08/2024 | C43: UR Suzuki | D43: 45506 | E43: 45871 | F43: AWAIS JAMAL | G43: SUZUKI-GD-110S | H43: =K43 -> 14960 | I43: =L43 -> 12396.552 | J43: 0.0425 | K43: =Q43*J43 -> 14960 | L43: =K43/116%-T43 -> 12396.552 | M43: =K43-H43 -> 0 | N43: 145896 | O43: 45506 | P43: MOTORCYCLE COMPREHENSIVE | Q43: 352000 | R43: =I43*15/100 -> 1859.4828 | S43: =I43*1/100 -> 123.96552 | T43: 500
A44: KHI/HO/D/MO/MC COMP/P/94474/08/2024 | C44: UR Suzuki | D44: 45872 | E44: 46237 | F44: AWAIS JAMAL | G44: SUZUKI-GD-110S | H44: =K44 -> 14960 | I44: =L44 -> 12396.552 | J44: 0.0425 | K44: =Q44*J44 -> 14960 | L44: =K44/116%-T44 -> 12396.552 | M44: =K44-H44 -> 0 | N44: 145896 | O44: 45506 | P44: MOTORCYCLE COMPREHENSIVE | Q44: 352000 | R44: =I44*15/100 -> 1859.4828 | S44: =I44*1/100 -> 123.96552 | T44: 500
A45: KHI/HO/D/MO/MC COMP/P/94475/08/2024 | C45: UR Suzuki | D45: 45506 | E45: 45871 | F45: ZUBAIR ADIL | G45: SUZUKI-GR150 EURO II | H45: =K45 -> 23247.5 | I45: =L45 -> 19540.948 | J45: 0.0425 | K45: =Q45*J45 -> 23247.5 | L45: =K45/116%-T45 -> 19540.948 | M45: =K45-H45 -> 0 | N45: 113485 | O45: 45506 | P45: MOTORCYCLE COMPREHENSIVE | Q45: 547000 | R45: =I45*15/100 -> 2931.1422 | S45: =I45*1/100 -> 195.40948 | T45: 500
A46: KHI/HO/D/MO/MC COMP/P/94476/08/2024 | C46: UR Suzuki | D46: 45872 | E46: 46237 | F46: ZUBAIR ADIL | G46: SUZUKI-GR150 EURO II | H46: =K46 -> 23247.5 | I46: =L46 -> 19540.948 | J46: 0.0425 | K46: =Q46*J46 -> 23247.5 | L46: =K46/116%-T46 -> 19540.948 | M46: =K46-H46 -> 0 | N46: 113485 | O46: 45506 | P46: MOTORCYCLE COMPREHENSIVE | Q46: 547000 | R46: =I46*15/100 -> 2931.1422 | S46: =I46*1/100 -> 195.40948 | T46: 500
A47: KHI/HO/D/MO/MC COMP/P/94486/08/2024 | C47: South | D47: 45506 | E47: 45871 | F47: MAHRUKH PACKAGES (Pvt) Ltd. | G47: SUZUKI-GS 150 | H47: =K47 -> 16235 | I47: =L47 -> 13495.69 | J47: 0.0425 | K47: =Q47*J47 -> 16235 | L47: =K47/116%-T47 -> 13495.69 | M47: =K47-H47 -> 0 | N47: 30092414 | O47: 45506 | P47: MOTORCYCLE COMPREHENSIVE | Q47: 382000 | R47: =I47*15/100 -> 2024.3534 | S47: =I47*1/100 -> 134.9569 | T47: 500
A48: KHI/HO/D/MO/MC COMP/P/94492/08/2024 | C48: Khalil Motor | D48: 45506 | E48: 45871 | F48: ABDUL HAMEED | G48: SUZUKI-GS 150 | H48: =K48 -> 16235 | I48: =L48 -> 13495.69 | J48: 0.0425 | K48: =Q48*J48 -> 16235 | L48: =K48/116%-T48 -> 13495.69 | M48: =K48-H48 -> 0 | N48: 30092360 | O48: 45506 | P48: MOTORCYCLE COMPREHENSIVE | Q48: 382000 | R48: =I48*15/100 -> 2024.3534 | S48: =I48*1/100 -> 134.9569 | T48: 500
A49: KHI/HO/D/MO/MC COMP/P/94493/08/2024 | C49: Khalil Motor | D49: 45872 | E49: 46237 | F49: ABDUL HAMEED | G49: SUZUKI-GS 150 | H49: =K49 -> 16235 | I49: =L49 -> 13495.69 | J49: 0.0425 | K49: =Q49*J49 -> 16235 | L49: =K49/116%-T49 -> 13495.69 | M49: =K49-H49 -> 0 | N49: 30092360 | O49: 45506 | P49: MOTORCYCLE COMPREHENSIVE | Q49: 382000 | R49: =I49*15/100 -> 2024.3534 | S49: =I49*1/100 -> 134.9569 | T49: 500
A50: KHI/HO/D/MO/MC COMP/P/94497/08/2024 | C50: Suzuki Defence Motors | D50: 45506 | E50: 45871 | F50: AFTIKHAR HUSSAIN | G50: SUZUKI-GD-110S | H50: =K50 -> 14960 | I50: =L50 -> 12396.552 | J50: 0.0425 | K50: =Q50*J50 -> 14960 | L50: =K50/116%-T50 -> 12396.552 | M50: =K50-H50 -> 0 | N50: 145953 | O50: 45506 | P50: MOTORCYCLE COMPREHENSIVE | Q50: 352000 | R50: =I50*15/100 -> 1859.4828 | S50: =I50*1/100 -> 123.96552 | T50: 500
A51: KHI/HO/D/MO/MC COMP/P/94498/08/2024 | C51: Suzuki Defence Motors | D51: 45872 | E51: 46237 | F51: AFTIKHAR HUSSAIN | G51: SUZUKI-GD-110S | H51: =K51 -> 14960 | I51: =L51 -> 12396.552 | J51: 0.0425 | K51: =Q51*J51 -> 14960 | L51: =K51/116%-T51 -> 12396.552 | M51: =K51-H51 -> 0 | N51: 145953 | O51: 45506 | P51: MOTORCYCLE COMPREHENSIVE | Q51: 352000 | R51: =I51*15/100 -> 1859.4828 | S51: =I51*1/100 -> 123.96552 | T51: 500
A52: KHI/HO/D/MO/MC COMP/P/94510/08/2024 | C52: UR Suzuki | D52: 45506 | E52: 45871 | F52: MUHAMMAD USMAN KHAN | G52: SUZUKI-GR150 EURO II | H52: =K52 -> 23247.5 | I52: =L52 -> 19540.948 | J52: 0.0425 | K52: =Q52*J52 -> 23247.5 | L52: =K52/116%-T52 -> 19540.948 | M52: =K52-H52 -> 0 | N52: 113481 | O52: 45506 | P52: MOTORCYCLE COMPREHENSIVE | Q52: 547000 | R52: =I52*15/100 -> 2931.1422 | S52: =I52*1/100 -> 195.40948 | T52: 500
A53: KHI/HO/D/MO/MC COMP/P/94511/08/2024 | C53: UR Suzuki | D53: 45872 | E53: 46237 | F53: MUHAMMAD USMAN KHAN | G53: SUZUKI-GR150 EURO II | H53: =K53 -> 23247.5 | I53: =L53 -> 19540.948 | J53: 0.0425 | K53: =Q53*J53 -> 23247.5 | L53: =K53/116%-T53 -> 19540.948 | M53: =K53-H53 -> 0 | N53: 113481 | O53: 45506 | P53: MOTORCYCLE COMPREHENSIVE | Q53: 547000 | R53: =I53*15/100 -> 2931.1422 | S53: =I53*1/100 -> 195.40948 | T53: 500
A54: KHI/HO/D/MO/MC COMP/P/94515/08/2024 | C54: TS Suzuki | D54: 45506 | E54: 45871 | F54: Muhammad Numan Khan | G54: SUZUKI-GR150 EURO II | H54: =K54 -> 13675 | I54: =L54 -> 11288.793 | J54: 0.025 | K54: =Q54*J54 -> 13675 | L54: =K54/116%-T54 -> 11288.793 | N54: 113256 | O54: 45506 | P54: MOTORCYCLE COMPREHENSIVE | Q54: 547000 | R54: =I54*15/100 -> 1693.319 | S54: =I54*1/100 -> 112.88793 | T54: 500
A55: KHI/HO/D/MO/MC COMP/P/94516/08/2024 | C55: UR Suzuki | D55: 45506 | E55: 45871 | F55: WAQAR AHMED SIDDIQUI | G55: SUZUKI-GR150 EURO II | H55: =K55 -> 23247.5 | I55: =L55 -> 19540.948 | J55: 0.0425 | K55: =Q55*J55 -> 23247.5 | L55: =K55/116%-T55 -> 19540.948 | M55: =K55-H55 -> 0 | N55: 113496 | O55: 45506 | P55: MOTORCYCLE COMPREHENSIVE | Q55: 547000 | R55: =I55*15/100 -> 2931.1422 | S55: =I55*1/100 -> 195.40948 | T55: 500
A56: KHI/HO/D/MO/MC COMP/P/94517/08/2024 | C56: UR Suzuki | D56: 45872 | E56: 46237 | F56: WAQAR AHMED SIDDIQUI | G56: SUZUKI-GR150 EURO II | H56: =K56 -> 23247.5 | I56: =L56 -> 19540.948 | J56: 0.0425 | K56: =Q56*J56 -> 23247.5 | L56: =K56/116%-T56 -> 19540.948 | M56: =K56-H56 -> 0 | N56: 113496 | O56: 45506 | P56: MOTORCYCLE COMPREHENSIVE | Q56: 547000 | R56: =I56*15/100 -> 2931.1422 | S56: =I56*1/100 -> 195.40948 | T56: 500
A57: KHI/HO/D/MO/MC COMP/P/94518/08/2024 | C57: Khalil Motor | D57: 45506 | E57: 45871 | F57: S M NOMAN TAHIR | G57: SUZUKI-GR150 EURO II | H57: =K57 -> 23247.5 | I57: =L57 -> 19540.948 | J57: 0.0425 | K57: =Q57*J57 -> 23247.5 | L57: =K57/116%-T57 -> 19540.948 | M57: =K57-H57 -> 0 | N57: 113457 | O57: 45506 | P57: MOTORCYCLE COMPREHENSIVE | Q57: 547000 | R57: =I57*15/100 -> 2931.1422 | S57: =I57*1/100 -> 195.40948 | T57: 500
A58: KHI/HO/D/MO/MC COMP/P/94519/08/2024 | C58: Khalil Motor | D58: 45872 | E58: 46237 | F58: S M NOMAN TAHIR | G58: SUZUKI-GR150 EURO II | H58: =K58 -> 23247.5 | I58: =L58 -> 19540.948 | J58: 0.0425 | K58: =Q58*J58 -> 23247.5 | L58: =K58/116%-T58 -> 19540.948 | M58: =K58-H58 -> 0 | N58: 113457 | O58: 45506 | P58: MOTORCYCLE COMPREHENSIVE | Q58: 547000 | R58: =I58*15/100 -> 2931.1422 | S58: =I58*1/100 -> 195.40948 | T58: 500
A59: KHI/HO/D/MO/MC COMP/P/94520/08/2024 | C59: TR Suzuki | D59: 45506 | E59: 45871 | F59: MUHAMMAD WAQAS | G59: SUZUKI-GD-110S | H59: =K59 -> 14960 | I59: =L59 -> 12396.552 | J59: 0.0425 | K59: =Q59*J59 -> 14960 | L59: =K59/116%-T59 -> 12396.552 | M59: =K59-H59 -> 0 | N59: 146408 | O59: 45506 | P59: MOTORCYCLE COMPREHENSIVE | Q59: 352000 | R59: =I59*15/100 -> 1859.4828 | S59: =I59*1/100 -> 123.96552 | T59: 500
A60: KHI/HO/D/MO/MC COMP/P/94521/08/2024 | C60: Khalil Motor | D60: 45506 | E60: 45871 | F60: S M FAISAL BUKHARI | G60: SUZUKI-GD-110S | H60: =K60 -> 14960 | I60: =L60 -> 12396.552 | J60: 0.0425 | K60: =Q60*J60 -> 14960 | L60: =K60/116%-T60 -> 12396.552 | M60: =K60-H60 -> 0 | N60: 146380 | O60: 45506 | P60: MOTORCYCLE COMPREHENSIVE | Q60: 352000 | R60: =I60*15/100 -> 1859.4828 | S60: =I60*1/100 -> 123.96552 | T60: 500
A61: KHI/HO/D/MO/MC COMP/P/94522/08/2024 | C61: Khalil Motor | D61: 45872 | E61: 46237 | F61: S M FAISAL BUKHARI | G61: SUZUKI-GD-110S | H61: =K61 -> 14960 | I61: =L61 -> 12396.552 | J61: 0.0425 | K61: =Q61*J61 -> 14960 | L61: =K61/116%-T61 -> 12396.552 | M61: =K61-H61 -> 0 | N61: 146380 | O61: 45506 | P61: MOTORCYCLE COMPREHENSIVE | Q61: 352000 | R61: =I61*15/100 -> 1859.4828 | S61: =I61*1/100 -> 123.96552 | T61: 500
A62: KHI/HO/D/MO/MC COMP/P/94523/08/2024 | C62: TR Suzuki | D62: 45506 | E62: 45871 | F62: KAMRAN | G62: SUZUKI-GD-110S | H62: =K62 -> 14960 | I62: =L62 -> 12396.552 | J62: 0.0425 | K62: =Q62*J62 -> 14960 | L62: =K62/116%-T62 -> 12396.552 | M62: =K62-H62 -> 0 | N62: 146412 | O62: 45506 | P62: MOTORCYCLE COMPREHENSIVE | Q62: 352000 | R62: =I62*15/100 -> 1859.4828 | S62: =I62*1/100 -> 123.96552 | T62: 500
A63: KHI/HO/D/MO/MC COMP/P/94524/08/2024 | C63: TR Suzuki | D63: 45872 | E63: 46237 | F63: KAMRAN | G63: SUZUKI-GD-110S | H63: =K63 -> 14960 | I63: =L63 -> 12396.552 | J63: 0.0425 | K63: =Q63*J63 -> 14960 | L63: =K63/116%-T63 -> 12396.552 | M63: =K63-H63 -> 0 | N63: 146412 | O63: 45506 | P63: MOTORCYCLE COMPREHENSIVE | Q63: 352000 | R63: =I63*15/100 -> 1859.4828 | S63: =I63*1/100 -> 123.96552 | T63: 500
A64: KHI/HO/D/MO/MC COMP/P/94525/08/2024 | C64: TR Suzuki | D64: 45506 | E64: 45871 | F64: MUHAMMAD RAFIQUE | G64: SUZUKI-GD-110S | H64: =K64 -> 14960 | I64: =L64 -> 12396.552 | J64: 0.0425 | K64: =Q64*J64 -> 14960 | L64: =K64/116%-T64 -> 12396.552 | M64: =K64-H64 -> 0 | N64: 146413 | O64: 45506 | P64: MOTORCYCLE COMPREHENSIVE | Q64: 352000 | R64: =I64*15/100 -> 1859.4828 | S64: =I64*1/100 -> 123.96552 | T64: 500
A65: KHI/HO/D/MO/MC COMP/P/94526/08/2024 | C65: Khalil Motor | D65: 45506 | E65: 45871 | F65: M Rehan | G65: SUZUKI-GR150 EURO II | H65: =K65 -> 23247.5 | I65: =L65 -> 19540.948 | J65: 0.0425 | K65: =Q65*J65 -> 23247.5 | L65: =K65/116%-T65 -> 19540.948 | M65: =K65-H65 -> 0 | N65: 113278 | O65: 45506 | P65: MOTORCYCLE COMPREHENSIVE | Q65: 547000 | R65: =I65*15/100 -> 2931.1422 | S65: =I65*1/100 -> 195.40948 | T65: 500
A66: KHI/HO/D/MO/MC COMP/P/94527/08/2024 | C66: Khalil Motor | D66: 45872 | E66: 46237 | F66: M Rehan | G66: SUZUKI-GR150 EURO II | H66: =K66 -> 23247.5 | I66: =L66 -> 19540.948 | J66: 0.0425 | K66: =Q66*J66 -> 23247.5 | L66: =K66/116%-T66 -> 19540.948 | M66: =K66-H66 -> 0 | N66: 113278 | O66: 45506 | P66: MOTORCYCLE COMPREHENSIVE | Q66: 547000 | R66: =I66*15/100 -> 2931.1422 | S66: =I66*1/100 -> 195.40948 | T66: 500
A67: KHI/HO/D/MO/MC COMP/P/94528/08/2024 | C67: Gujrat Suzuki | D67: 45507 | E67: 45872 | F67: MIRZA ABDUL GHAFOOR S/O MIRZA ALLAH DITTA | G67: SUZUKI-GD-110S | H67: =K67 -> 8800 | I67: =L67 -> 7086.2069 | J67: 0.025 | K67: =Q67*J67 -> 8800 | L67: =K67/116%-T67 -> 7086.2069 | N67: 144706 | O67: 45507 | P67: MOTORCYCLE COMPREHENSIVE | Q67: 352000 | R67: =I67*15/100 -> 1062.931 | S67: =I67*1/100 -> 70.862069 | T67: 500
A68: KHI/HO/D/MO/MC COMP/P/94529/08/2024 | C68: South | D68: 45507 | E68: 45872 | F68: SHAHAB UDDIN | G68: SUZUKI-GS-150 | H68: =K68 -> 16235 | I68: =L68 -> 13495.69 | J68: 0.0425 | K68: =Q68*J68 -> 16235 | L68: =K68/116%-T68 -> 13495.69 | M68: =K68-H68 -> 0 | N68: 30092412 | O68: 45507 | P68: MOTORCYCLE COMPREHENSIVE | Q68: 382000 | R68: =I68*15/100 -> 2024.3534 | S68: =I68*1/100 -> 134.9569 | T68: 500
A69: KHI/HO/D/MO/MC COMP/P/94530/08/2024 | C69: South | D69: 45507 | E69: 45872 | F69: SHAHZAIB GHAFOOR | G69: SUZUKI-GR150 EURO II | H69: =K69 -> 23247.5 | I69: =L69 -> 19540.948 | J69: 0.0425 | K69: =Q69*J69 -> 23247.5 | L69: =K69/116%-T69 -> 19540.948 | M69: =K69-H69 -> 0 | N69: 113496 | O69: 45507 | P69: MOTORCYCLE COMPREHENSIVE | Q69: 547000 | R69: =I69*15/100 -> 2931.1422 | S69: =I69*1/100 -> 195.40948 | T69: 500
A70: KHI/HO/D/MO/MC COMP/P/94531/08/2024 | C70: UR Suzuki | D70: 45507 | E70: 45872 | F70: MUHAMMAD FAYYAZ | G70: SUZUKI-GD-110S | H70: =K70 -> 14960 | I70: =L70 -> 12396.552 | J70: 0.0425 | K70: =Q70*J70 -> 14960 | L70: =K70/116%-T70 -> 12396.552 | M70: =K70-H70 -> 0 | N70: 145783 | O70: 45507 | P70: MOTORCYCLE COMPREHENSIVE | Q70: 352000 | R70: =I70*15/100 -> 1859.4828 | S70: =I70*1/100 -> 123.96552 | T70: 500
A71: KHI/HO/D/MO/MC COMP/P/94532/08/2024 | C71: UR Suzuki | D71: 45873 | E71: 46238 | F71: MUHAMMAD FAYYAZ | G71: SUZUKI-GD-110S | H71: =K71 -> 14960 | I71: =L71 -> 12396.552 | J71: 0.0425 | K71: =Q71*J71 -> 14960 | L71: =K71/116%-T71 -> 12396.552 | M71: =K71-H71 -> 0 | N71: 145783 | O71: 45507 | P71: MOTORCYCLE COMPREHENSIVE | Q71: 352000 | R71: =I71*15/100 -> 1859.4828 | S71: =I71*1/100 -> 123.96552 | T71: 500
A72: KHI/HO/D/MO/MC COMP/P/94533/08/2024 | C72: Gujrat Suzuki | D72: 45507 | E72: 45872 | F72: AZIZ UR REHMAN S/O MUHAMMAD AKRAM | G72: SUZUKI-GD-110S | H72: =K72 -> 8800 | I72: =L72 -> 7086.2069 | J72: 0.025 | K72: =Q72*J72 -> 8800 | L72: =K72/116%-T72 -> 7086.2069 | N72: 143880 | O72: 45507 | P72: MOTORCYCLE COMPREHENSIVE | Q72: 352000 | R72: =I72*15/100 -> 1062.931 | S72: =I72*1/100 -> 70.862069 | T72: 500
A73: KHI/HO/D/MO/MC COMP/P/94536/08/2024 | C73: Gujrat Suzuki | D73: 45507 | E73: 45872 | F73: ABDUL MANAN S/O | G73: SUZUKI-GR150 EURO II | H73: =K73 -> 13675 | I73: =L73 -> 11288.793 | J73: 0.025 | K73: =Q73*J73 -> 13675 | L73: =K73/116%-T73 -> 11288.793 | N73: 113140 | O73: 45507 | P73: MOTORCYCLE COMPREHENSIVE | Q73: 547000 | R73: =I73*15/100 -> 1693.319 | S73: =I73*1/100 -> 112.88793 | T73: 500
A74: KHI/HO/D/MO/MC COMP/P/94537/08/2024 | C74: TR Suzuki | D74: 45507 | E74: 45872 | F74: MUHAMMAD OWAIS KHAN | G74: SUZUKI-GD-110S | H74: =K74 -> 14960 | I74: =L74 -> 12396.552 | J74: 0.0425 | K74: =Q74*J74 -> 14960 | L74: =K74/116%-T74 -> 12396.552 | M74: =K74-H74 -> 0 | N74: 146407 | O74: 45507 | P74: MOTORCYCLE COMPREHENSIVE | Q74: 352000 | R74: =I74*15/100 -> 1859.4828 | S74: =I74*1/100 -> 123.96552 | T74: 500
A75: KHI/HO/D/MO/MC COMP/P/94538/08/2024 | C75: UP Suzuki | D75: 45507 | E75: 45872 | F75: RAKSHAN ALI | G75: SUZUKI-GR150 EURO II | H75: =K75 -> 23247.5 | I75: =L75 -> 19540.948 | J75: 0.0425 | K75: =Q75*J75 -> 23247.5 | L75: =K75/116%-T75 -> 19540.948 | M75: =K75-H75 -> 0 | N75: 113489 | O75: 45507 | P75: MOTORCYCLE COMPREHENSIVE | Q75: 547000 | R75: =I75*15/100 -> 2931.1422 | S75: =I75*1/100 -> 195.40948 | T75: 500
A76: KHI/HO/D/MO/MC COMP/P/94539/08/2024 | C76: UP Suzuki | D76: 45873 | E76: 46238 | F76: RAKSHAN ALI | G76: SUZUKI-GR150 EURO II | H76: =K76 -> 23247.5 | I76: =L76 -> 19540.948 | J76: 0.0425 | K76: =Q76*J76 -> 23247.5 | L76: =K76/116%-T76 -> 19540.948 | M76: =K76-H76 -> 0 | N76: 113489 | O76: 45507 | P76: MOTORCYCLE COMPREHENSIVE | Q76: 547000 | R76: =I76*15/100 -> 2931.1422 | S76: =I76*1/100 -> 195.40948 | T76: 500
A77: KHI/HO/D/MO/MC COMP/P/94541/08/2024 | C77: UP Suzuki | D77: 45507 | E77: 45872 | F77: ABEER MASHOOD ARFEN | G77: SUZUKI-GD-110S | H77: =K77 -> 14960 | I77: =L77 -> 12396.552 | J77: 0.0425 | K77: =Q77*J77 -> 14960 | L77: =K77/116%-T77 -> 12396.552 | M77: =K77-H77 -> 0 | N77: 146391 | O77: 45507 | P77: MOTORCYCLE COMPREHENSIVE | Q77: 352000 | R77: =I77*15/100 -> 1859.4828 | S77: =I77*1/100 -> 123.96552 | T77: 500
A78: KHI/HO/D/MO/MC COMP/P/94542/08/2024 | C78: UR Suzuki | D78: 45507 | E78: 45872 | F78: MUHAMMAD NAEEM KHAN AFRIDI | G78: SUZUKI-GS 150 | H78: =K78 -> 16235 | I78: =L78 -> 13495.69 | J78: 0.0425 | K78: =Q78*J78 -> 16235 | L78: =K78/116%-T78 -> 13495.69 | M78: =K78-H78 -> 0 | N78: 30092309 | O78: 45507 | P78: MOTORCYCLE COMPREHENSIVE | Q78: 382000 | R78: =I78*15/100 -> 2024.3534 | S78: =I78*1/100 -> 134.9569 | T78: 500
A79: KHI/HO/D/MO/MC COMP/P/94543/08/2024 | C79: TR Suzuki | D79: 45507 | E79: 45872 | F79: BABER HANIF | G79: SUZUKI-GR150 EURO II | H79: =K79 -> 23247.5 | I79: =L79 -> 19540.948 | J79: 0.0425 | K79: =Q79*J79 -> 23247.5 | L79: =K79/116%-T79 -> 19540.948 | M79: =K79-H79 -> 0 | N79: 113494 | O79: 45507 | P79: MOTORCYCLE COMPREHENSIVE | Q79: 547000 | R79: =I79*15/100 -> 2931.1422 | S79: =I79*1/100 -> 195.40948 | T79: 500
A80: KHI/HO/D/MO/MC COMP/P/94544/08/2024 | C80: TR Suzuki | D80: 45873 | E80: 46238 | F80: BABER HANIF | G80: SUZUKI-GR150 EURO II | H80: =K80 -> 23247.5 | I80: =L80 -> 19540.948 | J80: 0.0425 | K80: =Q80*J80 -> 23247.5 | L80: =K80/116%-T80 -> 19540.948 | M80: =K80-H80 -> 0 | N80: 113494 | O80: 45507 | P80: MOTORCYCLE COMPREHENSIVE | Q80: 547000 | R80: =I80*15/100 -> 2931.1422 | S80: =I80*1/100 -> 195.40948 | T80: 500
A81: KHI/HO/D/MO/MC COMP/P/94545/08/2024 | C81: UP Suzuki | D81: 45507 | E81: 45872 | F81: AZHAR AYUB | G81: SUZUKI-GS 150 | H81: =K81 -> 16235 | I81: =L81 -> 13495.69 | J81: 0.0425 | K81: =Q81*J81 -> 16235 | L81: =K81/116%-T81 -> 13495.69 | M81: =K81-H81 -> 0 | N81: 30092351 | O81: 45507 | P81: MOTORCYCLE COMPREHENSIVE | Q81: 382000 | R81: =I81*15/100 -> 2024.3534 | S81: =I81*1/100 -> 134.9569 | T81: 500
A82: KHI/HO/D/MO/MC COMP/P/94546/08/2024 | C82: UR Suzuki | D82: 45507 | E82: 45872 | F82: M. AZEEM IQBAL | G82: SUZUKI-GD-110S | H82: =K82 -> 14960 | I82: =L82 -> 12396.552 | J82: 0.0425 | K82: =Q82*J82 -> 14960 | L82: =K82/116%-T82 -> 12396.552 | M82: =K82-H82 -> 0 | N82: 146187 | O82: 45507 | P82: MOTORCYCLE COMPREHENSIVE | Q82: 352000 | R82: =I82*15/100 -> 1859.4828 | S82: =I82*1/100 -> 123.96552 | T82: 500
A83: KHI/HO/D/MO/MC COMP/P/94547/08/2024 | C83: UR Suzuki | D83: 45873 | E83: 46238 | F83: M. AZEEM IQBAL | G83: SUZUKI-GD-110S | H83: =K83 -> 14960 | I83: =L83 -> 12396.552 | J83: 0.0425 | K83: =Q83*J83 -> 14960 | L83: =K83/116%-T83 -> 12396.552 | M83: =K83-H83 -> 0 | N83: 146187 | O83: 45507 | P83: MOTORCYCLE COMPREHENSIVE | Q83: 352000 | R83: =I83*15/100 -> 1859.4828 | S83: =I83*1/100 -> 123.96552 | T83: 500
A84: KHI/HO/D/MO/MC COMP/P/94548/08/2024 | C84: UP Suzuki | D84: 45507 | E84: 45872 | F84: SAMI UR REHMAN | G84: SUZUKI-GS 150 | H84: =K84 -> 16235 | I84: =L84 -> 13495.69 | J84: 0.0425 | K84: =Q84*J84 -> 16235 | L84: =K84/116%-T84 -> 13495.69 | M84: =K84-H84 -> 0 | N84: 30092356 | O84: 45507 | P84: MOTORCYCLE COMPREHENSIVE | Q84: 382000 | R84: =I84*15/100 -> 2024.3534 | S84: =I84*1/100 -> 134.9569 | T84: 500
A85: KHI/HO/D/MO/MC COMP/P/94549/08/2024 | C85: UP Suzuki | D85: 45873 | E85: 46238 | F85: SAMI UR REHMAN | G85: SUZUKI-GS 150 | H85: =K85 -> 16235 | I85: =L85 -> 13495.69 | J85: 0.0425 | K85: =Q85*J85 -> 16235 | L85: =K85/116%-T85 -> 13495.69 | M85: =K85-H85 -> 0 | N85: 30092356 | O85: 45507 | P85: MOTORCYCLE COMPREHENSIVE | Q85: 382000 | R85: =I85*15/100 -> 2024.3534 | S85: =I85*1/100 -> 134.9569 | T85: 500
... A88: KHI/HO/D/MO/MC COMP/P/94552/08/2024 | C88: Suzuki Mandviwalla Motors | D88: 45507 | E88: 45872 | F88: Yusuf | G88: SUZUKI-GS 150 | H88: =K88 -> 16235 | I88: =L88 -> 13495.69 | J88: 0.0425 | K88: =Q88*J88 -> 16235 | L88: =K88/116%-T88 -> 13495.69 | M88: =K88-H88 -> 0 | N88: 30092399 | O88: 45507 | P88: MOTORCYCLE COMPREHENSIVE | Q88: 382000 | R88: =I88*15/100 -> 2024.3534 | S88: =I88*1/100 -> 134.9569 | T88: 500
A89: KHI/HO/D/MO/MC COMP/P/94553/08/2024 | C89: Suzuki Canal Motors Faisalabad Branch | D89: 45507 | E89: 45872 | F89: ABDUL MANNAN | G89: SUZUKI-GD-110S | H89: =K89 -> 8800 | I89: =L89 -> 7086.2069 | J89: 0.025 | K89: =Q89*J89 -> 8800 | L89: =K89/116%-T89 -> 7086.2069 | N89: 145652 | O89: 45507 | P89: MOTORCYCLE COMPREHENSIVE | Q89: 352000 | R89: =I89*15/100 -> 1062.931 | S89: =I89*1/100 -> 70.862069 | T89: 500
A90: KHI/HO/D/MO/MC COMP/P/94554/08/2024 | C90: TR Suzuki | D90: 45507 | E90: 45872 | F90: EBAD KHAN | G90: SUZUKI-GS 150 | H90: =K90 -> 16235 | I90: =L90 -> 13495.69 | J90: 0.0425 | K90: =Q90*J90 -> 16235 | L90: =K90/116%-T90 -> 13495.69 | M90: =K90-H90 -> 0 | N90: 30092479 | O90: 45507 | P90: MOTORCYCLE COMPREHENSIVE | Q90: 382000 | R90: =I90*15/100 -> 2024.3534 | S90: =I90*1/100 -> 134.9569 | T90: 500
A91: KHI/HO/D/MO/MC COMP/P/94555/08/2024 | C91: TR Suzuki | D91: 45873 | E91: 46238 | F91: EBAD KHAN | G91: SUZUKI-GS 150 | H91: =K91 -> 16235 | I91: =L91 -> 13495.69 | J91: 0.0425 | K91: =Q91*J91 -> 16235 | L91: =K91/116%-T91 -> 13495.69 | M91: =K91-H91 -> 0 | N91: 30092479 | O91: 45507 | P91: MOTORCYCLE COMPREHENSIVE | Q91: 382000 | R91: =I91*15/100 -> 2024.3534 | S91: =I91*1/100 -> 134.9569 | T91: 500
A92: KHI/HO/D/MO/MC COMP/P/94556/08/2024 | C92: Gujrat Suzuki | D92: 45507 | E92: 45872 | F92: ABDULLAH ABID S/O ABID HUSSAIN | G92: SUZUKI-GS-150 | H92: =K92 -> 9550 | I92: =L92 -> 7732.7586 | J92: 0.025 | K92: =Q92*J92 -> 9550 | L92: =K92/116%-T92 -> 7732.7586 | N92: 30092084 | O92: 45507 | P92: MOTORCYCLE COMPREHENSIVE | Q92: 382000 | R92: =I92*15/100 -> 1159.9138 | S92: =I92*1/100 -> 77.327586 | T92: 500
A93: KHI/HO/D/MO/MC COMP/P/94557/08/2024 | C93: Gujrat Suzuki | D93: 45507 | E93: 45872 | F93: ABDULLAH RUKHSAR S/O RUKHSAR AHMED | G93: SUZUKI-GS 150 | H93: =K93 -> 9550 | I93: =L93 -> 7732.7586 | J93: 0.025 | K93: =Q93*J93 -> 9550 | L93: =K93/116%-T93 -> 7732.7586 | N93: 30091850 | O93: 45507 | P93: MOTORCYCLE COMPREHENSIVE | Q93: 382000 | R93: =I93*15/100 -> 1159.9138 | S93: =I93*1/100 -> 77.327586 | T93: 500
A94: KHI/HO/D/MO/MC COMP/P/94558/08/2024 | C94: Gujrat Suzuki | D94: 45507 | E94: 45872 | F94: MUHAMMAD KASHIF ALI S/0 KAMAL UD DIN | G94: SUZUKI-GR150 EURO II | H94: =K94 -> 9550 | I94: =L94 -> 7732.7586 | J94: 0.025 | K94: =Q94*J94 -> 9550 | L94: =K94/116%-T94 -> 7732.7586 | N94: 30092100 | O94: 45507 | P94: MOTORCYCLE COMPREHENSIVE | Q94: 382000 | R94: =I94*15/100 -> 1159.9138 | S94: =I94*1/100 -> 77.327586 | T94: 500
A95: KHI/HO/D/MO/MC COMP/P/94559/08/2024 | C95: Gujrat Suzuki | D95: 45507 | E95: 45872 | F95: PARAS PERVAIZ S/O PERVAIZ AKHTAR | G95: SUZUKI-GR150 EURO II | H95: =K95 -> 13675 | I95: =L95 -> 11288.793 | J95: 0.025 | K95: =Q95*J95 -> 13675 | L95: =K95/116%-T95 -> 11288.793 | N95: 113176 | O95: 45507 | P95: MOTORCYCLE COMPREHENSIVE | Q95: 547000 | R95: =I95*15/100 -> 1693.319 | S95: =I95*1/100 -> 112.88793 | T95: 500
A96: KHI/HO/D/MO/MC COMP/P/94560/08/2024 | C96: TS Suzuki | D96: 45507 | E96: 45872 | F96: Muhammad Adnan Ijaz | G96: SUZUKI-GSX 125 | H96: =K96 -> 12475 | I96: =L96 -> 10254.31 | J96: 0.025 | K96: =Q96*J96 -> 12475 | L96: =K96/116%-T96 -> 10254.31 | N96: 23102524 | O96: 45507 | P96: MOTORCYCLE COMPREHENSIVE | Q96: 499000 | R96: =I96*15/100 -> 1538.1466 | S96: =I96*1/100 -> 102.5431 | T96: 500
A97: KHI/HO/D/MO/MC COMP/P/94561/08/2024 | C97: TS Suzuki | D97: 45507 | E97: 45872 | F97: Abdul Rehman | G97: SUZUKI-GS 150 | H97: =K97 -> 9550 | I97: =L97 -> 7732.7586 | J97: 0.025 | K97: =Q97*J97 -> 9550 | L97: =K97/116%-T97 -> 7732.7586 | N97: 30091918 | O97: 45507 | P97: MOTORCYCLE COMPREHENSIVE | Q97: 382000 | R97: =I97*15/100 -> 1159.9138 | S97: =I97*1/100 -> 77.327586 | T97: 500
A98: KHI/HO/D/MO/MC COMP/P/94591/08/2024 | C98: A R Suzuki | D98: 45509 | E98: 45874 | F98: ZULFIQAR ALI | G98: SUZUKI-GD-110S | H98: =K98 -> 14960 | I98: =L98 -> 12396.552 | J98: 0.0425 | K98: =Q98*J98 -> 14960 | L98: =K98/116%-T98 -> 12396.552 | M98: =K98-H98 -> 0 | N98: 146206 | O98: 45509 | P98: MOTORCYCLE COMPREHENSIVE | Q98: 352000 | R98: =I98*15/100 -> 1859.4828 | S98: =I98*1/100 -> 123.96552 | T98: 500
A99: KHI/HO/D/MO/MC COMP/P/94592/08/2024 | C99: UP Suzuki | D99: 45509 | E99: 45874 | F99: MUHAMMAD INAM UL HAQ | G99: SUZUKI-GD-110S | H99: =K99 -> 14960 | I99: =L99 -> 12396.552 | J99: 0.0425 | K99: =Q99*J99 -> 14960 | L99: =K99/116%-T99 -> 12396.552 | M99: =K99-H99 -> 0 | N99: 146587 | O99: 45509 | P99: MOTORCYCLE COMPREHENSIVE | Q99: 352000 | R99: =I99*15/100 -> 1859.4828 | S99: =I99*1/100 -> 123.96552 | T99: 500
A100: KHI/HO/D/MO/MC COMP/P/94593/08/2024 | C100: UP Suzuki | D100: 45875 | E100: 46240 | F100: MUHAMMAD INAM UL HAQ | G100: SUZUKI-GD-110S | H100: =K100 -> 14960 | I100: =L100 -> 12396.552 | J100: 0.0425 | K100: =Q100*J100 -> 14960 | L100: =K100/116%-T100 -> 12396.552 | M100: =K100-H100 -> 0 | N100: 146587 | O100: 45509 | P100: MOTORCYCLE COMPREHENSIVE | Q100: 352000 | R100: =I100*15/100 -> 1859.4828 | S100: =I100*1/100 -> 123.96552 | T100: 500
A101: KHI/HO/D/MO/MC COMP/P/94594/08/2024 | C101: Suzuki R.Y.Khan | D101: 45509 | E101: 45874 | F101: MUHAMMAD HAMZA | G101: SUZUKI-GD-110S | H101: =K101 -> 8800 | I101: =L101 -> 7086.2069 | J101: 0.025 | K101: =Q101*J101 -> 8800 | L101: =K101/116%-T101 -> 7086.2069 | N101: 144393 | O101: 45509 | P101: MOTORCYCLE COMPREHENSIVE | Q101: 352000 | R101: =I101*15/100 -> 1062.931 | S101: =I101*1/100 -> 70.862069 | T101: 500
A102: KHI/HO/D/MO/MC COMP/P/94595/08/2024 | C102: A R Suzuki | D102: 45509 | E102: 45874 | F102: MUHAMMAD ARSHAD | G102: SUZUKI-GD-110S | H102: =K102 -> 14960 | I102: =L102 -> 12396.552 | J102: 0.0425 | K102: =Q102*J102 -> 14960 | L102: =K102/116%-T102 -> 12396.552 | M102: =K102-H102 -> 0 | N102: 146643 | O102: 45509 | P102: MOTORCYCLE COMPREHENSIVE | Q102: 352000 | R102: =I102*15/100 -> 1859.4828 | S102: =I102*1/100 -> 123.96552 | T102: 500
A103: KHI/HO/D/MO/MC COMP/P/94598/08/2024 | C103: UP Suzuki | D103: 45509 | E103: 45874 | F103: MUHAMMAD KHAWAR | G103: SUZUKI-GD-110S | H103: =K103 -> 14960 | I103: =L103 -> 12396.552 | J103: 0.0425 | K103: =Q103*J103 -> 14960 | L103: =K103/116%-T103 -> 12396.552 | M103: =K103-H103 -> 0 | N103: 146409 | O103: 45509 | P103: MOTORCYCLE COMPREHENSIVE | Q103: 352000 | R103: =I103*15/100 -> 1859.4828 | S103: =I103*1/100 -> 123.96552 | T103: 500
A104: KHI/HO/D/MO/MC COMP/P/94599/08/2024 | C104: UP Suzuki | D104: 45875 | E104: 46240 | F104: MUHAMMAD KHAWAR | G104: SUZUKI-GD-110S | H104: =K104 -> 14960 | I104: =L104 -> 12396.552 | J104: 0.0425 | K104: =Q104*J104 -> 14960 | L104: =K104/116%-T104 -> 12396.552 | M104: =K104-H104 -> 0 | N104: 146409 | O104: 45509 | P104: MOTORCYCLE COMPREHENSIVE | Q104: 352000 | R104: =I104*15/100 -> 1859.4828 | S104: =I104*1/100 -> 123.96552 | T104: 500
A105: KHI/HO/D/MO/MC COMP/P/94601/08/2024 | C105: GR Suzuki | D105: 45509 | E105: 45874 | F105: MUHAMMAD SHAFIQ | G105: SUZUKI-GD-110S | H105: =K105 -> 8800 | I105: =L105 -> 7086.2069 | J105: 0.025 | K105: =Q105*J105 -> 8800 | L105: =K105/116%-T105 -> 7086.2069 | N105: 143811 | O105: 45509 | P105: MOTORCYCLE COMPREHENSIVE | Q105: 352000 | R105: =I105*15/100 -> 1062.931 | S105: =I105*1/100 -> 70.862069 | T105: 500
A106: KHI/HO/D/MO/MC COMP/P/94604/08/2024 | C106: GR Suzuki | D106: 45509 | E106: 45874 | F106: MAJID MUSHTAQ | G106: SUZUKI-GD-110S | H106: =K106 -> 8800 | I106: =L106 -> 7086.2069 | J106: 0.025 | K106: =Q106*J106 -> 8800 | L106: =K106/116%-T106 -> 7086.2069 | N106: 144416 | O106: 45509 | P106: MOTORCYCLE COMPREHENSIVE | Q106: 352000 | R106: =I106*15/100 -> 1062.931 | S106: =I106*1/100 -> 70.862069 | T106: 500
A107: KHI/HO/D/MO/MC COMP/P/94618/08/2024 | C107: WR Suzuki | D107: 45509 | E107: 45874 | F107: M Bilal Asghar Ch | G107: SUZUKI-GR150 EURO II | H107: =K107 -> 13675 | I107: =L107 -> 11288.793 | J107: 0.025 | K107: =Q107*J107 -> 13675 | L107: =K107/116%-T107 -> 11288.793 | N107: 113355 | O107: 45509 | P107: MOTORCYCLE COMPREHENSIVE | Q107: 547000 | R107: =I107*15/100 -> 1693.319 | S107: =I107*1/100 -> 112.88793 | T107: 500
A108: KHI/HO/D/MO/MC COMP/P/94623/08/2024 | C108: WR Suzuki | D108: 45509 | E108: 45874 | F108: Bilal Waheed Qureshi | G108: SUZUKI-GSX 125 | H108: =K108 -> 12475 | I108: =L108 -> 10254.31 | J108: 0.025 | K108: =Q108*J108 -> 12475 | L108: =K108/116%-T108 -> 10254.31 | N108: 231088517 | O108: 45509 | P108: MOTORCYCLE COMPREHENSIVE | Q108: 499000 | R108: =I108*15/100 -> 1538.1466 | S108: =I108*1/100 -> 102.5431 | T108: 500
A109: KHI/HO/D/MO/MC COMP/P/94625/08/2024 | C109: SG Suzuki | D109: 45509 | E109: 45874 | F109: TAZEEN ANJUM | G109: SUZUKI-GS 150 | H109: =K109 -> 9550 | I109: =L109 -> 7732.7586 | J109: 0.025 | K109: =Q109*J109 -> 9550 | L109: =K109/116%-T109 -> 7732.7586 | N109: 30092284 | O109: 45509 | P109: MOTORCYCLE COMPREHENSIVE | Q109: 382000 | R109: =I109*15/100 -> 1159.9138 | S109: =I109*1/100 -> 77.327586 | T109: 500
A110: KHI/HO/D/MO/MC COMP/P/94627/08/2024 | C110: WR Suzuki | D110: 45509 | E110: 45874 | F110: Fuzail Zafar | G110: SUZUKI-GD-110S | H110: =K110 -> 8800 | I110: =L110 -> 7086.2069 | J110: 0.025 | K110: =Q110*J110 -> 8800 | L110: =K110/116%-T110 -> 7086.2069 | N110: 143727 | O110: 45509 | P110: MOTORCYCLE COMPREHENSIVE | Q110: 352000 | R110: =I110*15/100 -> 1062.931 | S110: =I110*1/100 -> 70.862069 | T110: 500
A111: KHI/HO/D/MO/MC COMP/P/94628/08/2024 | C111: SG Suzuki | D111: 45509 | E111: 45874 | F111: ZIA UR REHMAN | G111: SUZUKI-GD-110S | H111: =K111 -> 8800 | I111: =L111 -> 7086.2069 | J111: 0.025 | K111: =Q111*J111 -> 8800 | L111: =K111/116%-T111 -> 7086.2069 | N111: 145981 | O111: 45509 | P111: MOTORCYCLE COMPREHENSIVE | Q111: 352000 | R111: =I111*15/100 -> 1062.931 | S111: =I111*1/100 -> 70.862069 | T111: 500
A112: KHI/HO/D/MO/MC COMP/P/94629/08/2024 | C112: WR Suzuki | D112: 45509 | E112: 45874 | F112: M Riaz Shahid | G112: SUZUKI-GS-150 | H112: =K112 -> 9550 | I112: =L112 -> 7732.7586 | J112: 0.025 | K112: =Q112*J112 -> 9550 | L112: =K112/116%-T112 -> 7732.7586 | N112: 30092210 | O112: 45509 | P112: MOTORCYCLE COMPREHENSIVE | Q112: 382000 | R112: =I112*15/100 -> 1159.9138 | S112: =I112*1/100 -> 77.327586 | T112: 500
A113: KHI/HO/D/MO/MC COMP/P/94631/08/2024 | C113: SG Suzuki | D113: 45509 | E113: 45874 | F113: MUHAMMAD YOUSAF JAMIL | G113: SUZUKI-GR150 EURO II | H113: =K113 -> 13675 | I113: =L113 -> 11288.793 | J113: 0.025 | K113: =Q113*J113 -> 13675 | L113: =K113/116%-T113 -> 11288.793 | N113: 113411 | O113: 45509 | P113: MOTORCYCLE COMPREHENSIVE | Q113: 547000 | R113: =I113*15/100 -> 1693.319 | S113: =I113*1/100 -> 112.88793 | T113: 500
A114: KHI/HO/D/MO/MC COMP/P/94633/08/2024 | C114: SG Suzuki | D114: 45509 | E114: 45874 | F114: MARGHOOB AHMAD ZIA | G114: SUZUKI-GS-150 | H114: =K114 -> 9550 | I114: =L114 -> 7732.7586 | J114: 0.025 | K114: =Q114*J114 -> 9550 | L114: =K114/116%-T114 -> 7732.7586 | N114: 30092235 | O114: 45509 | P114: MOTORCYCLE COMPREHENSIVE | Q114: 382000 | R114: =I114*15/100 -> 1159.9138 | S114: =I114*1/100 -> 77.327586 | T114: 500
A115: KHI/HO/D/MO/MC COMP/P/94634/08/2024 | C115: TR Suzuki | D115: 45509 | E115: 45874 | F115: FARHAD AHMED SHAIKH | G115: SUZUKI-GD-110S | H115: =K115 -> 14960 | I115: =L115 -> 12396.552 | J115: 0.0425 | K115: =Q115*J115 -> 14960 | L115: =K115/116%-T115 -> 12396.552 | M115: =K115-H115 -> 0 | N115: 146520 | O115: 45509 | P115: MOTORCYCLE COMPREHENSIVE | Q115: 352000 | R115: =I115*15/100 -> 1859.4828 | S115: =I115*1/100 -> 123.96552 | T115: 500
A116: KHI/HO/D/MO/MC COMP/P/94636/08/2024 | C116: SG Suzuki | D116: 45509 | E116: 45874 | F116: NASEEM AKRAM | G116: SUZUKI-GR150 EURO II | H116: =K116 -> 13675 | I116: =L116 -> 11288.793 | J116: 0.025 | K116: =Q116*J116 -> 13675 | L116: =K116/116%-T116 -> 11288.793 | N116: 113407 | O116: 45509 | P116: MOTORCYCLE COMPREHENSIVE | Q116: 547000 | R116: =I116*15/100 -> 1693.319 | S116: =I116*1/100 -> 112.88793 | T116: 500
A117: KHI/HO/D/MO/MC COMP/P/94638/08/2024 | C117: SG Suzuki | D117: 45509 | E117: 45874 | F117: BURAQ AHMADHOUSE NO 93-A-LDA ZREA | G117: SUZUKI-GS 150 | H117: =K117 -> 9550 | I117: =L117 -> 7732.7586 | J117: 0.025 | K117: =Q117*J117 -> 9550 | L117: =K117/116%-T117 -> 7732.7586 | N117: 30092292 | O117: 45509 | P117: MOTORCYCLE COMPREHENSIVE | Q117: 382000 | R117: =I117*15/100 -> 1159.9138 | S117: =I117*1/100 -> 77.327586 | T117: 500
A118: KHI/HO/D/MO/MC COMP/P/94641/08/2024 | C118: SG Suzuki | D118: 45509 | E118: 45874 | F118: BURAQ AHMAD | G118: SUZUKI-GS 150 | H118: =K118 -> 9550 | I118: =L118 -> 7732.7586 | J118: 0.025 | K118: =Q118*J118 -> 9550 | L118: =K118/116%-T118 -> 7732.7586 | N118: 30092292 | O118: 45509 | P118: MOTORCYCLE COMPREHENSIVE | Q118: 382000 | R118: =I118*15/100 -> 1159.9138 | S118: =I118*1/100 -> 77.327586 | T118: 500
...

Sheet Sheet2
A1: Policy # | B1: PREM
A2: KHI/HO/D/MO/MC COMP/P/94363/08/2024 | B2: 23247.5
A3: KHI/HO/D/MO/MC COMP/P/94364/08/2024 | B3: 23247.5
A4: KHI/HO/D/MO/MC COMP/P/94373/08/2024 | B4: 23247.5
A5: KHI/HO/D/MO/MC COMP/P/94374/08/2024 | B5: 23247.5
A6: KHI/HO/D/MO/MC COMP/P/94375/08/2024 | B6: 23247.5
A7: KHI/HO/D/MO/MC COMP/P/94379/08/2024 | B7: 21207.5
A8: KHI/HO/D/MO/MC COMP/P/94380/08/2024 | B8: 21207.5
A9: KHI/HO/D/MO/MC COMP/P/94382/08/2024 | B9: 16235
A10: KHI/HO/D/MO/MC COMP/P/94383/08/2024 | B10: 16235
A11: KHI/HO/D/MO/MC COMP/P/94385/08/2024 | B11: 16235
A12: KHI/HO/D/MO/MC COMP/P/94386/08/2024 | B12: 16235
A13: KHI/HO/D/MO/MC COMP/P/94388/08/2024 | B13: 16235
... A1017: KHI/HO/D/MO/MC COMP/P/96533/08/2024 | B1017: 16235
B1018: =SUM(B2:B1017) -> 14053879

Sheet working
A1: POLICY NO. | B1: Assorted_code | D1: Premium | E1: 22Oct240201
A2: KHI/HO/D/MO/MC COMP/P/94363/08/2024 | B2: =VLOOKUP(A2,policy!B:C,2,0) -> 040000180429 | C2: 23247.5 | D2: 23247.5 | E2: 22Oct240201 | F2: ="insert into ins_premium_det (premium_rcv_code,assorted_code, rec_amount,premium_rcv_detail_code,remaining_amt, payrec, mode_code,coinsurance_code,class_cd,it_remarks) values" -> insert into ins_premium_det (premium_rcv_code,assorted_code, rec_amount,premium_rcv_detail_code,remaining_amt, payrec, mode_code,coinsurance_code,class_cd,it_remarks) values | G2: ="('"&E2&"','"&B2&"','"&D2&"',(select max(to_number(i.premium_rcv_detail_code))+1 from ins_premium_det i),'"&D2&"','"&D2&"','02', '11000003','00','Request by Mr. Omair Ali 22-Oct-2024 allocation 22Oct240201');" -> ('22Oct240201','040000180429','23247.5',(select max(to_number(i.premium_rcv_detail_code))+1 from ins_premium_det i),'23247.5','23247.5','02', '11000003','00','Request by Mr. Omair Ali 22-Oct-2024 allocation 22Oct240201'); | H2: =F2&G2 -> insert into ins_premium_det (premium_rcv_code,assorted_code, rec_amount,premium_rcv_detail_code,remaining_amt, payrec, mode_code,coinsurance_code,class_cd,it_remarks) values('22Oct240201','040000180429','23247.5',(select max(to_number(i.premium_rcv_detail_code))+1 from ins_premium_det i),'23247.5','23247.5','02', '11000003','00','Request by Mr. Omair Ali 22-Oct-2024 allocation 22Oct240201');
A3: KHI/HO/D/MO/MC COMP/P/94364/08/2024 | B3: =VLOOKUP(A3,policy!B:C,2,0) -> 040000180430 | C3: 23247.5 | D3: 23247.5 | E3: 22Oct240201 | F3: ="insert into ins_premium_det (premium_rcv_code,assorted_code, rec_amount,premium_rcv_detail_code,remaining_amt, payrec, mode_code,coinsurance_code,class_cd,it_remarks) values" -> insert into ins_premium_det (premium_rcv_code,assorted_code, rec_amount,premium_rcv_detail_code,remaining_amt, payrec, mode_code,coinsurance_code,class_cd,it_remarks) values | G3: ="('"&E3&"','"&B3&"','"&D3&"',(select max(to_number(i.premium_rcv_detail_code))+1 from ins_premium_det i),'"&D3&"','"&D3&"','02', '11000003','00','Request by Mr. Omair Ali 22-Oct-2024 allocation 22Oct240201');" -> ('22Oct240201','040000180430','23247.5',(select max(to_number(i.premium_rcv_detail_code))+1 from ins_premium_det i),'23247.5','23247.5','02', '11000003','00','Request by Mr. Omair Ali 22-Oct-2024 allocation 22Oct240201'); | H3: =F3&G3 -> insert into ins_premium_det (premium_rcv_code,assorted_code, rec_amount,premium_rcv_detail_code,remaining_amt, payrec, mode_code,coinsurance_code,class_cd,it_remarks) values('22Oct240201','040000180430','23247.5',(select max(to_number(i.premium_rcv_detail_code))+1 from ins_premium_det i),'23247.5','23247.5','02', '11000003','00','Request by Mr. Omair Ali 22-Oct-2024 allocation 22Oct240201');
A4: KHI/HO/D/MO/MC COMP/P/94373/08/2024 | B4: =VLOOKUP(A4,policy!B:C,2,0) -> 040000180441 | C4: 23247.5 | D4: 23247.5 | E4: 22Oct240201 | F4: ="insert into ins_premium_det (premium_rcv_code,assorted_code, rec_amount,premium_rcv_detail_code,remaining_amt, payrec, mode_code,coinsurance_code,class_cd,it_remarks) values" -> insert into ins_premium_det (premium_rcv_code,assorted_code, rec_amount,premium_rcv_detail_code,remaining_amt, payrec, mode_code,coinsurance_code,class_cd,it_remarks) values | G4: ="('"&E4&"','"&B4&"','"&D4&"',(select max(to_number(i.premium_rcv_detail_code))+1 from ins_premium_det i),'"&D4&"','"&D4&"','02', '11000003','00','Request by Mr. Omair Ali 22-Oct-2024 allocation 22Oct240201');" -> ('22Oct240201','040000180441','23247.5',(select max(to_number(i.premium_rcv_detail_code))+1 from ins_premium_det i),'23247.5','23247.5','02', '11000003','00','Request by Mr. Omair Ali 22-Oct-2024 allocation 22Oct240201'); | H4: =F4&G4 -> insert into ins_premium_det (premium_rcv_code,assorted_code, rec_amount,premium_rcv_detail_code,remaining_amt, payrec, mode_code,coinsurance_code,class_cd,it_remarks) values('22Oct240201','040000180441','23247.5',(select max(to_number(i.premium_rcv_detail_code))+1 from ins_premium_det i),'23247.5','23247.5','02', '11000003','00','Request by Mr. Omair Ali 22-Oct-2024 allocation 22Oct240201');
A5: KHI/HO/D/MO/MC COMP/P/94374/08/2024 | B5: =VLOOKUP(A5,policy!B:C,2,0) -> 040000180443 | C5: 23247.5 | D5: 23247.5 | E5: 22Oct240201 | F5: ="insert into ins_premium_det (premium_rcv_code,assorted_code, rec_amount,premium_rcv_detail_code,remaining_amt, payrec, mode_code,coinsurance_code,class_cd,it_remarks) values" -> insert into ins_premium_det (premium_rcv_code,assorted_code, rec_amount,premium_rcv_detail_code,remaining_amt, payrec, mode_code,coinsurance_code,class_cd,it_remarks) values | G5: ="('"&E5&"','"&B5&"','"&D5&"',(select max(to_number(i.premium_rcv_detail_code))+1 from ins_premium_det i),'"&D5&"','"&D5&"','02', '11000003','00','Request by Mr. Omair Ali 22-Oct-2024 allocation 22Oct240201');" -> ('22Oct240201','040000180443','23247.5',(select max(to_number(i.premium_rcv_detail_code))+1 from ins_premium_det i),'23247.5','23247.5','02', '11000003','00','Request by Mr. Omair Ali 22-Oct-2024 allocation 22Oct240201'); | H5: =F5&G5 -> insert into ins_premium_det (premium_rcv_code,assorted_code, rec_amount,premium_rcv_detail_code,remaining_amt, payrec, mode_code,coinsurance_code,class_cd,it_remarks) values('22Oct240201','040000180443','23247.5',(select max(to_number(i.premium_rcv_detail_code))+1 from ins_premium_det i),'23247.5','23247.5','02', '11000003','00','Request by Mr. Omair Ali 22-Oct-2024 allocation 22Oct240201');
A6: KHI/HO/D/MO/MC COMP/P/94375/08/2024 | B6: =VLOOKUP(A6,policy!B:C,2,0) -> 040000180444 | C6: 23247.5 | D6: 23247.5 | E6: 22Oct240201 | F6: ="insert into ins_premium_det (premium_rcv_code,assorted_code, rec_amount,premium_rcv_detail_code,remaining_amt, payrec, mode_code,coinsurance_code,class_cd,it_remarks) values" -> insert into ins_premium_det (premium_rcv_code,assorted_code, rec_amount,premium_rcv_detail_code,remaining_amt, payrec, mode_code,coinsurance_code,class_cd,it_remarks) values | G6: ="('"&E6&"','"&B6&"','"&D6&"',(select max(to_number(i.premium_rcv_detail_code))+1 from ins_premium_det i),'"&D6&"','"&D6&"','02', '11000003','00','Request by Mr. Omair Ali 22-Oct-2024 allocation 22Oct240201');" -> ('22Oct240201','040000180444','23247.5',(select max(to_number(i.premium_rcv_detail_code))+1 from ins_premium_det i),'23247.5','23247.5','02', '11000003','00','Request by Mr. Omair Ali 22-Oct-2024 allocation 22Oct240201'); | H6: =F6&G6 -> insert into ins_premium_det (premium_rcv_code,assorted_code, rec_amount,premium_rcv_detail_code,remaining_amt, payrec, mode_code,coinsurance_code,class_cd,it_remarks) values('22Oct240201','040000180444','23247.5',(select max(to_number(i.premium_rcv_detail_code))+1 from ins_premium_det i),'23247.5','23247.5','02', '11000003','00','Request by Mr. Omair Ali 22-Oct-2024 allocation 22Oct240201');
A7: KHI/HO/D/MO/MC COMP/P/94379/08/2024 | B7: =VLOOKUP(A7,policy!B:C,2,0) -> 040000180448 | C7: 21207.5 | D7: 21207.5 | E7: 22Oct240201 | F7: ="insert into ins_premium_det (premium_rcv_code,assorted_code, rec_amount,premium_rcv_detail_code,remaining_amt, payrec, mode_code,coinsurance_code,class_cd,it_remarks) values" -> insert into ins_premium_det (premium_rcv_code,assorted_code, rec_amount,premium_rcv_detail_code,remaining_amt, payrec, mode_code,coinsurance_code,class_cd,it_remarks) values | G7: ="('"&E7&"','"&B7&"','"&D7&"',(select max(to_number(i.premium_rcv_detail_code))+1 from ins_premium_det i),'"&D7&"','"&D7&"','02', '11000003','00','Request by Mr. Omair Ali 22-Oct-2024 allocation 22Oct240201');" -> ('22Oct240201','040000180448','21207.5',(select max(to_number(i.premium_rcv_detail_code))+1 from ins_premium_det i),'21207.5','21207.5','02', '11000003','00','Request by Mr. Omair Ali 22-Oct-2024 allocation 22Oct240201'); | H7: =F7&G7 -> insert into ins_premium_det (premium_rcv_code,assorted_code, rec_amount,premium_rcv_detail_code,remaining_amt, payrec, mode_code,coinsurance_code,class_cd,it_remarks) values('22Oct240201','040000180448','21207.5',(select max(to_number(i.premium_rcv_detail_code))+1 from ins_premium_det i),'21207.5','21207.5','02', '11000003','00','Request by Mr. Omair Ali 22-Oct-2024 allocation 22Oct240201');
A8: KHI/HO/D/MO/MC COMP/P/94380/08/2024 | B8: =VLOOKUP(A8,policy!B:C,2,0) -> 040000180449 | C8: 21207.5 | D8: 21207.5 | E8: 22Oct240201 | F8: ="insert into ins_premium_det (premium_rcv_code,assorted_code, rec_amount,premium_rcv_detail_code,remaining_amt, payrec, mode_code,coinsurance_code,class_cd,it_remarks) values" -> insert into ins_premium_det (premium_rcv_code,assorted_code, rec_amount,premium_rcv_detail_code,remaining_amt, payrec, mode_code,coinsurance_code,class_cd,it_remarks) values | G8: ="('"&E8&"','"&B8&"','"&D8&"',(select max(to_number(i.premium_rcv_detail_code))+1 from ins_premium_det i),'"&D8&"','"&D8&"','02', '11000003','00','Request by Mr. Omair Ali 22-Oct-2024 allocation 22Oct240201');" -> ('22Oct240201','040000180449','21207.5',(select max(to_number(i.premium_rcv_detail_code))+1 from ins_premium_det i),'21207.5','21207.5','02', '11000003','00','Request by Mr. Omair Ali 22-Oct-2024 allocation 22Oct240201'); | H8: =F8&G8 -> insert into ins_premium_det (premium_rcv_code,assorted_code, rec_amount,premium_rcv_detail_code,remaining_amt, payrec, mode_code,coinsurance_code,class_cd,it_remarks) values('22Oct240201','040000180449','21207.5',(select max(to_number(i.premium_rcv_detail_code))+1 from ins_premium_det i),'21207.5','21207.5','02', '11000003','00','Request by Mr. Omair Ali 22-Oct-2024 allocation 22Oct240201');
A9: KHI/HO/D/MO/MC COMP/P/94382/08/2024 | B9: =VLOOKUP(A9,policy!B:C,2,0) -> 040000180451 | C9: 16235 | D9: 16235 | E9: 22Oct240201 | F9: ="insert into ins_premium_det (premium_rcv_code,assorted_code, rec_amount,premium_rcv_detail_code,remaining_amt, payrec, mode_code,coinsurance_code,class_cd,it_remarks) values" -> insert into ins_premium_det (premium_rcv_code,assorted_code, rec_amount,premium_rcv_detail_code,remaining_amt, payrec, mode_code,coinsurance_code,class_cd,it_remarks) values | G9: ="('"&E9&"','"&B9&"','"&D9&"',(select max(to_number(i.premium_rcv_detail_code))+1 from ins_premium_det i),'"&D9&"','"&D9&"','02', '11000003','00','Request by Mr. Omair Ali 22-Oct-2024 allocation 22Oct240201');" -> ('22Oct240201','040000180451','16235',(select max(to_number(i.premium_rcv_detail_code))+1 from ins_premium_det i),'16235','16235','02', '11000003','00','Request by Mr. Omair Ali 22-Oct-2024 allocation 22Oct240201'); | H9: =F9&G9 -> insert into ins_premium_det (premium_rcv_code,assorted_code, rec_amount,premium_rcv_detail_code,remaining_amt, payrec, mode_code,coinsurance_code,class_cd,it_remarks) values('22Oct240201','040000180451','16235',(select max(to_number(i.premium_rcv_detail_code))+1 from ins_premium_det i),'16235','16235','02', '11000003','00','Request by Mr. Omair Ali 22-Oct-2024 allocation 22Oct240201');
A10: KHI/HO/D/MO/MC COMP/P/94383/08/2024 | B10: =VLOOKUP(A10,policy!B:C,2,0) -> 040000180452 | C10: 16235 | D10: 16235 | E10: 22Oct240201 | F10: ="insert into ins_premium_det (premium_rcv_code,assorted_code, rec_amount,premium_rcv_detail_code,remaining_amt, payrec, mode_code,coinsurance_code,class_cd,it_remarks) values" -> insert into ins_premium_det (premium_rcv_code,assorted_code, rec_amount,premium_rcv_detail_code,remaining_amt, payrec, mode_code,coinsurance_code,class_cd,it_remarks) values | G10: ="('"&E10&"','"&B10&"','"&D10&"',(select max(to_number(i.premium_rcv_detail_code))+1 from ins_premium_det i),'"&D10&"','"&D10&"','02', '11000003','00','Request by Mr. Omair Ali 22-Oct-2024 allocation 22Oct240201');" -> ('22Oct240201','040000180452','16235',(select max(to_number(i.premium_rcv_detail_code))+1 from ins_premium_det i),'16235','16235','02', '11000003','00','Request by Mr. Omair Ali 22-Oct-2024 allocation 22Oct240201'); | H10: =F10&G10 -> insert into ins_premium_det (premium_rcv_code,assorted_code, rec_amount,premium_rcv_detail_code,remaining_amt, payrec, mode_code,coinsurance_code,class_cd,it_remarks) values('22Oct240201','040000180452','16235',(select max(to_number(i.premium_rcv_detail_code))+1 from ins_premium_det i),'16235','16235','02', '11000003','00','Request by Mr. Omair Ali 22-Oct-2024 allocation 22Oct240201');
A11: KHI/HO/D/MO/MC COMP/P/94385/08/2024 | B11: =VLOOKUP(A11,policy!B:C,2,0) -> 040000180454 | C11: 16235 | D11: 16235 | E11: 22Oct240201 | F11: ="insert into ins_premium_det (premium_rcv_code,assorted_code, rec_amount,premium_rcv_detail_code,remaining_amt, payrec, mode_code,coinsurance_code,class_cd,it_remarks) values" -> insert into ins_premium_det (premium_rcv_code,assorted_code, rec_amount,premium_rcv_detail_code,remaining_amt, payrec, mode_code,coinsurance_code,class_cd,it_remarks) values | G11: ="('"&E11&"','"&B11&"','"&D11&"',(select max(to_number(i.premium_rcv_detail_code))+1 from ins_premium_det i),'"&D11&"','"&D11&"','02', '11000003','00','Request by Mr. Omair Ali 22-Oct-2024 allocation 22Oct240201');" -> ('22Oct240201','040000180454','16235',(select max(to_number(i.premium_rcv_detail_code))+1 from ins_premium_det i),'16235','16235','02', '11000003','00','Request by Mr. Omair Ali 22-Oct-2024 allocation 22Oct240201'); | H11: =F11&G11 -> insert into ins_premium_det (premium_rcv_code,assorted_code, rec_amount,premium_rcv_detail_code,remaining_amt, payrec, mode_code,coinsurance_code,class_cd,it_remarks) values('22Oct240201','040000180454','16235',(select max(to_number(i.premium_rcv_detail_code))+1 from ins_premium_det i),'16235','16235','02', '11000003','00','Request by Mr. Omair Ali 22-Oct-2024 allocation 22Oct240201');
A12: KHI/HO/D/MO/MC COMP/P/94386/08/2024 | B12: =VLOOKUP(A12,policy!B:C,2,0) -> 040000180455 | C12: 16235 | D12: 16235 | E12: 22Oct240201 | F12: ="insert into ins_premium_det (premium_rcv_code,assorted_code, rec_amount,premium_rcv_detail_code,remaining_amt, payrec, mode_code,coinsurance_code,class_cd,it_remarks) values" -> insert into ins_premium_det (premium_rcv_code,assorted_code, rec_amount,premium_rcv_detail_code,remaining_amt, payrec, mode_code,coinsurance_code,class_cd,it_remarks) values | G12: ="('"&E12&"','"&B12&"','"&D12&"',(select max(to_number(i.premium_rcv_detail_code))+1 from ins_premium_det i),'"&D12&"','"&D12&"','02', '11000003','00','Request by Mr. Omair Ali 22-Oct-2024 allocation 22Oct240201');" -> ('22Oct240201','040000180455','16235',(select max(to_number(i.premium_rcv_detail_code))+1 from ins_premium_det i),'16235','16235','02', '11000003','00','Request by Mr. Omair Ali 22-Oct-2024 allocation 22Oct240201'); | H12: =F12&G12 -> insert into ins_premium_det (premium_rcv_code,assorted_code, rec_amount,premium_rcv_detail_code,remaining_amt, payrec, mode_code,coinsurance_code,class_cd,it_remarks) values('22Oct240201','040000180455','16235',(select max(to_number(i.premium_rcv_detail_code))+1 from ins_premium_det i),'16235','16235','02', '11000003','00','Request by Mr. Omair Ali 22-Oct-2024 allocation 22Oct240201');
A13: KHI/HO/D/MO/MC COMP/P/94388/08/2024 | B13: =VLOOKUP(A13,policy!B:C,2,0) -> 040000180457 | C13: 16235 | D13: 16235 | E13: 22Oct240201 | F13: ="insert into ins_premium_det (premium_rcv_code,assorted_code, rec_amount,premium_rcv_detail_code,remaining_amt, payrec, mode_code,coinsurance_code,class_cd,it_remarks) values" -> insert into ins_premium_det (premium_rcv_code,assorted_code, rec_amount,premium_rcv_detail_code,remaining_amt, payrec, mode_code,coinsurance_code,class_cd,it_remarks) values | G13: ="('"&E13&"','"&B13&"','"&D13&"',(select max(to_number(i.premium_rcv_detail_code))+1 from ins_premium_det i),'"&D13&"','"&D13&"','02', '11000003','00','Request by Mr. Omair Ali 22-Oct-2024 allocation 22Oct240201');" -> ('22Oct240201','040000180457','16235',(select max(to_number(i.premium_rcv_detail_code))+1 from ins_premium_det i),'16235','16235','02', '11000003','00','Request by Mr. Omair Ali 22-Oct-2024 allocation 22Oct240201'); | H13: =F13&G13 -> insert into ins_premium_det (premium_rcv_code,assorted_code, rec_amount,premium_rcv_detail_code,remaining_amt, payrec, mode_code,coinsurance_code,class_cd,it_remarks) values('22Oct240201','040000180457','16235',(select max(to_number(i.premium_rcv_detail_code))+1 from ins_premium_det i),'16235','16235','02', '11000003','00','Request by Mr. Omair Ali 22-Oct-2024 allocation 22Oct240201');
... A1017: KHI/HO/D/MO/MC COMP/P/96533/08/2024 | B1017: =VLOOKUP(A1017,policy!B:C,2,0) -> 040000183070 | C1017: 16235 | D1017: 16235 | E1017: 22Oct240201 | F1017: ="insert into ins_premium_det (premium_rcv_code,assorted_code, rec_amount,premium_rcv_detail_code,remaining_amt, payrec, mode_code,coinsurance_code,class_cd,it_remarks) values" -> insert into ins_premium_det (premium_rcv_code,assorted_code, rec_amount,premium_rcv_detail_code,remaining_amt, payrec, mode_code,coinsurance_code,class_cd,it_remarks) values | G1017: ="('"&E1017&"','"&B1017&"','"&D1017&"',(select max(to_number(i.premium_rcv_detail_code))+1 from ins_premium_det i),'"&D1017&"','"&D1017&"','02', '11000003','00','Request by Mr. Omair Ali 22-Oct-2024 allocation 22Oct240201');" -> ('22Oct240201','040000183070','16235',(select max(to_number(i.premium_rcv_detail_code))+1 from ins_premium_det i),'16235','16235','02', '11000003','00','Request by Mr. Omair Ali 22-Oct-2024 allocation 22Oct240201'); | H1017: =F1017&G1017 -> insert into ins_premium_det (premium_rcv_code,assorted_code, rec_amount,premium_rcv_detail_code,remaining_amt, payrec, mode_code,coinsurance_code,class_cd,it_remarks) values('22Oct240201','040000183070','16235',(select max(to_number(i.premium_rcv_detail_code))+1 from ins_premium_det i),'16235','16235','02', '11000003','00','Request by Mr. Omair Ali 22-Oct-2024 allocation 22Oct240201');
C1019: =SUM(C2:C1017) -> 14053879 | D1019: =SUM(D2:D1017) -> 14053879 | E1019: =D1019-C1019 -> 0

Sheet Sheet4
A1: KHI/HO/D/MO/MC COMP/P/94363/08/2024 | B1: -08-2024 | D1: 94363 | E1: ="ia.assorted_string like '%"&D1&B1&"%' or" -> ia.assorted_string like '%94363-08-2024%' or
A2: KHI/HO/D/MO/MC COMP/P/94364/08/2024 | B2: -08-2024 | D2: 94364 | E2: ="ia.assorted_string like '%"&D2&B2&"%' or" -> ia.assorted_string like '%94364-08-2024%' or
A3: KHI/HO/D/MO/MC COMP/P/94373/08/2024 | B3: -08-2024 | D3: 94373 | E3: ="ia.assorted_string like '%"&D3&B3&"%' or" -> ia.assorted_string like '%94373-08-2024%' or
A4: KHI/HO/D/MO/MC COMP/P/94374/08/2024 | B4: -08-2024 | D4: 94374 | E4: ="ia.assorted_string like '%"&D4&B4&"%' or" -> ia.assorted_string like '%94374-08-2024%' or
A5: KHI/HO/D/MO/MC COMP/P/94375/08/2024 | B5: -08-2024 | D5: 94375 | E5: ="ia.assorted_string like '%"&D5&B5&"%' or" -> ia.assorted_string like '%94375-08-2024%' or
A6: KHI/HO/D/MO/MC COMP/P/94379/08/2024 | B6: -08-2024 | D6: 94379 | E6: ="ia.assorted_string like '%"&D6&B6&"%' or" -> ia.assorted_string like '%94379-08-2024%' or
A7: KHI/HO/D/MO/MC COMP/P/94380/08/2024 | B7: -08-2024 | D7: 94380 | E7: ="ia.assorted_string like '%"&D7&B7&"%' or" -> ia.assorted_string like '%94380-08-2024%' or
A8: KHI/HO/D/MO/MC COMP/P/94382/08/2024 | B8: -08-2024 | D8: 94382 | E8: ="ia.assorted_string like '%"&D8&B8&"%' or" -> ia.assorted_string like '%94382-08-2024%' or
A9: KHI/HO/D/MO/MC COMP/P/94383/08/2024 | B9: -08-2024 | D9: 94383 | E9: ="ia.assorted_string like '%"&D9&B9&"%' or" -> ia.assorted_string like '%94383-08-2024%' or
A10: KHI/HO/D/MO/MC COMP/P/94385/08/2024 | B10: -08-2024 | D10: 94385 | E10: ="ia.assorted_string like '%"&D10&B10&"%' or" -> ia.assorted_string like '%94385-08-2024%' or
A11: KHI/HO/D/MO/MC COMP/P/94386/08/2024 | B11: -08-2024 | D11: 94386 | E11: ="ia.assorted_string like '%"&D11&B11&"%' or" -> ia.assorted_string like '%94386-08-2024%' or
A12: KHI/HO/D/MO/MC COMP/P/94388/08/2024 | B12: -08-2024 | D12: 94388 | E12: ="ia.assorted_string like '%"&D12&B12&"%' or" -> ia.assorted_string like '%94388-08-2024%' or
... A1016: KHI/HO/D/MO/MC COMP/P/96533/08/2024 | B1016: -08-2024 | D1016: 96533 | E1016: ="ia.assorted_string like '%"&D1016&B1016&"%' or" -> ia.assorted_string like '%96533-08-2024%' or

Sheet policy
B1: FUNC_ASSORTED_STRING(IA.ASSORTED_CODE) | C1: ASSORTED_CODE
A2: 1 | B2: KHI/HO/D/MO/MC COMP/P/95109/08/2024 | C2: 040000181347
A3: 2 | B3: KHI/HO/D/MO/MC COMP/P/95110/08/2024 | C3: 040000181348
A4: 3 | B4: KHI/HO/D/MO/MC COMP/P/95117/08/2024 | C4: 040000181356
A5: 4 | B5: KHI/HO/D/MO/MC COMP/P/95118/08/2024 | C5: 040000181357
A6: 5 | B6: KHI/HO/D/MO/MC COMP/P/95120/08/2024 | C6: 040000181359
A7: 6 | B7: KHI/HO/D/MO/MC COMP/P/95121/08/2024 | C7: 040000181360
A8: 7 | B8: KHI/HO/D/MO/MC COMP/P/95122/08/2024 | C8: 040000181361
A9: 8 | B9: KHI/HO/D/MO/MC COMP/P/95123/08/2024 | C9: 040000181362
A10: 9 | B10: KHI/HO/D/MO/MC COMP/P/95128/08/2024 | C10: 040000181368
A11: 10 | B11: KHI/HO/D/MO/MC COMP/P/95130/08/2024 | C11: 040000181371
A12: 11 | B12: KHI/HO/D/MO/MC COMP/P/95124/08/2024 | C12: 040000181363
A13: 12 | B13: KHI/HO/D/MO/MC COMP/P/95125/08/2024 | C13: 040000181364
... A1022: 1021 | B1022: KHI/HO/D/MO/MC COMP/P/94861/08/2024 | C1022: 040000181031

Sheet Sheet1
F3: 0331-0365301
