Workbook

Sheet Fresh cases
A3: Fresh / Renewal | B3: Billing Month | C3: Takaful Company | D3: PMD # | E3: TRACKER_TYPE | F3: Start Date | G3: Expiry Date | H3: Make | I3: Model | J3: REGISTRATION_NUMBER | K3: ENGINE_NUMBER | L3: CHASIS_NUMBER | M3: Customer Name | N3: CNIC | O3: CIF+Deal+BR | P3: BRANCH_CODE | Q3: CLASS | R3: DEAL_DATE | S3: MATURITY_DATE | T3: New Sum cover | U3: Rate | V3: Gross Amount | W3: Tracker Amount | X3: Net Premium Amount | Y3: Remarks | Z3: DEAL_STATUS | AA3: Product_Detail | AB3: Payment Date | AC3: Policy # | AD3: Tms Prem | AE3: Difference | AF3: Tagging
A4: Fresh | B4: 45595 | C4: Salaam Takaful | D4: KHI/HO/D/MO/PC COMP/C/99725/1/10/2024 | E4: - | F4: 45580 | G4: 45945 | H4: TOYOTA Corolla Cross 1.8 | I4: 2024 | J4: ASZ-718 | K4: 9Z06965 | L4: ZVG10R0905851 | M4: M/S. Bankislami Pakistan Limited User M/S. Engi Plastic Industries Pvt Ltd | N4: 3520212256149 | O4: 69596-185-2116 | P4: 2116 | Q4: 573 | R4: 45582 | S4: 46675 | T4: 9081000 | U4: 0.015 | V4: 136215 | W4: 0 | X4: 136215 | Y4: Ready to pay | Z4: APPROVED | AA4: Consumer | AB4: 45596 | AC4: KHI/HO/D/MO/PC COMP/C/99725/1/10/2024 | AD4: 136215 | AE4: =X4-AD4 -> 0 | AF4: FRE
A5: Fresh | B5: 45595 | C5: Salaam Takaful | D5: KHI/HO/D/MO/PC COMP/C/100345/1/10/2024 | E5: ResQ | F5: 45589 | G5: 45954 | H5: CHANGAN ALSVIN | I5: 2024 | J5: ATK-103 | K5: JL473ZQ7RN8AT248821 | L5: NKMASE2E2E9R1000653 | M5: M/S. Bankislami Pakistan Limited User Mr. Asm Pharma | N5: 3520116709813 | O5: 28956-103-2045 | P5: 2045 | Q5: 573 | R5: 45594 | S5: 47416 | T5: 8899000 | U5: 0.015 | V5: 133485 | W5: 0 | X5: 133485 | Y5: Ready to pay | Z5: APPROVED | AA5: Consumer | AB5: 45596 | AC5: KHI/HO/D/MO/PC COMP/C/100345/1/10/2024 | AD5: 133485 | AE5: =X5-AD5 -> 0 | AF5: FRE
A6: Fresh | B6: 45595 | C6: Salam Takaful | D6: KHI/HO/D/MO/PC COMP/P/100177/10/2024 | E6: Waiver | F6: 45589 | G6: 45954 | H6: TOYOTA LAND CRUISER PRADO | I6: 2020 | J6: AQN-105 | K6: 2TR2176978 | L6: TRJ150-0105015 | M6: M/s. Bankislami (Pakistan) Limited User Mr, USMAN SHAHID (STAFF) | N6: 3520225986709 | O6: 455278-10864-1003 | P6: 1003 | Q6: 528 | R6: 45230 | S6: 47782 | T6: 29700000 | U6: 0.01 | V6: 297000 | W6: 0 | X6: 297000 | Y6: Renewal Case Add in Fresh Sheet | Z6: Paid Already | AA6: Staff | AB6: 45596
AD8: =SUBTOTAL(9,AD4:AD5) -> 269700

Sheet Renewal working
A2: Fresh / Renewal | B2: Renewal Month | C2: Takaful Company | D2: Policy # | E2: TRACKER_TYPE | F2: Takaful start Date | G2: Takaful End End | H2: Make | I2: Model | J2: Registration_Number | K2: Engine_Number | L2: Chassis_Number | M2: Customer Name | N2: CNIC | O2: CIF+Deal+Branch | P2: BRANCH_CODE | Q2: CLASS | R2: DEAL_DATE | S2: MATURITY_DATE | T2: Old Sum Covered | U2: Rate | V2: New Sum Covered | W2: Gross Premium | X2: Tracker Amount | Y2: Net Premium | Z2: Remarks | AA2: DEAL_STATUS | AB2: Category | AC2: Prepaid Date | AD2: Payment Date | AE2: Policy # | AF2: Tms Prem | AG2: Difference | AH2: Tagging
A3: 45566 | B3: Salaam Takaful | C3: KHI/HO/D/MO/PC COMP/C/76694/1/10/2023 | D3: By Bank | E3: 45569 | F3: 45934 | G3: SUZUKI CULTUS VXR EURO-II | H3: 2022 | I3: BAH-501 | J3: PK10K200656 | K3: NF1AVK31H10100878 | L3: M/S.Bankislami(Pakistan)Limited A/c.M/s.RoyalIrrigationSystem(Pvt)Ltd | M3: 91442 | N3: 67422-616-3018 | O3: 3018 | P3: 565 | Q3: 44845 | R3: 45935 | S3: 2478600 | T3: 0.0199 | U3: 2230740 | V3: 44391.726 | W3: 0 | X3: 44392 | Y3: Ok for Renewal | Z3: APPROVED | AA3: Consumer | AB3: After_24-Dec-2021 | AC3: 45596 | AE3: KHI/HO/D/MO/PC COMP/C/99922/2/10/2024 | AF3: 44392 | AG3: =X3-AF3 -> 0 | AH3: REN
A4: 45566 | B4: Salaam Takaful | C4: KHI/HO/D/MO/PC COMP/C/76694/10/10/2023 | D4: By Bank | E4: 45590 | F4: 45955 | G4: SUZUKI ALTO | H4: 2022 | I4: BXT-502 | J4: 6R251171 | K4: NF1AET306H1151169 | L4: M/S.Bankislami(Pakistan)Limited UserMr.HadiBux | M4: 4130749507595 | N4: 1116967-147-1098 | O4: 1098 | P4: 450 | Q4: 44860 | R4: 47416 | S4: 1697400 | T4: 0.0199 | U4: 1527660 | V4: 30400.434 | W4: 0 | X4: 30400 | Y4: Ok for Renewal | Z4: APPROVED | AA4: Consumer | AB4: After_24-Dec-2021 | AC4: 45596 | AE4: KHI/HO/D/MO/PC COMP/C/99922/3/10/2024 | AF4: 30400 | AG4: =X4-AF4 -> 0 | AH4: REN
A5: 45566 | B5: Salaam Takaful | C5: KHI/HO/D/MO/PC COMP/C/76694/101/10/2023 | D5: By Bank | E5: 45585 | F5: 45950 | G5: HONDA CITY 1.3 PT | H5: 2016 | I5: BHC-148 | J5: L13Z17454086 | K5: NFBGM1542GR196298 | L5: M/S.Bankislami(Pakistan)Limited UserMr.HaseebAliKhan | M5: 4210148376195 | N5: 3730018-230-1007 | O5: 1007 | P5: 450 | Q5: 44858 | R5: 45945 | S5: 1980000 | T5: 0.0199 | U5: 1782000 | V5: 35461.8 | W5: 0 | X5: 35462 | Y5: Ok for Renewal | Z5: APPROVED | AA5: Consumer | AB5: After_24-Dec-2021 | AC5: 45596 | AE5: KHI/HO/D/MO/PC COMP/C/99922/4/10/2024 | AF5: 35462 | AG5: =X5-AF5 -> 0 | AH5: REN
A6: 45566 | B6: Salaam Takaful | C6: KHI/HO/D/MO/PC COMP/C/76694/102/10/2023 | D6: By Bank | E6: 45585 | F6: 45950 | G6: HYUNDAI SONATA 6A/T SR DELUXE | H6: 2022 | I6: BAT-27 | J6: G4KMNA218686 | K6: PMHL341BMNN403149 | L6: M/S.Bankislami(Pakistan)Limited A/c.M/s.PlayRoxEntertainment | M6: 6110195234309 | N6: 1275573-282-3011 | O6: 3011 | P6: 565 | Q6: 44875 | R6: 46685 | S6: 7681500 | T6: 0.0199 | U6: 6913350 | V6: 137575.67 | W6: 0 | X6: 137576 | Y6: Ok for Renewal | Z6: APPROVED | AA6: Consumer | AB6: After_24-Dec-2021 | AC6: 45596 | AE6: KHI/HO/D/MO/PC COMP/C/99922/5/10/2024 | AF6: 137576 | AG6: =X6-AF6 -> 0 | AH6: REN
A7: 45566 | B7: Salaam Takaful | C7: KHI/HO/D/MO/PC COMP/C/76694/103/10/2023 | D7: By Bank | E7: 45588 | F7: 45953 | G7: KIA PICANTO 1.0L A/T | H7: 2020 | I7: BRU-211 | J7: G3LALP038504 | K7: NNATA52AZKP701810 | L7: M/S.Bankislami(Pakistan)Limited UserMr.MuhammadMoosaNaqvi | M7: 4210139306157 | N7: 3778567-116-1060 | O7: 1060 | P7: 450 | Q7: 44848 | R7: 46675 | S7: 2385000 | T7: 0.0199 | U7: 2146500 | V7: 42715.35 | W7: 0 | X7: 42715 | Y7: Ok for Renewal | Z7: APPROVED | AA7: Consumer | AB7: After_24-Dec-2021 | AC7: 45596 | AE7: KHI/HO/D/MO/PC COMP/C/99922/6/10/2024 | AF7: 42715 | AG7: =X7-AF7 -> 0 | AH7: REN
A8: 45566 | B8: Salaam Takaful | C8: KHI/HO/D/MO/PC COMP/C/76694/104/10/2023 | D8: By Bank | E8: 45588 | F8: 45953 | G8: SUZUKI ALTO VXR | H8: 2022 | I8: AMX-155 | J8: 6R252063 | K8: F1AET306H1152056 | L8: M/S.Bankislami(Pakistan)Limited UserMr.SyedHashimAliNaqvi | M8: 3520256589321 | N8: 3703496-249-2046 | O8: 2046 | P8: 477 | Q8: 44866 | R8: 46685 | S8: 1507500 | T8: 0.0199 | U8: 1356750 | V8: 26999.325 | W8: 0 | X8: 26999 | Y8: Ok for Renewal | Z8: APPROVED | AA8: Consumer | AB8: After_24-Dec-2021 | AC8: 45596 | AE8: KHI/HO/D/MO/PC COMP/C/99922/7/10/2024 | AF8: 26999 | AG8: =X8-AF8 -> 0 | AH8: REN
A9: 45566 | B9: Salaam Takaful | C9: KHI/HO/D/MO/PC COMP/C/76694/105/10/2023 | D9: By Bank | E9: 45588 | F9: 45953 | G9: SUZUKI CULTUS VXL | H9: 2021 | I9: ACP-495 | J9: PK10K170564 | K9: NF1AVK31H10070564 | L9: M/S.Bankislami(Pakistan)Limited UserMr.TahirMahmood | M9: 8220379487515 | N9: 3784637-168-2116 | O9: 2116 | P9: 450 | Q9: 44860 | R9: 46675 | S9: 2385000 | T9: 0.0199 | U9: 2146500 | V9: 42715.35 | W9: 0 | X9: 42715 | Y9: Ok for Renewal | Z9: APPROVED | AA9: Consumer | AB9: After_24-Dec-2021 | AC9: 45596 | AE9: KHI/HO/D/MO/PC COMP/C/99922/8/10/2024 | AF9: 42715 | AG9: =X9-AF9 -> 0 | AH9: REN
A10: 45566 | B10: Salaam Takaful | C10: KHI/HO/D/MO/PC COMP/C/76694/106/10/2023 | D10: By Bank | E10: 45588 | F10: 45953 | G10: SUZUKI ALTO VXR | H10: 2022 | I10: AKL-254 | J10: 6R232562 | K10: NF1AET306H1132453 | L10: M/S.Bankislami(Pakistan)Limited UserMr.Ayeshafahad | M10: 3520268030354 | N10: 3783428-376-2048 | O10: 2048 | P10: 450 | Q10: 44861 | R10: 46685 | S10: 1800000 | T10: 0.0199 | U10: 1620000 | V10: 32238 | W10: 0 | X10: 32238 | Y10: Ok for Renewal | Z10: APPROVED | AA10: Consumer | AB10: After_24-Dec-2021 | AC10: 45596 | AE10: KHI/HO/D/MO/PC COMP/C/99922/9/10/2024 | AF10: 32238 | AG10: =X10-AF10 -> 0 | AH10: REN
A11: 45566 | B11: Salaam Takaful | C11: KHI/HO/D/MO/PC COMP/C/76694/108/10/2023 | D11: By Bank | E11: 45569 | F11: 45934 | G11: SUZUKI ALTO VXR E-2 | H11: 2022 | I11: AZT-240 | J11: 6R241256 | K11: NF1AET306H1141240 | L11: M/S.Bankislami(Pakistan)Limited UserMr.SajidJaved | M11: 1210147572067 | N11: 950932-56-3100 | O11: 3100 | P11: 450 | Q11: 44838 | R11: 46665 | S11: 1800000 | T11: 0.0199 | U11: 1620000 | V11: 32238 | W11: 0 | X11: 32238 | Y11: Ok for Renewal | Z11: APPROVED | AA11: Consumer | AB11: After_24-Dec-2021 | AC11: 45596 | AE11: KHI/HO/D/MO/PC COMP/C/99922/10/10/2024 | AF11: 32238 | AG11: =X11-AF11 -> 0 | AH11: REN
A12: 45566 | B12: Salaam Takaful | C12: KHI/HO/D/MO/PC COMP/C/76694/109/10/2023 | D12: By Bank | E12: 45588 | F12: 45953 | G12: SUZUKI ALTO VXL AGS | H12: 2022 | I12: AMC-970 | J12: 6R252962 | K12: NF1AET306H1152960 | L12: M/S.Bankislami(Pakistan)Limited UserMr.MuhammadKaleem | M12: 3520251066623 | N12: 277226-375-2048 | O12: 2048 | P12: 450 | Q12: 44860 | R12: 45955 | S12: 1697400 | T12: 0.0199 | U12: 1527660 | V12: 30400.434 | W12: 0 | X12: 30400 | Y12: Ok for Renewal | Z12: APPROVED | AA12: Consumer | AB12: After_24-Dec-2021 | AC12: 45596 | AE12: KHI/HO/D/MO/PC COMP/C/99922/11/10/2024 | AF12: 30400 | AG12: =X12-AF12 -> 0 | AH12: REN
A13: 45566 | B13: Salaam Takaful | C13: KHI/HO/D/MO/PC COMP/C/76694/110/10/2023 | D13: By Bank | E13: 45589 | F13: 45954 | G13: CHANGAN KARVAAN PLUS | H13: 2019 | I13: CY-6413 | J13: JL466Q9K69U500270 | K13: NKMAAB3D1K1000294 | L13: M/S.Bankislami(Pakistan)Limited UserMr.TariqHussain | M13: 4230174320665 | N13: 993325-764-1080 | O13: 1080 | P13: 450 | Q13: 44860 | R13: 46675 | S13: 1530000 | T13: 0.0199 | U13: 1377000 | V13: 27402.3 | W13: 0 | X13: 27402 | Y13: Ok for Renewal | Z13: APPROVED | AA13: Consumer | AB13: After_24-Dec-2021 | AC13: 45596 | AE13: KHI/HO/D/MO/PC COMP/C/99922/12/10/2024 | AF13: 27402 | AG13: =X13-AF13 -> 0 | AH13: REN
A14: 45566 | B14: Salaam Takaful | C14: KHI/HO/D/MO/PC COMP/C/76694/112/10/2023 | D14: By Bank | E14: 45589 | F14: 45954 | G14: SUZUKI CULTUS | H14: 2016 | I14: BGT-541 | J14: PKF629736 | K14: SF410PK536588 | L14: M/S.Bankislami(Pakistan)Limited UserMr.ShaikhDanishZameer | M14: 4220104928565 | N14: 3787597-1000-1091 | O14: 1091 | P14: 477 | Q14: 44860 | R14: 46685 | S14: 1215000 | T14: 0.0199 | U14: 1093500 | V14: 21760.65 | W14: 0 | X14: 21761 | Y14: Ok for Renewal | Z14: APPROVED | AA14: Consumer | AB14: After_24-Dec-2021 | AC14: 45596 | AE14: KHI/HO/D/MO/PC COMP/C/99922/13/10/2024 | AF14: 21761 | AG14: =X14-AF14 -> 0 | AH14: REN
A15: 45566 | B15: Salaam Takaful | C15: KHI/HO/D/MO/PC COMP/C/76694/114/10/2023 | D15: By Bank | E15: 45589 | F15: 45954 | G15: SUZUKI ALTO | H15: 2022 | I15: BWB-377 | J15: 6R217693 | K15: NF1AET306H1117678 | L15: M/S.Bankislami(Pakistan)Limited UserMr.MuhammadHamzaMunawar | M15: 4210187487087 | N15: 3777069-121-1093 | O15: 1093 | P15: 477 | Q15: 44859 | R15: 46675 | S15: 2250000 | T15: 0.0199 | U15: 2025000 | V15: 40297.5 | W15: 0 | X15: 40298 | Y15: Ok for Renewal | Z15: APPROVED | AA15: Consumer | AB15: After_24-Dec-2021 | AC15: 45596 | AE15: KHI/HO/D/MO/PC COMP/C/99922/14/10/2024 | AF15: 40298 | AG15: =X15-AF15 -> 0 | AH15: REN
... A133: 45566 | B133: Salaam Takaful | C133: KHI/HO/D/MO/PC COMP/C/76694/273/10/2023 | D133: By Bank | E133: 45592 | F133: 45957 | G133: HONDA CIVIC VTI ORIEL PT | H133: 2016 | I133: LEB-16-8925 | J133: R18Z214046120 | K133: NFBFB266XFR129826 | L133: M/S.Bankislami(Pakistan)Limited User:MuhammadFaridAhmed | M133: 3520154011499 | N133: 3610239-2788-2002 | O133: 2002 | P133: 477 | Q133: 44508 | R133: 46331 | S133: 2042010 | T133: 0.0225 | U133: 1837809 | V133: 41350.702 | W133: 0 | X133: 41351 | Y133: Ok for Renewal | Z133: APPROVED | AA133: Consumer | AB133: Before_24-Dec-2021 | AC133: 45596 | AE133: KHI/HO/D/MO/PC COMP/C/99922/132/10/2024 | AF133: 41351 | AG133: =X133-AF133 -> 0 | AH133: REN
A134: 45566 | B134: Salaam Takaful | C134: KHI/HO/D/MO/PC COMP/C/76694/276/10/2023 | D134: By Bank | E134: 45592 | F134: 45957 | G134: TOYOTA COROLLA GLI M/T 1.3 | H134: 2015 | I134: BED-061 | J134: Z298561 | K134: NZE170R-4044956 | L134: M/S.Bankislami(Pakistan)Limited User:MuhammadShahidHussain | M134: 4250179431391 | N134: 106886-7913-1003 | O134: 1003 | P134: 459 | Q134: 44158 | R134: 46686 | S134: 1800000 | T134: 0.018 | U134: 1620000 | V134: 29160 | W134: 0 | X134: 29160 | Y134: Ok for Renewal | Z134: APPROVED | AA134: Staff | AB134: Before_24-Dec-2021 | AC134: 45596 | AE134: Policy still valid 30/11/2024 (Park in advance)
A135: 45566 | B135: Salaam Takaful | C135: KHI/HO/D/MO/PC COMP/C/76694/277/10/2023 | D135: By Bank | E135: 45592 | F135: 45957 | G135: HONDA CIVIC VTI ORIEL PT | H135: 2021 | I135: AFL-955 | J135: R18Z16926894 | K135: NFBFC666XMR079477 | L135: M/S.Bankislami(Pakistan)Limited User:BilalAhmad | M135: 3520227523661 | N135: 1415617-310-2048 | O135: 2048 | P135: 477 | Q135: 44501 | R135: 46331 | S135: 3249720 | T135: 0.0225 | U135: 2924748 | V135: 65806.83 | W135: 0 | X135: 65807 | Y135: Ok for Renewal | Z135: APPROVED | AA135: Consumer | AB135: Before_24-Dec-2021 | AC135: 45596 | AE135: KHI/HO/D/MO/PC COMP/C/99922/133/10/2024 | AF135: 65807 | AG135: =X135-AF135 -> 0 | AH135: REN
A136: 45566 | B136: Salaam Takaful | C136: KHI/HO/D/MO/PC COMP/C/76694/278/10/2023 | D136: By Bank | E136: 45592 | F136: 45957 | G136: SUZUKI ALTO VXL AGS E-2 | H136: 2021 | I136: AFK-797 | J136: 6R188116 | K136: NF1AET306H1088159 | L136: M/S.Bankislami(Pakistan)Limited User:MuhammadNoorSamand | M136: 3510113307815 | N136: 773800-140-2054 | O136: 2054 | P136: 450 | Q136: 44503 | R136: 46320 | S136: 1232010 | T136: 0.0225 | U136: 1108809 | V136: 24948.202 | W136: 0 | X136: 24948 | Y136: Ok for Renewal | Z136: APPROVED | AA136: Consumer | AB136: Before_24-Dec-2021 | AC136: 45596 | AE136: KHI/HO/D/MO/PC COMP/C/99922/134/10/2024 | AF136: 24948 | AG136: =X136-AF136 -> 0 | AH136: REN
A137: 45566 | B137: Salaam Takaful | C137: KHI/HO/D/MO/PC COMP/C/76694/28/10/2023 | D137: By Bank | E137: 45592 | F137: 45957 | G137: SUZUKI ALTO | H137: 2022 | I137: BXU-117 | J137: 6R252620 | K137: NF1AET306H1152628 | L137: M/S.Bankislami(Pakistan)Limited UserMs.ShaziaShahnaz | M137: 4210165959912 | N137: 745029-101-1099 | O137: 1099 | P137: 450 | Q137: 44862 | R137: 46696 | S137: 1697400 | T137: 0.0199 | U137: 1527660 | V137: 30400.434 | W137: 0 | X137: 30400 | Y137: Ok for Renewal | Z137: APPROVED | AA137: Consumer | AB137: After_24-Dec-2021 | AC137: 45596 | AE137: KHI/HO/D/MO/PC COMP/C/99922/135/10/2024 | AF137: 30400 | AG137: =X137-AF137 -> 0 | AH137: REN
A138: 45566 | B138: Salaam Takaful | C138: KHI/HO/D/MO/PC COMP/C/76694/280/10/2023 | D138: By Bank | E138: 45592 | F138: 45957 | G138: HONDA CITY 1.2 LS MT | H138: 2021 | I138: AFL-405 | J138: L12B51003850 | K138: NFBGN8626MR005061 | L138: M/S.Bankislami(Pakistan)Limited User:RanaBalawal | M138: 3520204160719 | N138: 3608330-2773-2002 | O138: 2002 | P138: 477 | Q138: 44498 | R138: 46331 | S138: 2272050 | T138: 0.0225 | U138: 2044845 | V138: 46009.012 | W138: 0 | X138: 46009 | Y138: Ok for Renewal | Z138: APPROVED | AA138: Consumer | AB138: Before_24-Dec-2021 | AC138: 45596 | AE138: KHI/HO/D/MO/PC COMP/C/99922/136/10/2024 | AF138: 46009 | AG138: =X138-AF138 -> 0 | AH138: REN
A139: 45566 | B139: Salaam Takaful | C139: KHI/HO/D/MO/PC COMP/C/76694/283/10/2023 | D139: By Bank | E139: 45592 | F139: 45957 | G139: SUZUKI WAGON-R VXL E2 | H139: 2021 | I139: AFK-944 | J139: PK10B220969 | K139: A1J310PK10120929 | L139: M/S.Bankislami(Pakistan)Limited User:RanaKashifGhazanfa | M139: 3520187479061 | N139: 3616023-2776-2002 | O139: 2002 | P139: 477 | Q139: 44502 | R139: 46331 | S139: 1304100 | T139: 0.0225 | U139: 1173690 | V139: 26408.025 | W139: 0 | X139: 26408 | Y139: Ok for Renewal | Z139: APPROVED | AA139: Consumer | AB139: Before_24-Dec-2021 | AC139: 45596 | AE139: KHI/HO/D/MO/PC COMP/C/99922/137/10/2024 | AF139: 26408 | AG139: =X139-AF139 -> 0 | AH139: REN
A140: 45566 | B140: Salaam Takaful | C140: KHI/HO/D/MO/PC COMP/C/76694/285/10/2023 | D140: By Bank | E140: 45593 | F140: 45958 | G140: KIA SORENTO 2.4 L AWD | H140: 2021 | I140: AFL-158 | J140: G4KEMH626952 | K140: NNAUM53AZMP300378 | L140: M/S.Bankislami(Pakistan)Limited User:AhsanRiazKhan | M140: 3520227323769 | N140: 3614415-227-2070 | O140: 2070 | P140: 450 | Q140: 44498 | R140: 47062 | S140: 5569560 | T140: 0.0175 | U140: 5012604 | V140: 87720.57 | W140: 0 | X140: 87721 | Y140: Ok for Renewal | Z140: APPROVED | AA140: Consumer | AB140: Before_24-Dec-2021 | AC140: 45596 | AE140: KHI/HO/D/MO/PC COMP/C/99922/138/10/2024 | AF140: 87721 | AG140: =X140-AF140 -> 0 | AH140: REN
A141: 45566 | B141: Salaam Takaful | C141: KHI/HO/D/MO/PC COMP/C/76694/286/10/2023 | D141: By Bank | E141: 45593 | F141: 45958 | G141: HONDA CITY 1.2 LS MT | H141: 2021 | I141: AFL-460 | J141: L12B51000984 | K141: NFBGN8628MR001397 | L141: M/S.Bankislami(Pakistan)Limited User:MuhammadYasin | M141: 3630295472527 | N141: 3630731-800-2053 | O141: 2053 | P141: 450 | Q141: 44501 | R141: 46331 | S141: 2272050 | T141: 0.0225 | U141: 2044845 | V141: 46009.012 | W141: 0 | X141: 46009 | Y141: Ok for Renewal | Z141: APPROVED | AA141: Consumer | AB141: Before_24-Dec-2021 | AC141: 45596 | AE141: KHI/HO/D/MO/PC COMP/C/99922/139/10/2024 | AF141: 46009 | AG141: =X141-AF141 -> 0 | AH141: REN
A142: 45566 | B142: Salaam Takaful | C142: KHI/HO/D/MO/PC COMP/C/76694/287/10/2023 | D142: By Bank | E142: 45571 | F142: 45936 | G142: SUZUKI WAGON-R VXL E2 | H142: 2021 | I142: AFB-881 | J142: PK10B221584 | K142: A1J310PK10121610 | L142: M/S.Bankislami(Pakistan)Limited User:MuhammadZakaria | M142: 3120113727013 | N142: 959265-8-2132 | O142: 2132 | P142: 450 | Q142: 44482 | R142: 45945 | S142: 1304100 | T142: 0.0199 | U142: 1173690 | V142: 23356.431 | W142: 0 | X142: 23356 | Y142: Ok for Renewal | Z142: APPROVED | AA142: Consumer | AB142: Before_24-Dec-2021 | AC142: 45596 | AE142: KHI/HO/D/MO/PC COMP/C/99922/140/10/2024 | AF142: 23356 | AG142: =X142-AF142 -> 0 | AH142: REN
A143: 45566 | B143: Salaam Takaful | C143: KHI/HO/D/MO/PC COMP/C/76694/288/10/2023 | D143: By Bank | E143: 45593 | F143: 45958 | G143: HONDA CITY 1.2 LS CVT | H143: 2021 | I143: AFL-521 | J143: L12B51002707 | K143: NFBGN8528MR003734 | L143: M/S.Bankislami(Pakistan)Limited User:MuhammadAshraf | M143: 3510253156989 | N143: 998035-2783-2002 | O143: 2002 | P143: 477 | Q143: 44503 | R143: 46331 | S143: 2110050 | T143: 0.0225 | U143: 1899045 | V143: 42728.512 | W143: 0 | X143: 42729 | Y143: Ok for Renewal | Z143: APPROVED | AA143: Consumer | AB143: Before_24-Dec-2021 | AC143: 45596 | AE143: KHI/HO/D/MO/PC COMP/C/99922/141/10/2024 | AF143: 42729 | AG143: =X143-AF143 -> 0 | AH143: REN
A144: 45566 | B144: Salaam Takaful | C144: KHI/HO/D/MO/PC COMP/C/76694/289/10/2023 | D144: By Bank | E144: 45593 | F144: 45958 | G144: CHANGAN ALSVIN LUMEIRE | H144: 2021 | I144: AFM-634 | J144: JL473QFM3CAD518277 | K144: NKMA2ASE5M1003727 | L144: M/S.Bankislami(Pakistan)Limited User:RizwanAbbas | M144: 3520206309415 | N144: 991133-2779-2002 | O144: 2002 | P144: 477 | Q144: 44502 | R144: 46331 | S144: 2097090 | T144: 0.0225 | U144: 1887381 | V144: 42466.073 | W144: 0 | X144: 42466 | Y144: Ok for Renewal | Z144: APPROVED | AA144: Consumer | AB144: Before_24-Dec-2021 | AC144: 45596 | AE144: KHI/HO/D/MO/PC COMP/C/99922/142/10/2024 | AF144: 42466 | AG144: =X144-AF144 -> 0 | AH144: REN
A145: 45566 | B145: Salaam Takaful | C145: KHI/HO/D/MO/PC COMP/C/76694/29/10/2023 | D145: By Bank | E145: 45595 | F145: 45960 | G145: TOYOTA Yaris ATIV X 1.5 (CVT) | H145: 2022 | I145: BSU-099 | J145: 2A08860 | K145: NSP150R-9503725 | L145: M/S.Bankislami(Pakistan)Limited UserMr.HammadIsmail | M145: 4220139078823 | N145: 998201-32-1177 | O145: 1177 | P145: 450 | Q145: 44865 | R145: 45955 | S145: 3060000 | T145: 0.0199 | U145: 2754000 | V145: 54804.6 | W145: 0 | X145: 54805 | Y145: Ok for Renewal | Z145: APPROVED | AA145: Consumer | AB145: After_24-Dec-2021 | AC145: 45596 | AE145: KHI/HO/D/MO/PC COMP/C/99922/143/10/2024 | AF145: 54805 | AG145: =X145-AF145 -> 0 | AH145: REN
A146: 45566 | B146: Salaam Takaful | C146: KHI/HO/D/MO/PC COMP/C/76694/290/10/2023 | D146: By Bank | E146: 45593 | F146: 45958 | G146: SUZUKI VXL AGS EURO II | H146: 2021 | I146: AEA-855 | J146: PK10B217038 | K146: A1J310PK10117014 | L146: M/S.Bankislami(Pakistan)Limited User:MuhammadAbid | M146: 3460344265407 | N146: 3614441-97-2100 | O146: 2100 | P146: 450 | Q146: 44503 | R146: 46331 | S146: 1417500 | T146: 0.0225 | U146: 1275750 | V146: 28704.375 | W146: 0 | X146: 28704 | Y146: Ok for Renewal | Z146: APPROVED | AA146: Consumer | AB146: Before_24-Dec-2021 | AC146: 45596 | AE146: KHI/HO/D/MO/PC COMP/C/99922/144/10/2024 | AF146: 28704 | AG146: =X146-AF146 -> 0 | AH146: REN
... A273: 45566 | B273: Salaam Takaful | C273: KHI/HO/D/MO/PC COMP/C/76694/99/10/2023 | D273: By Bank | E273: 45585 | F273: 45950 | G273: TOYOTA HILUX REVO V | H273: 2022 | I273: BAK-416 | J273: 1GD5172641 | K273: GUN126R-5554470 | L273: M/S.Bankislami(Pakistan)Limited UserMr.SikandarKhan | M273: 5620117632755 | N273: 281591-10-1015 | O273: 1015 | P273: 450 | Q273: 44858 | R273: 45925 | S273: 7990200 | T273: 0.0175 | U273: 7191180 | V273: 125845.65 | W273: 0 | X273: 125846 | Y273: Ok for Renewal | Z273: APPROVED | AA273: Consumer | AB273: After_24-Dec-2021 | AC273: 45596 | AE273: KHI/HO/D/MO/PC COMP/C/99922/268/10/2024 | AF273: 125846 | AG273: =X273-AF273 -> 0 | AH273: REN
A274: 45566 | B274: Salaam Takaful | C274: KHI/HO/D/MO/PC COMP/P/76696/10/2023 | D274: By Bank | E274: 45572 | F274: 45937 | G274: AUDI E-TRON50 QUATTRO | H274: 2020 | I274: ARJ-956 | J274: 123859 | K274: 036443 | L274: Sajid Nazir | M274: 1310116418025 | N274: 859935-56-3010 | O274: 3010 | P274: 450 | Q274: 44111 | R274: 45935 | S274: 12028500 | T274: 0.0225 | U274: 10825650 | V274: 243577.12 | W274: 0 | X274: 243577 | Y274: Ok for Renewal | Z274: APPROVED | AA274: Consumer | AB274: Before_24-Dec-2021 | AC274: 45596 | AE274: KHI/HO/D/MO/PC COMP/C/99922/269/10/2024 | AF274: 243577 | AG274: =X274-AF274 -> 0 | AH274: REN
A275: 45566 | B275: Salaam Takaful | C275: KHI/HO/D/MO/PC COMP/P/76697/10/2023 | D275: By Bank | E275: 45593 | F275: 45958 | G275: AUDI E-TRON50 QUATTRO | H275: 2020 | I275: ALS-800 | J275: 029066 | K275: 019637 | L275: M/s. Bankislami (Pakistan) Limited User. Mr. Imran Latif Cnic No. 61101-2739535-7 Cell No. 0300-3000296 PO No. 3083 | M275: 6110127395357 | N275: 873920-62-3083 | O275: 3083 | P275: 450 | Q275: 44140 | R275: 45966 | S275: 11591100 | T275: 0.0225 | U275: 10431990 | V275: 234719.77 | W275: 0 | X275: 234720 | Y275: Ok for Renewal | Z275: APPROVED | AA275: Consumer | AB275: Before_24-Dec-2021 | AC275: 45596 | AE275: KHI/HO/D/MO/PC COMP/C/99922/270/10/2024 | AF275: 234720 | AG275: =X275-AF275 -> 0 | AH275: REN
A276: 45566 | B276: Salaam Takaful | C276: KHI/HO/D/MO/PC COMP/P/77013/10/2023 | D276: By Bank | E276: 45588 | F276: 45953 | G276: TOYOTA LAND CRUISER PRADO TX | H276: 2020 | I276: AQN-105 | J276: 2TR2176978 | K276: TRJ150-0105015 | L276: Mr, USMAN SHAHID | M276: 3520225986709 | N276: 455278-10864-1003 | O276: 1003 | P276: 528 | Q276: 45230 | R276: 47782 | S276: 33000000 | T276: 0.01 | U276: 29700000 | V276: 297000 | W276: 0 | X276: 297000 | Y276: Ok for Renewal | Z276: APPROVED | AA276: Staff | AB276: After_24-Dec-2021 | AC276: 45596 | AE276: KHI/HO/D/MO/PC COMP/P/100177/10/2024 | AF276: 297000 | AG276: =X276-AF276 -> 0 | AH276: REN
X278: =SUBTOTAL(9,X3:X276) -> 12594664 | AF278: =SUBTOTAL(9,AF3:AF276) -> 12565504

Sheet Summary
A3: Takaful Company | B3: Account # | C3: Takaful Fresh Payment
C4: Consumer | D4: Staff | E4: Gross Total | F4: Deduction | G4: Final Payment
A6: Salaam Takaful | B6: 1027-0036978-0226 | C6: 269,700 | D6: - | E6: 269,700 | F6: - | G6: 269,700
A9: Takaful Company | B9: Account # | C9: Takaful Renewal Payment - ( After 24-Dec-2021 )
C10: Consumer | D10: Staff | E10: Gross Total | F10: Deduction | G10: Final Payment
A12: Salaam Takaful | B12: 1027-0036978-0226 | C12: 5,086,912 | D12: 297,000 | E12: 5,383,912 | F12: - | G12: 5383912
A15: Takaful Company | B15: Account # | C15: Takaful Renewal Payment - ( Before 24-Dec-2021 )
C16: Consumer | D16: Staff | E16: Gross Total | F16: Deduction | G16: Final Payment
A18: Salaam Takaful | B18: 1027-0036978-0226 | C18: 7,143,801 | D18: 66,951 | E18: 7,210,752 | F18: - | G18: 7210752
F20: Renewal Total | G20: =SUM(G12,G18) -> 12594664
F22: Park in advance | G22: 29160
F24: Renewal Final | G24: =G20-G22 -> 12565504

Sheet working
A1: POLICY NO. | B1: Assorted_code | D1: Premium | E1: 01Nov240029
A2: KHI/HO/D/MO/PC COMP/C/99922/2/10/2024 | B2: =VLOOKUP(A2,policy!B:C,2,0) -> 070000168730 | C2: 44392 | D2: =ROUND(C2,0) -> 44392 | E2: 01Nov240029 | F2: ="insert into ins_premium_det (premium_rcv_code,assorted_code, rec_amount,premium_rcv_detail_code,remaining_amt, payrec, mode_code,coinsurance_code,class_cd,it_remarks) values" -> insert into ins_premium_det (premium_rcv_code,assorted_code, rec_amount,premium_rcv_detail_code,remaining_amt, payrec, mode_code,coinsurance_code,class_cd,it_remarks) values | G2: ="('"&E2&"','"&B2&"','"&D2&"',(select max(to_number(i.premium_rcv_detail_code))+1 from ins_premium_det i),'"&D2&"','"&D2&"','02', '11000003','00','Request by Mr. Saqib Saleem 01-Nov-2024');" -> ('01Nov240029','070000168730','44392',(select max(to_number(i.premium_rcv_detail_code))+1 from ins_premium_det i),'44392','44392','02', '11000003','00','Request by Mr. Saqib Saleem 01-Nov-2024'); | H2: =F2&G2 -> insert into ins_premium_det (premium_rcv_code,assorted_code, rec_amount,premium_rcv_detail_code,remaining_amt, payrec, mode_code,coinsurance_code,class_cd,it_remarks) values('01Nov240029','070000168730','44392',(select max(to_number(i.premium_rcv_detail_code))+1 from ins_premium_det i),'44392','44392','02', '11000003','00','Request by Mr. Saqib Saleem 01-Nov-2024');
A3: KHI/HO/D/MO/PC COMP/C/99922/3/10/2024 | B3: =VLOOKUP(A3,policy!B:C,2,0) -> 070000168731 | C3: 30400 | D3: =ROUND(C3,0) -> 30400 | E3: 01Nov240029 | F3: ="insert into ins_premium_det (premium_rcv_code,assorted_code, rec_amount,premium_rcv_detail_code,remaining_amt, payrec, mode_code,coinsurance_code,class_cd,it_remarks) values" -> insert into ins_premium_det (premium_rcv_code,assorted_code, rec_amount,premium_rcv_detail_code,remaining_amt, payrec, mode_code,coinsurance_code,class_cd,it_remarks) values | G3: ="('"&E3&"','"&B3&"','"&D3&"',(select max(to_number(i.premium_rcv_detail_code))+1 from ins_premium_det i),'"&D3&"','"&D3&"','02', '11000003','00','Request by Mr. Saqib Saleem 01-Nov-2024');" -> ('01Nov240029','070000168731','30400',(select max(to_number(i.premium_rcv_detail_code))+1 from ins_premium_det i),'30400','30400','02', '11000003','00','Request by Mr. Saqib Saleem 01-Nov-2024'); | H3: =F3&G3 -> insert into ins_premium_det (premium_rcv_code,assorted_code, rec_amount,premium_rcv_detail_code,remaining_amt, payrec, mode_code,coinsurance_code,class_cd,it_remarks) values('01Nov240029','070000168731','30400',(select max(to_number(i.premium_rcv_detail_code))+1 from ins_premium_det i),'30400','30400','02', '11000003','00','Request by Mr. Saqib Saleem 01-Nov-2024');
A4: KHI/HO/D/MO/PC COMP/C/99922/4/10/2024 | B4: =VLOOKUP(A4,policy!B:C,2,0) -> 070000168732 | C4: 35462 | D4: =ROUND(C4,0) -> 35462 | E4: 01Nov240029 | F4: ="insert into ins_premium_det (premium_rcv_code,assorted_code, rec_amount,premium_rcv_detail_code,remaining_amt, payrec, mode_code,coinsurance_code,class_cd,it_remarks) values" -> insert into ins_premium_det (premium_rcv_code,assorted_code, rec_amount,premium_rcv_detail_code,remaining_amt, payrec, mode_code,coinsurance_code,class_cd,it_remarks) values | G4: ="('"&E4&"','"&B4&"','"&D4&"',(select max(to_number(i.premium_rcv_detail_code))+1 from ins_premium_det i),'"&D4&"','"&D4&"','02', '11000003','00','Request by Mr. Saqib Saleem 01-Nov-2024');" -> ('01Nov240029','070000168732','35462',(select max(to_number(i.premium_rcv_detail_code))+1 from ins_premium_det i),'35462','35462','02', '11000003','00','Request by Mr. Saqib Saleem 01-Nov-2024'); | H4: =F4&G4 -> insert into ins_premium_det (premium_rcv_code,assorted_code, rec_amount,premium_rcv_detail_code,remaining_amt, payrec, mode_code,coinsurance_code,class_cd,it_remarks) values('01Nov240029','070000168732','35462',(select max(to_number(i.premium_rcv_detail_code))+1 from ins_premium_det i),'35462','35462','02', '11000003','00','Request by Mr. Saqib Saleem 01-Nov-2024');
A5: KHI/HO/D/MO/PC COMP/C/99922/5/10/2024 | B5: =VLOOKUP(A5,policy!B:C,2,0) -> 070000168733 | C5: 137576 | D5: =ROUND(C5,0) -> 137576 | E5: 01Nov240029 | F5: ="insert into ins_premium_det (premium_rcv_code,assorted_code, rec_amount,premium_rcv_detail_code,remaining_amt, payrec, mode_code,coinsurance_code,class_cd,it_remarks) values" -> insert into ins_premium_det (premium_rcv_code,assorted_code, rec_amount,premium_rcv_detail_code,remaining_amt, payrec, mode_code,coinsurance_code,class_cd,it_remarks) values | G5: ="('"&E5&"','"&B5&"','"&D5&"',(select max(to_number(i.premium_rcv_detail_code))+1 from ins_premium_det i),'"&D5&"','"&D5&"','02', '11000003','00','Request by Mr. Saqib Saleem 01-Nov-2024');" -> ('01Nov240029','070000168733','137576',(select max(to_number(i.premium_rcv_detail_code))+1 from ins_premium_det i),'137576','137576','02', '11000003','00','Request by Mr. Saqib Saleem 01-Nov-2024'); | H5: =F5&G5 -> insert into ins_premium_det (premium_rcv_code,assorted_code, rec_amount,premium_rcv_detail_code,remaining_amt, payrec, mode_code,coinsurance_code,class_cd,it_remarks) values('01Nov240029','070000168733','137576',(select max(to_number(i.premium_rcv_detail_code))+1 from ins_premium_det i),'137576','137576','02', '11000003','00','Request by Mr. Saqib Saleem 01-Nov-2024');
A6: KHI/HO/D/MO/PC COMP/C/99922/6/10/2024 | B6: =VLOOKUP(A6,policy!B:C,2,0) -> 070000168734 | C6: 42715 | D6: =ROUND(C6,0) -> 42715 | E6: 01Nov240029 | F6: ="insert into ins_premium_det (premium_rcv_code,assorted_code, rec_amount,premium_rcv_detail_code,remaining_amt, payrec, mode_code,coinsurance_code,class_cd,it_remarks) values" -> insert into ins_premium_det (premium_rcv_code,assorted_code, rec_amount,premium_rcv_detail_code,remaining_amt, payrec, mode_code,coinsurance_code,class_cd,it_remarks) values | G6: ="('"&E6&"','"&B6&"','"&D6&"',(select max(to_number(i.premium_rcv_detail_code))+1 from ins_premium_det i),'"&D6&"','"&D6&"','02', '11000003','00','Request by Mr. Saqib Saleem 01-Nov-2024');" -> ('01Nov240029','070000168734','42715',(select max(to_number(i.premium_rcv_detail_code))+1 from ins_premium_det i),'42715','42715','02', '11000003','00','Request by Mr. Saqib Saleem 01-Nov-2024'); | H6: =F6&G6 -> insert into ins_premium_det (premium_rcv_code,assorted_code, rec_amount,premium_rcv_detail_code,remaining_amt, payrec, mode_code,coinsurance_code,class_cd,it_remarks) values('01Nov240029','070000168734','42715',(select max(to_number(i.premium_rcv_detail_code))+1 from ins_premium_det i),'42715','42715','02', '11000003','00','Request by Mr. Saqib Saleem 01-Nov-2024');
A7: KHI/HO/D/MO/PC COMP/C/99922/7/10/2024 | B7: =VLOOKUP(A7,policy!B:C,2,0) -> 070000168735 | C7: 26999 | D7: =ROUND(C7,0) -> 26999 | E7: 01Nov240029 | F7: ="insert into ins_premium_det (premium_rcv_code,assorted_code, rec_amount,premium_rcv_detail_code,remaining_amt, payrec, mode_code,coinsurance_code,class_cd,it_remarks) values" -> insert into ins_premium_det (premium_rcv_code,assorted_code, rec_amount,premium_rcv_detail_code,remaining_amt, payrec, mode_code,coinsurance_code,class_cd,it_remarks) values | G7: ="('"&E7&"','"&B7&"','"&D7&"',(select max(to_number(i.premium_rcv_detail_code))+1 from ins_premium_det i),'"&D7&"','"&D7&"','02', '11000003','00','Request by Mr. Saqib Saleem 01-Nov-2024');" -> ('01Nov240029','070000168735','26999',(select max(to_number(i.premium_rcv_detail_code))+1 from ins_premium_det i),'26999','26999','02', '11000003','00','Request by Mr. Saqib Saleem 01-Nov-2024'); | H7: =F7&G7 -> insert into ins_premium_det (premium_rcv_code,assorted_code, rec_amount,premium_rcv_detail_code,remaining_amt, payrec, mode_code,coinsurance_code,class_cd,it_remarks) values('01Nov240029','070000168735','26999',(select max(to_number(i.premium_rcv_detail_code))+1 from ins_premium_det i),'26999','26999','02', '11000003','00','Request by Mr. Saqib Saleem 01-Nov-2024');
A8: KHI/HO/D/MO/PC COMP/C/99922/8/10/2024 | B8: =VLOOKUP(A8,policy!B:C,2,0) -> 070000168736 | C8: 42715 | D8: =ROUND(C8,0) -> 42715 | E8: 01Nov240029 | F8: ="insert into ins_premium_det (premium_rcv_code,assorted_code, rec_amount,premium_rcv_detail_code,remaining_amt, payrec, mode_code,coinsurance_code,class_cd,it_remarks) values" -> insert into ins_premium_det (premium_rcv_code,assorted_code, rec_amount,premium_rcv_detail_code,remaining_amt, payrec, mode_code,coinsurance_code,class_cd,it_remarks) values | G8: ="('"&E8&"','"&B8&"','"&D8&"',(select max(to_number(i.premium_rcv_detail_code))+1 from ins_premium_det i),'"&D8&"','"&D8&"','02', '11000003','00','Request by Mr. Saqib Saleem 01-Nov-2024');" -> ('01Nov240029','070000168736','42715',(select max(to_number(i.premium_rcv_detail_code))+1 from ins_premium_det i),'42715','42715','02', '11000003','00','Request by Mr. Saqib Saleem 01-Nov-2024'); | H8: =F8&G8 -> insert into ins_premium_det (premium_rcv_code,assorted_code, rec_amount,premium_rcv_detail_code,remaining_amt, payrec, mode_code,coinsurance_code,class_cd,it_remarks) values('01Nov240029','070000168736','42715',(select max(to_number(i.premium_rcv_detail_code))+1 from ins_premium_det i),'42715','42715','02', '11000003','00','Request by Mr. Saqib Saleem 01-Nov-2024');
A9: KHI/HO/D/MO/PC COMP/C/99922/9/10/2024 | B9: =VLOOKUP(A9,policy!B:C,2,0) -> 070000168737 | C9: 32238 | D9: =ROUND(C9,0) -> 32238 | E9: 01Nov240029 | F9: ="insert into ins_premium_det (premium_rcv_code,assorted_code, rec_amount,premium_rcv_detail_code,remaining_amt, payrec, mode_code,coinsurance_code,class_cd,it_remarks) values" -> insert into ins_premium_det (premium_rcv_code,assorted_code, rec_amount,premium_rcv_detail_code,remaining_amt, payrec, mode_code,coinsurance_code,class_cd,it_remarks) values | G9: ="('"&E9&"','"&B9&"','"&D9&"',(select max(to_number(i.premium_rcv_detail_code))+1 from ins_premium_det i),'"&D9&"','"&D9&"','02', '11000003','00','Request by Mr. Saqib Saleem 01-Nov-2024');" -> ('01Nov240029','070000168737','32238',(select max(to_number(i.premium_rcv_detail_code))+1 from ins_premium_det i),'32238','32238','02', '11000003','00','Request by Mr. Saqib Saleem 01-Nov-2024'); | H9: =F9&G9 -> insert into ins_premium_det (premium_rcv_code,assorted_code, rec_amount,premium_rcv_detail_code,remaining_amt, payrec, mode_code,coinsurance_code,class_cd,it_remarks) values('01Nov240029','070000168737','32238',(select max(to_number(i.premium_rcv_detail_code))+1 from ins_premium_det i),'32238','32238','02', '11000003','00','Request by Mr. Saqib Saleem 01-Nov-2024');
A10: KHI/HO/D/MO/PC COMP/C/99922/10/10/2024 | B10: =VLOOKUP(A10,policy!B:C,2,0) -> 070000168738 | C10: 32238 | D10: =ROUND(C10,0) -> 32238 | E10: 01Nov240029 | F10: ="insert into ins_premium_det (premium_rcv_code,assorted_code, rec_amount,premium_rcv_detail_code,remaining_amt, payrec, mode_code,coinsurance_code,class_cd,it_remarks) values" -> insert into ins_premium_det (premium_rcv_code,assorted_code, rec_amount,premium_rcv_detail_code,remaining_amt, payrec, mode_code,coinsurance_code,class_cd,it_remarks) values | G10: ="('"&E10&"','"&B10&"','"&D10&"',(select max(to_number(i.premium_rcv_detail_code))+1 from ins_premium_det i),'"&D10&"','"&D10&"','02', '11000003','00','Request by Mr. Saqib Saleem 01-Nov-2024');" -> ('01Nov240029','070000168738','32238',(select max(to_number(i.premium_rcv_detail_code))+1 from ins_premium_det i),'32238','32238','02', '11000003','00','Request by Mr. Saqib Saleem 01-Nov-2024'); | H10: =F10&G10 -> insert into ins_premium_det (premium_rcv_code,assorted_code, rec_amount,premium_rcv_detail_code,remaining_amt, payrec, mode_code,coinsurance_code,class_cd,it_remarks) values('01Nov240029','070000168738','32238',(select max(to_number(i.premium_rcv_detail_code))+1 from ins_premium_det i),'32238','32238','02', '11000003','00','Request by Mr. Saqib Saleem 01-Nov-2024');
A11: KHI/HO/D/MO/PC COMP/C/99922/11/10/2024 | B11: =VLOOKUP(A11,policy!B:C,2,0) -> 070000168739 | C11: 30400 | D11: =ROUND(C11,0) -> 30400 | E11: 01Nov240029 | F11: ="insert into ins_premium_det (premium_rcv_code,assorted_code, rec_amount,premium_rcv_detail_code,remaining_amt, payrec, mode_code,coinsurance_code,class_cd,it_remarks) values" -> insert into ins_premium_det (premium_rcv_code,assorted_code, rec_amount,premium_rcv_detail_code,remaining_amt, payrec, mode_code,coinsurance_code,class_cd,it_remarks) values | G11: ="('"&E11&"','"&B11&"','"&D11&"',(select max(to_number(i.premium_rcv_detail_code))+1 from ins_premium_det i),'"&D11&"','"&D11&"','02', '11000003','00','Request by Mr. Saqib Saleem 01-Nov-2024');" -> ('01Nov240029','070000168739','30400',(select max(to_number(i.premium_rcv_detail_code))+1 from ins_premium_det i),'30400','30400','02', '11000003','00','Request by Mr. Saqib Saleem 01-Nov-2024'); | H11: =F11&G11 -> insert into ins_premium_det (premium_rcv_code,assorted_code, rec_amount,premium_rcv_detail_code,remaining_amt, payrec, mode_code,coinsurance_code,class_cd,it_remarks) values('01Nov240029','070000168739','30400',(select max(to_number(i.premium_rcv_detail_code))+1 from ins_premium_det i),'30400','30400','02', '11000003','00','Request by Mr. Saqib Saleem 01-Nov-2024');
A12: KHI/HO/D/MO/PC COMP/C/99922/12/10/2024 | B12: =VLOOKUP(A12,policy!B:C,2,0) -> 070000168740 | C12: 27402 | D12: =ROUND(C12,0) -> 27402 | E12: 01Nov240029 | F12: ="insert into ins_premium_det (premium_rcv_code,assorted_code, rec_amount,premium_rcv_detail_code,remaining_amt, payrec, mode_code,coinsurance_code,class_cd,it_remarks) values" -> insert into ins_premium_det (premium_rcv_code,assorted_code, rec_amount,premium_rcv_detail_code,remaining_amt, payrec, mode_code,coinsurance_code,class_cd,it_remarks) values | G12: ="('"&E12&"','"&B12&"','"&D12&"',(select max(to_number(i.premium_rcv_detail_code))+1 from ins_premium_det i),'"&D12&"','"&D12&"','02', '11000003','00','Request by Mr. Saqib Saleem 01-Nov-2024');" -> ('01Nov240029','070000168740','27402',(select max(to_number(i.premium_rcv_detail_code))+1 from ins_premium_det i),'27402','27402','02', '11000003','00','Request by Mr. Saqib Saleem 01-Nov-2024'); | H12: =F12&G12 -> insert into ins_premium_det (premium_rcv_code,assorted_code, rec_amount,premium_rcv_detail_code,remaining_amt, payrec, mode_code,coinsurance_code,class_cd,it_remarks) values('01Nov240029','070000168740','27402',(select max(to_number(i.premium_rcv_detail_code))+1 from ins_premium_det i),'27402','27402','02', '11000003','00','Request by Mr. Saqib Saleem 01-Nov-2024');
A13: KHI/HO/D/MO/PC COMP/C/99922/13/10/2024 | B13: =VLOOKUP(A13,policy!B:C,2,0) -> 070000168741 | C13: 21761 | D13: =ROUND(C13,0) -> 21761 | E13: 01Nov240029 | F13: ="insert into ins_premium_det (premium_rcv_code,assorted_code, rec_amount,premium_rcv_detail_code,remaining_amt, payrec, mode_code,coinsurance_code,class_cd,it_remarks) values" -> insert into ins_premium_det (premium_rcv_code,assorted_code, rec_amount,premium_rcv_detail_code,remaining_amt, payrec, mode_code,coinsurance_code,class_cd,it_remarks) values | G13: ="('"&E13&"','"&B13&"','"&D13&"',(select max(to_number(i.premium_rcv_detail_code))+1 from ins_premium_det i),'"&D13&"','"&D13&"','02', '11000003','00','Request by Mr. Saqib Saleem 01-Nov-2024');" -> ('01Nov240029','070000168741','21761',(select max(to_number(i.premium_rcv_detail_code))+1 from ins_premium_det i),'21761','21761','02', '11000003','00','Request by Mr. Saqib Saleem 01-Nov-2024'); | H13: =F13&G13 -> insert into ins_premium_det (premium_rcv_code,assorted_code, rec_amount,premium_rcv_detail_code,remaining_amt, payrec, mode_code,coinsurance_code,class_cd,it_remarks) values('01Nov240029','070000168741','21761',(select max(to_number(i.premium_rcv_detail_code))+1 from ins_premium_det i),'21761','21761','02', '11000003','00','Request by Mr. Saqib Saleem 01-Nov-2024');
... A273: KHI/HO/D/MO/PC COMP/C/99922/270/10/2024 | B273: =VLOOKUP(A273,policy!B:C,2,0) -> 070000168999 | C273: 234720 | D273: =ROUND(C273,0) -> 234720 | E273: 01Nov240029 | F273: ="insert into ins_premium_det (premium_rcv_code,assorted_code, rec_amount,premium_rcv_detail_code,remaining_amt, payrec, mode_code,coinsurance_code,class_cd,it_remarks) values" -> insert into ins_premium_det (premium_rcv_code,assorted_code, rec_amount,premium_rcv_detail_code,remaining_amt, payrec, mode_code,coinsurance_code,class_cd,it_remarks) values | G273: ="('"&E273&"','"&B273&"','"&D273&"',(select max(to_number(i.premium_rcv_detail_code))+1 from ins_premium_det i),'"&D273&"','"&D273&"','02', '11000003','00','Request by Mr. Saqib Saleem 01-Nov-2024');" -> ('01Nov240029','070000168999','234720',(select max(to_number(i.premium_rcv_detail_code))+1 from ins_premium_det i),'234720','234720','02', '11000003','00','Request by Mr. Saqib Saleem 01-Nov-2024'); | H273: =F273&G273 -> insert into ins_premium_det (premium_rcv_code,assorted_code, rec_amount,premium_rcv_detail_code,remaining_amt, payrec, mode_code,coinsurance_code,class_cd,it_remarks) values('01Nov240029','070000168999','234720',(select max(to_number(i.premium_rcv_detail_code))+1 from ins_premium_det i),'234720','234720','02', '11000003','00','Request by Mr. Saqib Saleem 01-Nov-2024');
A274: KHI/HO/D/MO/PC COMP/P/100177/10/2024 | B274: 040000187295 | C274: 297000 | D274: =ROUND(C274,0) -> 297000 | E274: 01Nov240029 | F274: ="insert into ins_premium_det (premium_rcv_code,assorted_code, rec_amount,premium_rcv_detail_code,remaining_amt, payrec, mode_code,coinsurance_code,class_cd,it_remarks) values" -> insert into ins_premium_det (premium_rcv_code,assorted_code, rec_amount,premium_rcv_detail_code,remaining_amt, payrec, mode_code,coinsurance_code,class_cd,it_remarks) values | G274: ="('"&E274&"','"&B274&"','"&D274&"',(select max(to_number(i.premium_rcv_detail_code))+1 from ins_premium_det i),'"&D274&"','"&D274&"','02', '11000003','00','Request by Mr. Saqib Saleem 01-Nov-2024');" -> ('01Nov240029','040000187295','297000',(select max(to_number(i.premium_rcv_detail_code))+1 from ins_premium_det i),'297000','297000','02', '11000003','00','Request by Mr. Saqib Saleem 01-Nov-2024'); | H274: =F274&G274 -> insert into ins_premium_det (premium_rcv_code,assorted_code, rec_amount,premium_rcv_detail_code,remaining_amt, payrec, mode_code,coinsurance_code,class_cd,it_remarks) values('01Nov240029','040000187295','297000',(select max(to_number(i.premium_rcv_detail_code))+1 from ins_premium_det i),'297000','297000','02', '11000003','00','Request by Mr. Saqib Saleem 01-Nov-2024');
C276: =SUM(C2:C274) -> 12565504 | D276: =SUM(D2:D274) -> 12565504

Sheet Sheet2
A2: KHI/HO/D/MO/PC COMP/C/99922/2/10/2024 | B2: -10-2024 | H2: 99922 | I2: 00002 | J2: ="ia.assorted_string like '%"&H2&"-"&I2&B2&"%' or" -> ia.assorted_string like '%99922-00002-10-2024%' or
A3: KHI/HO/D/MO/PC COMP/C/99922/3/10/2024 | B3: -10-2024 | H3: 99922 | I3: 00003 | J3: ="ia.assorted_string like '%"&H3&"-"&I3&B3&"%' or" -> ia.assorted_string like '%99922-00003-10-2024%' or
A4: KHI/HO/D/MO/PC COMP/C/99922/4/10/2024 | B4: -10-2024 | H4: 99922 | I4: 00004 | J4: ="ia.assorted_string like '%"&H4&"-"&I4&B4&"%' or" -> ia.assorted_string like '%99922-00004-10-2024%' or
A5: KHI/HO/D/MO/PC COMP/C/99922/5/10/2024 | B5: -10-2024 | H5: 99922 | I5: 00005 | J5: ="ia.assorted_string like '%"&H5&"-"&I5&B5&"%' or" -> ia.assorted_string like '%99922-00005-10-2024%' or
A6: KHI/HO/D/MO/PC COMP/C/99922/6/10/2024 | B6: -10-2024 | H6: 99922 | I6: 00006 | J6: ="ia.assorted_string like '%"&H6&"-"&I6&B6&"%' or" -> ia.assorted_string like '%99922-00006-10-2024%' or
A7: KHI/HO/D/MO/PC COMP/C/99922/7/10/2024 | B7: -10-2024 | H7: 99922 | I7: 00007 | J7: ="ia.assorted_string like '%"&H7&"-"&I7&B7&"%' or" -> ia.assorted_string like '%99922-00007-10-2024%' or
A8: KHI/HO/D/MO/PC COMP/C/99922/8/10/2024 | B8: -10-2024 | H8: 99922 | I8: 00008 | J8: ="ia.assorted_string like '%"&H8&"-"&I8&B8&"%' or" -> ia.assorted_string like '%99922-00008-10-2024%' or
A9: KHI/HO/D/MO/PC COMP/C/99922/9/10/2024 | B9: -10-2024 | H9: 99922 | I9: 00009 | J9: ="ia.assorted_string like '%"&H9&"-"&I9&B9&"%' or" -> ia.assorted_string like '%99922-00009-10-2024%' or
A10: KHI/HO/D/MO/PC COMP/C/99922/10/10/2024 | B10: -10-2024 | H10: 99922 | I10: 00010 | J10: ="ia.assorted_string like '%"&H10&"-"&I10&B10&"%' or" -> ia.assorted_string like '%99922-00010-10-2024%' or
A11: KHI/HO/D/MO/PC COMP/C/99922/11/10/2024 | B11: -10-2024 | H11: 99922 | I11: 00011 | J11: ="ia.assorted_string like '%"&H11&"-"&I11&B11&"%' or" -> ia.assorted_string like '%99922-00011-10-2024%' or
A12: KHI/HO/D/MO/PC COMP/C/99922/12/10/2024 | B12: -10-2024 | H12: 99922 | I12: 00012 | J12: ="ia.assorted_string like '%"&H12&"-"&I12&B12&"%' or" -> ia.assorted_string like '%99922-00012-10-2024%' or
A13: KHI/HO/D/MO/PC COMP/C/99922/13/10/2024 | B13: -10-2024 | H13: 99922 | I13: 00013 | J13: ="ia.assorted_string like '%"&H13&"-"&I13&B13&"%' or" -> ia.assorted_string like '%99922-00013-10-2024%' or
... A132: KHI/HO/D/MO/PC COMP/C/99922/132/10/2024 | B132: -10-2024 | H132: 99922 | I132: 00132 | J132: ="ia.assorted_string like '%"&H132&"-"&I132&B132&"%' or" -> ia.assorted_string like '%99922-00132-10-2024%' or
A133: Policy still valid 30/11/2024 (Park in advance) | B133: advance)
A134: KHI/HO/D/MO/PC COMP/C/99922/133/10/2024 | B134: -10-2024 | H134: 99922 | I134: 00133 | J134: ="ia.assorted_string like '%"&H134&"-"&I134&B134&"%' or" -> ia.assorted_string like '%99922-00133-10-2024%' or
A135: KHI/HO/D/MO/PC COMP/C/99922/134/10/2024 | B135: -10-2024 | H135: 99922 | I135: 00134 | J135: ="ia.assorted_string like '%"&H135&"-"&I135&B135&"%' or" -> ia.assorted_string like '%99922-00134-10-2024%' or
A136: KHI/HO/D/MO/PC COMP/C/99922/135/10/2024 | B136: -10-2024 | H136: 99922 | I136: 00135 | J136: ="ia.assorted_string like '%"&H136&"-"&I136&B136&"%' or" -> ia.assorted_string like '%99922-00135-10-2024%' or
A137: KHI/HO/D/MO/PC COMP/C/99922/136/10/2024 | B137: -10-2024 | H137: 99922 | I137: 00136 | J137: ="ia.assorted_string like '%"&H137&"-"&I137&B137&"%' or" -> ia.assorted_string like '%99922-00136-10-2024%' or
A138: KHI/HO/D/MO/PC COMP/C/99922/137/10/2024 | B138: -10-2024 | H138: 99922 | I138: 00137 | J138: ="ia.assorted_string like '%"&H138&"-"&I138&B138&"%' or" -> ia.assorted_string like '%99922-00137-10-2024%' or
A139: KHI/HO/D/MO/PC COMP/C/99922/138/10/2024 | B139: -10-2024 | H139: 99922 | I139: 00138 | J139: ="ia.assorted_string like '%"&H139&"-"&I139&B139&"%' or" -> ia.assorted_string like '%99922-00138-10-2024%' or
A140: KHI/HO/D/MO/PC COMP/C/99922/139/10/2024 | B140: -10-2024 | H140: 99922 | I140: 00139 | J140: ="ia.assorted_string like '%"&H140&"-"&I140&B140&"%' or" -> ia.assorted_string like '%99922-00139-10-2024%' or
A141: KHI/HO/D/MO/PC COMP/C/99922/140/10/2024 | B141: -10-2024 | H141: 99922 | I141: 00140 | J141: ="ia.assorted_string like '%"&H141&"-"&I141&B141&"%' or" -> ia.assorted_string like '%99922-00140-10-2024%' or
A142: KHI/HO/D/MO/PC COMP/C/99922/141/10/2024 | B142: -10-2024 | H142: 99922 | I142: 00141 | J142: ="ia.assorted_string like '%"&H142&"-"&I142&B142&"%' or" -> ia.assorted_string like '%99922-00141-10-2024%' or
A143: KHI/HO/D/MO/PC COMP/C/99922/142/10/2024 | B143: -10-2024 | H143: 99922 | I143: 00142 | J143: ="ia.assorted_string like '%"&H143&"-"&I143&B143&"%' or" -> ia.assorted_string like '%99922-00142-10-2024%' or
A144: KHI/HO/D/MO/PC COMP/C/99922/143/10/2024 | B144: -10-2024 | H144: 99922 | I144: 00143 | J144: ="ia.assorted_string like '%"&H144&"-"&I144&B144&"%' or" -> ia.assorted_string like '%99922-00143-10-2024%' or
A145: KHI/HO/D/MO/PC COMP/C/99922/144/10/2024 | B145: -10-2024 | H145: 99922 | I145: 00144 | J145: ="ia.assorted_string like '%"&H145&"-"&I145&B145&"%' or" -> ia.assorted_string like '%99922-00144-10-2024%' or
... A275: KHI/HO/D/MO/PC COMP/P/100177/10/2024 | B275: -10-2024 | H275: 100177 | I275: 00010 | J275: ="ia.assorted_string like '%"&H275&"-"&I275&B275&"%' or" -> ia.assorted_string like '%100177-00010-10-2024%' or

Sheet policy
B1: FUNC_ASSORTED_STRING(IA.ASSORTED_CODE) | C1: ASSORTED_CODE
A2: 1 | B2: KHI/HO/D/MO/PC COMP/C/99922/173/10/2024 | C2: 070000168902
A3: 2 | B3: KHI/HO/D/MO/PC COMP/C/99922/174/10/2024 | C3: 070000168903
A4: 3 | B4: KHI/HO/D/MO/PC COMP/C/99922/175/10/2024 | C4: 070000168904
A5: 4 | B5: KHI/HO/D/MO/PC COMP/C/99922/176/10/2024 | C5: 070000168905
A6: 5 | B6: KHI/HO/D/MO/PC COMP/C/99922/177/10/2024 | C6: 070000168906
A7: 6 | B7: KHI/HO/D/MO/PC COMP/C/99922/178/10/2024 | C7: 070000168907
A8: 7 | B8: KHI/HO/D/MO/PC COMP/C/99922/179/10/2024 | C8: 070000168908
A9: 8 | B9: KHI/HO/D/MO/PC COMP/C/99922/180/10/2024 | C9: 070000168909
A10: 9 | B10: KHI/HO/D/MO/PC COMP/C/99922/181/10/2024 | C10: 070000168910
A11: 10 | B11: KHI/HO/D/MO/PC COMP/C/99922/183/10/2024 | C11: 070000168912
A12: 11 | B12: KHI/HO/D/MO/PC COMP/C/99922/184/10/2024 | C12: 070000168913
A13: 12 | B13: KHI/HO/D/MO/PC COMP/C/99922/186/10/2024 | C13: 070000168915
... A273: 272 | B273: KHI/HO/D/MO/PC COMP/C/99922/1/10/2024 | C273: 070000167616
