Workbook

Sheet Fresh
A3: Fresh / Renewal | B3: Billing Month | C3: Takaful Company | D3: PMD # | E3: TRACKER_TYPE | F3: Start Date | G3: Expiry Date | H3: Make | I3: Model | J3: REGISTRATION_NUMBER | K3: ENGINE_NUMBER | L3: CHASIS_NUMBER | M3: Customer Name | N3: CNIC | O3: CIF+Deal+BR | P3: BRANCH_CODE | Q3: CLASS | R3: DEAL_DATE | S3: MATURITY_DATE | T3: New Sum cover | U3: Rate | V3: Gross Amount | W3: Tracker Amount | X3: Net Premium Amount | Y3: Remarks | Z3: DEAL_STATUS | AA3: Product_Detail | AB3: Payment Date | AC3: Policy # | AD3: Tms prem | AE3: Difference
A4: Fresh | B4: 45620 | C4: Salaam Takaful | D4: KHI/HO/D/MO/PC COMP/C/101132/1/11/2024 | E4: ResQ | F4: 45597 | G4: 45962 | H4: SUZUKI ALTO VXR | I4: 2024 | J4: BEV-599 | K4: 6R322766 | L4: NF1AET306H1222862 | M4: Mr. Sajjad Ahmed | N4: 1310134315439 | O4: 298847-385-3054 | P4: 3054 | Q4: 464 | R4: 45601 | S4: 47416 | T4: 2707000 | U4: 0.0199 | V4: 53869.3 | W4: 0 | X4: 53869 | Y4: Ready to pay | Z4: APPROVED | AA4: Consumer | AB4: 45625 | AC4: KHI/HO/D/MO/PC COMP/C/101132/1/11/2024 | AD4: 53869 | AE4: =X4-AD4 -> 0
A5: Fresh | B5: 45620 | C5: Salaam Takaful | D5: KHI/HO/D/MO/PC COMP/C/101132/2/11/2024 | E5: - | F5: 45600 | G5: 45965 | H5: TOYOTA COROLLA | I5: 2020 | J5: BTE-753 | K5: Q065312 | L5: ZRE171R-6042820 | M5: Mr. Syed Perwaiz Asdaque | N5: 4210101987831 | O5: 5671463-264-1024 | P5: 1024 | Q5: 464 | R5: 45608 | S5: 46696 | T5: 4760000 | U5: 0.0199 | V5: 94724 | W5: 0 | X5: 94724 | Y5: Ready to pay | Z5: APPROVED | AA5: Consumer | AB5: 45625 | AC5: KHI/HO/D/MO/PC COMP/C/101132/2/11/2024 | AD5: 94724 | AE5: =X5-AD5 -> 0
A6: Fresh | B6: 45620 | C6: Salaam Takaful | D6: KHI/HO/D/MO/PC COMP/C/101132/3/11/2024 | E6: Falcon-I | F6: 45600 | G6: 45965 | H6: SUZUKI CULTUS | I6: 2021 | J6: BUF-405 | K6: PK10K180948 | L6: NF1AVK31H10080975 | M6: Mr. Farzeen Rizvi | N6: 4210182245268 | O6: 5652470-4-1195 | P6: 1195 | Q6: 450 | R6: 45602 | S6: 47427 | T6: 3200000 | U6: 0.0199 | V6: 63680 | W6: 0 | X6: 63680 | Y6: Ready to pay | Z6: APPROVED | AA6: Consumer | AB6: 45625 | AC6: KHI/HO/D/MO/PC COMP/C/101132/3/11/2024 | AD6: 63680 | AE6: =X6-AD6 -> 0
A7: Fresh | B7: 45620 | C7: Salaam Takaful | D7: KHI/HO/D/MO/PC COMP/C/101132/4/11/2024 | E7: - | F7: 45601 | G7: 45966 | H7: TOYOTA CROSS HYBRID CVT | I7: 2024 | J7: BM-7081 | K7: 9Z06130 | L7: ZVG10R-0905068 | M7: M/s Noorani Commission Agent | N7: 5440133393709 | O7: 95324-34-1070 | P7: 1070 | Q7: 572 | R7: 45607 | S7: 46696 | T7: 9862000 | U7: 0.015 | V7: 147930 | W7: 0 | X7: 147930 | Y7: Ready to pay | Z7: APPROVED | AA7: Consumer | AB7: 45625 | AC7: KHI/HO/D/MO/PC COMP/C/101132/4/11/2024 | AD7: 147930 | AE7: =X7-AD7 -> 0
A8: Fresh | B8: 45620 | C8: Salaam Takaful | D8: KHI/HO/D/MO/PC COMP/C/101132/5/11/2024 | E8: - | F8: 45617 | G8: 45982 | H8: CHANGAN OSHAN X7 COMFORT | I8: 2024 | J8: FW-62 | K8: JL473ZQ7RN8AT258387 | L8: NKMASE2E9R1000928 | M8: M/s. MUGHAL COMPUTERS & WOOFER CENTER | N8: 3120319798807 | O8: 1850220-3-2166 | P8: 2166 | Q8: 572 | R8: 45617 | S8: 47437 | T8: 8899000 | U8: 0.015 | V8: 133485 | W8: 0 | X8: 133485 | Y8: Ready to pay | Z8: APPROVED | AA8: Consumer | AB8: 45625 | AC8: KHI/HO/D/MO/PC COMP/C/101132/5/11/2024 | AD8: 133485 | AE8: =X8-AD8 -> 0
A9: Fresh | B9: 45620 | C9: Salaam Takaful | D9: KHI/HO/D/MO/PC COMP/C/101132/6/11/2024 | E9: - | F9: 45617 | G9: 45982 | H9: SUZUKI ALTO AGS A/T | I9: 2024 | J9: BEX-290 | K9: 6R327254 | L9: NF1AET306H1227207 | M9: Mrs. Sadia Ijaz | N9: 3740629336546 | O9: 5553152-96-3008 | P9: 3008 | Q9: 464 | R9: 45618 | S9: 47082 | T9: 3045000 | U9: 0.0199 | V9: 60595.5 | W9: 0 | X9: 60596 | Y9: Ready to pay | Z9: APPROVED | AA9: Consumer | AB9: 45625 | AC9: KHI/HO/D/MO/PC COMP/C/101132/6/11/2024 | AD9: 60596 | AE9: =X9-AD9 -> 0
A10: Fresh | B10: 45595 | C10: Salaam Takaful | D10: KHI/HO/D/MO/PC COMP/C/100345/8/10/2024 | E10: - | F10: 45594 | G10: 45959 | H10: SUZUKI ALTO VXR | I10: 2024 | J10: BEU-205 | K10: 6R324185 | L10: NF1AET306H1224032 | M10: ABDUL RAZZAQ | N10: 3740551859283 | O10: 5500309-384-3054 | P10: 3054 | Q10: 464 | R10: 45595 | S10: 47416 | T10: 2707000 | U10: 0.0199 | V10: 53869.3 | W10: 0 | X10: 53869 | Y10: Ready to pay | Z10: APPROVED | AA10: Consumer | AB10: 45625 | AC10: KHI/HO/D/MO/PC COMP/C/100345/8/10/2024 | AD10: =VLOOKUP(AC10,'[1]Master Sheet'!$B$3:$Y$11580,24,0) -> 53869 | AE10: =X10-AD10 -> 0
A11: Fresh | B11: 45595 | C11: Salaam Takaful | D11: KHI/HO/D/MO/PC COMP/C/100345/4/10/2024 | E11: - | F11: 45590 | G11: 45955 | H11: HONDA CITY | I11: 2020 | J11: BSA-132 | K11: L15A79799136 | L11: NFBGM2669LR261874 | M11: CURE 9 PHARMA | N11: 4220174910147 | O11: 1292938-175-1068 | P11: 1068 | Q11: 573 | R11: 45595 | S11: 47416 | T11: 3900000 | U11: 0.015 | V11: 58500 | W11: 0 | X11: 58500 | Y11: Ready to pay | Z11: APPROVED | AA11: Consumer | AB11: 45625 | AC11: KHI/HO/D/MO/PC COMP/C/100345/4/10/2024 | AD11: =VLOOKUP(AC11,'[1]Master Sheet'!$B$3:$Y$11580,24,0) -> 58500 | AE11: =X11-AD11 -> 0
A12: Fresh | B12: 45595 | C12: Salaam Takaful | D12: KHI/HO/D/MO/PC COMP/C/100345/5/10/2024 | E12: - | F12: 45590 | G12: 45955 | H12: TOYOTA COROLLA | I12: 2021 | J12: AEV-365 | K12: Q352524 | L12: ZRE172R7051792 | M12: MUHAMMAD UMAIR MAHMO | N12: 3650228635515 | O12: 1610694-66-2097 | P12: 2097 | Q12: 464 | R12: 45594 | S12: 46685 | T12: 4835000 | U12: 0.0199 | V12: 96216.5 | W12: 0 | X12: 96217 | Y12: Ready to pay | Z12: APPROVED | AA12: Consumer | AB12: 45625 | AC12: KHI/HO/D/MO/PC COMP/C/100345/5/10/2024 | AD12: =VLOOKUP(AC12,'[1]Master Sheet'!$B$3:$Y$11580,24,0) -> 96217 | AE12: =X12-AD12 -> 0
A13: Fresh | B13: 45595 | C13: Salaam Takaful | D13: KHI/HO/D/MO/PC COMP/C/100345/6/10/2024 | E13: - | F13: 45593 | G13: 45958 | H13: HAVAL H6 TURBO SUV | I13: 2024 | J13: BEU-219 | K13: 24431516181 | L13: NF9EFUA56R2010034 | M13: JIMI TECHNOLOGIES | N13: 120107 | O13: 64854-286-2072 | P13: 2072 | Q13: 572 | R13: 45594 | S13: 46696 | T13: 11907490 | U13: 0.015 | V13: 178612.35 | W13: 0 | X13: 178612 | Y13: Ready to pay | Z13: APPROVED | AA13: Consumer | AB13: 45625 | AC13: KHI/HO/D/MO/PC COMP/C/100345/6/10/2024 | AD13: =VLOOKUP(AC13,'[1]Master Sheet'!$B$3:$Y$11580,24,0) -> 178612 | AE13: =X13-AD13 -> 0
A14: Fresh | B14: 45595 | C14: Salaam Takaful | D14: KHI/HO/D/MO/PC COMP/C/100345/2/10/2024 | E14: - | F14: 45589 | G14: 45954 | H14: TOYOTA HILUX REVO GR S | I14: 2024 | J14: WX-48 | K14: 1GD1648799 | L14: GUN126R5566124 | M14: ALPA EGGS(PRIVATE) L | N14: 129858 | O14: 6500573-123-2098 | P14: 2098 | Q14: 573 | R14: 45593 | S14: 45955 | T14: 15451000 | U14: 0.015 | V14: 231765 | W14: 0 | X14: 231765 | Y14: Ready to pay | Z14: APPROVED | AA14: Consumer | AB14: 45625 | AC14: KHI/HO/D/MO/PC COMP/C/100345/2/10/2024 | AD14: =VLOOKUP(AC14,'[1]Master Sheet'!$B$3:$Y$11580,24,0) -> 231765 | AE14: =X14-AD14 -> 0
A15: Fresh | B15: 45595 | C15: Salaam Takaful | D15: KHI/HO/D/MO/PC COMP/P/98111/09/2024 | E15: - | F15: 45566 | G15: 45931 | H15: TOYOTA COROLLA ALTIS | I15: 2021 | J15: BTM-083 | K15: Q071344 | L15: ZRE171R-6048869 | M15: SYED AYAZ ALI | N15: 4210170171077 | O15: 211625-11808-1003 | P15: 1003 | Q15: 528 | R15: 45572 | S15: 47387 | T15: 4900000 | U15: 0.0175 | V15: 85750 | W15: 0 | X15: 85750 | Y15: Ready to pay | Z15: APPROVED | AA15: Staff | AB15: 45625 | AC15: KHI/HO/D/MO/PC COMP/C/98111/5/10/2024 | AD15: =VLOOKUP(AC15,'[1]Master Sheet'!$B$3:$Y$11580,24,0) -> 85750 | AE15: =X15-AD15 -> 0
X17: =SUBTOTAL(9,X4:X15) -> 1258997

Sheet working
A1: POLICY NO. | B1: Assorted_code | D1: Premium | E1: 29Nov240037
A2: KHI/HO/D/MO/PC COMP/C/101132/1/11/2024 | B2: =VLOOKUP(A2,policy!B:C,2,0) -> 070000169457 | C2: 53869 | D2: =ROUND(C2,0) -> 53869 | E2: 29Nov240037 | F2: ="insert into ins_premium_det (premium_rcv_code,assorted_code, rec_amount,premium_rcv_detail_code,remaining_amt, payrec, mode_code,coinsurance_code,class_cd,it_remarks) values" -> insert into ins_premium_det (premium_rcv_code,assorted_code, rec_amount,premium_rcv_detail_code,remaining_amt, payrec, mode_code,coinsurance_code,class_cd,it_remarks) values | G2: ="('"&E2&"','"&B2&"','"&D2&"',(select max(to_number(i.premium_rcv_detail_code))+1 from ins_premium_det i),'"&D2&"','"&D2&"','02', '11000003','00','Request by Mr. Raheel Malik 04-Dec-2024 For Fresh ');" -> ('29Nov240037','070000169457','53869',(select max(to_number(i.premium_rcv_detail_code))+1 from ins_premium_det i),'53869','53869','02', '11000003','00','Request by Mr. Raheel Malik 04-Dec-2024 For Fresh '); | H2: =F2&G2 -> insert into ins_premium_det (premium_rcv_code,assorted_code, rec_amount,premium_rcv_detail_code,remaining_amt, payrec, mode_code,coinsurance_code,class_cd,it_remarks) values('29Nov240037','070000169457','53869',(select max(to_number(i.premium_rcv_detail_code))+1 from ins_premium_det i),'53869','53869','02', '11000003','00','Request by Mr. Raheel Malik 04-Dec-2024 For Fresh ');
A3: KHI/HO/D/MO/PC COMP/C/101132/2/11/2024 | B3: =VLOOKUP(A3,policy!B:C,2,0) -> 070000169481 | C3: 94724 | D3: =ROUND(C3,0) -> 94724 | E3: 29Nov240037 | F3: ="insert into ins_premium_det (premium_rcv_code,assorted_code, rec_amount,premium_rcv_detail_code,remaining_amt, payrec, mode_code,coinsurance_code,class_cd,it_remarks) values" -> insert into ins_premium_det (premium_rcv_code,assorted_code, rec_amount,premium_rcv_detail_code,remaining_amt, payrec, mode_code,coinsurance_code,class_cd,it_remarks) values | G3: ="('"&E3&"','"&B3&"','"&D3&"',(select max(to_number(i.premium_rcv_detail_code))+1 from ins_premium_det i),'"&D3&"','"&D3&"','02', '11000003','00','Request by Mr. Raheel Malik 04-Dec-2024 For Fresh ');" -> ('29Nov240037','070000169481','94724',(select max(to_number(i.premium_rcv_detail_code))+1 from ins_premium_det i),'94724','94724','02', '11000003','00','Request by Mr. Raheel Malik 04-Dec-2024 For Fresh '); | H3: =F3&G3 -> insert into ins_premium_det (premium_rcv_code,assorted_code, rec_amount,premium_rcv_detail_code,remaining_amt, payrec, mode_code,coinsurance_code,class_cd,it_remarks) values('29Nov240037','070000169481','94724',(select max(to_number(i.premium_rcv_detail_code))+1 from ins_premium_det i),'94724','94724','02', '11000003','00','Request by Mr. Raheel Malik 04-Dec-2024 For Fresh ');
A4: KHI/HO/D/MO/PC COMP/C/101132/3/11/2024 | B4: =VLOOKUP(A4,policy!B:C,2,0) -> 070000169482 | C4: 63680 | D4: =ROUND(C4,0) -> 63680 | E4: 29Nov240037 | F4: ="insert into ins_premium_det (premium_rcv_code,assorted_code, rec_amount,premium_rcv_detail_code,remaining_amt, payrec, mode_code,coinsurance_code,class_cd,it_remarks) values" -> insert into ins_premium_det (premium_rcv_code,assorted_code, rec_amount,premium_rcv_detail_code,remaining_amt, payrec, mode_code,coinsurance_code,class_cd,it_remarks) values | G4: ="('"&E4&"','"&B4&"','"&D4&"',(select max(to_number(i.premium_rcv_detail_code))+1 from ins_premium_det i),'"&D4&"','"&D4&"','02', '11000003','00','Request by Mr. Raheel Malik 04-Dec-2024 For Fresh ');" -> ('29Nov240037','070000169482','63680',(select max(to_number(i.premium_rcv_detail_code))+1 from ins_premium_det i),'63680','63680','02', '11000003','00','Request by Mr. Raheel Malik 04-Dec-2024 For Fresh '); | H4: =F4&G4 -> insert into ins_premium_det (premium_rcv_code,assorted_code, rec_amount,premium_rcv_detail_code,remaining_amt, payrec, mode_code,coinsurance_code,class_cd,it_remarks) values('29Nov240037','070000169482','63680',(select max(to_number(i.premium_rcv_detail_code))+1 from ins_premium_det i),'63680','63680','02', '11000003','00','Request by Mr. Raheel Malik 04-Dec-2024 For Fresh ');
A5: KHI/HO/D/MO/PC COMP/C/101132/4/11/2024 | B5: =VLOOKUP(A5,policy!B:C,2,0) -> 070000169491 | C5: 147930 | D5: =ROUND(C5,0) -> 147930 | E5: 29Nov240037 | F5: ="insert into ins_premium_det (premium_rcv_code,assorted_code, rec_amount,premium_rcv_detail_code,remaining_amt, payrec, mode_code,coinsurance_code,class_cd,it_remarks) values" -> insert into ins_premium_det (premium_rcv_code,assorted_code, rec_amount,premium_rcv_detail_code,remaining_amt, payrec, mode_code,coinsurance_code,class_cd,it_remarks) values | G5: ="('"&E5&"','"&B5&"','"&D5&"',(select max(to_number(i.premium_rcv_detail_code))+1 from ins_premium_det i),'"&D5&"','"&D5&"','02', '11000003','00','Request by Mr. Raheel Malik 04-Dec-2024 For Fresh ');" -> ('29Nov240037','070000169491','147930',(select max(to_number(i.premium_rcv_detail_code))+1 from ins_premium_det i),'147930','147930','02', '11000003','00','Request by Mr. Raheel Malik 04-Dec-2024 For Fresh '); | H5: =F5&G5 -> insert into ins_premium_det (premium_rcv_code,assorted_code, rec_amount,premium_rcv_detail_code,remaining_amt, payrec, mode_code,coinsurance_code,class_cd,it_remarks) values('29Nov240037','070000169491','147930',(select max(to_number(i.premium_rcv_detail_code))+1 from ins_premium_det i),'147930','147930','02', '11000003','00','Request by Mr. Raheel Malik 04-Dec-2024 For Fresh ');
A6: KHI/HO/D/MO/PC COMP/C/101132/5/11/2024 | B6: =VLOOKUP(A6,policy!B:C,2,0) -> 070000170973 | C6: 133485 | D6: =ROUND(C6,0) -> 133485 | E6: 29Nov240037 | F6: ="insert into ins_premium_det (premium_rcv_code,assorted_code, rec_amount,premium_rcv_detail_code,remaining_amt, payrec, mode_code,coinsurance_code,class_cd,it_remarks) values" -> insert into ins_premium_det (premium_rcv_code,assorted_code, rec_amount,premium_rcv_detail_code,remaining_amt, payrec, mode_code,coinsurance_code,class_cd,it_remarks) values | G6: ="('"&E6&"','"&B6&"','"&D6&"',(select max(to_number(i.premium_rcv_detail_code))+1 from ins_premium_det i),'"&D6&"','"&D6&"','02', '11000003','00','Request by Mr. Raheel Malik 04-Dec-2024 For Fresh ');" -> ('29Nov240037','070000170973','133485',(select max(to_number(i.premium_rcv_detail_code))+1 from ins_premium_det i),'133485','133485','02', '11000003','00','Request by Mr. Raheel Malik 04-Dec-2024 For Fresh '); | H6: =F6&G6 -> insert into ins_premium_det (premium_rcv_code,assorted_code, rec_amount,premium_rcv_detail_code,remaining_amt, payrec, mode_code,coinsurance_code,class_cd,it_remarks) values('29Nov240037','070000170973','133485',(select max(to_number(i.premium_rcv_detail_code))+1 from ins_premium_det i),'133485','133485','02', '11000003','00','Request by Mr. Raheel Malik 04-Dec-2024 For Fresh ');
A7: KHI/HO/D/MO/PC COMP/C/101132/6/11/2024 | B7: =VLOOKUP(A7,policy!B:C,2,0) -> 070000171251 | C7: 60596 | D7: =ROUND(C7,0) -> 60596 | E7: 29Nov240037 | F7: ="insert into ins_premium_det (premium_rcv_code,assorted_code, rec_amount,premium_rcv_detail_code,remaining_amt, payrec, mode_code,coinsurance_code,class_cd,it_remarks) values" -> insert into ins_premium_det (premium_rcv_code,assorted_code, rec_amount,premium_rcv_detail_code,remaining_amt, payrec, mode_code,coinsurance_code,class_cd,it_remarks) values | G7: ="('"&E7&"','"&B7&"','"&D7&"',(select max(to_number(i.premium_rcv_detail_code))+1 from ins_premium_det i),'"&D7&"','"&D7&"','02', '11000003','00','Request by Mr. Raheel Malik 04-Dec-2024 For Fresh ');" -> ('29Nov240037','070000171251','60596',(select max(to_number(i.premium_rcv_detail_code))+1 from ins_premium_det i),'60596','60596','02', '11000003','00','Request by Mr. Raheel Malik 04-Dec-2024 For Fresh '); | H7: =F7&G7 -> insert into ins_premium_det (premium_rcv_code,assorted_code, rec_amount,premium_rcv_detail_code,remaining_amt, payrec, mode_code,coinsurance_code,class_cd,it_remarks) values('29Nov240037','070000171251','60596',(select max(to_number(i.premium_rcv_detail_code))+1 from ins_premium_det i),'60596','60596','02', '11000003','00','Request by Mr. Raheel Malik 04-Dec-2024 For Fresh ');
A8: KHI/HO/D/MO/PC COMP/C/100345/8/10/2024 | B8: =VLOOKUP(A8,policy!B:C,2,0) -> 070000169339 | C8: 53869 | D8: =ROUND(C8,0) -> 53869 | E8: 29Nov240037 | F8: ="insert into ins_premium_det (premium_rcv_code,assorted_code, rec_amount,premium_rcv_detail_code,remaining_amt, payrec, mode_code,coinsurance_code,class_cd,it_remarks) values" -> insert into ins_premium_det (premium_rcv_code,assorted_code, rec_amount,premium_rcv_detail_code,remaining_amt, payrec, mode_code,coinsurance_code,class_cd,it_remarks) values | G8: ="('"&E8&"','"&B8&"','"&D8&"',(select max(to_number(i.premium_rcv_detail_code))+1 from ins_premium_det i),'"&D8&"','"&D8&"','02', '11000003','00','Request by Mr. Raheel Malik 04-Dec-2024 For Fresh ');" -> ('29Nov240037','070000169339','53869',(select max(to_number(i.premium_rcv_detail_code))+1 from ins_premium_det i),'53869','53869','02', '11000003','00','Request by Mr. Raheel Malik 04-Dec-2024 For Fresh '); | H8: =F8&G8 -> insert into ins_premium_det (premium_rcv_code,assorted_code, rec_amount,premium_rcv_detail_code,remaining_amt, payrec, mode_code,coinsurance_code,class_cd,it_remarks) values('29Nov240037','070000169339','53869',(select max(to_number(i.premium_rcv_detail_code))+1 from ins_premium_det i),'53869','53869','02', '11000003','00','Request by Mr. Raheel Malik 04-Dec-2024 For Fresh ');
A9: KHI/HO/D/MO/PC COMP/C/100345/4/10/2024 | B9: =VLOOKUP(A9,policy!B:C,2,0) -> 070000169018 | C9: 58500 | D9: =ROUND(C9,0) -> 58500 | E9: 29Nov240037 | F9: ="insert into ins_premium_det (premium_rcv_code,assorted_code, rec_amount,premium_rcv_detail_code,remaining_amt, payrec, mode_code,coinsurance_code,class_cd,it_remarks) values" -> insert into ins_premium_det (premium_rcv_code,assorted_code, rec_amount,premium_rcv_detail_code,remaining_amt, payrec, mode_code,coinsurance_code,class_cd,it_remarks) values | G9: ="('"&E9&"','"&B9&"','"&D9&"',(select max(to_number(i.premium_rcv_detail_code))+1 from ins_premium_det i),'"&D9&"','"&D9&"','02', '11000003','00','Request by Mr. Raheel Malik 04-Dec-2024 For Fresh ');" -> ('29Nov240037','070000169018','58500',(select max(to_number(i.premium_rcv_detail_code))+1 from ins_premium_det i),'58500','58500','02', '11000003','00','Request by Mr. Raheel Malik 04-Dec-2024 For Fresh '); | H9: =F9&G9 -> insert into ins_premium_det (premium_rcv_code,assorted_code, rec_amount,premium_rcv_detail_code,remaining_amt, payrec, mode_code,coinsurance_code,class_cd,it_remarks) values('29Nov240037','070000169018','58500',(select max(to_number(i.premium_rcv_detail_code))+1 from ins_premium_det i),'58500','58500','02', '11000003','00','Request by Mr. Raheel Malik 04-Dec-2024 For Fresh ');
A10: KHI/HO/D/MO/PC COMP/C/100345/5/10/2024 | B10: =VLOOKUP(A10,policy!B:C,2,0) -> 070000169038 | C10: 96217 | D10: =ROUND(C10,0) -> 96217 | E10: 29Nov240037 | F10: ="insert into ins_premium_det (premium_rcv_code,assorted_code, rec_amount,premium_rcv_detail_code,remaining_amt, payrec, mode_code,coinsurance_code,class_cd,it_remarks) values" -> insert into ins_premium_det (premium_rcv_code,assorted_code, rec_amount,premium_rcv_detail_code,remaining_amt, payrec, mode_code,coinsurance_code,class_cd,it_remarks) values | G10: ="('"&E10&"','"&B10&"','"&D10&"',(select max(to_number(i.premium_rcv_detail_code))+1 from ins_premium_det i),'"&D10&"','"&D10&"','02', '11000003','00','Request by Mr. Raheel Malik 04-Dec-2024 For Fresh ');" -> ('29Nov240037','070000169038','96217',(select max(to_number(i.premium_rcv_detail_code))+1 from ins_premium_det i),'96217','96217','02', '11000003','00','Request by Mr. Raheel Malik 04-Dec-2024 For Fresh '); | H10: =F10&G10 -> insert into ins_premium_det (premium_rcv_code,assorted_code, rec_amount,premium_rcv_detail_code,remaining_amt, payrec, mode_code,coinsurance_code,class_cd,it_remarks) values('29Nov240037','070000169038','96217',(select max(to_number(i.premium_rcv_detail_code))+1 from ins_premium_det i),'96217','96217','02', '11000003','00','Request by Mr. Raheel Malik 04-Dec-2024 For Fresh ');
A11: KHI/HO/D/MO/PC COMP/C/100345/6/10/2024 | B11: =VLOOKUP(A11,policy!B:C,2,0) -> 070000169075 | C11: 178612 | D11: =ROUND(C11,0) -> 178612 | E11: 29Nov240037 | F11: ="insert into ins_premium_det (premium_rcv_code,assorted_code, rec_amount,premium_rcv_detail_code,remaining_amt, payrec, mode_code,coinsurance_code,class_cd,it_remarks) values" -> insert into ins_premium_det (premium_rcv_code,assorted_code, rec_amount,premium_rcv_detail_code,remaining_amt, payrec, mode_code,coinsurance_code,class_cd,it_remarks) values | G11: ="('"&E11&"','"&B11&"','"&D11&"',(select max(to_number(i.premium_rcv_detail_code))+1 from ins_premium_det i),'"&D11&"','"&D11&"','02', '11000003','00','Request by Mr. Raheel Malik 04-Dec-2024 For Fresh ');" -> ('29Nov240037','070000169075','178612',(select max(to_number(i.premium_rcv_detail_code))+1 from ins_premium_det i),'178612','178612','02', '11000003','00','Request by Mr. Raheel Malik 04-Dec-2024 For Fresh '); | H11: =F11&G11 -> insert into ins_premium_det (premium_rcv_code,assorted_code, rec_amount,premium_rcv_detail_code,remaining_amt, payrec, mode_code,coinsurance_code,class_cd,it_remarks) values('29Nov240037','070000169075','178612',(select max(to_number(i.premium_rcv_detail_code))+1 from ins_premium_det i),'178612','178612','02', '11000003','00','Request by Mr. Raheel Malik 04-Dec-2024 For Fresh ');
A12: KHI/HO/D/MO/PC COMP/C/100345/2/10/2024 | B12: =VLOOKUP(A12,policy!B:C,2,0) -> 070000169002 | C12: 231765 | D12: =ROUND(C12,0) -> 231765 | E12: 29Nov240037 | F12: ="insert into ins_premium_det (premium_rcv_code,assorted_code, rec_amount,premium_rcv_detail_code,remaining_amt, payrec, mode_code,coinsurance_code,class_cd,it_remarks) values" -> insert into ins_premium_det (premium_rcv_code,assorted_code, rec_amount,premium_rcv_detail_code,remaining_amt, payrec, mode_code,coinsurance_code,class_cd,it_remarks) values | G12: ="('"&E12&"','"&B12&"','"&D12&"',(select max(to_number(i.premium_rcv_detail_code))+1 from ins_premium_det i),'"&D12&"','"&D12&"','02', '11000003','00','Request by Mr. Raheel Malik 04-Dec-2024 For Fresh ');" -> ('29Nov240037','070000169002','231765',(select max(to_number(i.premium_rcv_detail_code))+1 from ins_premium_det i),'231765','231765','02', '11000003','00','Request by Mr. Raheel Malik 04-Dec-2024 For Fresh '); | H12: =F12&G12 -> insert into ins_premium_det (premium_rcv_code,assorted_code, rec_amount,premium_rcv_detail_code,remaining_amt, payrec, mode_code,coinsurance_code,class_cd,it_remarks) values('29Nov240037','070000169002','231765',(select max(to_number(i.premium_rcv_detail_code))+1 from ins_premium_det i),'231765','231765','02', '11000003','00','Request by Mr. Raheel Malik 04-Dec-2024 For Fresh ');
A13: KHI/HO/D/MO/PC COMP/C/98111/5/10/2024 | B13: =VLOOKUP(A13,policy!B:C,2,0) -> 070000166919 | C13: 85750 | D13: =ROUND(C13,0) -> 85750 | E13: 29Nov240037 | F13: ="insert into ins_premium_det (premium_rcv_code,assorted_code, rec_amount,premium_rcv_detail_code,remaining_amt, payrec, mode_code,coinsurance_code,class_cd,it_remarks) values" -> insert into ins_premium_det (premium_rcv_code,assorted_code, rec_amount,premium_rcv_detail_code,remaining_amt, payrec, mode_code,coinsurance_code,class_cd,it_remarks) values | G13: ="('"&E13&"','"&B13&"','"&D13&"',(select max(to_number(i.premium_rcv_detail_code))+1 from ins_premium_det i),'"&D13&"','"&D13&"','02', '11000003','00','Request by Mr. Raheel Malik 04-Dec-2024 For Fresh ');" -> ('29Nov240037','070000166919','85750',(select max(to_number(i.premium_rcv_detail_code))+1 from ins_premium_det i),'85750','85750','02', '11000003','00','Request by Mr. Raheel Malik 04-Dec-2024 For Fresh '); | H13: =F13&G13 -> insert into ins_premium_det (premium_rcv_code,assorted_code, rec_amount,premium_rcv_detail_code,remaining_amt, payrec, mode_code,coinsurance_code,class_cd,it_remarks) values('29Nov240037','070000166919','85750',(select max(to_number(i.premium_rcv_detail_code))+1 from ins_premium_det i),'85750','85750','02', '11000003','00','Request by Mr. Raheel Malik 04-Dec-2024 For Fresh ');
C14: =SUM(C2:C13) -> 1258997 | D14: =SUM(D2:D13) -> 1258997

Sheet Sheet2
A1: KHI/HO/D/MO/PC COMP/C/101132/1/11/2024 | B1: -11-2024 | H1: 101132 | I1: 00001 | J1: ="ia.assorted_string like '%"&H1&"-"&I1&B1&"%' or" -> ia.assorted_string like '%101132-00001-11-2024%' or
A2: KHI/HO/D/MO/PC COMP/C/101132/2/11/2024 | B2: -11-2024 | H2: 101132 | I2: 00002 | J2: ="ia.assorted_string like '%"&H2&"-"&I2&B2&"%' or" -> ia.assorted_string like '%101132-00002-11-2024%' or
A3: KHI/HO/D/MO/PC COMP/C/101132/3/11/2024 | B3: -11-2024 | H3: 101132 | I3: 00003 | J3: ="ia.assorted_string like '%"&H3&"-"&I3&B3&"%' or" -> ia.assorted_string like '%101132-00003-11-2024%' or
A4: KHI/HO/D/MO/PC COMP/C/101132/4/11/2024 | B4: -11-2024 | H4: 101132 | I4: 00004 | J4: ="ia.assorted_string like '%"&H4&"-"&I4&B4&"%' or" -> ia.assorted_string like '%101132-00004-11-2024%' or
A5: KHI/HO/D/MO/PC COMP/C/101132/5/11/2024 | B5: -11-2024 | H5: 101132 | I5: 00005 | J5: ="ia.assorted_string like '%"&H5&"-"&I5&B5&"%' or" -> ia.assorted_string like '%101132-00005-11-2024%' or
A6: KHI/HO/D/MO/PC COMP/C/101132/6/11/2024 | B6: -11-2024 | H6: 101132 | I6: 00006 | J6: ="ia.assorted_string like '%"&H6&"-"&I6&B6&"%' or" -> ia.assorted_string like '%101132-00006-11-2024%' or
A7: KHI/HO/D/MO/PC COMP/C/100345/8/10/2024 | B7: -10-2024 | H7: 100345 | I7: 00008 | J7: ="ia.assorted_string like '%"&H7&"-"&I7&B7&"%' or" -> ia.assorted_string like '%100345-00008-10-2024%' or
A8: KHI/HO/D/MO/PC COMP/C/100345/4/10/2024 | B8: -10-2024 | H8: 100345 | I8: 00004 | J8: ="ia.assorted_string like '%"&H8&"-"&I8&B8&"%' or" -> ia.assorted_string like '%100345-00004-10-2024%' or
A9: KHI/HO/D/MO/PC COMP/C/100345/5/10/2024 | B9: -10-2024 | H9: 100345 | I9: 00005 | J9: ="ia.assorted_string like '%"&H9&"-"&I9&B9&"%' or" -> ia.assorted_string like '%100345-00005-10-2024%' or
A10: KHI/HO/D/MO/PC COMP/C/100345/6/10/2024 | B10: -10-2024 | H10: 100345 | I10: 00006 | J10: ="ia.assorted_string like '%"&H10&"-"&I10&B10&"%' or" -> ia.assorted_string like '%100345-00006-10-2024%' or
A11: KHI/HO/D/MO/PC COMP/C/100345/2/10/2024 | B11: -10-2024 | H11: 100345 | I11: 00002 | J11: ="ia.assorted_string like '%"&H11&"-"&I11&B11&"%' or" -> ia.assorted_string like '%100345-00002-10-2024%' or
A12: KHI/HO/D/MO/PC COMP/C/98111/5/10/2024 | B12: -10-2024 | H12: 98111 | I12: 00005 | J12: ="ia.assorted_string like '%"&H12&"-"&I12&B12&"%' or" -> ia.assorted_string like '%98111-00005-10-2024%' or

Sheet policy
B1: FUNC_ASSORTED_STRING(IA.ASSORTED_CODE) | C1: ASSORTED_CODE
A2: 1 | B2: KHI/HO/D/MO/PC COMP/C/100345/5/10/2024 | C2: 070000169038
A3: 2 | B3: KHI/HO/D/MO/PC COMP/C/100345/8/10/2024 | C3: 070000169339
A4: 3 | B4: KHI/HO/D/MO/PC COMP/C/101132/3/11/2024 | C4: 070000169482
A5: 4 | B5: KHI/HO/D/MO/PC COMP/C/101132/2/11/2024 | C5: 070000169481
A6: 5 | B6: KHI/HO/D/MO/PC COMP/C/100345/4/10/2024 | C6: 070000169018
A7: 6 | B7: KHI/HO/D/MO/PC COMP/C/98111/5/10/2024 | C7: 070000166919
A8: 7 | B8: KHI/HO/D/MO/PC COMP/C/101132/1/11/2024 | C8: 070000169457
A9: 8 | B9: KHI/HO/D/MO/PC COMP/C/100345/6/10/2024 | C9: 070000169075
A10: 9 | B10: KHI/HO/D/MO/PC COMP/C/100345/2/10/2024 | C10: 070000169002
A11: 10 | B11: KHI/HO/D/MO/PC COMP/C/101132/4/11/2024 | C11: 070000169491
A12: 11 | B12: KHI/HO/D/MO/PC COMP/C/101132/5/11/2024 | C12: 070000170973
A13: 12 | B13: KHI/HO/D/MO/PC COMP/C/101132/6/11/2024 | C13: 070000171251

Sheet Renewal
A3: Fresh / Renewal | B3: Renewal Month | C3: Takaful Company | D3: Policy # | E3: TRACKER_TYPE | F3: Takaful start Date | G3: Takaful End End | H3: Make | I3: Model | J3: Registration_Number | K3: Engine_Number | L3: Chassis_Number | M3: Customer Name | N3: CNIC | O3: CIF+Deal+Branch | P3: BRANCH_CODE | Q3: CLASS | R3: DEAL_DATE | S3: MATURITY_DATE | T3: Old Sum Covered | U3: Rate | V3: New Sum Covered | W3: Gross Premium | X3: Tracker Amount | Y3: Net Premium | Z3: Remarks | AA3: DEAL_STATUS | AB3: Category | AC3: Prepaid Date | AD3: Payment Date | AE3: Policy # | AF3: Tms prem | AG3: Difference
A4: Renewal | B4: Nov-24 | C4: Salaam Takaful | D4: KHI/HO/D/MO/PC COMP/C/78152/342/11/2023 | E4: By Bank | F4: 45597 | G4: 45962 | H4: KIA SPORTAGE AWD-CW | I4: 2021 | J4: AFM-658 | K4: G4NALH342077 | L4: NNAQL51AZKP508547 | M4: M/S.Bankislami(Pakistan)Limited User:Mr.MianMuhayminAzamManeka | N4: 3520191578637 | O4: 3630342-2780-2002 | P4: 2002 | Q4: 477 | R4: 44503 | S4: 46331 | T4: 4398300 | U4: 0.0175 | V4: 3958470 | W4: 69273.225 | X4: 0 | Y4: 69273 | Z4: Ok for Renewal | AA4: APPROVED | AB4: Consumer | AC4: Before_24-Dec-2021 | AD4: 45623 | AE4: KHI/HO/D/MO/PC COMP/C/101820/2/11/2024 | AF4: 69273 | AG4: =Y4-AF4 -> 0
A5: Renewal | B5: Nov-24 | C5: Salaam Takaful | D5: KHI/HO/D/MO/PC COMP/C/78152/192/11/2023 | E5: By Bank | F5: 45600 | G5: 45965 | H5: HYUNDAI SONATA 6A/T SR DELUXE | I5: 2021 | J5: AFN-594 | K5: G4NAMU124566 | L5: PMHL3416MMN400480 | M5: M/S.Bankislami(Pakistan)Limited User:MrMuhammadQaisarIqbalKhan | N5: 3520238214541 | O5: 743675-802-2053 | P5: 2053 | Q5: 450 | R5: 44505 | S5: 46331 | T5: 5194125 | U5: 0.0175 | V5: 4674712.5 | W5: 81807.469 | X5: 0 | Y5: 81807 | Z5: Ok for Renewal | AA5: APPROVED | AB5: Consumer | AC5: Before_24-Dec-2021 | AD5: 45623 | AE5: KHI/HO/D/MO/PC COMP/C/101820/3/11/2024 | AF5: 81807 | AG5: =Y5-AF5 -> 0
A6: Renewal | B6: Nov-24 | C6: Salaam Takaful | D6: KHI/HO/D/MO/PC COMP/C/78152/226/11/2023 | E6: By Bank | F6: 45617 | G6: 45982 | H6: SUZUKI ALTO VXL AGS E-2 | I6: 2021 | J6: AFV-847 | K6: 6R193101 | L6: NF1AET306H1093081 | M6: M/S.Bankislami(Pakistan)Limited User:Mr.MairaAmjad | N6: 3520275280074 | O6: 864373-666-2029 | P6: 2029 | Q6: 450 | R6: 44530 | S6: 46351 | T6: 1232010 | U6: 0.018 | V6: 1108809 | W6: 19958.562 | X6: 0 | Y6: 19959 | Z6: Ok for Renewal | AA6: APPROVED | AB6: Consumer | AC6: Before_24-Dec-2021 | AD6: 45623 | AE6: KHI/HO/D/MO/PC COMP/C/101820/4/11/2024 | AF6: 19959 | AG6: =Y6-AF6 -> 0
A7: Renewal | B7: Nov-24 | C7: Salaam Takaful | D7: KHI/HO/D/MO/PC COMP/C/78152/248/11/2023 | E7: By Bank | F7: 45620 | G7: 45985 | H7: SUZUKI ALTO AGS A/T | I7: 2021 | J7: AFW-479 | K7: 6R193315 | L7: NF1AET306H1093227 | M7: M/S.Bankislami(Pakistan)Limited User:Mr.MuhammadKhyzerBinDost | N7: 3520282688765 | O7: 894012-665-2029 | P7: 2029 | Q7: 450 | R7: 44525 | S7: 47082 | T7: 1232010 | U7: 0.018 | V7: 1108809 | W7: 19958.562 | X7: 0 | Y7: 19959 | Z7: Ok for Renewal | AA7: APPROVED | AB7: Consumer | AC7: Before_24-Dec-2021 | AD7: 45623 | AE7: KHI/HO/D/MO/PC COMP/C/101820/5/11/2024 | AF7: 19959 | AG7: =Y7-AF7 -> 0
A8: Renewal | B8: Nov-24 | C8: Salaam Takaful | D8: KHI/HO/D/MO/PC COMP/C/78152/225/11/2023 | E8: By Bank | F8: 45605 | G8: 45970 | H8: KIA SPORTAGE AWD-CW | I8: 2020 | J8: ARW-138 | K8: G4NALH326134 | L8: NNAQL51AZKP506308 | M8: M/S.Bankislami(Pakistan)Limited User:Mr.AmmarWaheed | N8: 3120222404265 | O8: 861406-226-2009 | P8: 2009 | Q8: 450 | R8: 44146 | S8: 45966 | T8: 3952638 | U8: 0.019 | V8: 3557374.2 | W8: 67590.11 | X8: 0 | Y8: 67590 | Z8: Ok for Renewal | AA8: APPROVED | AB8: Consumer | AC8: Before_24-Dec-2021 | AD8: 45623 | AE8: KHI/HO/D/MO/PC COMP/C/101820/6/11/2024 | AF8: 67590 | AG8: =Y8-AF8 -> 0
A9: Renewal | B9: Nov-24 | C9: Salaam Takaful | D9: KHI/HO/D/MO/PC COMP/C/78152/223/11/2023 | E9: By Bank | F9: 45618 | G9: 45983 | H9: SUZUKI ALTO VX | I9: 2021 | J9: AFW-653 | K9: 6R192879 | L9: NF1AET306H1092876 | M9: M/S.Bankislami(Pakistan)Limited User:Mr.NadeemShakir | N9: 3520178201837 | O9: 857975-2821-2002 | P9: 2002 | Q9: 477 | R9: 44546 | S9: 46351 | T9: 901530 | U9: 0.0199 | V9: 811377 | W9: 16146.402 | X9: 0 | Y9: 16146 | Z9: Ok for Renewal | AA9: APPROVED | AB9: Consumer | AC9: Before_24-Dec-2021 | AD9: 45623 | AE9: KHI/HO/D/MO/PC COMP/C/101820/7/11/2024 | AF9: 16146 | AG9: =Y9-AF9 -> 0
A10: Renewal | B10: Nov-24 | C10: Salaam Takaful | D10: KHI/HO/D/MO/PC COMP/C/78152/19/11/2023 | E10: By Bank | F10: 45618 | G10: 45983 | H10: SUZUKI BOLAN VX | I10: 2022 | J10: AMJ-489 | K10: PKT1023482 | L10: SV308PK01139998 | M10: M/s.BankislamiPakistanLimited UserMr.GhulamMustafa | N10: 3520121047647 | O10: 3700663-252-2046 | P10: 2046 | Q10: 477 | R10: 44888 | S10: 46716 | T10: 1195200 | U10: 0.0199 | V10: 1075680 | W10: 21406.032 | X10: 0 | Y10: 21406 | Z10: Ok for Renewal | AA10: APPROVED | AB10: Consumer | AC10: After_24-Dec-2021 | AD10: 45623 | AE10: KHI/HO/D/MO/PC COMP/C/101820/8/11/2024 | AF10: 21406 | AG10: =Y10-AF10 -> 0
A11: Renewal | B11: Nov-24 | C11: Salaam Takaful | D11: KHI/HO/D/MO/PC COMP/C/78152/108/11/2023 | E11: By Bank | F11: 45610 | G11: 45975 | H11: SUZUKI ALTO VX EURO II | I11: 2022 | J11: AMF-467 | K11: 6R252242 | L11: NF1AET306H1152254 | M11: M/s.BankislamiPakistanLimited UserMs.SanaChudhry | N11: 3520188325842 | O11: 3692544-250-2046 | P11: 2046 | Q11: 477 | R11: 44873 | S11: 46696 | T11: 1175400 | U11: 0.0199 | V11: 1057860 | W11: 21051.414 | X11: 0 | Y11: 21051 | Z11: Ok for Renewal | AA11: APPROVED | AB11: Consumer | AC11: After_24-Dec-2021 | AD11: 45623 | AE11: KHI/HO/D/MO/PC COMP/C/101820/9/11/2024 | AF11: 21051 | AG11: =Y11-AF11 -> 0
A12: Renewal | B12: Nov-24 | C12: Salaam Takaful | D12: KHI/HO/D/MO/PC COMP/C/78152/27/11/2023 | E12: By Bank | F12: 45619 | G12: 45984 | H12: SUZUKI ALTO VX | I12: 2022 | J12: AMK-647 | K12: 6R256253 | L12: NF1AET306H1156311 | M12: M/s.BankIslamiPakistanLimited UserMr.RanaMaqsoodAhmad | N12: 3410126382061 | O12: 3695383-128-3082 | P12: 3082 | Q12: 450 | R12: 44893 | S12: 46351 | T12: 1175400 | U12: 0.0199 | V12: 1057860 | W12: 21051.414 | X12: 0 | Y12: 21051 | Z12: Ok for Renewal | AA12: APPROVED | AB12: Consumer | AC12: After_24-Dec-2021 | AD12: 45623 | AE12: KHI/HO/D/MO/PC COMP/C/101820/10/11/2024 | AF12: 21051 | AG12: =Y12-AF12 -> 0
A13: Renewal | B13: Nov-24 | C13: Salaam Takaful | D13: KHI/HO/D/MO/PC COMP/C/78152/86/11/2023 | E13: By Bank | F13: 45603 | G13: 45968 | H13: SUZUKI ALTO VX EURO II | I13: 2022 | J13: AMF-579 | K13: 6R252232 | L13: NF1AET306H1152237 | M13: M/s.BankIslamiPakistanLimited UserMr.RizwanAli | N13: 3520107444767 | O13: 852774-359-2031 | P13: 2031 | Q13: 450 | R13: 44875 | S13: 47437 | T13: 1175400 | U13: 0.0199 | V13: 1057860 | W13: 21051.414 | X13: 0 | Y13: 21051 | Z13: Ok for Renewal | AA13: APPROVED | AB13: Consumer | AC13: After_24-Dec-2021 | AD13: 45623 | AE13: KHI/HO/D/MO/PC COMP/C/101820/11/11/2024 | AF13: 21051 | AG13: =Y13-AF13 -> 0
A14: Renewal | B14: Nov-24 | C14: Salaam Takaful | D14: KHI/HO/D/MO/PC COMP/C/78152/39/11/2023 | E14: By Bank | F14: 45623 | G14: 45988 | H14: SUZUKI ALTO | I14: 2022 | J14: BAW-863 | K14: 6R256741 | L14: NF1AET306H1156723 | M14: M/s.BankislamiPakistanLimited UserMr.PakeezaFarooqi | N14: 3740504874296 | O14: 3715055-226-3004 | P14: 3004 | Q14: 450 | R14: 44893 | S14: 46726 | T14: 1755900 | U14: 0.0199 | V14: 1580310 | W14: 31448.169 | X14: 0 | Y14: 31448 | Z14: Ok for Renewal | AA14: APPROVED | AB14: Consumer | AC14: After_24-Dec-2021 | AD14: 45623 | AE14: KHI/HO/D/MO/PC COMP/C/101820/12/11/2024 | AF14: 31448 | AG14: =Y14-AF14 -> 0
A15: Renewal | B15: Nov-24 | C15: Salaam Takaful | D15: KHI/HO/D/MO/PC COMP/C/78152/44/11/2023 | E15: By Bank | F15: 45623 | G15: 45988 | H15: SUZUKI ALTO | I15: 2022 | J15: ARU-572 | K15: 6R258561 | L15: NF1AET306H1158556 | M15: M/s.BankislamiPakistanLimited UserMr.AsadAliKiyani | N15: 3740510454007 | O15: 1313618-67-3085 | P15: 3085 | Q15: 450 | R15: 44896 | S15: 46726 | T15: 1755900 | U15: 0.0199 | V15: 1580310 | W15: 31448.169 | X15: 0 | Y15: 31448 | Z15: Ok for Renewal | AA15: APPROVED | AB15: Consumer | AC15: After_24-Dec-2021 | AD15: 45623 | AE15: KHI/HO/D/MO/PC COMP/C/101820/13/11/2024 | AF15: 31448 | AG15: =Y15-AF15 -> 0
A16: Renewal | B16: Nov-24 | C16: Salaam Takaful | D16: KHI/HO/D/MO/PC COMP/C/78152/54/11/2023 | E16: By Bank | F16: 45625 | G16: 45990 | H16: SUZUKI ALTO | I16: 2022 | J16: AML-641 | K16: 6R257799 | L16: NF1AET306H1157774 | M16: M/s.BankIslamiPakistanLimited UserMr.ZaidRiaz | N16: 3410194796469 | O16: 3717500-228-2005 | P16: 2005 | Q16: 450 | R16: 44897 | S16: 46726 | T16: 1755900 | U16: 0.0199 | V16: 1580310 | W16: 31448.169 | X16: 0 | Y16: 31448 | Z16: Ok for Renewal | AA16: APPROVED | AB16: Consumer | AC16: After_24-Dec-2021 | AD16: 45623 | AE16: KHI/HO/D/MO/PC COMP/C/101820/14/11/2024 | AF16: 31448 | AG16: =Y16-AF16 -> 0
A17: Renewal | B17: Nov-24 | C17: Salaam Takaful | D17: KHI/HO/D/MO/PC COMP/C/78152/56/11/2023 | E17: By Bank | F17: 45625 | G17: 45990 | H17: SUZUKI ALTO | I17: 2022 | J17: AML-965 | K17: 6R259088 | L17: NF1AET306H1159118 | M17: M/s.BankIslamiPakistanLimited UserMr.KhadijaNauman | N17: 3310045118926 | O17: 3705088-32-2117 | P17: 2117 | Q17: 450 | R17: 44901 | S17: 46726 | T17: 1755900 | U17: 0.0199 | V17: 1580310 | W17: 31448.169 | X17: 0 | Y17: 31448 | Z17: Ok for Renewal | AA17: APPROVED | AB17: Consumer | AC17: After_24-Dec-2021 | AD17: 45623 | AE17: KHI/HO/D/MO/PC COMP/C/101820/15/11/2024 | AF17: 31448 | AG17: =Y17-AF17 -> 0
A18: Renewal | B18: Nov-24 | C18: Salaam Takaful | D18: KHI/HO/D/MO/PC COMP/C/78152/376/11/2023 | E18: By Bank | F18: 45626 | G18: 45991 | H18: CHANGAN KARVAAN VAN | I18: 2022 | J18: BAX-738 | K18: JL466Q9N69U501077 | L18: NKMAAB3D1N1014067 | M18: M/s.Bankislami(Pakistan)Limited UserMr.HafizMuhammadAfzaal | N18: 3740270734491 | O18: 3638057-31-3095 | P18: 3095 | Q18: 450 | R18: 44900 | S18: 46726 | T18: 1506600 | U18: 0.0199 | V18: 1355940 | W18: 26983.206 | X18: 0 | Y18: 26983 | Z18: Ok for Renewal | AA18: APPROVED | AB18: Consumer | AC18: After_24-Dec-2021 | AD18: 45623 | AE18: KHI/HO/D/MO/PC COMP/C/101820/16/11/2024 | AF18: 26983 | AG18: =Y18-AF18 -> 0
A19: Renewal | B19: Nov-24 | C19: Salaam Takaful | D19: KHI/HO/D/MO/PC COMP/C/78152/83/11/2023 | E19: By Bank | F19: 45603 | G19: 45968 | H19: SUZUKI CULTUS VXL EURO II | I19: 2022 | J19: BAU-768 | K19: PK10K202681 | L19: NF1AVK31H10102658 | M19: M/s.BankIslamiPakistanLimited UserMr.RizwanAli | N19: 3640162562631 | O19: 673290-81-2056 | P19: 2056 | Q19: 450 | R19: 44882 | S19: 46331 | T19: 2485800 | U19: 0.0199 | V19: 2237220 | W19: 44520.678 | X19: 0 | Y19: 44521 | Z19: Ok for Renewal | AA19: APPROVED | AB19: Consumer | AC19: After_24-Dec-2021 | AD19: 45623 | AE19: KHI/HO/D/MO/PC COMP/C/101820/17/11/2024 | AF19: 44521 | AG19: =Y19-AF19 -> 0
A20: Renewal | B20: Nov-24 | C20: Salaam Takaful | D20: KHI/HO/D/MO/PC COMP/C/78152/116/11/2023 | E20: By Bank | F20: 45612 | G20: 45977 | H20: SUZUKI ALTO VXR | I20: 2022 | J20: AMH-775 | K20: 6R254360 | L20: NF1AET306H1154352 | M20: M/s.BankislamiPakistanLimited UserMr.MuhammadAzeemSubhani | N20: 3520151772725 | O20: 3707095-80-2112 | P20: 2112 | Q20: 450 | R20: 44883 | S20: 46716 | T20: 1507500 | U20: 0.0199 | V20: 1356750 | W20: 26999.325 | X20: 0 | Y20: 26999 | Z20: Ok for Renewal | AA20: APPROVED | AB20: Consumer | AC20: After_24-Dec-2021 | AD20: 45623 | AE20: KHI/HO/D/MO/PC COMP/C/101820/18/11/2024 | AF20: 26999 | AG20: =Y20-AF20 -> 0
A21: Renewal | B21: Nov-24 | C21: Salaam Takaful | D21: KHI/HO/D/MO/PC COMP/C/78152/63/11/2023 | E21: By Bank | F21: 45597 | G21: 45962 | H21: SUZUKI ALTO VXR E-2 | I21: 2022 | J21: BXU-597 | K21: 6R251960 | L21: NF1AET306H1151951 | M21: M/s.BankislamiPakistanLimited UserMr.AbdulSalamShaikh | N21: 4520308180741 | O21: 496888-174-1101 | P21: 1101 | Q21: 450 | R21: 44867 | S21: 46696 | T21: 1507500 | U21: 0.0199 | V21: 1356750 | W21: 26999.325 | X21: 0 | Y21: 26999 | Z21: Ok for Renewal | AA21: APPROVED | AB21: Consumer | AC21: After_24-Dec-2021 | AD21: 45623 | AE21: KHI/HO/D/MO/PC COMP/C/101820/19/11/2024 | AF21: 26999 | AG21: =Y21-AF21 -> 0
A22: Renewal | B22: Nov-24 | C22: Salaam Takaful | D22: KHI/HO/D/MO/PC COMP/C/78152/42/11/2023 | E22: By Bank | F22: 45597 | G22: 45962 | H22: SUZUKI ALTO | I22: 2022 | J22: BAT-857 | K22: 6R252246 | L22: NF1AET306H1152193 | M22: M/s.BankislamiPakistanLimited UserMr.MuhammadTariq | N22: 3630211666467 | O22: 3713943-236-2028 | P22: 2028 | Q22: 450 | R22: 44872 | S22: 45966 | T22: 1697400 | U22: 0.0199 | V22: 1527660 | W22: 30400.434 | X22: 0 | Y22: 30400 | Z22: Ok for Renewal | AA22: APPROVED | AB22: Consumer | AC22: After_24-Dec-2021 | AD22: 45623 | AE22: KHI/HO/D/MO/PC COMP/C/101820/20/11/2024 | AF22: 30400 | AG22: =Y22-AF22 -> 0
A23: Renewal | B23: Nov-24 | C23: Salaam Takaful | D23: KHI/HO/D/MO/PC COMP/C/78152/61/11/2023 | E23: By Bank | F23: 45597 | G23: 45962 | H23: SUZUKI ALTO | I23: 2022 | J23: AMH-744 | K23: 6R253794 | L23: NF1AET306H1153795 | M23: M/s.BankislamiPakistanLimited UserMr.USMANAYUBKHAN | N23: 3410204433707 | O23: 1437133-126-2033 | P23: 2033 | Q23: 450 | R23: 44869 | S23: 46696 | T23: 1697400 | U23: 0.0199 | V23: 1527660 | W23: 30400.434 | X23: 0 | Y23: 30400 | Z23: Ok for Renewal | AA23: APPROVED | AB23: Consumer | AC23: After_24-Dec-2021 | AD23: 45623 | AE23: KHI/HO/D/MO/PC COMP/C/101820/21/11/2024 | AF23: 30400 | AG23: =Y23-AF23 -> 0
A24: Renewal | B24: Nov-24 | C24: Salaam Takaful | D24: KHI/HO/D/MO/PC COMP/C/78152/90/11/2023 | E24: By Bank | F24: 45605 | G24: 45970 | H24: SUZUKI ALTO | I24: 2022 | J24: AMF-667 | K24: 6R253894 | L24: NF1AET306H1153903 | M24: M/s.BankIslamiPakistanLimited UserMs.NasiraSarkar | N24: 3520210798636 | O24: 3708536-444-2096 | P24: 2096 | Q24: 450 | R24: 44876 | S24: 45976 | T24: 1697400 | U24: 0.0199 | V24: 1527660 | W24: 30400.434 | X24: 0 | Y24: 30400 | Z24: Ok for Renewal | AA24: APPROVED | AB24: Consumer | AC24: After_24-Dec-2021 | AD24: 45623 | AE24: KHI/HO/D/MO/PC COMP/C/101820/22/11/2024 | AF24: 30400 | AG24: =Y24-AF24 -> 0
... A105: Renewal | B105: Nov-24 | C105: Salaam Takaful | D105: KHI/HO/D/MO/PC COMP/C/78152/99/11/2023 | E105: By Bank | F105: 45609 | G105: 45974 | H105: SUZUKI ALTO | I105: 2022 | J105: BXG-324 | K105: 6R242448 | L105: NF1AET306H1142479 | M105: M/sBankislamiPakistanLimited UserMr.MuhammadAkram | N105: 3510142368399 | O105: 327520-169-1028 | P105: 1028 | Q105: 450 | R105: 44876 | S105: 46706 | T105: 1890000 | U105: 0.0199 | V105: 1701000 | W105: 33849.9 | X105: 0 | Y105: 33850 | Z105: Ok for Renewal | AA105: APPROVED | AB105: Consumer | AC105: After_24-Dec-2021 | AD105: 45623 | AE105: KHI/HO/D/MO/PC COMP/C/101820/104/11/2024 | AF105: 33850 | AG105: =Y105-AF105 -> 0
A106: Renewal | B106: Nov-24 | C106: Salaam Takaful | D106: KHI/HO/D/MO/PC COMP/P/78212/11/2023 | E106: By Bank | F106: 45609 | G106: 45974 | H106: MERCEDES MERCEDEZ BENZ | I106: 2017 | J106: BHS-646 | K106: 27491030720790 | L106: WDD2050402R20969 | M106: M/s Bankislami Pakistan Limited User Mr. Zeeshan Qazi M/S Jauhar Autos CNIC # 42201-4711152-3 CELL # 0331-2138186 P.O # 1186/4711152 | N106: 8268550 | O106: 1520714-17-1186 | P106: 1186 | Q106: 565 | R106: 44873 | S106: 45955 | T106: 11250000 | U106: 0.0199 | V106: 10125000 | W106: 201487.5 | X106: 0 | Y106: 201488 | Z106: Ok for Renewal | AA106: APPROVED | AB106: Consumer | AC106: After_24-Dec-2021 | AD106: 45623 | AE106: KHI/HO/D/MO/PC COMP/C/101820/105/11/2024 | AF106: 201488 | AG106: =Y106-AF106 -> 0
A107: Renewal | B107: Nov-24 | C107: Salaam Takaful | D107: KHI/HO/D/MO/PC COMP/C/78152/136/11/2023 | E107: By Bank | F107: 45605 | G107: 45970 | H107: SUZUKI ALTO AGS A/T | I107: 2021 | J107: AFP-766 | K107: 6R191063 | L107: NF1AET306H1091088 | M107: M/S.Bankislami(Pakistan)Limited User:MrAsherRehmanButt | N107: 3520290027825 | O107: 500860-658-2029 | P107: 2029 | Q107: 450 | R107: 44510 | S107: 46331 | T107: 1232010 | U107: 0.0199 | V107: 1108809 | W107: 22065.299 | X107: 0 | Y107: 22065 | Z107: Ok for Renewal | AA107: APPROVED | AB107: Consumer | AC107: Before_24-Dec-2021 | AD107: 45623 | AE107: KHI/HO/D/MO/PC COMP/C/101820/106/11/2024 | AF107: 22065 | AG107: =Y107-AF107 -> 0
A108: Renewal | B108: Nov-24 | C108: Salaam Takaful | D108: KHI/HO/D/MO/PC COMP/C/78152/151/11/2023 | E108: By Bank | F108: 45604 | G108: 45969 | H108: SUZUKI ALTO AGS A/T | I108: 2021 | J108: AVU-799 | K108: 6R190953 | L108: NF1AET306H1090975 | M108: M/S.Bankislami(Pakistan)Limited User:MrNisarAhmadCheema | N108: 3410126347649 | O108: 579055-2899-2002 | P108: 2002 | Q108: 450 | R108: 44571 | S108: 47072 | T108: 1232010 | U108: 0.0199 | V108: 1108809 | W108: 22065.299 | X108: 0 | Y108: 22065 | Z108: Ok for Renewal | AA108: APPROVED | AB108: Consumer | AC108: After_24-Dec-2021 | AD108: 45623 | AE108: KHI/HO/D/MO/PC COMP/C/101820/107/11/2024 | AF108: 22065 | AG108: =Y108-AF108 -> 0
A109: Renewal | B109: Nov-24 | C109: Salaam Takaful | D109: KHI/HO/D/MO/PC COMP/C/78152/276/11/2023 | E109: By Bank | F109: 45600 | G109: 45965 | H109: SUZUKI ALTO | I109: 2021 | J109: BUY-697 | K109: 6R191529 | L109: NF1AET306H1091531 | M109: M/S.Bankislami(Pakistan)Limited User:SyedAdnanAli | N109: 4210105740475 | O109: 971861-179-1050 | P109: 1050 | Q109: 450 | R109: 44505 | S109: 47062 | T109: 1232010 | U109: 0.0199 | V109: 1108809 | W109: 22065.299 | X109: 0 | Y109: 22065 | Z109: Ok for Renewal | AA109: APPROVED | AB109: Consumer | AC109: Before_24-Dec-2021 | AD109: 45623 | AE109: KHI/HO/D/MO/PC COMP/C/101820/108/11/2024 | AF109: 22065 | AG109: =Y109-AF109 -> 0
A110: Renewal | B110: Nov-24 | C110: Salaam Takaful | D110: KHI/HO/D/MO/PC COMP/C/78152/278/11/2023 | E110: By Bank | F110: 45603 | G110: 45968 | H110: SUZUKI ALTO AGS A/T | I110: 2021 | J110: AVU-610 | K110: 6R191420 | L110: NF1AET306H1091432 | M110: M/S.Bankislami(Pakistan)Limited User:Ms.AmbreenZia | N110: 4230102918524 | O110: 976822-308-2031 | P110: 2031 | Q110: 450 | R110: 44511 | S110: 47062 | T110: 1232010 | U110: 0.0199 | V110: 1108809 | W110: 22065.299 | X110: 0 | Y110: 22065 | Z110: Ok for Renewal | AA110: APPROVED | AB110: Consumer | AC110: Before_24-Dec-2021 | AD110: 45623 | AE110: KHI/HO/D/MO/PC COMP/C/101820/109/11/2024 | AF110: 22065 | AG110: =Y110-AF110 -> 0
A111: Renewal | B111: Nov-24 | C111: Salaam Takaful | D111: KHI/HO/D/MO/PC COMP/C/78152/295/11/2023 | E111: By Bank | F111: 45612 | G111: 45977 | H111: SUZUKI ALTO VXL AGS E-2 | I111: 2021 | J111: AVW-260 | K111: 191121 | L111: 91124 | M111: M/S.Bankislami(Pakistan)Limited User:MrWaleedBinZahid | N111: 4210135313113 | O111: 966866-177-3087 | P111: 3087 | Q111: 450 | R111: 44518 | S111: 47072 | T111: 1232010 | U111: 0.0199 | V111: 1108809 | W111: 22065.299 | X111: 0 | Y111: 22065 | Z111: Ok for Renewal | AA111: APPROVED | AB111: Consumer | AC111: Before_24-Dec-2021 | AD111: 45623 | AE111: KHI/HO/D/MO/PC COMP/C/101820/110/11/2024 | AF111: 22065 | AG111: =Y111-AF111 -> 0
A112: Renewal | B112: Nov-24 | C112: Salaam Takaful | D112: KHI/HO/D/MO/PC COMP/C/78152/277/11/2023 | E112: By Bank | F112: 45621 | G112: 45986 | H112: HONDA CIVIC | I112: 2021 | J112: BVC-676 | K112: R18Z16927724 | L112: NFBFC6669MR080300 | M112: M/S.Bankislami(Pakistan)Limited User:ZarqaBano | N112: 4520307768036 | O112: 972393-163-1149 | P112: 1149 | Q112: 477 | R112: 44530 | S112: 46341 | T112: 3144420 | U112: 0.0199 | V112: 2829978 | W112: 56316.562 | X112: 0 | Y112: 56317 | Z112: Ok for Renewal | AA112: APPROVED | AB112: Consumer | AC112: Before_24-Dec-2021 | AD112: 45623 | AE112: KHI/HO/D/MO/PC COMP/C/101820/111/11/2024 | AF112: 56317 | AG112: =Y112-AF112 -> 0
A113: Renewal | B113: Nov-24 | C113: Salaam Takaful | D113: KHI/HO/D/MO/PC COMP/C/78152/35/11/2023 | E113: By Bank | F113: 45620 | G113: 45985 | H113: CHANGAN OSHAN X7 COMFORT | I113: 2022 | J113: AML-793 | K113: JL473ZQ7NN8AH227862 | L113: NKMASE2E6N1001972 | M113: M/s.BankislamiPakistanLimited UserMr.NoumanFarrukh | N113: 3520109355625 | O113: 3698246-72-2047 | P113: 2047 | Q113: 450 | R113: 44896 | S113: 45986 | T113: 6681150 | U113: 0.0199 | V113: 6013035 | W113: 119659.4 | X113: 0 | Y113: 119659 | Z113: Ok for Renewal | AA113: APPROVED | AB113: Consumer | AC113: After_24-Dec-2021 | AD113: 45623 | AE113: KHI/HO/D/MO/PC COMP/C/101820/112/11/2024 | AF113: 119659 | AG113: =Y113-AF113 -> 0
A114: Renewal | B114: Nov-24 | C114: Salaam Takaful | D114: KHI/HO/D/MO/PC COMP/C/78152/48/11/2023 | E114: By Bank | F114: 45623 | G114: 45988 | H114: TOYOTA HILUX REVO | I114: 2022 | J114: BAS-77 | K114: 1GD5290723 | L114: GUN126R5559016 | M114: M/s.BankislamiPakistanLimited UserMr.ShafayTex | N114: 3330386983690 | O114: 1280682-688-2011 | P114: 2011 | Q114: 565 | R114: 44902 | S114: 46716 | T114: 10132200 | U114: 0.0199 | V114: 9118980 | W114: 181467.7 | X114: 0 | Y114: 181468 | Z114: Ok for Renewal | AA114: APPROVED | AB114: Consumer | AC114: After_24-Dec-2021 | AD114: 45623 | AE114: KHI/HO/D/MO/PC COMP/C/101820/113/11/2024 | AF114: 181468 | AG114: =Y114-AF114 -> 0
A115: Renewal | B115: Nov-24 | C115: Salaam Takaful | D115: KHI/HO/D/MO/PC COMP/C/78152/96/11/2023 | E115: By Bank | F115: 45626 | G115: 45991 | H115: TOYOTA HILUX REVO | I115: 2022 | J115: BAT-67 | K115: 1GD5290020 | L115: GUN126R-5558654 | M115: M/s.Bankislami(Pakistan)Limited UserM/S.NjsAssociates | N115: 3730211728091 | O115: 1284635-172-3062 | P115: 3062 | Q115: 565 | R115: 44897 | S115: 46726 | T115: 10143000 | U115: 0.0199 | V115: 9128700 | W115: 181661.13 | X115: 0 | Y115: 181661 | Z115: Ok for Renewal | AA115: APPROVED | AB115: Consumer | AC115: After_24-Dec-2021 | AD115: 45623 | AE115: KHI/HO/D/MO/PC COMP/C/101820/114/11/2024 | AF115: 181661 | AG115: =Y115-AF115 -> 0
A116: Renewal | B116: Nov-24 | C116: Salaam Takaful | D116: KHI/HO/D/MO/PC COMP/C/78152/382/11/2023 | E116: By Bank | F116: 45626 | G116: 45991 | H116: KIA SPORTAGE AWD | I116: 2022 | J116: BK-3125 | K116: G4NANH303113 | L116: NNAQ51AZKP518597 | M116: M/s.Bankislami(Pakistan)Limited UserMr.DeenMuhammad | N116: 4120263216473 | O116: 981667-1-1182 | P116: 1182 | Q116: 450 | R116: 44900 | S116: 46716 | T116: 6532200 | U116: 0.0199 | V116: 5878980 | W116: 116991.7 | X116: 0 | Y116: 116992 | Z116: Ok for Renewal | AA116: APPROVED | AB116: Consumer | AC116: After_24-Dec-2021 | AD116: 45623 | AE116: KHI/HO/D/MO/PC COMP/C/101820/115/11/2024 | AF116: 116992 | AG116: =Y116-AF116 -> 0
A117: Renewal | B117: Nov-24 | C117: Salaam Takaful | D117: KHI/HO/D/MO/PC COMP/C/78152/296/11/2023 | E117: By Bank | F117: 45604 | G117: 45969 | H117: TOYOTA FORTUNER A/T 2.7 L VVTI | I117: 2021 | J117: AVV-916 | K117: 907039 | L117: 44442 | M117: M/S.Bankislami(Pakistan)Limited User:MrWaseemAbbas | N117: 3740244096527 | O117: 964203-12-3095 | P117: 3095 | Q117: 450 | R117: 44544 | S117: 46341 | T117: 7240590 | U117: 0.0199 | V117: 6516531 | W117: 129678.97 | X117: 0 | Y117: 129679 | Z117: Ok for Renewal | AA117: APPROVED | AB117: Consumer | AC117: Before_24-Dec-2021 | AD117: 45623 | AE117: KHI/HO/D/MO/PC COMP/C/101820/116/11/2024 | AF117: 129679 | AG117: =Y117-AF117 -> 0
A118: Renewal | B118: Nov-24 | C118: Salaam Takaful | D118: KHI/HO/D/MO/PC COMP/C/78152/224/11/2023 | E118: By Bank | F118: 45604 | G118: 45969 | H118: KIA SPORTAGE AWT | I118: 2021 | J118: BJ-8078 | K118: G4NAMH314137 | L118: NNAQL51AZKP513754 | M118: M/S.Bankislami(Pakistan)Limited User:MrAghaAbdulWasay | N118: 4230176403039 | O118: 262429-2477-1106 | P118: 1106 | Q118: 550 | R118: 44516 | S118: 46341 | T118: 4273560 | U118: 0.0199 | V118: 3846204 | W118: 76539.46 | X118: 0 | Y118: 76539 | Z118: Ok for Renewal | AA118: APPROVED | AB118: Consumer | AC118: Before_24-Dec-2021 | AD118: 45623 | AE118: KHI/HO/D/MO/PC COMP/C/101820/117/11/2024 | AF118: 76539 | AG118: =Y118-AF118 -> 0
... A276: Renewal | B276: Nov-24 | C276: Salaam Takaful | D276: KHI/HO/D/MO/PC COMP/C/78152/123/11/2023 | E276: By Bank | F276: 45625 | G276: 45990 | H276: TOYOTA REVO VIGO A/T | I276: 2020 | J276: ASA-661 | K276: 881656 | L276: 5541304 | M276: M/S.Bankislami(Pakistan)Limited User:Mr.MuhammadFaisalKiani | N276: 3740591806343 | O276: 449662-61-3049 | P276: 3049 | Q276: 450 | R276: 44173 | S276: 45996 | T276: 5154759 | U276: 0.028 | V276: 4639283.1 | W276: 129899.93 | X276: 0 | Y276: 129900 | Z276: Ok for Renewal | AA276: APPROVED | AB276: Consumer | AC276: Before_24-Dec-2021 | AD276: 45623 | AE276: KHI/HO/D/MO/PC COMP/C/101820/274/11/2024 | AF276: 129900 | AG276: =Y276-AF276 -> 0
A277: Renewal | B277: 45597 | C277: Salaam Takaful | D277: KHI/HO/D/MO/PC COMP/C/80040/23/12/2023 | E277: Waiver | F277: 45602 | G277: 45967 | H277: DAIHATSU MIRA | I277: 2019 | J277: BVT-725 | K277: KF-J842961 | L277: LA350S-0183068 | M277: RIZWAN MEHMOOD MARWAT (Staff) | N277: 4230194569983 | O277: 103838-9900-1003 | P277: 1003 | Q277: 528 | R277: 44875 | S277: 47417 | T277: 2340000 | U277: 0.018 | V277: 2106000 | W277: 37908 | X277: 0 | Y277: 37908 | Z277: Ok for Renewal | AA277: APPROVED | AB277: Staff | AC277: After_24-Dec-2021 | AD277: 45623 | AE277: KHI/HO/D/MO/PC COMP/C/102243/11/11/2024 | AF277: 37908 | AG277: =Y277-AF277 -> 0
A278: Renewal | B278: 45597 | C278: Salaam Takaful | D278: KHI/HO/D/MO/PC COMP/C/80040/39/12/2023 | E278: Waiver | F278: 45617 | G278: 45982 | H278: HONDA CITY | I278: 2022 | J278: BXX-296 | K278: L15Z81012009 | L278: NFBGN9661NR027723 | M278: TABINDA (Staff) | N278: 4210117571696 | O278: 10571-9938-1003 | P278: 1003 | Q278: 459 | R278: 44888 | S278: 47448 | T278: 3940200 | U278: 0.018 | V278: 3546180 | W278: 63831.24 | X278: 0 | Y278: 63831 | Z278: Ok for Renewal | AA278: APPROVED | AB278: Staff | AC278: After_24-Dec-2021 | AD278: 45623 | AE278: KHI/HO/D/MO/PC COMP/C/102243/24/11/2024 | AF278: 63831 | AG278: =Y278-AF278 -> 0
A279: Renewal | B279: 45597 | C279: Salaam Takaful | D279: KHI/HO/D/MO/PC COMP/C/80040/28/12/2023 | E279: Waiver | F279: 45609 | G279: 45974 | H279: KIA SPORTAGE | I279: 2020 | J279: AQD-016 | K279: G4NAKH029992 | L279: NNAQL51AZKP300555 | M279: IMRAN KHAN (Staff) | N279: 3520136594739 | O279: 11034-9918-1003 | P279: 1003 | Q279: 459 | R279: 44879 | S279: 47417 | T279: 4770000 | U279: 0.018 | V279: 4293000 | W279: 77274 | X279: 0 | Y279: 77274 | Z279: Ok for Renewal | AA279: APPROVED | AB279: Staff | AC279: After_24-Dec-2021 | AD279: 45623 | AE279: KHI/HO/D/MO/PC COMP/C/102243/14/11/2024 | AF279: 77274 | AG279: =Y279-AF279 -> 0
A280: Renewal | B280: 45597 | C280: Salaam Takaful | D280: KHI/HO/D/MO/PC COMP/C/80040/34/12/2023 | E280: Waiver | F280: 45613 | G280: 45978 | H280: SUZUKI ALTO | I280: 2022 | J280: AHS-731 | K280: 6R216690 | L280: NF1AET306H1116713 | M280: MUHAMMAD ARSHAD (Staff) | N280: 3310514757919 | O280: 11134-9135-1003 | P280: 1003 | Q280: 459 | R280: 44634 | S280: 47175 | T280: 1030500 | U280: 0.018 | V280: 927450 | W280: 16694.1 | X280: 0 | Y280: 16694 | Z280: Ok for Renewal | AA280: APPROVED | AB280: Staff | AC280: After_24-Dec-2021 | AD280: 45623 | AE280: KHI/HO/D/MO/PC COMP/C/102243/20/11/2024 | AF280: 16694 | AG280: =Y280-AF280 -> 0
A281: Renewal | B281: 45597 | C281: Salaam Takaful | D281: KHI/HO/D/MO/PC COMP/C/80040/21/12/2023 | E281: Waiver | F281: 45599 | G281: 45964 | H281: SUZUKI MEHRAN | I281: 2017 | J281: BHW-232 | K281: PKB676767 | L281: SB308PK01215271 | M281: MUZAMMIL (Staff) | N281: 4540220260477 | O281: 12960-9904-1003 | P281: 1003 | Q281: 459 | R281: 44875 | S281: 46686 | T281: 810000 | U281: 0.018 | V281: 729000 | W281: 13122 | X281: 0 | Y281: 13122 | Z281: Ok for Renewal | AA281: APPROVED | AB281: Staff | AC281: After_24-Dec-2021 | AD281: 45623 | AE281: KHI/HO/D/MO/PC COMP/C/102243/10/11/2024 | AF281: 13122 | AG281: =Y281-AF281 -> 0
A282: Renewal | B282: 45597 | C282: Salaam Takaful | D282: KHI/HO/D/MO/PC COMP/C/80040/20/12/2023 | E282: Waiver | F282: 45598 | G282: 45963 | H282: NISSAN MOCO | I282: 2013 | J282: BFF-388 | K282: R06A-1343122 | L282: MG33S-642415 | M282: ZUNAIR (Staff) | N282: 4220105240909 | O282: 1331397-9902-1003 | P282: 1003 | Q282: 459 | R282: 44875 | S282: 47417 | T282: 1530000 | U282: 0.018 | V282: 1377000 | W282: 24786 | X282: 0 | Y282: 24786 | Z282: Ok for Renewal | AA282: APPROVED | AB282: Staff | AC282: After_24-Dec-2021 | AD282: 45623 | AE282: KHI/HO/D/MO/PC COMP/C/102243/9/11/2024 | AF282: 24786 | AG282: =Y282-AF282 -> 0
A283: Renewal | B283: 45597 | C283: Salaam Takaful | D283: KHI/HO/D/MO/PC COMP/C/80040/33/12/2023 | E283: Waiver | F283: 45612 | G283: 45977 | H283: HONDA CIVIC | I283: 2016 | J283: AJX-755 | K283: R18Z12901684 | L283: NFBFC6665GR002231 | M283: ZAHID IBRAHIM (Staff) | N283: 3410127079865 | O283: 135256-10021-1003 | P283: 1003 | Q283: 459 | R283: 44909 | S283: 45864 | T283: 3150000 | U283: 0.018 | V283: 2835000 | W283: 51030 | X283: 0 | Y283: 51030 | Z283: Ok for Renewal | AA283: APPROVED | AB283: Staff | AC283: After_24-Dec-2021 | AD283: 45623 | AE283: KHI/HO/D/MO/PC COMP/C/102243/19/11/2024 | AF283: 51030 | AG283: =Y283-AF283 -> 0
A284: Renewal | B284: 45597 | C284: Salaam Takaful | D284: KHI/HO/D/MO/PC COMP/C/80040/3/12/2023 | E284: Waiver | F284: 45621 | G284: 45986 | H284: SUZUKI MEHRAN | I284: 2013 | J284: AT-263 | K284: 567696 | L284: 1106224 | M284: MUHAMMAD ANWAR | N284: 6110119044407 | O284: 13749-6444-1003 | P284: 1003 | Q284: 459 | R284: 43438 | S284: 45987 | T284: 384885.03 | U284: 0.018 | V284: 346396.52 | W284: 6235.1374 | X284: 0 | Y284: 6235 | Z284: Ok for Renewal | AA284: APPROVED | AB284: Staff | AC284: Before_24-Dec-2021 | AD284: 45623 | AE284: KHI/HO/D/MO/PC COMP/C/102243/1/11/2024 | AF284: 6235 | AG284: =Y284-AF284 -> 0
A285: Renewal | B285: 45597 | C285: Salaam Takaful | D285: KHI/HO/D/MO/PC COMP/C/80040/4/12/2023 | E285: Waiver | F285: 45618 | G285: 45983 | H285: HONDA CIVIC 1.8L I-VTEC | I285: 2015 | J285: FT-106 | K285: R18Z14044869 | L285: NFBFB2668FR128643 | M285: ABDUL SATTAR | N285: 3420208003613 | O285: 14630-7933-1003 | P285: 1003 | Q285: 459 | R285: 44173 | S285: 46717 | T285: 1603800 | U285: 0.018 | V285: 1443420 | W285: 25981.56 | X285: 0 | Y285: 25982 | Z285: Ok for Renewal | AA285: APPROVED | AB285: Staff | AC285: Before_24-Dec-2021 | AD285: 45623 | AE285: KHI/HO/D/MO/PC COMP/C/102243/2/11/2024 | AF285: 25982 | AG285: =Y285-AF285 -> 0
A286: Renewal | B286: 45597 | C286: Salaam Takaful | D286: KHI/HO/D/MO/PC COMP/C/80040/27/12/2023 | E286: Waiver | F286: 45610 | G286: 45975 | H286: HONDA CITY | I286: 2015 | J286: EH-912 | K286: L15A7-9751579 | L286: NFBGM2668FR166761 | M286: NAEEM RAZA | N286: 1330205101997 | O286: 175173-9920-1003 | P286: 1003 | Q286: 459 | R286: 44880 | S286: 47417 | T286: 2430000 | U286: 0.018 | V286: 2187000 | W286: 39366 | X286: 0 | Y286: 39366 | Z286: Ok for Renewal | AA286: APPROVED | AB286: Staff | AC286: After_24-Dec-2021 | AD286: 45623 | AE286: KHI/HO/D/MO/PC COMP/C/102243/13/11/2024 | AF286: 39366 | AG286: =Y286-AF286 -> 0
A287: Renewal | B287: 45597 | C287: Salaam Takaful | D287: KHI/HO/D/MO/PC COMP/C/80040/31/12/2023 | E287: Waiver | F287: 45610 | G287: 45975 | H287: TOYOTA COROLLA | I287: 2021 | J287: BTN-564 | K287: 2ZRQ349180 | L287: ZRE172R-7048332 | M287: RAHEEM KHOJA (Staff) | N287: 4130371665099 | O287: 188097-9925-1003 | P287: 1003 | Q287: 459 | R287: 44880 | S287: 47417 | T287: 4635000 | U287: 0.018 | V287: 4171500 | W287: 75087 | X287: 0 | Y287: 75087 | Z287: Ok for Renewal | AA287: APPROVED | AB287: Staff | AC287: After_24-Dec-2021 | AD287: 45623 | AE287: KHI/HO/D/MO/PC COMP/C/102243/17/11/2024 | AF287: 75087 | AG287: =Y287-AF287 -> 0
A288: Renewal | B288: 45597 | C288: Salaam Takaful | D288: KHI/HO/D/MO/PC COMP/C/80040/6/12/2023 | E288: Waiver | F288: 45601 | G288: 45966 | H288: TOYOTA COROLLA GL | I288: 2017 | J288: ADS-665 | K288: Z505165 | L288: NZE170R-4131878 | M288: SHAHID PERVAIZ | N288: 3520236362063 | O288: 18818-7113-1003 | P288: 1003 | Q288: 459 | R288: 43784 | S288: 46321 | T288: 1627492.5 | U288: 0.018 | V288: 1464743.2 | W288: 26365.378 | X288: 0 | Y288: 26365 | Z288: Ok for Renewal | AA288: APPROVED | AB288: Staff | AC288: Before_24-Dec-2021 | AD288: 45623 | AE288: KHI/HO/D/MO/PC COMP/C/102243/3/11/2024 | AF288: 26365 | AG288: =Y288-AF288 -> 0
A289: Renewal | B289: 45597 | C289: Salaam Takaful | D289: KHI/HO/D/MO/PC COMP/C/80040/16/12/2023 | E289: Waiver | F289: 45617 | G289: 45982 | H289: Changan Alsvin | I289: 2021 | J289: AFU-275 | K289: 51840 | L289: 1004523 | M289: USMAN MUSTAFA | N289: 3520267243141 | O289: 19061-8799-1003 | P289: 1003 | Q289: 459 | R289: 44523 | S289: 47083 | T289: 2097090 | U289: 0.018 | V289: 1887381 | W289: 33972.858 | X289: 0 | Y289: 33973 | Z289: Ok for Renewal | AA289: APPROVED | AB289: Staff | AC289: Before_24-Dec-2021 | AD289: 45623 | AE289: KHI/HO/D/MO/PC COMP/C/102243/7/11/2024 | AF289: 33973 | AG289: =Y289-AF289 -> 0
A290: Renewal | B290: 45597 | C290: Salaam Takaful | D290: KHI/HO/D/MO/PC COMP/C/80040/7/12/2023 | E290: Waiver | F290: 45605 | G290: 45970 | H290: TOYOTA COROLLA GLI | I290: 2020 | J290: BRM-194 | K290: Z-576224 | L290: NZE170R-4201602 | M290: MOBEEN AHMED JAFFRY | N290: 4210116552865 | O290: 19162-7914-1003 | P290: 1003 | Q290: 459 | R290: 44158 | S290: 46682 | T290: 1986525 | U290: 0.018 | V290: 1787872.5 | W290: 32181.705 | X290: 0 | Y290: 32182 | Z290: Ok for Renewal | AA290: APPROVED | AB290: Staff | AC290: Before_24-Dec-2021 | AD290: 45623 | AE290: KHI/HO/D/MO/PC COMP/C/102243/4/11/2024 | AF290: 32182 | AG290: =Y290-AF290 -> 0
A291: Renewal | B291: 45597 | C291: Salaam Takaful | D291: KHI/HO/D/MO/PC COMP/C/80040/30/12/2023 | E291: Waiver | F291: 45611 | G291: 45976 | H291: TOYOTA COROLLA GLI | I291: 2014 | J291: CJ-29 | K291: Z122610 | L291: NZE170R-4006038 | M291: IMRAN HANIF (Staff) | N291: 1350308477879 | O291: 19277-9919-1003 | P291: 1003 | Q291: 459 | R291: 44880 | S291: 47417 | T291: 2295000 | U291: 0.018 | V291: 2065500 | W291: 37179 | X291: 0 | Y291: 37179 | Z291: Ok for Renewal | AA291: APPROVED | AB291: Staff | AC291: After_24-Dec-2021 | AD291: 45623 | AE291: KHI/HO/D/MO/PC COMP/C/102243/16/11/2024 | AF291: 37179 | AG291: =Y291-AF291 -> 0
A292: Renewal | B292: 45597 | C292: Salaam Takaful | D292: KHI/HO/D/MO/PC COMP/C/80040/9/12/2023 | E292: Waiver | F292: 45616 | G292: 45981 | H292: SUZUKI WAGONR VX | I292: 2019 | J292: ANZ-367 | K292: 195607 | L292: 10095595 | M292: MUHAMMAD QAISER RAFIQUE | N292: 3450203914819 | O292: 19316-7169-1003 | P292: 1003 | Q292: 459 | R292: 43802 | S292: 46352 | T292: 911269.68 | U292: 0.018 | V292: 820142.71 | W292: 14762.569 | X292: 0 | Y292: 14763 | Z292: Ok for Renewal | AA292: APPROVED | AB292: Staff | AC292: Before_24-Dec-2021 | AD292: 45623 | AE292: KHI/HO/D/MO/PC COMP/C/102243/5/11/2024 | AF292: 14763 | AG292: =Y292-AF292 -> 0
A293: Renewal | B293: 45597 | C293: Salaam Takaful | D293: KHI/HO/D/MO/PC COMP/C/80040/10/12/2023 | E293: Waiver | F293: 45619 | G293: 45984 | H293: Toyota Corolla Altis | I293: 2021 | J293: AFW-643 | K293: Q084142 | L293: R-6061830 | M293: NADEEM AKHTAR | N293: 3630238273883 | O293: 19540-8823-1003 | P293: 1003 | Q293: 459 | R293: 44526 | S293: 46291 | T293: 2655180 | U293: 0.018 | V293: 2389662 | W293: 43013.916 | X293: 0 | Y293: 43014 | Z293: Ok for Renewal | AA293: APPROVED | AB293: Staff | AC293: Before_24-Dec-2021 | AD293: 45623 | AE293: KHI/HO/D/MO/PC COMP/C/102243/6/11/2024 | AF293: 43014 | AG293: =Y293-AF293 -> 0
A294: Renewal | B294: 45597 | C294: Salaam Takaful | D294: KHI/HO/D/MO/PC COMP/C/80040/43/12/2023 | E294: - | F294: 45601 | G294: 45966 | H294: SUZUKI ALTO VXL 660 | I294: 2020 | J294: BSL-385 | K294: 6R144571 | L294: 1044548 | M294: SYED SALMAN MANSOOR | N294: 4250116031491 | O294: 327-435-1132 | P294: 1132 | Q294: 440 | R294: 44144 | S294: 46696 | T294: 1190457 | U294: 0.018 | V294: 1071411.3 | W294: 19285.403 | X294: 0 | Y294: 19285 | Z294: Ok for Renewal | AA294: APPROVED | AB294: Consumer | AC294: Before_24-Dec-2021 | AD294: 45623 | AE294: KHI/HO/D/MO/PC COMP/C/101820/275/11/2024 | AF294: 19285 | AG294: =Y294-AF294 -> 0
A295: Renewal | B295: 45597 | C295: Salaam Takaful | D295: KHI/HO/D/MO/PC COMP/C/80040/44/12/2023 | E295: Waiver | F295: 45605 | G295: 45970 | H295: HONDA CITY | I295: 2022 | J295: BXV-582 | K295: L15Z810012115 | L295: NFBGN9661NR027768 | M295: SYED SALMAN MANSOOR (Staff) | N295: 4250116031491 | O295: 327-9909-1003 | P295: 1003 | Q295: 459 | R295: 44875 | S295: 47417 | T295: 3940200 | U295: 0.018 | V295: 3546180 | W295: 63831.24 | X295: 0 | Y295: 63831 | Z295: Ok for Renewal | AA295: APPROVED | AB295: Staff | AC295: After_24-Dec-2021 | AD295: 45623 | AE295: KHI/HO/D/MO/PC COMP/C/102243/27/11/2024 | AF295: 63831 | AG295: =Y295-AF295 -> 0
A296: Renewal | B296: 45597 | C296: Salaam Takaful | D296: KHI/HO/D/MO/PC COMP/C/80040/29/12/2023 | E296: Waiver | F296: 45610 | G296: 45975 | H296: HONDA BRV | I296: 2017 | J296: AEX-406 | K296: L15Z13501675 | L296: NFBDG1826HR001602 | M296: MOHIB ULLAH SHINWARI (Staff) | N296: 1430127212025 | O296: 3768883-9932-1003 | P296: 1003 | Q296: 459 | R296: 44883 | S296: 46717 | T296: 2970000 | U296: 0.018 | V296: 2673000 | W296: 48114 | X296: 0 | Y296: 48114 | Z296: Ok for Renewal | AA296: APPROVED | AB296: Staff | AC296: After_24-Dec-2021 | AD296: 45623 | AE296: KHI/HO/D/MO/PC COMP/C/102243/15/11/2024 | AF296: 48114 | AG296: =Y296-AF296 -> 0
A297: Renewal | B297: 45597 | C297: Salaam Takaful | D297: KHI/HO/D/MO/PC COMP/C/80040/41/12/2023 | E297: Waiver | F297: 45624 | G297: 45989 | H297: KIA SORENTO | I297: 2021 | J297: AGY-314 | K297: G4KEMH626727 | L297: NNAUM53AZMP300405 | M297: NASIR MAHMOOD (Staff) | N297: 3840322088263 | O297: 433657-10014-1003 | P297: 1003 | Q297: 459 | R297: 44907 | S297: 46838 | T297: 6570000 | U297: 0.018 | V297: 5913000 | W297: 106434 | X297: 0 | Y297: 106434 | Z297: Ok for Renewal | AA297: APPROVED | AB297: Staff | AC297: After_24-Dec-2021 | AD297: 45623 | AE297: KHI/HO/D/MO/PC COMP/C/102243/26/11/2024 | AF297: 106434 | AG297: =Y297-AF297 -> 0
A298: Renewal | B298: 45597 | C298: Salaam Takaful | D298: - | E298: - | F298: 45611 | G298: 45976 | H298: DAIHATSU MOVE | I298: 2015 | J298: LED-18A-856 | K298: L128776-KF | L298: LA150S-0023271 | M298: M/S.Bankislami(Pakistan)Limited User:Mr.YasirSajjadQureshi | N298: 3520191632983 | O298: 645639-102-2095 | P298: 2095 | Q298: 450 | R298: 43460 | S298: 45986 | T298: 797161.5 | U298: 0.027 | V298: 717445.35 | W298: 19371.024 | X298: 0 | Y298: 19371 | Z298: Ok for Renewal | AA298: APPROVED | AB298: Consumer | AC298: Before_24-Dec-2021 | AD298: 45623 | AE298: KHI/HO/D/MO/PC COMP/C/101820/276/11/2024 | AF298: 19371 | AG298: =Y298-AF298 -> 0
A299: Renewal | B299: 45597 | C299: Salaam Takaful | D299: KHI/HO/D/MO/PC COMP/C/80040/38/12/2023 | E299: Waiver | F299: 45617 | G299: 45982 | H299: SUZUKI WAGONR | I299: 2017 | J299: BHJ-406 | K299: PK10B125025 | L299: A1J310PK10025017 | M299: SYED INTESAR HUSSAIN (Staff) | N299: 4220156288453 | O299: 71041-9940-1003 | P299: 1003 | Q299: 459 | R299: 44888 | S299: 47448 | T299: 1440000 | U299: 0.013 | V299: 1296000 | W299: 16848 | X299: 0 | Y299: 16848 | Z299: Ok for Renewal | AA299: APPROVED | AB299: Staff | AC299: After_24-Dec-2021 | AD299: 45623 | AE299: KHI/HO/D/MO/PC COMP/C/102243/23/11/2024 | AF299: 16848 | AG299: =Y299-AF299 -> 0
A300: Renewal | B300: 45597 | C300: Salaam Takaful | D300: KHI/HO/D/MO/PC COMP/C/80040/32/12/2023 | E300: Waiver | F300: 45612 | G300: 45977 | H300: TOYOTA COROLLA | I300: 2016 | J300: BHE-183 | K300: Z469961 | L300: NZE170R-4095828 | M300: SHAHID MASOOD (Staff) | N300: 3130339272385 | O300: 71373-10012-1003 | P300: 1003 | Q300: 459 | R300: 44907 | S300: 47448 | T300: 2160000 | U300: 0.018 | V300: 1944000 | W300: 34992 | X300: 0 | Y300: 34992 | Z300: Ok for Renewal | AA300: APPROVED | AB300: Staff | AC300: After_24-Dec-2021 | AD300: 45623 | AE300: KHI/HO/D/MO/PC COMP/C/102243/18/11/2024 | AF300: 34992 | AG300: =Y300-AF300 -> 0
A301: Renewal | B301: 45597 | C301: Salaam Takaful | D301: KHI/HO/D/MO/PC COMP/C/80040/40/12/2023 | E301: Waiver | F301: 45620 | G301: 45985 | H301: HONDA CITY | I301: 2022 | J301: BVL-812 | K301: L12B5-1006399 | L301: NFBGN8621-MR009826 | M301: ARSALAN MANSOOR RAZA (Staff) | N301: 4230151084159 | O301: 73042-9965-1003 | P301: 1003 | Q301: 528 | R301: 44900 | S301: 47448 | T301: 3195000 | U301: 0.018 | V301: 2875500 | W301: 51759 | X301: 0 | Y301: 51759 | Z301: Ok for Renewal | AA301: APPROVED | AB301: Staff | AC301: After_24-Dec-2021 | AD301: 45623 | AE301: KHI/HO/D/MO/PC COMP/C/102243/25/11/2024 | AF301: 51759 | AG301: =Y301-AF301 -> 0
A302: Renewal | B302: 45597 | C302: Salaam Takaful | D302: KHI/HO/D/MO/PC COMP/C/80040/24/12/2023 | E302: Waiver | F302: 45603 | G302: 45968 | H302: HONDA CITY | I302: 2018 | J302: LED-18-8208 | K302: L13Z17511347 | L302: NFBGM1549JR224380 | M302: SHAMAS ZAMAN | N302: 3540329758201 | O302: 73066-9913-1003 | P302: 1003 | Q302: 459 | R302: 44876 | S302: 47417 | T302: 2430000 | U302: 0.018 | V302: 2187000 | W302: 39366 | X302: 0 | Y302: 39366 | Z302: Ok for Renewal | AA302: APPROVED | AB302: Staff | AC302: After_24-Dec-2021 | AD302: 45623 | AE302: KHI/HO/D/MO/PC COMP/C/102243/12/11/2024 | AF302: 39366 | AG302: =Y302-AF302 -> 0
A303: Renewal | B303: 45597 | C303: Salaam Takaful | D303: KHI/HO/D/MO/PC COMP/C/80040/18/12/2023 | E303: Waiver | F303: 45597 | G303: 45962 | H303: SUZUKI ALTO | I303: 2014 | J303: APJ-387 | K303: K6A-A886575 | L303: HA28V-769141 | M303: MUHAMMAD USMAN (Staff) | N303: 6110118704787 | O303: 73084-9889-1003 | P303: 1003 | Q303: 459 | R303: 44869 | S303: 46686 | T303: 1710000 | U303: 0.018 | V303: 1539000 | W303: 27702 | X303: 0 | Y303: 27702 | Z303: Ok for Renewal | AA303: APPROVED | AB303: Staff | AC303: After_24-Dec-2021 | AD303: 45623 | AE303: KHI/HO/D/MO/PC COMP/C/102243/8/11/2024 | AF303: 27702 | AG303: =Y303-AF303 -> 0
A304: Renewal | B304: 45597 | C304: Salaam Takaful | D304: KHI/HO/D/MO/PC COMP/C/80040/37/12/2023 | E304: Waiver | F304: 45617 | G304: 45982 | H304: UNITED BRAVO | I304: 2019 | J304: LEH-19-4702 | K304: K046-03248W | L304: PKUM350R-G-19MT01339 | M304: NOREEN HUSSAIN (Staff) | N304: 3520104043834 | O304: 73367-10011-1003 | P304: 1003 | Q304: 459 | R304: 44907 | S304: 47448 | T304: 630000 | U304: 0.018 | V304: 567000 | W304: 10206 | X304: 0 | Y304: 10206 | Z304: Ok for Renewal | AA304: APPROVED | AB304: Staff | AC304: After_24-Dec-2021 | AD304: 45623 | AE304: KHI/HO/D/MO/PC COMP/C/102243/22/11/2024 | AF304: 10206 | AG304: =Y304-AF304 -> 0
A305: Renewal | B305: 45597 | C305: Salaam Takaful | D305: KHI/HO/D/MO/PC COMP/C/80040/36/12/2023 | E305: Waiver | F305: 45617 | G305: 45982 | H305: HONDA BRV | I305: 2018 | J305: LEC-18-4422 | K305: L15Z1-3507495 | L305: NFBDG1830-HR007498 | M305: IRFAN ANIS (Staff) | N305: 3650213009155 | O305: 73560-10013-1003 | P305: 1003 | Q305: 459 | R305: 44907 | S305: 47448 | T305: 3195000 | U305: 0.018 | V305: 2875500 | W305: 51759 | X305: 0 | Y305: 51759 | Z305: Ok for Renewal | AA305: APPROVED | AB305: Staff | AC305: After_24-Dec-2021 | AD305: 45623 | AE305: KHI/HO/D/MO/PC COMP/C/102243/21/11/2024 | AF305: 51759 | AG305: =Y305-AF305 -> 0
A306: Renewal | B306: 45597 | C306: Salaam Takaful | D306: KHI/HO/D/MO/PC COMP/C/80040/14/12/2023 | E306: - | F306: 45613 | G306: 45978 | H306: TOYOTA COROLLA XLI | I306: 2015 | J306: BEL-581 | K306: Q027777 | L306: ZRE171R-6005257 | M306: SYED SHAFQAT HUSSAIN | N306: 4230134727695 | O306: 838228-120-1030 | P306: 1030 | Q306: 440 | R306: 44155 | S306: 46341 | T306: 1676700 | U306: 0.018 | V306: 1509030 | W306: 27162.54 | X306: 0 | Y306: 27163 | Z306: Ok for Renewal | AA306: APPROVED | AB306: Consumer | AC306: Before_24-Dec-2021 | AD306: 45623 | AE306: KHI/HO/D/MO/PC COMP/C/101820/277/11/2024 | AF306: 27163 | AG306: =Y306-AF306 -> 0
Y308: =SUBTOTAL(9,Y4:Y306) -> 14718887

Sheet working1
A1: POLICY NO. | B1: Assorted_code | D1: Premium | E1: 29Nov240037
A2: KHI/HO/D/MO/PC COMP/C/101820/2/11/2024 | B2: =VLOOKUP(A2,policy1!B:C,2,0) -> 070000170975 | C2: 69273 | D2: =ROUND(C2,0) -> 69273 | E2: 29Nov240037 | F2: ="insert into ins_premium_det (premium_rcv_code,assorted_code, rec_amount,premium_rcv_detail_code,remaining_amt, payrec, mode_code,coinsurance_code,class_cd,it_remarks) values" -> insert into ins_premium_det (premium_rcv_code,assorted_code, rec_amount,premium_rcv_detail_code,remaining_amt, payrec, mode_code,coinsurance_code,class_cd,it_remarks) values | G2: ="('"&E2&"','"&B2&"','"&D2&"',(select max(to_number(i.premium_rcv_detail_code))+1 from ins_premium_det i),'"&D2&"','"&D2&"','02', '11000003','00','Request by Mr. Raheel Malik 04-Dec-2024 for premium');" -> ('29Nov240037','070000170975','69273',(select max(to_number(i.premium_rcv_detail_code))+1 from ins_premium_det i),'69273','69273','02', '11000003','00','Request by Mr. Raheel Malik 04-Dec-2024 for premium'); | H2: =F2&G2 -> insert into ins_premium_det (premium_rcv_code,assorted_code, rec_amount,premium_rcv_detail_code,remaining_amt, payrec, mode_code,coinsurance_code,class_cd,it_remarks) values('29Nov240037','070000170975','69273',(select max(to_number(i.premium_rcv_detail_code))+1 from ins_premium_det i),'69273','69273','02', '11000003','00','Request by Mr. Raheel Malik 04-Dec-2024 for premium');
A3: KHI/HO/D/MO/PC COMP/C/101820/3/11/2024 | B3: =VLOOKUP(A3,policy1!B:C,2,0) -> 070000170976 | C3: 81807 | D3: =ROUND(C3,0) -> 81807 | E3: 29Nov240037 | F3: ="insert into ins_premium_det (premium_rcv_code,assorted_code, rec_amount,premium_rcv_detail_code,remaining_amt, payrec, mode_code,coinsurance_code,class_cd,it_remarks) values" -> insert into ins_premium_det (premium_rcv_code,assorted_code, rec_amount,premium_rcv_detail_code,remaining_amt, payrec, mode_code,coinsurance_code,class_cd,it_remarks) values | G3: ="('"&E3&"','"&B3&"','"&D3&"',(select max(to_number(i.premium_rcv_detail_code))+1 from ins_premium_det i),'"&D3&"','"&D3&"','02', '11000003','00','Request by Mr. Raheel Malik 04-Dec-2024 for premium');" -> ('29Nov240037','070000170976','81807',(select max(to_number(i.premium_rcv_detail_code))+1 from ins_premium_det i),'81807','81807','02', '11000003','00','Request by Mr. Raheel Malik 04-Dec-2024 for premium'); | H3: =F3&G3 -> insert into ins_premium_det (premium_rcv_code,assorted_code, rec_amount,premium_rcv_detail_code,remaining_amt, payrec, mode_code,coinsurance_code,class_cd,it_remarks) values('29Nov240037','070000170976','81807',(select max(to_number(i.premium_rcv_detail_code))+1 from ins_premium_det i),'81807','81807','02', '11000003','00','Request by Mr. Raheel Malik 04-Dec-2024 for premium');
A4: KHI/HO/D/MO/PC COMP/C/101820/4/11/2024 | B4: =VLOOKUP(A4,policy1!B:C,2,0) -> 070000170977 | C4: 19959 | D4: =ROUND(C4,0) -> 19959 | E4: 29Nov240037 | F4: ="insert into ins_premium_det (premium_rcv_code,assorted_code, rec_amount,premium_rcv_detail_code,remaining_amt, payrec, mode_code,coinsurance_code,class_cd,it_remarks) values" -> insert into ins_premium_det (premium_rcv_code,assorted_code, rec_amount,premium_rcv_detail_code,remaining_amt, payrec, mode_code,coinsurance_code,class_cd,it_remarks) values | G4: ="('"&E4&"','"&B4&"','"&D4&"',(select max(to_number(i.premium_rcv_detail_code))+1 from ins_premium_det i),'"&D4&"','"&D4&"','02', '11000003','00','Request by Mr. Raheel Malik 04-Dec-2024 for premium');" -> ('29Nov240037','070000170977','19959',(select max(to_number(i.premium_rcv_detail_code))+1 from ins_premium_det i),'19959','19959','02', '11000003','00','Request by Mr. Raheel Malik 04-Dec-2024 for premium'); | H4: =F4&G4 -> insert into ins_premium_det (premium_rcv_code,assorted_code, rec_amount,premium_rcv_detail_code,remaining_amt, payrec, mode_code,coinsurance_code,class_cd,it_remarks) values('29Nov240037','070000170977','19959',(select max(to_number(i.premium_rcv_detail_code))+1 from ins_premium_det i),'19959','19959','02', '11000003','00','Request by Mr. Raheel Malik 04-Dec-2024 for premium');
A5: KHI/HO/D/MO/PC COMP/C/101820/5/11/2024 | B5: =VLOOKUP(A5,policy1!B:C,2,0) -> 070000170978 | C5: 19959 | D5: =ROUND(C5,0) -> 19959 | E5: 29Nov240037 | F5: ="insert into ins_premium_det (premium_rcv_code,assorted_code, rec_amount,premium_rcv_detail_code,remaining_amt, payrec, mode_code,coinsurance_code,class_cd,it_remarks) values" -> insert into ins_premium_det (premium_rcv_code,assorted_code, rec_amount,premium_rcv_detail_code,remaining_amt, payrec, mode_code,coinsurance_code,class_cd,it_remarks) values | G5: ="('"&E5&"','"&B5&"','"&D5&"',(select max(to_number(i.premium_rcv_detail_code))+1 from ins_premium_det i),'"&D5&"','"&D5&"','02', '11000003','00','Request by Mr. Raheel Malik 04-Dec-2024 for premium');" -> ('29Nov240037','070000170978','19959',(select max(to_number(i.premium_rcv_detail_code))+1 from ins_premium_det i),'19959','19959','02', '11000003','00','Request by Mr. Raheel Malik 04-Dec-2024 for premium'); | H5: =F5&G5 -> insert into ins_premium_det (premium_rcv_code,assorted_code, rec_amount,premium_rcv_detail_code,remaining_amt, payrec, mode_code,coinsurance_code,class_cd,it_remarks) values('29Nov240037','070000170978','19959',(select max(to_number(i.premium_rcv_detail_code))+1 from ins_premium_det i),'19959','19959','02', '11000003','00','Request by Mr. Raheel Malik 04-Dec-2024 for premium');
A6: KHI/HO/D/MO/PC COMP/C/101820/6/11/2024 | B6: =VLOOKUP(A6,policy1!B:C,2,0) -> 070000170979 | C6: 67590 | D6: =ROUND(C6,0) -> 67590 | E6: 29Nov240037 | F6: ="insert into ins_premium_det (premium_rcv_code,assorted_code, rec_amount,premium_rcv_detail_code,remaining_amt, payrec, mode_code,coinsurance_code,class_cd,it_remarks) values" -> insert into ins_premium_det (premium_rcv_code,assorted_code, rec_amount,premium_rcv_detail_code,remaining_amt, payrec, mode_code,coinsurance_code,class_cd,it_remarks) values | G6: ="('"&E6&"','"&B6&"','"&D6&"',(select max(to_number(i.premium_rcv_detail_code))+1 from ins_premium_det i),'"&D6&"','"&D6&"','02', '11000003','00','Request by Mr. Raheel Malik 04-Dec-2024 for premium');" -> ('29Nov240037','070000170979','67590',(select max(to_number(i.premium_rcv_detail_code))+1 from ins_premium_det i),'67590','67590','02', '11000003','00','Request by Mr. Raheel Malik 04-Dec-2024 for premium'); | H6: =F6&G6 -> insert into ins_premium_det (premium_rcv_code,assorted_code, rec_amount,premium_rcv_detail_code,remaining_amt, payrec, mode_code,coinsurance_code,class_cd,it_remarks) values('29Nov240037','070000170979','67590',(select max(to_number(i.premium_rcv_detail_code))+1 from ins_premium_det i),'67590','67590','02', '11000003','00','Request by Mr. Raheel Malik 04-Dec-2024 for premium');
A7: KHI/HO/D/MO/PC COMP/C/101820/7/11/2024 | B7: =VLOOKUP(A7,policy1!B:C,2,0) -> 070000170980 | C7: 16146 | D7: =ROUND(C7,0) -> 16146 | E7: 29Nov240037 | F7: ="insert into ins_premium_det (premium_rcv_code,assorted_code, rec_amount,premium_rcv_detail_code,remaining_amt, payrec, mode_code,coinsurance_code,class_cd,it_remarks) values" -> insert into ins_premium_det (premium_rcv_code,assorted_code, rec_amount,premium_rcv_detail_code,remaining_amt, payrec, mode_code,coinsurance_code,class_cd,it_remarks) values | G7: ="('"&E7&"','"&B7&"','"&D7&"',(select max(to_number(i.premium_rcv_detail_code))+1 from ins_premium_det i),'"&D7&"','"&D7&"','02', '11000003','00','Request by Mr. Raheel Malik 04-Dec-2024 for premium');" -> ('29Nov240037','070000170980','16146',(select max(to_number(i.premium_rcv_detail_code))+1 from ins_premium_det i),'16146','16146','02', '11000003','00','Request by Mr. Raheel Malik 04-Dec-2024 for premium'); | H7: =F7&G7 -> insert into ins_premium_det (premium_rcv_code,assorted_code, rec_amount,premium_rcv_detail_code,remaining_amt, payrec, mode_code,coinsurance_code,class_cd,it_remarks) values('29Nov240037','070000170980','16146',(select max(to_number(i.premium_rcv_detail_code))+1 from ins_premium_det i),'16146','16146','02', '11000003','00','Request by Mr. Raheel Malik 04-Dec-2024 for premium');
A8: KHI/HO/D/MO/PC COMP/C/101820/8/11/2024 | B8: =VLOOKUP(A8,policy1!B:C,2,0) -> 070000170981 | C8: 21406 | D8: =ROUND(C8,0) -> 21406 | E8: 29Nov240037 | F8: ="insert into ins_premium_det (premium_rcv_code,assorted_code, rec_amount,premium_rcv_detail_code,remaining_amt, payrec, mode_code,coinsurance_code,class_cd,it_remarks) values" -> insert into ins_premium_det (premium_rcv_code,assorted_code, rec_amount,premium_rcv_detail_code,remaining_amt, payrec, mode_code,coinsurance_code,class_cd,it_remarks) values | G8: ="('"&E8&"','"&B8&"','"&D8&"',(select max(to_number(i.premium_rcv_detail_code))+1 from ins_premium_det i),'"&D8&"','"&D8&"','02', '11000003','00','Request by Mr. Raheel Malik 04-Dec-2024 for premium');" -> ('29Nov240037','070000170981','21406',(select max(to_number(i.premium_rcv_detail_code))+1 from ins_premium_det i),'21406','21406','02', '11000003','00','Request by Mr. Raheel Malik 04-Dec-2024 for premium'); | H8: =F8&G8 -> insert into ins_premium_det (premium_rcv_code,assorted_code, rec_amount,premium_rcv_detail_code,remaining_amt, payrec, mode_code,coinsurance_code,class_cd,it_remarks) values('29Nov240037','070000170981','21406',(select max(to_number(i.premium_rcv_detail_code))+1 from ins_premium_det i),'21406','21406','02', '11000003','00','Request by Mr. Raheel Malik 04-Dec-2024 for premium');
A9: KHI/HO/D/MO/PC COMP/C/101820/9/11/2024 | B9: =VLOOKUP(A9,policy1!B:C,2,0) -> 070000170982 | C9: 21051 | D9: =ROUND(C9,0) -> 21051 | E9: 29Nov240037 | F9: ="insert into ins_premium_det (premium_rcv_code,assorted_code, rec_amount,premium_rcv_detail_code,remaining_amt, payrec, mode_code,coinsurance_code,class_cd,it_remarks) values" -> insert into ins_premium_det (premium_rcv_code,assorted_code, rec_amount,premium_rcv_detail_code,remaining_amt, payrec, mode_code,coinsurance_code,class_cd,it_remarks) values | G9: ="('"&E9&"','"&B9&"','"&D9&"',(select max(to_number(i.premium_rcv_detail_code))+1 from ins_premium_det i),'"&D9&"','"&D9&"','02', '11000003','00','Request by Mr. Raheel Malik 04-Dec-2024 for premium');" -> ('29Nov240037','070000170982','21051',(select max(to_number(i.premium_rcv_detail_code))+1 from ins_premium_det i),'21051','21051','02', '11000003','00','Request by Mr. Raheel Malik 04-Dec-2024 for premium'); | H9: =F9&G9 -> insert into ins_premium_det (premium_rcv_code,assorted_code, rec_amount,premium_rcv_detail_code,remaining_amt, payrec, mode_code,coinsurance_code,class_cd,it_remarks) values('29Nov240037','070000170982','21051',(select max(to_number(i.premium_rcv_detail_code))+1 from ins_premium_det i),'21051','21051','02', '11000003','00','Request by Mr. Raheel Malik 04-Dec-2024 for premium');
A10: KHI/HO/D/MO/PC COMP/C/101820/10/11/2024 | B10: =VLOOKUP(A10,policy1!B:C,2,0) -> 070000170983 | C10: 21051 | D10: =ROUND(C10,0) -> 21051 | E10: 29Nov240037 | F10: ="insert into ins_premium_det (premium_rcv_code,assorted_code, rec_amount,premium_rcv_detail_code,remaining_amt, payrec, mode_code,coinsurance_code,class_cd,it_remarks) values" -> insert into ins_premium_det (premium_rcv_code,assorted_code, rec_amount,premium_rcv_detail_code,remaining_amt, payrec, mode_code,coinsurance_code,class_cd,it_remarks) values | G10: ="('"&E10&"','"&B10&"','"&D10&"',(select max(to_number(i.premium_rcv_detail_code))+1 from ins_premium_det i),'"&D10&"','"&D10&"','02', '11000003','00','Request by Mr. Raheel Malik 04-Dec-2024 for premium');" -> ('29Nov240037','070000170983','21051',(select max(to_number(i.premium_rcv_detail_code))+1 from ins_premium_det i),'21051','21051','02', '11000003','00','Request by Mr. Raheel Malik 04-Dec-2024 for premium'); | H10: =F10&G10 -> insert into ins_premium_det (premium_rcv_code,assorted_code, rec_amount,premium_rcv_detail_code,remaining_amt, payrec, mode_code,coinsurance_code,class_cd,it_remarks) values('29Nov240037','070000170983','21051',(select max(to_number(i.premium_rcv_detail_code))+1 from ins_premium_det i),'21051','21051','02', '11000003','00','Request by Mr. Raheel Malik 04-Dec-2024 for premium');
A11: KHI/HO/D/MO/PC COMP/C/101820/11/11/2024 | B11: =VLOOKUP(A11,policy1!B:C,2,0) -> 070000170984 | C11: 21051 | D11: =ROUND(C11,0) -> 21051 | E11: 29Nov240037 | F11: ="insert into ins_premium_det (premium_rcv_code,assorted_code, rec_amount,premium_rcv_detail_code,remaining_amt, payrec, mode_code,coinsurance_code,class_cd,it_remarks) values" -> insert into ins_premium_det (premium_rcv_code,assorted_code, rec_amount,premium_rcv_detail_code,remaining_amt, payrec, mode_code,coinsurance_code,class_cd,it_remarks) values | G11: ="('"&E11&"','"&B11&"','"&D11&"',(select max(to_number(i.premium_rcv_detail_code))+1 from ins_premium_det i),'"&D11&"','"&D11&"','02', '11000003','00','Request by Mr. Raheel Malik 04-Dec-2024 for premium');" -> ('29Nov240037','070000170984','21051',(select max(to_number(i.premium_rcv_detail_code))+1 from ins_premium_det i),'21051','21051','02', '11000003','00','Request by Mr. Raheel Malik 04-Dec-2024 for premium'); | H11: =F11&G11 -> insert into ins_premium_det (premium_rcv_code,assorted_code, rec_amount,premium_rcv_detail_code,remaining_amt, payrec, mode_code,coinsurance_code,class_cd,it_remarks) values('29Nov240037','070000170984','21051',(select max(to_number(i.premium_rcv_detail_code))+1 from ins_premium_det i),'21051','21051','02', '11000003','00','Request by Mr. Raheel Malik 04-Dec-2024 for premium');
A12: KHI/HO/D/MO/PC COMP/C/101820/12/11/2024 | B12: =VLOOKUP(A12,policy1!B:C,2,0) -> 070000170985 | C12: 31448 | D12: =ROUND(C12,0) -> 31448 | E12: 29Nov240037 | F12: ="insert into ins_premium_det (premium_rcv_code,assorted_code, rec_amount,premium_rcv_detail_code,remaining_amt, payrec, mode_code,coinsurance_code,class_cd,it_remarks) values" -> insert into ins_premium_det (premium_rcv_code,assorted_code, rec_amount,premium_rcv_detail_code,remaining_amt, payrec, mode_code,coinsurance_code,class_cd,it_remarks) values | G12: ="('"&E12&"','"&B12&"','"&D12&"',(select max(to_number(i.premium_rcv_detail_code))+1 from ins_premium_det i),'"&D12&"','"&D12&"','02', '11000003','00','Request by Mr. Raheel Malik 04-Dec-2024 for premium');" -> ('29Nov240037','070000170985','31448',(select max(to_number(i.premium_rcv_detail_code))+1 from ins_premium_det i),'31448','31448','02', '11000003','00','Request by Mr. Raheel Malik 04-Dec-2024 for premium'); | H12: =F12&G12 -> insert into ins_premium_det (premium_rcv_code,assorted_code, rec_amount,premium_rcv_detail_code,remaining_amt, payrec, mode_code,coinsurance_code,class_cd,it_remarks) values('29Nov240037','070000170985','31448',(select max(to_number(i.premium_rcv_detail_code))+1 from ins_premium_det i),'31448','31448','02', '11000003','00','Request by Mr. Raheel Malik 04-Dec-2024 for premium');
A13: KHI/HO/D/MO/PC COMP/C/101820/13/11/2024 | B13: =VLOOKUP(A13,policy1!B:C,2,0) -> 070000170986 | C13: 31448 | D13: =ROUND(C13,0) -> 31448 | E13: 29Nov240037 | F13: ="insert into ins_premium_det (premium_rcv_code,assorted_code, rec_amount,premium_rcv_detail_code,remaining_amt, payrec, mode_code,coinsurance_code,class_cd,it_remarks) values" -> insert into ins_premium_det (premium_rcv_code,assorted_code, rec_amount,premium_rcv_detail_code,remaining_amt, payrec, mode_code,coinsurance_code,class_cd,it_remarks) values | G13: ="('"&E13&"','"&B13&"','"&D13&"',(select max(to_number(i.premium_rcv_detail_code))+1 from ins_premium_det i),'"&D13&"','"&D13&"','02', '11000003','00','Request by Mr. Raheel Malik 04-Dec-2024 for premium');" -> ('29Nov240037','070000170986','31448',(select max(to_number(i.premium_rcv_detail_code))+1 from ins_premium_det i),'31448','31448','02', '11000003','00','Request by Mr. Raheel Malik 04-Dec-2024 for premium'); | H13: =F13&G13 -> insert into ins_premium_det (premium_rcv_code,assorted_code, rec_amount,premium_rcv_detail_code,remaining_amt, payrec, mode_code,coinsurance_code,class_cd,it_remarks) values('29Nov240037','070000170986','31448',(select max(to_number(i.premium_rcv_detail_code))+1 from ins_premium_det i),'31448','31448','02', '11000003','00','Request by Mr. Raheel Malik 04-Dec-2024 for premium');
... A304: KHI/HO/D/MO/PC COMP/C/101820/277/11/2024 | B304: =VLOOKUP(A304,policy1!B:C,2,0) -> 070000171250 | C304: 27163 | D304: =ROUND(C304,0) -> 27163 | E304: 29Nov240037 | F304: ="insert into ins_premium_det (premium_rcv_code,assorted_code, rec_amount,premium_rcv_detail_code,remaining_amt, payrec, mode_code,coinsurance_code,class_cd,it_remarks) values" -> insert into ins_premium_det (premium_rcv_code,assorted_code, rec_amount,premium_rcv_detail_code,remaining_amt, payrec, mode_code,coinsurance_code,class_cd,it_remarks) values | G304: ="('"&E304&"','"&B304&"','"&D304&"',(select max(to_number(i.premium_rcv_detail_code))+1 from ins_premium_det i),'"&D304&"','"&D304&"','02', '11000003','00','Request by Mr. Raheel Malik 04-Dec-2024 for premium');" -> ('29Nov240037','070000171250','27163',(select max(to_number(i.premium_rcv_detail_code))+1 from ins_premium_det i),'27163','27163','02', '11000003','00','Request by Mr. Raheel Malik 04-Dec-2024 for premium'); | H304: =F304&G304 -> insert into ins_premium_det (premium_rcv_code,assorted_code, rec_amount,premium_rcv_detail_code,remaining_amt, payrec, mode_code,coinsurance_code,class_cd,it_remarks) values('29Nov240037','070000171250','27163',(select max(to_number(i.premium_rcv_detail_code))+1 from ins_premium_det i),'27163','27163','02', '11000003','00','Request by Mr. Raheel Malik 04-Dec-2024 for premium');
C305: =SUM(C2:C304) -> 14718887 | D305: =SUM(D2:D304) -> 14718887

Sheet Sheet5
A2: KHI/HO/D/MO/PC COMP/C/101820/2/11/2024 | B2: -11-2024 | H2: 101820 | I2: 00002 | J2: ="ia.assorted_string like '%"&H2&"-"&I2&B2&"%' or" -> ia.assorted_string like '%101820-00002-11-2024%' or
A3: KHI/HO/D/MO/PC COMP/C/101820/3/11/2024 | B3: -11-2024 | H3: 101820 | I3: 00003 | J3: ="ia.assorted_string like '%"&H3&"-"&I3&B3&"%' or" -> ia.assorted_string like '%101820-00003-11-2024%' or
A4: KHI/HO/D/MO/PC COMP/C/101820/4/11/2024 | B4: -11-2024 | H4: 101820 | I4: 00004 | J4: ="ia.assorted_string like '%"&H4&"-"&I4&B4&"%' or" -> ia.assorted_string like '%101820-00004-11-2024%' or
A5: KHI/HO/D/MO/PC COMP/C/101820/5/11/2024 | B5: -11-2024 | H5: 101820 | I5: 00005 | J5: ="ia.assorted_string like '%"&H5&"-"&I5&B5&"%' or" -> ia.assorted_string like '%101820-00005-11-2024%' or
A6: KHI/HO/D/MO/PC COMP/C/101820/6/11/2024 | B6: -11-2024 | H6: 101820 | I6: 00006 | J6: ="ia.assorted_string like '%"&H6&"-"&I6&B6&"%' or" -> ia.assorted_string like '%101820-00006-11-2024%' or
A7: KHI/HO/D/MO/PC COMP/C/101820/7/11/2024 | B7: -11-2024 | H7: 101820 | I7: 00007 | J7: ="ia.assorted_string like '%"&H7&"-"&I7&B7&"%' or" -> ia.assorted_string like '%101820-00007-11-2024%' or
A8: KHI/HO/D/MO/PC COMP/C/101820/8/11/2024 | B8: -11-2024 | H8: 101820 | I8: 00008 | J8: ="ia.assorted_string like '%"&H8&"-"&I8&B8&"%' or" -> ia.assorted_string like '%101820-00008-11-2024%' or
A9: KHI/HO/D/MO/PC COMP/C/101820/9/11/2024 | B9: -11-2024 | H9: 101820 | I9: 00009 | J9: ="ia.assorted_string like '%"&H9&"-"&I9&B9&"%' or" -> ia.assorted_string like '%101820-00009-11-2024%' or
A10: KHI/HO/D/MO/PC COMP/C/101820/10/11/2024 | B10: -11-2024 | H10: 101820 | I10: 00010 | J10: ="ia.assorted_string like '%"&H10&"-"&I10&B10&"%' or" -> ia.assorted_string like '%101820-00010-11-2024%' or
A11: KHI/HO/D/MO/PC COMP/C/101820/11/11/2024 | B11: -11-2024 | H11: 101820 | I11: 00011 | J11: ="ia.assorted_string like '%"&H11&"-"&I11&B11&"%' or" -> ia.assorted_string like '%101820-00011-11-2024%' or
A12: KHI/HO/D/MO/PC COMP/C/101820/12/11/2024 | B12: -11-2024 | H12: 101820 | I12: 00012 | J12: ="ia.assorted_string like '%"&H12&"-"&I12&B12&"%' or" -> ia.assorted_string like '%101820-00012-11-2024%' or
A13: KHI/HO/D/MO/PC COMP/C/101820/13/11/2024 | B13: -11-2024 | H13: 101820 | I13: 00013 | J13: ="ia.assorted_string like '%"&H13&"-"&I13&B13&"%' or" -> ia.assorted_string like '%101820-00013-11-2024%' or
... A304: KHI/HO/D/MO/PC COMP/C/101820/277/11/2024 | B304: -11-2024 | H304: 101820 | I304: 00277 | J304: ="ia.assorted_string like '%"&H304&"-"&I304&B304&"%' or" -> ia.assorted_string like '%101820-00277-11-2024%' or

Sheet policy1
B1: FUNC_ASSORTED_STRING(IA.ASSORTED_CODE) | C1: ASSORTED_CODE
A2: 1 | B2: KHI/HO/D/MO/PC COMP/C/101820/1/11/2024 | C2: 070000169716
A3: 2 | B3: KHI/HO/D/MO/CV/C/102288/1/11/2024 | C3: 070000170267
A4: 3 | B4: KHI/HO/D/MO/PC COMP/C/102243/1/11/2024 | C4: 070000170218
A5: 4 | B5: KHI/HO/D/MO/PC COMP/C/102243/2/11/2024 | C5: 070000170219
A6: 5 | B6: KHI/HO/D/MO/PC COMP/C/102243/3/11/2024 | C6: 070000170221
A7: 6 | B7: KHI/HO/D/MO/PC COMP/C/102243/4/11/2024 | C7: 070000170222
A8: 7 | B8: KHI/HO/D/MO/PC COMP/C/102243/5/11/2024 | C8: 070000170224
A9: 8 | B9: KHI/HO/D/MO/PC COMP/C/102243/6/11/2024 | C9: 070000170225
A10: 9 | B10: KHI/HO/D/MO/PC COMP/C/102243/7/11/2024 | C10: 070000170231
A11: 10 | B11: KHI/HO/D/MO/PC COMP/C/102243/8/11/2024 | C11: 070000170233
A12: 11 | B12: KHI/HO/D/MO/PC COMP/C/102243/9/11/2024 | C12: 070000170235
A13: 12 | B13: KHI/HO/D/MO/PC COMP/C/102243/10/11/2024 | C13: 070000170236
... A304: 303 | B304: KHI/HO/D/MO/PC COMP/C/101820/277/11/2024 | C304: 070000171250

Sheet Deduction
A3: Fresh / Renewal | B3: Renewal Month | C3: Takaful Company | D3: PMD # | E3: End. # | F3: Tracker | G3: Takaful start Date | H3: Takaful End End | I3: Make | J3: Model | K3: Registration | L3: Engine | M3: Chassis | N3: Customer Name | O3: CNIC# | P3: CIF+Deal+Branch | Q3: BRANCH_CODE | R3: CLASS | S3: DEAL_DATE | T3: MATURITY_DATE | U3: Old Sum Covered | V3: Rate | W3: New Sum Covered | X3: Gross Net Premium | Y3: Tracker Amount | Z3: Net Premium | AA3: Remarks | AB3: DEAL_STATUS | AC3: Product_Detail | AD3: Prepaid Date
A4: Renewal | B4: 45566 | C4: Salaam Takaful | D4: KHI/HO/D/MO/PC COMP/P/99922/91/10/2024 | E4: KHI/HO/D/MO/PC COMP/E/49640/00091/12/2024 | F4: By Bank | G4: 45590 | H4: 45955 | I4: KIA KIA SPORTAGE | J4: 2020 | K4: AQY-015 | L4: G4NALH326520 | M4: NNAQL51AZKP303694 | N4: M/S.Bankislami(Pakistan)Limited | O4: 3540476322951 | P4: 882205-2711-2013 | Q4: 2013 | R4: 450 | S4: 44138 | T4: 45955 | U4: 3,593,970 | V4: 0.02 | W4: 3234573 | X4: 64,691 | Y4: - | Z4: 64,691 | AA4: Pay off Case | AB4: Deduction | AC4: Consumer | AD4: Before_24-Dec-2021
N5: User:AamirMaqbool

Sheet Summary
A3: Takaful Company | B3: Account # | C3: Takaful Fresh Payment
C4: Consumer | D4: Staff | E4: Gross Total | F4: Deduction | G4: Final Payment
A6: Salaam Takaful | B6: 1027-0036978-0226 | C6: 1,173,247 | D6: 85,750 | E6: 1,258,997 | F6: - | G6: 1,258,997
A8: Takaful Company | B8: Account # | C8: Takaful Renewal Payment - ( After 24-Dec-2021 )
C9: Consumer | D9: Staff | E9: Gross Total | F9: Deduction | G9: Final Payment
A11: Salaam Takaful | B11: 1027-0036978-0226 | C11: 5,935,202 | D11: 887,288 | E11: 6,822,490 | F11: - | G11: 6822490
A13: Takaful Company | B13: Account # | C13: Takaful Renewal Payment - ( Before 24-Dec-2021 )
C14: Consumer | D14: Staff | E14: Gross Total | F14: Deduction | G14: Final Payment
A16: Salaam Takaful | B16: 1027-0036978-0226 | C16: 7,713,883 | D16: 182,514 | E16: 7,896,397 | F16: 64,691 | G16: 7831706

Sheet Closed cases
A2: Fresh / Renewal | B2: Renewal Month | C2: Takaful Company | D2: Policy # | E2: TRACKER_TYPE | F2: Takaful start Date | G2: Takaful End End | H2: Make | I2: Model | J2: Registration_Number | K2: Engine_Number | L2: Chassis_Number | M2: Customer Name | N2: CNIC | O2: CIF+Deal+Branch | P2: BRANCH_CODE | Q2: CLASS | R2: DEAL_DATE | S2: MATURITY_DATE | T2: Old Sum Covered | U2: Rate | V2: New Sum Covered | W2: Gross Premium | X2: Tracker Amount | Y2: Net Premium | Z2: Remarks | AA2: DEAL_STATUS | AB2: Category | AC2: Prepaid Date | AD2: Payment Date
A3: Renewal | B3: Nov-24 | C3: Salaam Takaful | D3: KHI/HO/D/MO/PC COMP/C/78152/143/11/2023 | E3: By Bank | F3: 45606 | G3: 45971 | H3: KIA SPORTAGE FWD | I3: 2021 | J3: AVU-926 | K3: G4NAMH316092 | L3: NNAQL51AZKP307662 | M3: M/S.Bankislami(Pakistan)Limited User:MrMuhammadSufyanAkram | N3: 3630341095229 | O3: 532550-134-2018 | P3: 2018 | Q3: 450 | R3: 44550 | S3: 46351 | T3: 3896100 | U3: 0.0199 | V3: 3506490 | W3: 69779.151 | X3: 0 | Y3: 69779 | Z3: Matured | AA3: Matured | AB3: Consumer | AC3: - | AD3: 45623
A4: Renewal | B4: Nov-24 | C4: Salaam Takaful | D4: KHI/HO/D/MO/PC COMP/C/78152/177/11/2023 | E4: By Bank | F4: 45623 | G4: 45988 | H4: TOYOTA COROLLA GLI | I4: 2014 | J4: BCM-177 | K4: Z149554 | L4: 4011059 | M4: M/S.Bankislami(Pakistan)Limited User:Mr.MuhammadAftab | N4: 4230108866073 | O4: 653819-1322-1001 | P4: 1001 | Q4: 450 | R4: 43437 | S4: 45996 | T4: 1033357.5 | U4: 0.027 | V4: 930021.75 | W4: 25110.587 | X4: 0 | Y4: 25111 | Z4: Matured | AA4: Matured | AB4: Consumer | AC4: - | AD4: 45623
A5: Renewal | B5: Nov-24 | C5: Salaam Takaful | D5: KHI/HO/D/MO/PC COMP/C/78152/267/11/2023 | E5: By Bank | F5: 45620 | G5: 45985 | H5: TOYOTA COROLLA ALTIS M/T 1.6 | I5: 2021 | J5: AVX-625 | K5: Q083861 | L5: ZRE171R-6061353 | M5: M/S.Bankislami(Pakistan)Limited User:Mr.HidayatUllahKhan | N5: 3740697074835 | O5: 946308-24-3047 | P5: 3047 | Q5: 450 | R5: 44546 | S5: 46351 | T5: 2659230 | U5: 0.0199 | V5: 2393307 | W5: 47627 | X5: 0 | Y5: 47627 | Z5: MATURED | AA5: MATURED | AB5: Consumer | AC5: - | AD5: 45623
A6: Renewal | B6: Nov-24 | C6: Salaam Takaful | D6: KHI/HO/D/MO/PC COMP/C/78152/249/11/2023 | E6: By Bank | F6: 45621 | G6: 45986 | H6: TOYOTA YARIS ATIV CVT | I6: 2020 | J6: ARS-908 | K6: 2A10088 | L6: NSP150R-7005785 | M6: M/S.Bankislami(Pakistan)Limited User:Mr.MuhammadShafqatNawaz | N6: 3820140317049 | O6: 894639-20-2098 | P6: 2098 | Q6: 450 | R6: 44165 | S6: 46716 | T6: 2014227 | U6: 0.02 | V6: 1812804.3 | W6: 36256 | X6: 0 | Y6: 36256 | Z6: MATURED | AA6: MATURED | AB6: Consumer | AC6: - | AD6: 45623
A7: Renewal | B7: Nov-24 | C7: Salaam Takaful | D7: KHI/HO/D/MO/PC COMP/C/78152/34/11/2023 | E7: By Bank | F7: 45597 | G7: 45962 | H7: HONDA CIVIC | I7: 2019 | J7: AMX-635 | K7: R18Z12949881 | L7: NFBFC6669KR053370 | M7: M/s.BankIslamiPakistanLimited UserMr.BabarMehmoodTariq | N7: 3820111854307 | O7: 3791200-111-2090 | P7: 2090 | Q7: 450 | R7: 44872 | S7: 45966 | T7: 3600000 | U7: 0.0199 | V7: 3240000 | W7: 64476 | X7: 0 | Y7: 64476 | Z7: MATURED | AA7: MATURED | AB7: Consumer | AC7: - | AD7: 45623
A8: Renewal | B8: Nov-24 | C8: Salaam Takaful | D8: KHI/HO/D/MO/PC COMP/C/78152/263/11/2023 | E8: By Bank | F8: 45605 | G8: 45970 | H8: HYUNDAI SONATA 6A/T SR DELUXE | I8: 2021 | J8: AFQ-539 | K8: G4NAMU124611 | L8: PMHL3416MMN400466 | M8: M/S.Bankislami(Pakistan)Limited User:MrBasharatAli | N8: 3520136316711 | O8: 913739-375-2096 | P8: 2096 | Q8: 450 | R8: 44510 | S8: 45611 | T8: 5194125 | U8: 0.0175 | V8: 4674712.5 | W8: 81807.469 | X8: 0 | Y8: 81807 | Z8: MATURED | AA8: MATURED | AB8: Consumer | AC8: - | AD8: 45623
A9: Renewal | B9: Nov-24 | C9: Salaam Takaful | D9: KHI/HO/D/MO/PC COMP/C/78152/208/11/2023 | E9: By Bank | F9: 45623 | G9: 45988 | H9: HONDA CITY I-VTEC (M/T) | I9: 2020 | J9: LEA-19A-2124 | K9: L13Z17535502 | L9: NFBGM1647KR256048 | M9: M/S.Bankislami(Pakistan)Limited User:Mr.RehanZafar | N9: 3520257492695 | O9: 790712-89-2093 | P9: 2093 | Q9: 477 | R9: 43811 | S9: 45631 | T9: 1636969.5 | U9: 0.0185 | V9: 1473272.6 | W9: 27255.542 | X9: 0 | Y9: 27256 | Z9: MATURED | AA9: MATURED | AB9: Consumer | AC9: - | AD9: 45623
A10: Renewal | B10: Nov-24 | C10: Salaam Takaful | D10: KHI/HO/D/MO/PC COMP/C/78152/6/11/2023 | E10: By Bank | F10: 45613 | G10: 45978 | H10: TOYOTA COROLLA | I10: 2022 | J10: BXW-487 | K10: Q101240 | L10: ZRE171R-6078754 | M10: M/s.BankIslamiPakistanLimited UserMr.Amanullah | N10: 4250184232413 | O10: 418564-77-1159 | P10: 1159 | Q10: 450 | R10: 44886 | S10: 45611 | T10: 3737704.5 | U10: 0.0199 | V10: 3363934 | W10: 66942.288 | X10: 0 | Y10: 66942 | Z10: MATURED | AA10: MATURED | AB10: Consumer | AC10: - | AD10: 45623
A11: Renewal | B11: Nov-24 | C11: Salaam Takaful | D11: KHI/HO/D/MO/PC COMP/C/78152/102/11/2023 | E11: By Bank | F11: 45609 | G11: 45974 | H11: HONDA CIVIC | I11: 2018 | J11: BNP-824 | K11: R18Z12942689 | L11: NFBFC6667JR046111 | M11: M/s.BankislamiPakistanLimited UserMr.ArhamAyaz | N11: 3520136316711 | O11: 3780719-181-1067 | P11: 1067 | Q11: 477 | R11: 44879 | S11: 45976 | T11: 3600000 | U11: 0.0199 | V11: 3240000 | W11: 64476 | X11: 0 | Y11: 64476 | Z11: MATURED | AA11: MATURED | AB11: Consumer | AC11: - | AD11: 45623
A12: Renewal | B12: Nov-24 | C12: Salaam Takaful | D12: KHI/HO/D/MO/PC COMP/C/78152/97/11/2023 | E12: By Bank | F12: 45609 | G12: 45974 | H12: HONDA CIVIC | I12: 2022 | J12: BWU-824 | K12: L15BG7912036 | L12: NFBFE1650-NR002025 | M12: M/sBankislamiPakistanLimited UserMr.KishanLalM/SIdealSuperMart | N12: 4250184257475 | O12: 1286660-1656-1011 | P12: 1011 | Q12: 565 | R12: 44875 | S12: 45601 | T12: 5850000 | U12: 0.0199 | V12: 5265000 | W12: 104773.5 | X12: 0 | Y12: 104774 | Z12: MATURED | AA12: MATURED | AB12: Consumer | AC12: - | AD12: 45623
A13: Renewal | B13: Nov-24 | C13: Salaam Takaful | D13: KHI/HO/D/MO/PC COMP/C/78152/152/11/2023 | E13: By Bank | F13: 45606 | G13: 45971 | H13: KIA SPORTAGE FWD | I13: 2021 | J13: BJ-8130 | K13: G4NAMH312916 | L13: NNAQL51AZLP102415 | M13: M/S.Bankislami(Pakistan)Limited User:Mr.FaisalNawaz | N13: 3740703945853 | O13: 593596-60-1008 | P13: 1008 | Q13: 450 | R13: 44512 | S13: 46331 | T13: 3478140 | U13: 0.0199 | V13: 3130326 | W13: 62293.487 | X13: 0 | Y13: 62293 | Z13: MATURED | AA13: MATURED | AB13: Consumer | AC13: - | AD13: 45623
A14: Renewal | B14: Nov-24 | C14: Salaam Takaful | D14: KHI/HO/D/MO/PC COMP/C/78152/41/11/2023 | E14: By Bank | F14: 45623 | G14: 45988 | H14: TOYOTA HILUX REVO | I14: 2022 | J14: SA-1282 | K14: 1GD5283725 | L14: GUN126R-5558352 | M14: M/s.BankIslamiPakistanLimited UserMr.ZulfiqarAliM/SSalzeeAssociates | N14: 22713166 | O14: 1286171-2929-1106 | P14: 1106 | Q14: 565 | R14: 44887 | S14: 45611 | T14: 10073250 | U14: 0.0199 | V14: 9065925 | W14: 180411.91 | X14: 0 | Y14: 180412 | Z14: MATURED | AA14: MATURED | AB14: Consumer | AC14: - | AD14: 45623
A15: Renewal | B15: Nov-24 | C15: Salaam Takaful | D15: KHI/HO/D/MO/PC COMP/C/78152/55/11/2023 | E15: By Bank | F15: 45625 | G15: 45990 | H15: HONDA CITY | I15: 2022 | J15: BXY-145 | K15: L15Z81011910 | L15: NFBGN9646NR027022, | M15: M/s.BankIslamiPakistanLimited UserMs.FarkhandaJamal | N15: 3520121047647 | O15: 3791446-79-1159 | P15: 1159 | Q15: 550 | R15: 44895 | S15: 45986 | T15: 3283101 | U15: 0.0199 | V15: 2954790.9 | W15: 58800.339 | X15: 0 | Y15: 58800 | Z15: MATURED | AA15: MATURED | AB15: Consumer | AC15: - | AD15: 45623
A16: Renewal | B16: Nov-24 | C16: Salaam Takaful | D16: KHI/HO/D/MO/PC COMP/C/78152/43/11/2023 | E16: By Bank | F16: 45623 | G16: 45988 | H16: CHANGAN ALSVIN | I16: 2022 | J16: AMK-546 | K16: JL473Q4N3EE503676 | L16: NKMA2CBR4N1001613 | M16: M/s.BankislamiPakistanLimited UserMr.ShahzadRaza | N16: 4550410651125 | O16: 3712031-280-2032 | P16: 2032 | Q16: 450 | R16: 44893 | S16: 45986 | T16: 3054600 | U16: 0.0199 | V16: 2749140 | W16: 54707.886 | X16: 0 | Y16: 54708 | Z16: MATURED | AA16: MATURED | AB16: Consumer | AC16: - | AD16: 45623
A17: Renewal | B17: Nov-24 | C17: Salaam Takaful | D17: KHI/HO/D/MO/PC COMP/C/78152/84/11/2023 | E17: By Bank | F17: 45603 | G17: 45968 | H17: SUZUKI MEHRAN VXR EURO-II | I17: 2017 | J17: BJE-781 | K17: PKB678644 | L17: SB308PK01217165 | M17: M/s.BankIslamiPakistanLimited UserMr.KamalNasir | N17: 4130652628979 | O17: 3764049-120-3005 | P17: 3005 | Q17: 450 | R17: 44880 | S17: 46696 | T17: 742500 | U17: 0.0199 | V17: 668250 | W17: 13298.175 | X17: 0 | Y17: 13298 | Z17: MATURED | AA17: MATURED | AB17: Consumer | AC17: - | AD17: 45623
A18: Renewal | B18: Nov-24 | C18: Salaam Takaful | D18: KHI/HO/D/MO/PC COMP/C/78152/87/11/2023 | E18: By Bank | F18: 45603 | G18: 45968 | H18: SUZUKI BOLAN VX EURO II | I18: 2019 | J18: CY-6488 | K18: PKT998693 | L18: SV308PK01115195 | M18: M/s.BankIslamiPakistanLimited UserMr.SajidShahzadSattar | N18: 3130420461495 | O18: 3789681-583-2025 | P18: 2025 | Q18: 450 | R18: 44876 | S18: 46696 | T18: 675000 | U18: 0.0199 | V18: 607500 | W18: 12089.25 | X18: 0 | Y18: 12089 | Z18: MATURED | AA18: MATURED | AB18: Consumer | AC18: - | AD18: 45623
A19: Renewal | B19: Nov-24 | C19: Salaam Takaful | D19: KHI/HO/D/MO/PC COMP/C/78152/213/11/2023 | E19: By Bank | F19: 45624 | G19: 45989 | H19: TOYOTA VITZ | I19: 2015 | J19: LEH-17-3115 | K19: 1KR1545435 | L19: KSP1302140404 | M19: M/S.Bankislami(Pakistan)Limited User:Mr.FarooqAhmad | N19: 4230195658395 | O19: 793135-43-2066 | P19: 2066 | Q19: 450 | R19: 43801 | S19: 45996 | T19: 1049760 | U19: 0.021 | V19: 944784 | W19: 19840.464 | X19: 0 | Y19: 19840 | Z19: MATURED | AA19: MATURED | AB19: Consumer | AC19: - | AD19: 45623
A20: Renewal | B20: Nov-24 | C20: Salaam Takaful | D20: KHI/HO/D/MO/PC COMP/C/78152/219/11/2023 | E20: By Bank | F20: 45621 | G20: 45986 | H20: HYUNDAI TUCSON 6A/T | I20: 2020 | J20: BH-8694 | K20: G4NALU597530 | L20: IN200565 | M20: M/S.Bankislami(Pakistan)Limited User:Mr.AmeenKhan | N20: 6110169716205 | O20: 827923-31-1057 | P20: 1057 | Q20: 450 | R20: 44167 | S20: 46716 | T20: 4094793 | U20: 0.022 | V20: 3685313.7 | W20: 81076.901 | X20: 0 | Y20: 81077 | Z20: MATURED | AA20: MATURED | AB20: Consumer | AC20: - | AD20: 45623
A21: Renewal | B21: Nov-24 | C21: Salaam Takaful | D21: KHI/HO/D/MO/PC COMP/C/78152/350/11/2023 | E21: By Bank | F21: 45605 | G21: 45970 | H21: TOYOTA COROLL 1.6 | I21: 2021 | J21: BVA-345 | K21: Q081169 | L21: ZRE171R-6058627 | M21: M/S.Bankislami(Pakistan)Limited User:MrAbdulRehman | N21: 4240119880311 | O21: 3639592-100-1039 | P21: 1039 | Q21: 477 | R21: 44516 | S21: 45611 | T21: 2636550 | U21: 0.0225 | V21: 2372895 | W21: 53390.137 | X21: 0 | Y21: 53390 | Z21: MATURED | AA21: MATURED | AB21: Consumer | AC21: - | AD21: 45623
A22: Renewal | B22: Nov-24 | C22: Salaam Takaful | D22: KHI/HO/D/MO/PC COMP/C/78152/221/11/2023 | E22: By Bank | F22: 45598 | G22: 45963 | H22: SUZUKI WAGON R VXL AGS | I22: 2021 | J22: AFN-132 | K22: PK10B222423 | L22: A1J310PK10122512 | M22: M/S.Bankislami(Pakistan)Limited User:MrMuhammadMazharTahir | N22: 3410125324057 | O22: 850916-9-2131 | P22: 2131 | Q22: 450 | R22: 44505 | S22: 46331 | T22: 1425600 | U22: 0.0225 | V22: 1283040 | W22: 28868.4 | X22: 0 | Y22: 28868 | Z22: MATURED | AA22: MATURED | AB22: Consumer | AC22: - | AD22: 45623
A23: Renewal | B23: Nov-24 | C23: Salaam Takaful | D23: KHI/HO/D/MO/PC COMP/C/78152/348/11/2023 | E23: By Bank | F23: 45605 | G23: 45970 | H23: HONDA CIVIC | I23: 2016 | J23: BGQ-749 | K23: L15B7-1400874 | L23: NFBFC1667-GR004193 | M23: M/S.Bankislami(Pakistan)Limited User:MrMuhammadZaryabKhan | N23: 4220141928133 | O23: 3637397-691-1080 | P23: 1080 | Q23: 477 | R23: 44512 | S23: 46341 | T23: 2592000 | U23: 0.0225 | V23: 2332800 | W23: 52488 | X23: 0 | Y23: 52488 | Z23: MATURED | AA23: MATURED | AB23: Consumer | AC23: - | AD23: 45623
A24: Renewal | B24: Nov-24 | C24: Salaam Takaful | D24: KHI/HO/D/MO/PC COMP/C/78152/289/11/2023 | E24: By Bank | F24: 45621 | G24: 45986 | H24: TOYOTA YARIS ATIV AT | I24: 2021 | J24: BVC-691 | K24: 2A40889 | L24: NSP150R-7025672 | M24: M/S.Bankislami(Pakistan)Limited User:Mr.SyedAnasAbdali | N24: 3740703945853 | O24: 992699-190-1004 | P24: 1004 | Q24: 450 | R24: 44530 | S24: 46351 | T24: 2166750 | U24: 0.0225 | V24: 1950075 | W24: 43876.688 | X24: 0 | Y24: 43877 | Z24: MATURED | AA24: MATURED | AB24: Consumer | AC24: - | AD24: 45623
A25: Renewal | B25: Nov-24 | C25: Salaam Takaful | D25: KHI/HO/D/MO/PC COMP/C/78152/354/11/2023 | E25: By Bank | F25: 45620 | G25: 45985 | H25: CHANGAN ALSVIN LUMEIRE | I25: 2021 | J25: AFW-665 | K25: JL473QFM3CAD518190 | L25: NKMA2ASE5M1004038 | M25: M/S.Bankislami(Pakistan)Limited User:Mr.Nasir | N25: 3520238961899 | O25: 3644852-805-2053 | P25: 2053 | Q25: 450 | R25: 44530 | S25: 46351 | T25: 2097090 | U25: 0.0225 | V25: 1887381 | W25: 42466.073 | X25: 0 | Y25: 42466 | Z25: MATURED | AA25: MATURED | AB25: Consumer | AC25: - | AD25: 45623
A26: Renewal | B26: Nov-24 | C26: Salaam Takaful | D26: KHI/HO/D/MO/PC COMP/C/78152/257/11/2023 | E26: By Bank | F26: 45622 | G26: 45987 | H26: SUZUKI SWIFT DLX NAV | I26: 2016 | J26: BFV-698 | K26: 13032000 | L26: 10032003 | M26: M/S.Bankislami(Pakistan)Limited User:Mr.DaniyalMazhar | N26: 3520282688765 | O26: 899611-262-1140 | P26: 1140 | Q26: 450 | R26: 44165 | S26: 46726 | T26: 1057050 | U26: 0.023 | V26: 951345 | W26: 21880.935 | X26: 0 | Y26: 21881 | Z26: MATURED | AA26: MATURED | AB26: Consumer | AC26: - | AD26: 45623
A27: Renewal | B27: Nov-24 | C27: Salaam Takaful | D27: KHI/HO/D/MO/PC COMP/C/78152/306/11/2023 | E27: By Bank | F27: 45615 | G27: 45980 | H27: DAIHATSU MIRA EIS | I27: 2017 | J27: BSM-974 | K27: 7761 | L27: J504483 | M27: M/S.Bankislami(Pakistan)Limited User:Mr.MuhammadAliImran | N27: 3740510454007 | O27: 757226-51-1164 | P27: 1164 | Q27: 450 | R27: 44158 | S27: 45986 | T27: 1348650 | U27: 0.023 | V27: 1213785 | W27: 27917.055 | X27: 0 | Y27: 27917 | Z27: MATURED | AA27: MATURED | AB27: Consumer | AC27: - | AD27: 45623
A28: Renewal | B28: Nov-24 | C28: Salaam Takaful | D28: KHI/HO/D/MO/PC COMP/C/78152/247/11/2023 | E28: By Bank | F28: 45604 | G28: 45969 | H28: SUZUKI CULTUS VXR EURO-II | I28: 2018 | J28: BMV-607 | K28: 124157 | L28: 10024146 | M28: M/S.Bankislami(Pakistan)Limited User:Mr.MushtaqAhmed | N28: 3410204433707 | O28: 893526-120-1156 | P28: 1156 | Q28: 477 | R28: 44147 | S28: 46706 | T28: 1020600 | U28: 0.023 | V28: 918540 | W28: 21126.42 | X28: 0 | Y28: 21126 | Z28: MATURED | AA28: MATURED | AB28: Consumer | AC28: - | AD28: 45623
A29: Renewal | B29: Nov-24 | C29: Salaam Takaful | D29: KHI/HO/D/MO/PC COMP/C/78152/369/11/2023 | E29: By Bank | F29: 45597 | G29: 45962 | H29: TOYOTA COROLLA GLI M/T 1.3 | I29: 2017 | J29: BGF-967 | K29: 455472 | L29: 4084942 | M29: M/S.Bankislami(Pakistan)Limited User:Ms.SarwatWaqar | N29: 4210117920990 | O29: 418643-138-1027 | P29: 1027 | Q29: 450 | R29: 44146 | S29: 45966 | T29: 1355940 | U29: 0.023 | V29: 1220346 | W29: 28067.958 | X29: 0 | Y29: 28068 | Z29: MATURED | AA29: MATURED | AB29: Consumer | AC29: - | AD29: 45623
A30: Renewal | B30: Nov-24 | C30: Salaam Takaful | D30: KHI/HO/D/MO/PC COMP/C/78152/356/11/2023 | E30: By Bank | F30: 45607 | G30: 45972 | H30: SUZUKI ALTO | I30: 2019 | J30: APS-846 | K30: 6R118723 | L30: NF1AET306H1018683 | M30: M/S.Bankislami(Pakistan)Limited User:Mr.MuhammadYasir | N30: 3320105776467 | O30: 376014-22-2051 | P30: 2051 | Q30: 450 | R30: 43784 | S30: 45611 | T30: 995959.8 | U30: 0.027 | V30: 896363.82 | W30: 24201.823 | X30: 0 | Y30: 24202 | Z30: MATURED | AA30: MATURED | AB30: Consumer | AC30: - | AD30: 45623
A31: Renewal | B31: Nov-24 | C31: Salaam Takaful | D31: KHI/HO/D/MO/PC COMP/C/78152/198/11/2023 | E31: By Bank | F31: 45603 | G31: 45968 | H31: SUZUKI CULTUS VXL EURO II | I31: 2019 | J31: APG-030 | K31: 153274 | L31: 10053272 | M31: M/S.Bankislami(Pakistan)Limited User:Mr.ZohairIslam | N31: 3520259446393 | O31: 781853-91-3051 | P31: 3051 | Q31: 550 | R31: 43783 | S31: 45611 | T31: 1295797.5 | U31: 0.027 | V31: 1166217.8 | W31: 31487.879 | X31: 0 | Y31: 31488 | Z31: MATURED | AA31: MATURED | AB31: Consumer | AC31: - | AD31: 45623
A32: Renewal | B32: Nov-24 | C32: Salaam Takaful | D32: KHI/HO/D/MO/PC COMP/C/78152/269/11/2023 | E32: By Bank | F32: 45601 | G32: 45966 | H32: FAW V-2 | I32: 2018 | J32: LEC-18A-1545 | K32: 300403 | L32: 15001904 | M32: M/S.Bankislami(Pakistan)Limited User:Mr.ZulfiqarAli | N32: 4250101515823 | O32: 329647-327-1108 | P32: 1108 | Q32: 450 | R32: 43452 | S32: 45966 | T32: 710949.96 | U32: 0.027 | V32: 639854.96 | W32: 17276.084 | X32: 0 | Y32: 17276 | Z32: MATURED | AA32: MATURED | AB32: Consumer | AC32: - | AD32: 45623
A33: Renewal | B33: Nov-24 | C33: Salaam Takaful | D33: KHI/HO/D/MO/PC COMP/C/78152/172/11/2023 | E33: By Bank | F33: 45600 | G33: 45965 | H33: HYUNDAI SONATA 6A/T SR DELUXE | I33: 2021 | J33: AFN-838 | K33: G4KMMA999021 | L33: PMHL341BMMN400797 | M33: M/S.Bankislami(Pakistan)Limited User:MrMuhammadAfzal | N33: 3520160983315 | O33: 648421-295-2003 | P33: 2003 | Q33: 450 | R33: 44505 | S33: 45601 | T33: 5761935 | U33: 0.0175 | V33: 5185741.5 | W33: 90750.476 | X33: 0 | Y33: 90750 | Z33: Service Required Till Maturity | AA33: Service Required Till Maturity | AB33: Consumer | AC33: - | AD33: 45623
A34: Renewal | B34: Nov-24 | C34: Salaam Takaful | D34: KHI/HO/D/MO/PC COMP/C/78152/371/11/2023 | E34: By Bank | F34: 45617 | G34: 45982 | H34: SUZUKI ALTO VXR E-2 | I34: 2019 | J34: BRC-466 | K34: 122299 | L34: 1022310 | M34: M/S.Bankislami(Pakistan)Limited User:Mr.MuhammadAshfaqAhmed | N34: 4240192117721 | O34: 429603-17-1153 | P34: 1153 | Q34: 450 | R34: 43795 | S34: 45621 | T34: 858178.8 | U34: 0.0185 | V34: 772360.92 | W34: 14288.677 | X34: 0 | Y34: 14289 | Z34: Service Required Till Maturity | AA34: Service Required Till Maturity | AB34: Consumer | AC34: - | AD34: 45623
A35: Renewal | B35: Nov-24 | C35: Salaam Takaful | D35: KHI/HO/D/MO/PC COMP/C/78152/211/11/2023 | E35: By Bank | F35: 45624 | G35: 45989 | H35: TOYOTA COROLLA GLI A/T 1.3 | I35: 2019 | J35: APU-854 | K35: 571175 | L35: 4196584 | M35: M/S.Bankislami(Pakistan)Limited User:Mr.WaheedJaved | N35: 6110131222409 | O35: 791435-92-3051 | P35: 3051 | Q35: 450 | R35: 43801 | S35: 45631 | T35: 1891536.3 | U35: 0.0185 | V35: 1702382.7 | W35: 31494.079 | X35: 0 | Y35: 31494 | Z35: Service Required Till Maturity | AA35: Service Required Till Maturity | AB35: Consumer | AC35: - | AD35: 45623
A36: Renewal | B36: Nov-24 | C36: Salaam Takaful | D36: KHI/HO/D/MO/PC COMP/C/78152/200/11/2023 | E36: By Bank | F36: 45615 | G36: 45980 | H36: HONDA CIVIC | I36: 2019 | J36: APT-950 | K36: R18Z12954293 | L36: NFBFC6666KR057764 | M36: M/S.Bankislami(Pakistan)Limited User:Mr.ShayanZaeem | N36: 6110169716205 | O36: 785444-644-2053 | P36: 2053 | Q36: 450 | R36: 43794 | S36: 45621 | T36: 2556821.7 | U36: 0.0185 | V36: 2301139.5 | W36: 42571.081 | X36: 0 | Y36: 42571 | Z36: Service Required Till Maturity | AA36: Service Required Till Maturity | AB36: Consumer | AC36: - | AD36: 45623
A37: Renewal | B37: Nov-24 | C37: Salaam Takaful | D37: KHI/HO/D/MO/PC COMP/C/78152/146/11/2023 | E37: By Bank | F37: 45615 | G37: 45980 | H37: TOYOTA COROLLA ALTIS VVT-IA/T 1.6 | I37: 2019 | J37: APT-082 | K37: Q063084 | L37: 6040630 | M37: M/S.Bankislami(Pakistan)Limited User:Mr.TahirJameel | N37: 3740572066867 | O37: 560886-131-3062 | P37: 3062 | Q37: 450 | R37: 43791 | S37: 45621 | T37: 2088366.3 | U37: 0.0185 | V37: 1879529.7 | W37: 34771.299 | X37: 0 | Y37: 34771 | Z37: Service Required Till Maturity | AA37: Service Required Till Maturity | AB37: Consumer | AC37: - | AD37: 45623
A38: Renewal | B38: Nov-24 | C38: Salaam Takaful | D38: KHI/HO/D/MO/PC COMP/C/78152/185/11/2023 | E38: By Bank | F38: 45621 | G38: 45986 | H38: HONDA BRV S | I38: 2019 | J38: LEA-19A-1430 | K38: K15Z14800507 | L38: NFBDG1832KR017196 | M38: M/S.Bankislami(Pakistan)Limited User:Mr.AsadRazzaq | N38: 3520227491561 | O38: 714844-649-2053 | P38: 2053 | Q38: 450 | R38: 43796 | S38: 45631 | T38: 2135605.5 | U38: 0.0185 | V38: 1922044.9 | W38: 35557.832 | X38: 0 | Y38: 35558 | Z38: Service Required Till Maturity | AA38: Service Required Till Maturity | AB38: Consumer | AC38: - | AD38: 45623
A39: Renewal | B39: Nov-24 | C39: Salaam Takaful | D39: KHI/HO/D/MO/PC COMP/C/78152/14/11/2023 | E39: By Bank | F39: 45616 | G39: 45981 | H39: SUZUKI ALTO | I39: 2022 | J39: BXX-049 | K39: 6R256248 | L39: NF1AET306H1156282 | M39: M/s.BankIslamiPakistanLimited UserMs.KulsoomSher | N39: 4240148321486 | O39: 3738515-2925-1106 | P39: 1106 | Q39: 450 | R39: 44887 | S39: 45621 | T39: 1755900 | U39: 0.0199 | V39: 1580310 | W39: 31448.169 | X39: 0 | Y39: 31448 | Z39: Service Required Till Maturity | AA39: Service Required Till Maturity | AB39: Consumer | AC39: - | AD39: 45623
A40: Renewal | B40: Nov-24 | C40: Salaam Takaful | D40: KHI/HO/D/MO/PC COMP/C/78152/118/11/2023 | E40: By Bank | F40: 45612 | G40: 45977 | H40: SUZUKI ALTO | I40: 2022 | J40: BXW-476 | K40: 6R254344 | L40: NF1AET306H1154340 | M40: M/s.BankIslamiPakistanLimited UserMr.SyedRaheelHussain | N40: 4550410651125 | O40: 3699704-906-1108 | P40: 1108 | Q40: 450 | R40: 44882 | S40: 45611 | T40: 1507500 | U40: 0.0199 | V40: 1356750 | W40: 26999.325 | X40: 0 | Y40: 26999 | Z40: Service Required Till Maturity | AA40: Service Required Till Maturity | AB40: Consumer | AC40: - | AD40: 45623
A41: Renewal | B41: Nov-24 | C41: Salaam Takaful | D41: KHI/HO/D/MO/PC COMP/C/78152/281/11/2023 | E41: By Bank | F41: 45625 | G41: 45990 | H41: KIA SPORTAGE AWD-CW | I41: 2021 | J41: AGR-897 | K41: G4NAMH319406 | L41: NNAQL51AZKP308186 | M41: M/S.Bankislami(Pakistan)Limited User:Mr.MuzamalLatif | N41: 3110486156433 | O41: 980098-25-2057 | P41: 2057 | Q41: 450 | R41: 44537 | S41: 45631 | T41: 4201470 | U41: 0.0199 | V41: 3781323 | W41: 75248.328 | X41: 0 | Y41: 75248 | Z41: Service Required Till Maturity | AA41: Service Required Till Maturity | AB41: Consumer | AC41: - | AD41: 45623
A42: Renewal | B42: Nov-24 | C42: Salaam Takaful | D42: KHI/HO/D/MO/PC COMP/C/78152/252/11/2023 | E42: By Bank | F42: 45625 | G42: 45990 | H42: CHANGAN ALSVIN LUMEIRE | I42: 2021 | J42: BVD-179 | K42: JL473QFM3CAD522190 | L42: NKMA2ASE5M1004418 | M42: M/S.Bankislami(Pakistan)Limited User:Mr.UsamaBinMoin | N42: 4130758196739 | O42: 284377-42-1022 | P42: 1022 | Q42: 450 | R42: 44532 | S42: 45621 | T42: 2097090 | U42: 0.0199 | V42: 1887381 | W42: 37558.882 | X42: 0 | Y42: 37559 | Z42: Service Required Till Maturity | AA42: Service Required Till Maturity | AB42: Consumer | AC42: - | AD42: 45623
... A90: Renewal | B90: Nov-24 | C90: Salaam Takaful | D90: KHI/HO/D/MO/PC COMP/C/78152/158/11/2023 | E90: By Bank | F90: 45625 | G90: 45990 | H90: TOYOTA COROLLA ALTIS GRANDE | I90: 2018 | J90: BMP-299 | K90: Q331834 | L90: ZRE172R-7030953 | M90: M/S.Bankislami(Pakistan)Limited User:Ms.NidaRohailUrsani | N90: 3520178201837 | O90: 624508-501-1132 | P90: 1132 | Q90: 477 | R90: 44195 | S90: 45986 | T90: 1942785 | U90: 0.023 | V90: 1748506.5 | W90: 40215.649 | X90: 0 | Y90: 40216 | Z90: Total loss | AA90: Total loss | AB90: Consumer | AC90: - | AD90: 45623
Y92: =SUBTOTAL(9,Y3:Y90) -> 3748133
